track,feature_set_id,feature_set_label,grouping_spec_id,grouping_spec_label,grouping_scope_id,grouping_scope_label,cluster_signature,representative_cluster_name,original_feature,source_family_id,source_family_label,feature_group,weight_mean,weight_std,abs_weight_mean,weight_sign_flip_rate,loading_mean,loading_std,abs_loading_mean,loading_sign_flip_rate,split_count
augmentation,hq_plus_a,HQ + A,per_family_2,2 groups per family,reasoning_A,A,A_career_coherence | A_evidence_support_rating | A_trajectory_strength,A_grp_1,A_career_coherence,reasoning_A,A,reasoning,0.33003637768337457,0.05798667804729441,0.33003637768337457,0.0,0.6739510291349572,0.03527735549285174,0.6739510291349572,0.0,48
augmentation,hq_plus_a,HQ + A,per_family_2,2 groups per family,reasoning_A,A,A_career_coherence | A_evidence_support_rating | A_trajectory_strength,A_grp_1,A_evidence_support_rating,reasoning_A,A,reasoning,0.9261881327960803,0.02893937259671531,0.9261881327960803,0.0,0.7365328067363323,0.06005401991203387,0.7365328067363323,0.0,48
augmentation,hq_plus_a,HQ + A,per_family_2,2 groups per family,reasoning_A,A,A_career_coherence | A_evidence_support_rating | A_trajectory_strength,A_grp_1,A_trajectory_strength,reasoning_A,A,reasoning,0.1501936423477215,0.08058200639359246,0.15705761981570707,0.08333333333333333,0.6520685234167733,0.028808543220802892,0.6520685234167733,0.0,48
augmentation,hq_plus_a,HQ + A,per_family_2,2 groups per family,reasoning_A,A,A_ownership_signal | A_scrappiness,A_grp_2,A_ownership_signal,reasoning_A,A,reasoning,0.6206381462693455,0.0896478461729385,0.6206381462693455,0.0,0.7051170652408046,0.005042134864300095,0.7051170652408046,0.0,48
augmentation,hq_plus_a,HQ + A,per_family_2,2 groups per family,reasoning_A,A,A_ownership_signal | A_scrappiness,A_grp_2,A_scrappiness,reasoning_A,A,reasoning,0.7760809319832438,0.06685762547320569,0.7760809319832438,0.0,0.7231056146342528,0.020086574867623837,0.7231056146342528,0.0,48
augmentation,hq_plus_a,HQ + A,per_family_3,3 groups per family,reasoning_A,A,A_career_coherence | A_trajectory_strength,A_grp_2,A_career_coherence,reasoning_A,A,reasoning,0.9037169787637457,0.04667350023873785,0.9037169787637457,0.0,0.8078778549174214,0.14517075851878156,0.8078778549174214,0.0,48
augmentation,hq_plus_a,HQ + A,per_family_3,3 groups per family,reasoning_A,A,A_career_coherence | A_trajectory_strength,A_grp_2,A_trajectory_strength,reasoning_A,A,reasoning,0.37474907149552483,0.20169367883705472,0.40897196134897545,0.08333333333333333,0.7492022810268436,0.07454451413394632,0.7492022810268436,0.0,48
augmentation,hq_plus_a,HQ + A,per_family_3,3 groups per family,reasoning_A,A,A_evidence_support_rating,A_grp_3,A_evidence_support_rating,reasoning_A,A,reasoning,1.0,0.0,1.0,0.0,1.0,0.0,1.0,0.0,48
augmentation,hq_plus_a,HQ + A,per_family_3,3 groups per family,reasoning_A,A,A_ownership_signal | A_scrappiness,A_grp_1,A_ownership_signal,reasoning_A,A,reasoning,0.6206381462693455,0.0896478461729385,0.6206381462693455,0.0,0.7051170652408046,0.005042134864300095,0.7051170652408046,0.0,48
augmentation,hq_plus_a,HQ + A,per_family_3,3 groups per family,reasoning_A,A,A_ownership_signal | A_scrappiness,A_grp_1,A_scrappiness,reasoning_A,A,reasoning,0.7760809319832438,0.06685762547320569,0.7760809319832438,0.0,0.7231056146342528,0.020086574867623837,0.7231056146342528,0.0,48
augmentation,hq_plus_a_b_c_d_e,HQ + A+B+C+D+E,per_family_2,2 groups per family,reasoning_A,A,A_career_coherence | A_evidence_support_rating | A_trajectory_strength,A_grp_1,A_career_coherence,reasoning_A,A,reasoning,0.33003637768337457,0.05798667804729441,0.33003637768337457,0.0,0.6739510291349572,0.03527735549285174,0.6739510291349572,0.0,48
augmentation,hq_plus_a_b_c_d_e,HQ + A+B+C+D+E,per_family_2,2 groups per family,reasoning_A,A,A_career_coherence | A_evidence_support_rating | A_trajectory_strength,A_grp_1,A_evidence_support_rating,reasoning_A,A,reasoning,0.9261881327960803,0.02893937259671531,0.9261881327960803,0.0,0.7365328067363323,0.06005401991203387,0.7365328067363323,0.0,48
augmentation,hq_plus_a_b_c_d_e,HQ + A+B+C+D+E,per_family_2,2 groups per family,reasoning_A,A,A_career_coherence | A_evidence_support_rating | A_trajectory_strength,A_grp_1,A_trajectory_strength,reasoning_A,A,reasoning,0.1501936423477215,0.08058200639359246,0.15705761981570707,0.08333333333333333,0.6520685234167733,0.028808543220802892,0.6520685234167733,0.0,48
augmentation,hq_plus_a_b_c_d_e,HQ + A+B+C+D+E,per_family_2,2 groups per family,reasoning_A,A,A_ownership_signal | A_scrappiness,A_grp_2,A_ownership_signal,reasoning_A,A,reasoning,0.6206381462693455,0.0896478461729385,0.6206381462693455,0.0,0.7051170652408046,0.005042134864300095,0.7051170652408046,0.0,48
augmentation,hq_plus_a_b_c_d_e,HQ + A+B+C+D+E,per_family_2,2 groups per family,reasoning_A,A,A_ownership_signal | A_scrappiness,A_grp_2,A_scrappiness,reasoning_A,A,reasoning,0.7760809319832438,0.06685762547320569,0.7760809319832438,0.0,0.7231056146342528,0.020086574867623837,0.7231056146342528,0.0,48
augmentation,hq_plus_a_b_c_d_e,HQ + A+B+C+D+E,per_family_2,2 groups per family,reasoning_B,B,B_evidence_support_rating,B_grp_2,B_evidence_support_rating,reasoning_B,B,reasoning,1.0,0.0,1.0,0.0,1.0,0.0,1.0,0.0,48
augmentation,hq_plus_a_b_c_d_e,HQ + A+B+C+D+E,per_family_2,2 groups per family,reasoning_B,B,B_rubric_score,B_grp_1,B_rubric_score,reasoning_B,B,reasoning,1.0,0.0,1.0,0.0,1.0,0.0,1.0,0.0,48
augmentation,hq_plus_a_b_c_d_e,HQ + A+B+C+D+E,per_family_2,2 groups per family,reasoning_C,C,C_evidence_support_rating | C_latent_strength,C_grp_1,C_evidence_support_rating,reasoning_C,C,reasoning,0.45980084956160266,0.3375209553075802,0.5285823447235584,0.10416666666666667,0.792165076632875,0.21154271119830073,0.792165076632875,0.0,48
augmentation,hq_plus_a_b_c_d_e,HQ + A+B+C+D+E,per_family_2,2 groups per family,reasoning_C,C,C_evidence_support_rating | C_latent_strength,C_grp_1,C_latent_strength,reasoning_C,C,reasoning,0.7623450593442705,0.3057659136725909,0.7988297235525178,0.041666666666666664,0.8189793119944717,0.21109048162027652,0.8189793119944717,0.0,48
augmentation,hq_plus_a_b_c_d_e,HQ + A+B+C+D+E,per_family_2,2 groups per family,reasoning_C,C,C_latent_risk,C_grp_2,C_latent_risk,reasoning_C,C,reasoning,1.0,0.0,1.0,0.0,1.0,0.0,1.0,0.0,48
augmentation,hq_plus_a_b_c_d_e,HQ + A+B+C+D+E,per_family_2,2 groups per family,reasoning_D,D,D_evidence_support_rating,D_grp_1,D_evidence_support_rating,reasoning_D,D,reasoning,1.0,0.0,1.0,0.0,1.0,0.0,1.0,0.0,48
augmentation,hq_plus_a_b_c_d_e,HQ + A+B+C+D+E,per_family_2,2 groups per family,reasoning_D,D,D_overall_founder_quality,D_grp_2,D_overall_founder_quality,reasoning_D,D,reasoning,1.0,0.0,1.0,0.0,1.0,0.0,1.0,0.0,48
augmentation,hq_plus_a_b_c_d_e,HQ + A+B+C+D+E,per_family_2,2 groups per family,reasoning_E,E,E_evidence_support_rating | E_hidden_upside,E_grp_1,E_evidence_support_rating,reasoning_E,E,reasoning,0.6621219092845062,0.23301373372860937,0.6622156610625853,0.020833333333333332,0.7556366174458109,0.10547733013366875,0.7556366174458109,0.0,48
augmentation,hq_plus_a_b_c_d_e,HQ + A+B+C+D+E,per_family_2,2 groups per family,reasoning_E,E,E_evidence_support_rating | E_hidden_upside,E_grp_1,E_hidden_upside,reasoning_E,E,reasoning,0.6678046584757539,0.24766129139881715,0.6793773006752986,0.020833333333333332,0.7537919722652933,0.08626121232268794,0.7537919722652933,0.0,48
augmentation,hq_plus_a_b_c_d_e,HQ + A+B+C+D+E,per_family_2,2 groups per family,reasoning_E,E,E_hidden_risk,E_grp_2,E_hidden_risk,reasoning_E,E,reasoning,1.0,0.0,1.0,0.0,1.0,0.0,1.0,0.0,48
augmentation,hq_plus_a_b_c_d_e,HQ + A+B+C+D+E,per_family_3,3 groups per family,reasoning_A,A,A_career_coherence | A_trajectory_strength,A_grp_2,A_career_coherence,reasoning_A,A,reasoning,0.9037169787637457,0.04667350023873785,0.9037169787637457,0.0,0.8078778549174214,0.14517075851878156,0.8078778549174214,0.0,48
augmentation,hq_plus_a_b_c_d_e,HQ + A+B+C+D+E,per_family_3,3 groups per family,reasoning_A,A,A_career_coherence | A_trajectory_strength,A_grp_2,A_trajectory_strength,reasoning_A,A,reasoning,0.37474907149552483,0.20169367883705472,0.40897196134897545,0.08333333333333333,0.7492022810268436,0.07454451413394632,0.7492022810268436,0.0,48
augmentation,hq_plus_a_b_c_d_e,HQ + A+B+C+D+E,per_family_3,3 groups per family,reasoning_A,A,A_evidence_support_rating,A_grp_3,A_evidence_support_rating,reasoning_A,A,reasoning,1.0,0.0,1.0,0.0,1.0,0.0,1.0,0.0,48
augmentation,hq_plus_a_b_c_d_e,HQ + A+B+C+D+E,per_family_3,3 groups per family,reasoning_A,A,A_ownership_signal | A_scrappiness,A_grp_1,A_ownership_signal,reasoning_A,A,reasoning,0.6206381462693455,0.0896478461729385,0.6206381462693455,0.0,0.7051170652408046,0.005042134864300095,0.7051170652408046,0.0,48
augmentation,hq_plus_a_b_c_d_e,HQ + A+B+C+D+E,per_family_3,3 groups per family,reasoning_A,A,A_ownership_signal | A_scrappiness,A_grp_1,A_scrappiness,reasoning_A,A,reasoning,0.7760809319832438,0.06685762547320569,0.7760809319832438,0.0,0.7231056146342528,0.020086574867623837,0.7231056146342528,0.0,48
augmentation,hq_plus_a_b_c_d_e,HQ + A+B+C+D+E,per_family_3,3 groups per family,reasoning_B,B,B_evidence_support_rating,B_grp_2,B_evidence_support_rating,reasoning_B,B,reasoning,1.0,0.0,1.0,0.0,1.0,0.0,1.0,0.0,48
augmentation,hq_plus_a_b_c_d_e,HQ + A+B+C+D+E,per_family_3,3 groups per family,reasoning_B,B,B_rubric_score,B_grp_1,B_rubric_score,reasoning_B,B,reasoning,1.0,0.0,1.0,0.0,1.0,0.0,1.0,0.0,48
augmentation,hq_plus_a_b_c_d_e,HQ + A+B+C+D+E,per_family_3,3 groups per family,reasoning_C,C,C_evidence_support_rating,C_grp_1,C_evidence_support_rating,reasoning_C,C,reasoning,1.0,0.0,1.0,0.0,1.0,0.0,1.0,0.0,48
augmentation,hq_plus_a_b_c_d_e,HQ + A+B+C+D+E,per_family_3,3 groups per family,reasoning_C,C,C_latent_risk,C_grp_2,C_latent_risk,reasoning_C,C,reasoning,1.0,0.0,1.0,0.0,1.0,0.0,1.0,0.0,48
augmentation,hq_plus_a_b_c_d_e,HQ + A+B+C+D+E,per_family_3,3 groups per family,reasoning_C,C,C_latent_strength,C_grp_3,C_latent_strength,reasoning_C,C,reasoning,1.0,0.0,1.0,0.0,1.0,0.0,1.0,0.0,48
augmentation,hq_plus_a_b_c_d_e,HQ + A+B+C+D+E,per_family_3,3 groups per family,reasoning_D,D,D_evidence_support_rating,D_grp_1,D_evidence_support_rating,reasoning_D,D,reasoning,1.0,0.0,1.0,0.0,1.0,0.0,1.0,0.0,48
augmentation,hq_plus_a_b_c_d_e,HQ + A+B+C+D+E,per_family_3,3 groups per family,reasoning_D,D,D_overall_founder_quality,D_grp_2,D_overall_founder_quality,reasoning_D,D,reasoning,1.0,0.0,1.0,0.0,1.0,0.0,1.0,0.0,48
augmentation,hq_plus_a_b_c_d_e,HQ + A+B+C+D+E,per_family_3,3 groups per family,reasoning_E,E,E_evidence_support_rating,E_grp_3,E_evidence_support_rating,reasoning_E,E,reasoning,1.0,0.0,1.0,0.0,1.0,0.0,1.0,0.0,48
augmentation,hq_plus_a_b_c_d_e,HQ + A+B+C+D+E,per_family_3,3 groups per family,reasoning_E,E,E_hidden_risk,E_grp_1,E_hidden_risk,reasoning_E,E,reasoning,1.0,0.0,1.0,0.0,1.0,0.0,1.0,0.0,48
augmentation,hq_plus_a_b_c_d_e,HQ + A+B+C+D+E,per_family_3,3 groups per family,reasoning_E,E,E_hidden_upside,E_grp_2,E_hidden_upside,reasoning_E,E,reasoning,1.0,0.0,1.0,0.0,1.0,0.0,1.0,0.0,48
augmentation,hq_plus_b_c_d_e_f,HQ + B+C+D+E+F,per_family_2,2 groups per family,reasoning_B,B,B_evidence_support_rating,B_grp_2,B_evidence_support_rating,reasoning_B,B,reasoning,1.0,0.0,1.0,0.0,1.0,0.0,1.0,0.0,48
augmentation,hq_plus_b_c_d_e_f,HQ + B+C+D+E+F,per_family_2,2 groups per family,reasoning_B,B,B_rubric_score,B_grp_1,B_rubric_score,reasoning_B,B,reasoning,1.0,0.0,1.0,0.0,1.0,0.0,1.0,0.0,48
augmentation,hq_plus_b_c_d_e_f,HQ + B+C+D+E+F,per_family_2,2 groups per family,reasoning_C,C,C_evidence_support_rating | C_latent_strength,C_grp_1,C_evidence_support_rating,reasoning_C,C,reasoning,0.45980084956160266,0.3375209553075802,0.5285823447235584,0.10416666666666667,0.792165076632875,0.21154271119830073,0.792165076632875,0.0,48
augmentation,hq_plus_b_c_d_e_f,HQ + B+C+D+E+F,per_family_2,2 groups per family,reasoning_C,C,C_evidence_support_rating | C_latent_strength,C_grp_1,C_latent_strength,reasoning_C,C,reasoning,0.7623450593442705,0.3057659136725909,0.7988297235525178,0.041666666666666664,0.8189793119944717,0.21109048162027652,0.8189793119944717,0.0,48
augmentation,hq_plus_b_c_d_e_f,HQ + B+C+D+E+F,per_family_2,2 groups per family,reasoning_C,C,C_latent_risk,C_grp_2,C_latent_risk,reasoning_C,C,reasoning,1.0,0.0,1.0,0.0,1.0,0.0,1.0,0.0,48
augmentation,hq_plus_b_c_d_e_f,HQ + B+C+D+E+F,per_family_2,2 groups per family,reasoning_D,D,D_evidence_support_rating,D_grp_1,D_evidence_support_rating,reasoning_D,D,reasoning,1.0,0.0,1.0,0.0,1.0,0.0,1.0,0.0,48
augmentation,hq_plus_b_c_d_e_f,HQ + B+C+D+E+F,per_family_2,2 groups per family,reasoning_D,D,D_overall_founder_quality,D_grp_2,D_overall_founder_quality,reasoning_D,D,reasoning,1.0,0.0,1.0,0.0,1.0,0.0,1.0,0.0,48
augmentation,hq_plus_b_c_d_e_f,HQ + B+C+D+E+F,per_family_2,2 groups per family,reasoning_E,E,E_evidence_support_rating | E_hidden_upside,E_grp_1,E_evidence_support_rating,reasoning_E,E,reasoning,0.6621219092845062,0.23301373372860937,0.6622156610625853,0.020833333333333332,0.7556366174458109,0.10547733013366875,0.7556366174458109,0.0,48
augmentation,hq_plus_b_c_d_e_f,HQ + B+C+D+E+F,per_family_2,2 groups per family,reasoning_E,E,E_evidence_support_rating | E_hidden_upside,E_grp_1,E_hidden_upside,reasoning_E,E,reasoning,0.6678046584757539,0.24766129139881715,0.6793773006752986,0.020833333333333332,0.7537919722652933,0.08626121232268794,0.7537919722652933,0.0,48
augmentation,hq_plus_b_c_d_e_f,HQ + B+C+D+E+F,per_family_2,2 groups per family,reasoning_E,E,E_hidden_risk,E_grp_2,E_hidden_risk,reasoning_E,E,reasoning,1.0,0.0,1.0,0.0,1.0,0.0,1.0,0.0,48
augmentation,hq_plus_b_c_d_e_f,HQ + B+C+D+E+F,per_family_2,2 groups per family,reasoning_F,F,F_career_coherence | F_ownership_signal | F_rubric_score | F_scrappiness | F_trajectory_strength,F_grp_1,F_career_coherence,reasoning_F,F,reasoning,0.6434118074477921,0.27566391915959687,0.678448067061188,0.08333333333333333,0.5549912532868703,0.20047762840599434,0.5549912532868703,0.0,48
augmentation,hq_plus_b_c_d_e_f,HQ + B+C+D+E+F,per_family_2,2 groups per family,reasoning_F,F,F_career_coherence | F_ownership_signal | F_rubric_score | F_scrappiness | F_trajectory_strength,F_grp_1,F_ownership_signal,reasoning_F,F,reasoning,0.2695035620083608,0.15232681632237316,0.2865652664874516,0.08333333333333333,0.5512376490902029,0.18738603510693494,0.5512376490902029,0.0,48
augmentation,hq_plus_b_c_d_e_f,HQ + B+C+D+E+F,per_family_2,2 groups per family,reasoning_F,F,F_career_coherence | F_ownership_signal | F_rubric_score | F_scrappiness | F_trajectory_strength,F_grp_1,F_rubric_score,reasoning_F,F,reasoning,0.3967034884124215,0.07086592378239688,0.3967034884124215,0.0,0.5550239628765624,0.19053109309908883,0.5550239628765624,0.0,48
augmentation,hq_plus_b_c_d_e_f,HQ + B+C+D+E+F,per_family_2,2 groups per family,reasoning_F,F,F_career_coherence | F_ownership_signal | F_rubric_score | F_scrappiness | F_trajectory_strength,F_grp_1,F_scrappiness,reasoning_F,F,reasoning,0.24694778513305113,0.22531849721472733,0.30152111911759544,0.125,0.5276797852654348,0.1604147955428207,0.5276797852654348,0.0,48
augmentation,hq_plus_b_c_d_e_f,HQ + B+C+D+E+F,per_family_2,2 groups per family,reasoning_F,F,F_career_coherence | F_ownership_signal | F_rubric_score | F_scrappiness | F_trajectory_strength,F_grp_1,F_trajectory_strength,reasoning_F,F,reasoning,0.36444792730944836,0.08500269667913778,0.36444792730944836,0.0,0.5544871497228736,0.1913274966909857,0.5544871497228736,0.0,48
augmentation,hq_plus_b_c_d_e_f,HQ + B+C+D+E+F,per_family_2,2 groups per family,reasoning_F,F,F_evidence_support_rating,F_grp_2,F_evidence_support_rating,reasoning_F,F,reasoning,1.0,0.0,1.0,0.0,1.0,0.0,1.0,0.0,48
augmentation,hq_plus_b_c_d_e_f,HQ + B+C+D+E+F,per_family_3,3 groups per family,reasoning_B,B,B_evidence_support_rating,B_grp_2,B_evidence_support_rating,reasoning_B,B,reasoning,1.0,0.0,1.0,0.0,1.0,0.0,1.0,0.0,48
augmentation,hq_plus_b_c_d_e_f,HQ + B+C+D+E+F,per_family_3,3 groups per family,reasoning_B,B,B_rubric_score,B_grp_1,B_rubric_score,reasoning_B,B,reasoning,1.0,0.0,1.0,0.0,1.0,0.0,1.0,0.0,48
augmentation,hq_plus_b_c_d_e_f,HQ + B+C+D+E+F,per_family_3,3 groups per family,reasoning_C,C,C_evidence_support_rating,C_grp_1,C_evidence_support_rating,reasoning_C,C,reasoning,1.0,0.0,1.0,0.0,1.0,0.0,1.0,0.0,48
augmentation,hq_plus_b_c_d_e_f,HQ + B+C+D+E+F,per_family_3,3 groups per family,reasoning_C,C,C_latent_risk,C_grp_2,C_latent_risk,reasoning_C,C,reasoning,1.0,0.0,1.0,0.0,1.0,0.0,1.0,0.0,48
augmentation,hq_plus_b_c_d_e_f,HQ + B+C+D+E+F,per_family_3,3 groups per family,reasoning_C,C,C_latent_strength,C_grp_3,C_latent_strength,reasoning_C,C,reasoning,1.0,0.0,1.0,0.0,1.0,0.0,1.0,0.0,48
augmentation,hq_plus_b_c_d_e_f,HQ + B+C+D+E+F,per_family_3,3 groups per family,reasoning_D,D,D_evidence_support_rating,D_grp_1,D_evidence_support_rating,reasoning_D,D,reasoning,1.0,0.0,1.0,0.0,1.0,0.0,1.0,0.0,48
augmentation,hq_plus_b_c_d_e_f,HQ + B+C+D+E+F,per_family_3,3 groups per family,reasoning_D,D,D_overall_founder_quality,D_grp_2,D_overall_founder_quality,reasoning_D,D,reasoning,1.0,0.0,1.0,0.0,1.0,0.0,1.0,0.0,48
augmentation,hq_plus_b_c_d_e_f,HQ + B+C+D+E+F,per_family_3,3 groups per family,reasoning_E,E,E_evidence_support_rating,E_grp_3,E_evidence_support_rating,reasoning_E,E,reasoning,1.0,0.0,1.0,0.0,1.0,0.0,1.0,0.0,48
augmentation,hq_plus_b_c_d_e_f,HQ + B+C+D+E+F,per_family_3,3 groups per family,reasoning_E,E,E_hidden_risk,E_grp_1,E_hidden_risk,reasoning_E,E,reasoning,1.0,0.0,1.0,0.0,1.0,0.0,1.0,0.0,48
augmentation,hq_plus_b_c_d_e_f,HQ + B+C+D+E+F,per_family_3,3 groups per family,reasoning_E,E,E_hidden_upside,E_grp_2,E_hidden_upside,reasoning_E,E,reasoning,1.0,0.0,1.0,0.0,1.0,0.0,1.0,0.0,48
augmentation,hq_plus_b_c_d_e_f,HQ + B+C+D+E+F,per_family_3,3 groups per family,reasoning_F,F,F_career_coherence | F_ownership_signal | F_rubric_score | F_trajectory_strength,F_grp_1,F_career_coherence,reasoning_F,F,reasoning,0.667237854249143,0.2983411175212454,0.7126195918948307,0.08333333333333333,0.5755037145785341,0.09847268162737506,0.5755037145785341,0.0,48
augmentation,hq_plus_b_c_d_e_f,HQ + B+C+D+E+F,per_family_3,3 groups per family,reasoning_F,F,F_career_coherence | F_ownership_signal | F_rubric_score | F_trajectory_strength,F_grp_1,F_ownership_signal,reasoning_F,F,reasoning,0.2948603433113513,0.18438346985806486,0.312512482756129,0.08333333333333333,0.5732738061933965,0.09735945895196613,0.5732738061933965,0.0,48
augmentation,hq_plus_b_c_d_e_f,HQ + B+C+D+E+F,per_family_3,3 groups per family,reasoning_F,F,F_career_coherence | F_ownership_signal | F_rubric_score | F_trajectory_strength,F_grp_1,F_rubric_score,reasoning_F,F,reasoning,0.4227505793330291,0.07608483633499945,0.4227505793330291,0.0,0.5767524950865069,0.0980133438261029,0.5767524950865069,0.0,48
augmentation,hq_plus_b_c_d_e_f,HQ + B+C+D+E+F,per_family_3,3 groups per family,reasoning_F,F,F_career_coherence | F_ownership_signal | F_rubric_score | F_trajectory_strength,F_grp_1,F_trajectory_strength,reasoning_F,F,reasoning,0.38923015795934285,0.09401737566524757,0.38923015795934285,0.0,0.576094239477166,0.0978797307645576,0.576094239477166,0.0,48
augmentation,hq_plus_b_c_d_e_f,HQ + B+C+D+E+F,per_family_3,3 groups per family,reasoning_F,F,F_evidence_support_rating,F_grp_2,F_evidence_support_rating,reasoning_F,F,reasoning,1.0,0.0,1.0,0.0,1.0,0.0,1.0,0.0,48
augmentation,hq_plus_b_c_d_e_f,HQ + B+C+D+E+F,per_family_3,3 groups per family,reasoning_F,F,F_scrappiness,F_grp_3,F_scrappiness,reasoning_F,F,reasoning,1.0,0.0,1.0,0.0,1.0,0.0,1.0,0.0,48
augmentation,hq_plus_f,HQ + F,per_family_2,2 groups per family,reasoning_F,F,F_career_coherence | F_ownership_signal | F_rubric_score | F_scrappiness | F_trajectory_strength,F_grp_1,F_career_coherence,reasoning_F,F,reasoning,0.6434118074477921,0.27566391915959687,0.678448067061188,0.08333333333333333,0.5549912532868703,0.20047762840599434,0.5549912532868703,0.0,48
augmentation,hq_plus_f,HQ + F,per_family_2,2 groups per family,reasoning_F,F,F_career_coherence | F_ownership_signal | F_rubric_score | F_scrappiness | F_trajectory_strength,F_grp_1,F_ownership_signal,reasoning_F,F,reasoning,0.2695035620083608,0.15232681632237316,0.2865652664874516,0.08333333333333333,0.5512376490902029,0.18738603510693494,0.5512376490902029,0.0,48
augmentation,hq_plus_f,HQ + F,per_family_2,2 groups per family,reasoning_F,F,F_career_coherence | F_ownership_signal | F_rubric_score | F_scrappiness | F_trajectory_strength,F_grp_1,F_rubric_score,reasoning_F,F,reasoning,0.3967034884124215,0.07086592378239688,0.3967034884124215,0.0,0.5550239628765624,0.19053109309908883,0.5550239628765624,0.0,48
augmentation,hq_plus_f,HQ + F,per_family_2,2 groups per family,reasoning_F,F,F_career_coherence | F_ownership_signal | F_rubric_score | F_scrappiness | F_trajectory_strength,F_grp_1,F_scrappiness,reasoning_F,F,reasoning,0.24694778513305113,0.22531849721472733,0.30152111911759544,0.125,0.5276797852654348,0.1604147955428207,0.5276797852654348,0.0,48
augmentation,hq_plus_f,HQ + F,per_family_2,2 groups per family,reasoning_F,F,F_career_coherence | F_ownership_signal | F_rubric_score | F_scrappiness | F_trajectory_strength,F_grp_1,F_trajectory_strength,reasoning_F,F,reasoning,0.36444792730944836,0.08500269667913778,0.36444792730944836,0.0,0.5544871497228736,0.1913274966909857,0.5544871497228736,0.0,48
augmentation,hq_plus_f,HQ + F,per_family_2,2 groups per family,reasoning_F,F,F_evidence_support_rating,F_grp_2,F_evidence_support_rating,reasoning_F,F,reasoning,1.0,0.0,1.0,0.0,1.0,0.0,1.0,0.0,48
augmentation,hq_plus_f,HQ + F,per_family_3,3 groups per family,reasoning_F,F,F_career_coherence | F_ownership_signal | F_rubric_score | F_trajectory_strength,F_grp_1,F_career_coherence,reasoning_F,F,reasoning,0.667237854249143,0.2983411175212454,0.7126195918948307,0.08333333333333333,0.5755037145785341,0.09847268162737506,0.5755037145785341,0.0,48
augmentation,hq_plus_f,HQ + F,per_family_3,3 groups per family,reasoning_F,F,F_career_coherence | F_ownership_signal | F_rubric_score | F_trajectory_strength,F_grp_1,F_ownership_signal,reasoning_F,F,reasoning,0.2948603433113513,0.18438346985806486,0.312512482756129,0.08333333333333333,0.5732738061933965,0.09735945895196613,0.5732738061933965,0.0,48
augmentation,hq_plus_f,HQ + F,per_family_3,3 groups per family,reasoning_F,F,F_career_coherence | F_ownership_signal | F_rubric_score | F_trajectory_strength,F_grp_1,F_rubric_score,reasoning_F,F,reasoning,0.4227505793330291,0.07608483633499945,0.4227505793330291,0.0,0.5767524950865069,0.0980133438261029,0.5767524950865069,0.0,48
augmentation,hq_plus_f,HQ + F,per_family_3,3 groups per family,reasoning_F,F,F_career_coherence | F_ownership_signal | F_rubric_score | F_trajectory_strength,F_grp_1,F_trajectory_strength,reasoning_F,F,reasoning,0.38923015795934285,0.09401737566524757,0.38923015795934285,0.0,0.576094239477166,0.0978797307645576,0.576094239477166,0.0,48
augmentation,hq_plus_f,HQ + F,per_family_3,3 groups per family,reasoning_F,F,F_evidence_support_rating,F_grp_2,F_evidence_support_rating,reasoning_F,F,reasoning,1.0,0.0,1.0,0.0,1.0,0.0,1.0,0.0,48
augmentation,hq_plus_f,HQ + F,per_family_3,3 groups per family,reasoning_F,F,F_scrappiness,F_grp_3,F_scrappiness,reasoning_F,F,reasoning,1.0,0.0,1.0,0.0,1.0,0.0,1.0,0.0,48
competition,hq_only,HQ,total_groups_6,6 total groups,full_route,HQ,best_degree_prestige | degree_level | edu_prestige_tier | field_relevance_score | industry_prestige_penalty | prestige_x_relevance | stem_flag,competition_grp_2,best_degree_prestige,HQ,HQ,hq,0.49778025650415225,0.021884640307550052,0.49778025650415225,0.0,0.4741219286607064,0.010005016137534883,0.4741219286607064,0.0,48
competition,hq_only,HQ,total_groups_6,6 total groups,full_route,HQ,best_degree_prestige | degree_level | edu_prestige_tier | field_relevance_score | industry_prestige_penalty | prestige_x_relevance | stem_flag,competition_grp_2,degree_level,HQ,HQ,hq,0.17101742007554074,0.03371202546503369,0.17101742007554074,0.0,0.2849427132396702,0.008346726844388627,0.2849427132396702,0.0,48
competition,hq_only,HQ,total_groups_6,6 total groups,full_route,HQ,best_degree_prestige | degree_level | edu_prestige_tier | field_relevance_score | industry_prestige_penalty | prestige_x_relevance | stem_flag,competition_grp_2,edu_prestige_tier,HQ,HQ,hq,0.497780256504153,0.021884640307550673,0.497780256504153,0.0,0.4741219286607065,0.010005016137535072,0.4741219286607065,0.0,48
competition,hq_only,HQ,total_groups_6,6 total groups,full_route,HQ,best_degree_prestige | degree_level | edu_prestige_tier | field_relevance_score | industry_prestige_penalty | prestige_x_relevance | stem_flag,competition_grp_2,field_relevance_score,HQ,HQ,hq,0.2260742546407187,0.03333969561920415,0.2260742546407187,0.0,0.3229930290696244,0.011141023331906079,0.3229930290696244,0.0,48
competition,hq_only,HQ,total_groups_6,6 total groups,full_route,HQ,best_degree_prestige | degree_level | edu_prestige_tier | field_relevance_score | industry_prestige_penalty | prestige_x_relevance | stem_flag,competition_grp_2,industry_prestige_penalty,HQ,HQ,hq,0.3338341967250724,0.04687932365178984,0.3338341967250724,0.0,0.25757153578703357,0.012371501776851724,0.25757153578703357,0.0,48
competition,hq_only,HQ,total_groups_6,6 total groups,full_route,HQ,best_degree_prestige | degree_level | edu_prestige_tier | field_relevance_score | industry_prestige_penalty | prestige_x_relevance | stem_flag,competition_grp_2,prestige_x_relevance,HQ,HQ,hq,0.5044140493751281,0.018696538948956124,0.5044140493751281,0.0,0.4953268610326617,0.004254407872550087,0.4953268610326617,0.0,48
competition,hq_only,HQ,total_groups_6,6 total groups,full_route,HQ,best_degree_prestige | degree_level | edu_prestige_tier | field_relevance_score | industry_prestige_penalty | prestige_x_relevance | stem_flag,competition_grp_2,stem_flag,HQ,HQ,hq,0.22592597912838777,0.03739801132441966,0.22592597912838777,0.0,0.3030226286361863,0.011913598053127843,0.3030226286361863,0.0,48
competition,hq_only,HQ,total_groups_6,6 total groups,full_route,HQ,comfort_index,competition_grp_4,comfort_index,HQ,HQ,hq,1.0,0.0,1.0,0.0,1.0,0.0,1.0,0.0,48
competition,hq_only,HQ,total_groups_6,6 total groups,full_route,HQ,company_size_is_growing | founding_role_count | founding_timing | industry_pivot_count | is_serial_founder | longest_founding_tenure | max_company_size_before_founding | max_seniority_reached | persistence_score | prestige_sacrifice_score | restlessness_score | sacrifice_x_serial | seniority_is_monotone | total_inferred_experience | years_in_large_company,competition_grp_1,company_size_is_growing,HQ,HQ,hq,-0.17606944186233198,0.06225886998123833,0.17606944186233198,0.0,-0.30724347670181373,0.05071699719695089,0.30724347670181373,0.0,9
competition,hq_only,HQ,total_groups_6,6 total groups,full_route,HQ,company_size_is_growing | founding_role_count | founding_timing | industry_pivot_count | is_serial_founder | longest_founding_tenure | max_company_size_before_founding | max_seniority_reached | persistence_score | prestige_sacrifice_score | restlessness_score | sacrifice_x_serial | seniority_is_monotone | total_inferred_experience | years_in_large_company,competition_grp_1,founding_role_count,HQ,HQ,hq,0.0029211334254601058,0.07920426214157672,0.06972806649262696,0.4444444444444444,0.17639159040223468,0.09874706153257766,0.17639159040223468,0.0,9
competition,hq_only,HQ,total_groups_6,6 total groups,full_route,HQ,company_size_is_growing | founding_role_count | founding_timing | industry_pivot_count | is_serial_founder | longest_founding_tenure | max_company_size_before_founding | max_seniority_reached | persistence_score | prestige_sacrifice_score | restlessness_score | sacrifice_x_serial | seniority_is_monotone | total_inferred_experience | years_in_large_company,competition_grp_1,founding_timing,HQ,HQ,hq,-0.019697103932871662,0.07599795751284659,0.05806912261738025,0.4444444444444444,0.28773987019502906,0.06864745690266388,0.28773987019502906,0.0,9
competition,hq_only,HQ,total_groups_6,6 total groups,full_route,HQ,company_size_is_growing | founding_role_count | founding_timing | industry_pivot_count | is_serial_founder | longest_founding_tenure | max_company_size_before_founding | max_seniority_reached | persistence_score | prestige_sacrifice_score | restlessness_score | sacrifice_x_serial | seniority_is_monotone | total_inferred_experience | years_in_large_company,competition_grp_1,industry_pivot_count,HQ,HQ,hq,0.11373887114271995,0.05714190199704751,0.11373887114271995,0.0,0.35849372264126966,0.017109936361628348,0.35849372264126966,0.0,9
competition,hq_only,HQ,total_groups_6,6 total groups,full_route,HQ,company_size_is_growing | founding_role_count | founding_timing | industry_pivot_count | is_serial_founder | longest_founding_tenure | max_company_size_before_founding | max_seniority_reached | persistence_score | prestige_sacrifice_score | restlessness_score | sacrifice_x_serial | seniority_is_monotone | total_inferred_experience | years_in_large_company,competition_grp_1,is_serial_founder,HQ,HQ,hq,0.0011672197616188727,0.06040009118497485,0.04533331585376711,0.3333333333333333,0.20050392707216128,0.09009670901036862,0.20050392707216128,0.0,9
competition,hq_only,HQ,total_groups_6,6 total groups,full_route,HQ,company_size_is_growing | founding_role_count | founding_timing | industry_pivot_count | is_serial_founder | longest_founding_tenure | max_company_size_before_founding | max_seniority_reached | persistence_score | prestige_sacrifice_score | restlessness_score | sacrifice_x_serial | seniority_is_monotone | total_inferred_experience | years_in_large_company,competition_grp_1,longest_founding_tenure,HQ,HQ,hq,-0.16358635568907304,0.08615720291696148,0.16358635568907304,0.0,0.03667877355356705,0.10066302568638577,0.08471659916074173,0.4444444444444444,9
competition,hq_only,HQ,total_groups_6,6 total groups,full_route,HQ,company_size_is_growing | founding_role_count | founding_timing | industry_pivot_count | is_serial_founder | longest_founding_tenure | max_company_size_before_founding | max_seniority_reached | persistence_score | prestige_sacrifice_score | restlessness_score | sacrifice_x_serial | seniority_is_monotone | total_inferred_experience | years_in_large_company,competition_grp_1,max_company_size_before_founding,HQ,HQ,hq,0.47991893086407916,0.06703368044671675,0.47991893086407916,0.0,0.5026583054816528,0.06596721691144476,0.5026583054816528,0.0,9
competition,hq_only,HQ,total_groups_6,6 total groups,full_route,HQ,company_size_is_growing | founding_role_count | founding_timing | industry_pivot_count | is_serial_founder | longest_founding_tenure | max_company_size_before_founding | max_seniority_reached | persistence_score | prestige_sacrifice_score | restlessness_score | sacrifice_x_serial | seniority_is_monotone | total_inferred_experience | years_in_large_company,competition_grp_1,max_seniority_reached,HQ,HQ,hq,0.26705011209306934,0.08212107011822845,0.26705011209306934,0.0,0.2015571144966398,0.11008889821147763,0.2015571144966398,0.0,9
competition,hq_only,HQ,total_groups_6,6 total groups,full_route,HQ,company_size_is_growing | founding_role_count | founding_timing | industry_pivot_count | is_serial_founder | longest_founding_tenure | max_company_size_before_founding | max_seniority_reached | persistence_score | prestige_sacrifice_score | restlessness_score | sacrifice_x_serial | seniority_is_monotone | total_inferred_experience | years_in_large_company,competition_grp_1,persistence_score,HQ,HQ,hq,-0.008218227777642303,0.11301928041529134,0.09859654552328195,0.3333333333333333,-0.09905028064410401,0.10758406833591387,0.1252152093851744,0.2222222222222222,9
competition,hq_only,HQ,total_groups_6,6 total groups,full_route,HQ,company_size_is_growing | founding_role_count | founding_timing | industry_pivot_count | is_serial_founder | longest_founding_tenure | max_company_size_before_founding | max_seniority_reached | persistence_score | prestige_sacrifice_score | restlessness_score | sacrifice_x_serial | seniority_is_monotone | total_inferred_experience | years_in_large_company,competition_grp_1,prestige_sacrifice_score,HQ,HQ,hq,0.5662232450185161,0.026274610105787487,0.5662232450185161,0.0,0.5935902587683142,0.05895510131996602,0.5935902587683142,0.0,9
competition,hq_only,HQ,total_groups_6,6 total groups,full_route,HQ,company_size_is_growing | founding_role_count | founding_timing | industry_pivot_count | is_serial_founder | longest_founding_tenure | max_company_size_before_founding | max_seniority_reached | persistence_score | prestige_sacrifice_score | restlessness_score | sacrifice_x_serial | seniority_is_monotone | total_inferred_experience | years_in_large_company,competition_grp_1,restlessness_score,HQ,HQ,hq,-0.01380803924447988,0.0376294268083559,0.03298946749888435,0.4444444444444444,0.24412179887615532,0.01918782071067511,0.24412179887615532,0.0,9
competition,hq_only,HQ,total_groups_6,6 total groups,full_route,HQ,company_size_is_growing | founding_role_count | founding_timing | industry_pivot_count | is_serial_founder | longest_founding_tenure | max_company_size_before_founding | max_seniority_reached | persistence_score | prestige_sacrifice_score | restlessness_score | sacrifice_x_serial | seniority_is_monotone | total_inferred_experience | years_in_large_company,competition_grp_1,sacrifice_x_serial,HQ,HQ,hq,0.2993822008510436,0.07092512810043258,0.2993822008510436,0.0,0.3964378694927258,0.07323053351169863,0.3964378694927258,0.0,9
competition,hq_only,HQ,total_groups_6,6 total groups,full_route,HQ,company_size_is_growing | founding_role_count | founding_timing | industry_pivot_count | is_serial_founder | longest_founding_tenure | max_company_size_before_founding | max_seniority_reached | persistence_score | prestige_sacrifice_score | restlessness_score | sacrifice_x_serial | seniority_is_monotone | total_inferred_experience | years_in_large_company,competition_grp_1,seniority_is_monotone,HQ,HQ,hq,-0.15713401002567917,0.0899233206303096,0.15713401002567917,0.0,-0.1481902662243539,0.07444230893739286,0.1481902662243539,0.0,9
competition,hq_only,HQ,total_groups_6,6 total groups,full_route,HQ,company_size_is_growing | founding_role_count | founding_timing | industry_pivot_count | is_serial_founder | longest_founding_tenure | max_company_size_before_founding | max_seniority_reached | persistence_score | prestige_sacrifice_score | restlessness_score | sacrifice_x_serial | seniority_is_monotone | total_inferred_experience | years_in_large_company,competition_grp_1,total_inferred_experience,HQ,HQ,hq,-0.08388860887251758,0.07609781692822178,0.08678706862672755,0.1111111111111111,0.25526079288236253,0.06741684743182166,0.25526079288236253,0.0,9
competition,hq_only,HQ,total_groups_6,6 total groups,full_route,HQ,company_size_is_growing | founding_role_count | founding_timing | industry_pivot_count | is_serial_founder | longest_founding_tenure | max_company_size_before_founding | max_seniority_reached | persistence_score | prestige_sacrifice_score | restlessness_score | sacrifice_x_serial | seniority_is_monotone | total_inferred_experience | years_in_large_company,competition_grp_1,years_in_large_company,HQ,HQ,hq,0.3243987484047832,0.06723816905636092,0.3243987484047832,0.0,0.34305018485624367,0.0569274729708297,0.34305018485624367,0.0,9
competition,hq_only,HQ,total_groups_6,6 total groups,full_route,HQ,company_size_is_growing | seniority_is_monotone,competition_grp_3,company_size_is_growing,HQ,HQ,hq,0.7556666692739272,0.22154667419272359,0.7665523030502341,0.02564102564102564,0.751489664525676,0.15661687070665745,0.751489664525676,0.0,39
competition,hq_only,HQ,total_groups_6,6 total groups,full_route,HQ,company_size_is_growing | seniority_is_monotone,competition_grp_3,seniority_is_monotone,HQ,HQ,hq,0.5697084891574272,0.23519607455172645,0.5697084891574272,0.0,0.6398677702239325,0.14399167719491948,0.6398677702239325,0.0,39
competition,hq_only,HQ,total_groups_6,6 total groups,full_route,HQ,exit_count | exit_x_serial | has_prior_acquisition | has_prior_ipo,competition_grp_6,exit_count,HQ,HQ,hq,0.5803845263107785,0.014382489863916888,0.5803845263107785,0.0,0.5794632781492952,0.003378973356011342,0.5794632781492952,0.0,48
competition,hq_only,HQ,total_groups_6,6 total groups,full_route,HQ,exit_count | exit_x_serial | has_prior_acquisition | has_prior_ipo,competition_grp_6,exit_x_serial,HQ,HQ,hq,0.5176222613821495,0.033615302666268186,0.5176222613821495,0.0,0.5432114624174429,0.004983339563655575,0.5432114624174429,0.0,48
competition,hq_only,HQ,total_groups_6,6 total groups,full_route,HQ,exit_count | exit_x_serial | has_prior_acquisition | has_prior_ipo,competition_grp_6,has_prior_acquisition,HQ,HQ,hq,0.5063255559499852,0.03198747276357643,0.5063255559499852,0.0,0.525135158120772,0.012799606767393947,0.525135158120772,0.0,48
competition,hq_only,HQ,total_groups_6,6 total groups,full_route,HQ,exit_count | exit_x_serial | has_prior_acquisition | has_prior_ipo,competition_grp_6,has_prior_ipo,HQ,HQ,hq,0.36412509232223456,0.0625164112219519,0.36412509232223456,0.0,0.31420240497334473,0.03384793143110912,0.31420240497334473,0.0,48
competition,hq_only,HQ,total_groups_6,6 total groups,full_route,HQ,founding_role_count | founding_timing | industry_alignment | industry_pivot_count | is_serial_founder | longest_founding_tenure | max_company_size_before_founding | max_seniority_reached | persistence_score | prestige_sacrifice_score | restlessness_score | sacrifice_x_serial | total_inferred_experience | years_in_large_company,competition_grp_1,founding_role_count,HQ,HQ,hq,0.07480634681546057,0.07039764454442385,0.08635369772064753,0.20512820512820512,0.23893009596116913,0.06979262264897004,0.23893009596116913,0.0,39
competition,hq_only,HQ,total_groups_6,6 total groups,full_route,HQ,founding_role_count | founding_timing | industry_alignment | industry_pivot_count | is_serial_founder | longest_founding_tenure | max_company_size_before_founding | max_seniority_reached | persistence_score | prestige_sacrifice_score | restlessness_score | sacrifice_x_serial | total_inferred_experience | years_in_large_company,competition_grp_1,founding_timing,HQ,HQ,hq,0.0281163450192767,0.07143008240099413,0.06365997133701742,0.2564102564102564,0.31837212231663414,0.03617091554077201,0.31837212231663414,0.0,39
competition,hq_only,HQ,total_groups_6,6 total groups,full_route,HQ,founding_role_count | founding_timing | industry_alignment | industry_pivot_count | is_serial_founder | longest_founding_tenure | max_company_size_before_founding | max_seniority_reached | persistence_score | prestige_sacrifice_score | restlessness_score | sacrifice_x_serial | total_inferred_experience | years_in_large_company,competition_grp_1,industry_alignment,HQ,HQ,hq,0.4468843246974819,0.04850049649559507,0.4468843246974819,0.0,0.29416990655548547,0.041927590371987226,0.29416990655548547,0.0,39
competition,hq_only,HQ,total_groups_6,6 total groups,full_route,HQ,founding_role_count | founding_timing | industry_alignment | industry_pivot_count | is_serial_founder | longest_founding_tenure | max_company_size_before_founding | max_seniority_reached | persistence_score | prestige_sacrifice_score | restlessness_score | sacrifice_x_serial | total_inferred_experience | years_in_large_company,competition_grp_1,industry_pivot_count,HQ,HQ,hq,0.1275280448608457,0.04745628066495015,0.1275280448608457,0.0,0.3672458258166963,0.0227231070634034,0.3672458258166963,0.0,39
competition,hq_only,HQ,total_groups_6,6 total groups,full_route,HQ,founding_role_count | founding_timing | industry_alignment | industry_pivot_count | is_serial_founder | longest_founding_tenure | max_company_size_before_founding | max_seniority_reached | persistence_score | prestige_sacrifice_score | restlessness_score | sacrifice_x_serial | total_inferred_experience | years_in_large_company,competition_grp_1,is_serial_founder,HQ,HQ,hq,0.07527984806260858,0.0672056249939155,0.08598073356921464,0.1282051282051282,0.25816675643941883,0.0645973544804907,0.25816675643941883,0.0,39
competition,hq_only,HQ,total_groups_6,6 total groups,full_route,HQ,founding_role_count | founding_timing | industry_alignment | industry_pivot_count | is_serial_founder | longest_founding_tenure | max_company_size_before_founding | max_seniority_reached | persistence_score | prestige_sacrifice_score | restlessness_score | sacrifice_x_serial | total_inferred_experience | years_in_large_company,competition_grp_1,longest_founding_tenure,HQ,HQ,hq,-0.0922331656459828,0.07213744267235819,0.10006219546490557,0.07692307692307693,0.10604162476857869,0.07133177256678999,0.10877283616153334,0.05128205128205128,39
competition,hq_only,HQ,total_groups_6,6 total groups,full_route,HQ,founding_role_count | founding_timing | industry_alignment | industry_pivot_count | is_serial_founder | longest_founding_tenure | max_company_size_before_founding | max_seniority_reached | persistence_score | prestige_sacrifice_score | restlessness_score | sacrifice_x_serial | total_inferred_experience | years_in_large_company,competition_grp_1,max_company_size_before_founding,HQ,HQ,hq,0.4213304683395923,0.05446719009687415,0.4213304683395923,0.0,0.43454029292710783,0.07045881895271228,0.43454029292710783,0.0,39
competition,hq_only,HQ,total_groups_6,6 total groups,full_route,HQ,founding_role_count | founding_timing | industry_alignment | industry_pivot_count | is_serial_founder | longest_founding_tenure | max_company_size_before_founding | max_seniority_reached | persistence_score | prestige_sacrifice_score | restlessness_score | sacrifice_x_serial | total_inferred_experience | years_in_large_company,competition_grp_1,max_seniority_reached,HQ,HQ,hq,0.24246300008175942,0.08287057884896612,0.24246300008175942,0.0,0.21286808884526018,0.06068069427119236,0.21286808884526018,0.0,39
competition,hq_only,HQ,total_groups_6,6 total groups,full_route,HQ,founding_role_count | founding_timing | industry_alignment | industry_pivot_count | is_serial_founder | longest_founding_tenure | max_company_size_before_founding | max_seniority_reached | persistence_score | prestige_sacrifice_score | restlessness_score | sacrifice_x_serial | total_inferred_experience | years_in_large_company,competition_grp_1,persistence_score,HQ,HQ,hq,-0.014559891865402826,0.06773111770076619,0.057916859640208034,0.48717948717948717,-0.06454155434483888,0.07312615873206073,0.07859782472884601,0.20512820512820512,39
competition,hq_only,HQ,total_groups_6,6 total groups,full_route,HQ,founding_role_count | founding_timing | industry_alignment | industry_pivot_count | is_serial_founder | longest_founding_tenure | max_company_size_before_founding | max_seniority_reached | persistence_score | prestige_sacrifice_score | restlessness_score | sacrifice_x_serial | total_inferred_experience | years_in_large_company,competition_grp_1,prestige_sacrifice_score,HQ,HQ,hq,0.5212624006250327,0.02728735297422719,0.5212624006250327,0.0,0.5414876985295001,0.046354936902743255,0.5414876985295001,0.0,39
competition,hq_only,HQ,total_groups_6,6 total groups,full_route,HQ,founding_role_count | founding_timing | industry_alignment | industry_pivot_count | is_serial_founder | longest_founding_tenure | max_company_size_before_founding | max_seniority_reached | persistence_score | prestige_sacrifice_score | restlessness_score | sacrifice_x_serial | total_inferred_experience | years_in_large_company,competition_grp_1,restlessness_score,HQ,HQ,hq,0.05482049497917798,0.06891791112334067,0.07389680114301271,0.2564102564102564,0.2541797323460301,0.028970201792637235,0.2541797323460301,0.0,39
competition,hq_only,HQ,total_groups_6,6 total groups,full_route,HQ,founding_role_count | founding_timing | industry_alignment | industry_pivot_count | is_serial_founder | longest_founding_tenure | max_company_size_before_founding | max_seniority_reached | persistence_score | prestige_sacrifice_score | restlessness_score | sacrifice_x_serial | total_inferred_experience | years_in_large_company,competition_grp_1,sacrifice_x_serial,HQ,HQ,hq,0.33209971602829075,0.049552455328195445,0.33209971602829075,0.0,0.40267767197239507,0.045891085400084325,0.40267767197239507,0.0,39
competition,hq_only,HQ,total_groups_6,6 total groups,full_route,HQ,founding_role_count | founding_timing | industry_alignment | industry_pivot_count | is_serial_founder | longest_founding_tenure | max_company_size_before_founding | max_seniority_reached | persistence_score | prestige_sacrifice_score | restlessness_score | sacrifice_x_serial | total_inferred_experience | years_in_large_company,competition_grp_1,total_inferred_experience,HQ,HQ,hq,-0.023136620726164476,0.07900890175876457,0.06380661842304082,0.46153846153846156,0.30145852406136353,0.033480214664384736,0.30145852406136353,0.0,39
competition,hq_only,HQ,total_groups_6,6 total groups,full_route,HQ,founding_role_count | founding_timing | industry_alignment | industry_pivot_count | is_serial_founder | longest_founding_tenure | max_company_size_before_founding | max_seniority_reached | persistence_score | prestige_sacrifice_score | restlessness_score | sacrifice_x_serial | total_inferred_experience | years_in_large_company,competition_grp_1,years_in_large_company,HQ,HQ,hq,0.29429497013683725,0.04241750889969684,0.29429497013683725,0.0,0.3139644514215488,0.052225702848040574,0.3139644514215488,0.0,39
competition,hq_only,HQ,total_groups_6,6 total groups,full_route,HQ,industry_alignment,competition_grp_6,industry_alignment,HQ,HQ,hq,1.0,0.0,1.0,0.0,1.0,0.0,1.0,0.0,9
competition,hq_only,HQ,total_groups_6,6 total groups,full_route,HQ,repeat_founding_gap,competition_grp_5,repeat_founding_gap,HQ,HQ,hq,1.0,0.0,1.0,0.0,1.0,0.0,1.0,0.0,48
competition,hq_plus_a,HQ + A,total_groups_6,6 total groups,full_route,HQ + A,A_career_coherence | A_evidence_support_rating | A_ownership_signal | A_scrappiness | A_trajectory_strength,competition_grp_4,A_career_coherence,reasoning_A,A,reasoning,0.30194122920272837,0.06477655598413555,0.30194122920272837,0.0,0.8013491591220566,0.13607520232097314,0.8013491591220566,0.0,48
competition,hq_plus_a,HQ + A,total_groups_6,6 total groups,full_route,HQ + A,A_career_coherence | A_evidence_support_rating | A_ownership_signal | A_scrappiness | A_trajectory_strength,competition_grp_4,A_evidence_support_rating,reasoning_A,A,reasoning,0.8394511695730159,0.03269716404379891,0.8394511695730159,0.0,0.9290597327771636,0.11905795864863293,0.9290597327771636,0.0,48
competition,hq_plus_a,HQ + A,total_groups_6,6 total groups,full_route,HQ + A,A_career_coherence | A_evidence_support_rating | A_ownership_signal | A_scrappiness | A_trajectory_strength,competition_grp_4,A_ownership_signal,reasoning_A,A,reasoning,-0.25403203552382975,0.08975785457415068,0.25403203552382975,0.0,0.29112028586398103,0.2599829853593068,0.369906221013309,0.10416666666666667,48
competition,hq_plus_a,HQ + A,total_groups_6,6 total groups,full_route,HQ + A,A_career_coherence | A_evidence_support_rating | A_ownership_signal | A_scrappiness | A_trajectory_strength,competition_grp_4,A_scrappiness,reasoning_A,A,reasoning,-0.30673268092831746,0.08225176889540795,0.30673268092831746,0.0,0.29741402330344296,0.25060201752841577,0.36947110282565515,0.10416666666666667,48
competition,hq_plus_a,HQ + A,total_groups_6,6 total groups,full_route,HQ + A,A_career_coherence | A_evidence_support_rating | A_ownership_signal | A_scrappiness | A_trajectory_strength,competition_grp_4,A_trajectory_strength,reasoning_A,A,reasoning,0.13991427919037505,0.07663600446899631,0.14530507993846628,0.08333333333333333,0.6732937412131371,0.17917545471948595,0.6790769506028234,0.020833333333333332,48
competition,hq_plus_a,HQ + A,total_groups_6,6 total groups,full_route,HQ + A,best_degree_prestige | degree_level | edu_prestige_tier | field_relevance_score | industry_prestige_penalty | prestige_x_relevance | stem_flag,competition_grp_3,best_degree_prestige,HQ,HQ,hq,0.49778025650415225,0.021884640307550052,0.49778025650415225,0.0,0.4741219286607064,0.010005016137534883,0.4741219286607064,0.0,48
competition,hq_plus_a,HQ + A,total_groups_6,6 total groups,full_route,HQ + A,best_degree_prestige | degree_level | edu_prestige_tier | field_relevance_score | industry_prestige_penalty | prestige_x_relevance | stem_flag,competition_grp_3,degree_level,HQ,HQ,hq,0.17101742007554074,0.03371202546503369,0.17101742007554074,0.0,0.2849427132396702,0.008346726844388627,0.2849427132396702,0.0,48
competition,hq_plus_a,HQ + A,total_groups_6,6 total groups,full_route,HQ + A,best_degree_prestige | degree_level | edu_prestige_tier | field_relevance_score | industry_prestige_penalty | prestige_x_relevance | stem_flag,competition_grp_3,edu_prestige_tier,HQ,HQ,hq,0.497780256504153,0.021884640307550673,0.497780256504153,0.0,0.4741219286607065,0.010005016137535072,0.4741219286607065,0.0,48
competition,hq_plus_a,HQ + A,total_groups_6,6 total groups,full_route,HQ + A,best_degree_prestige | degree_level | edu_prestige_tier | field_relevance_score | industry_prestige_penalty | prestige_x_relevance | stem_flag,competition_grp_3,field_relevance_score,HQ,HQ,hq,0.2260742546407187,0.03333969561920415,0.2260742546407187,0.0,0.3229930290696244,0.011141023331906079,0.3229930290696244,0.0,48
competition,hq_plus_a,HQ + A,total_groups_6,6 total groups,full_route,HQ + A,best_degree_prestige | degree_level | edu_prestige_tier | field_relevance_score | industry_prestige_penalty | prestige_x_relevance | stem_flag,competition_grp_3,industry_prestige_penalty,HQ,HQ,hq,0.3338341967250724,0.04687932365178984,0.3338341967250724,0.0,0.25757153578703357,0.012371501776851724,0.25757153578703357,0.0,48
competition,hq_plus_a,HQ + A,total_groups_6,6 total groups,full_route,HQ + A,best_degree_prestige | degree_level | edu_prestige_tier | field_relevance_score | industry_prestige_penalty | prestige_x_relevance | stem_flag,competition_grp_3,prestige_x_relevance,HQ,HQ,hq,0.5044140493751281,0.018696538948956124,0.5044140493751281,0.0,0.4953268610326617,0.004254407872550087,0.4953268610326617,0.0,48
competition,hq_plus_a,HQ + A,total_groups_6,6 total groups,full_route,HQ + A,best_degree_prestige | degree_level | edu_prestige_tier | field_relevance_score | industry_prestige_penalty | prestige_x_relevance | stem_flag,competition_grp_3,stem_flag,HQ,HQ,hq,0.22592597912838777,0.03739801132441966,0.22592597912838777,0.0,0.3030226286361863,0.011913598053127843,0.3030226286361863,0.0,48
competition,hq_plus_a,HQ + A,total_groups_6,6 total groups,full_route,HQ + A,comfort_index,competition_grp_5,comfort_index,HQ,HQ,hq,1.0,0.0,1.0,0.0,1.0,0.0,1.0,0.0,48
competition,hq_plus_a,HQ + A,total_groups_6,6 total groups,full_route,HQ + A,company_size_is_growing | founding_role_count | founding_timing | industry_alignment | industry_pivot_count | is_serial_founder | longest_founding_tenure | max_company_size_before_founding | max_seniority_reached | persistence_score | prestige_sacrifice_score | restlessness_score | sacrifice_x_serial | seniority_is_monotone | total_inferred_experience | years_in_large_company,competition_grp_1,company_size_is_growing,HQ,HQ,hq,-0.17919315119331794,0.06343114176205637,0.18019897295559584,0.020833333333333332,-0.2719576212268374,0.036344609162015755,0.2719576212268374,0.0,48
competition,hq_plus_a,HQ + A,total_groups_6,6 total groups,full_route,HQ + A,company_size_is_growing | founding_role_count | founding_timing | industry_alignment | industry_pivot_count | is_serial_founder | longest_founding_tenure | max_company_size_before_founding | max_seniority_reached | persistence_score | prestige_sacrifice_score | restlessness_score | sacrifice_x_serial | seniority_is_monotone | total_inferred_experience | years_in_large_company,competition_grp_1,founding_role_count,HQ,HQ,hq,0.05901389341946931,0.07291982755276774,0.07891267387545296,0.2708333333333333,0.22347805234640386,0.0723058409982503,0.22347805234640386,0.0,48
competition,hq_plus_a,HQ + A,total_groups_6,6 total groups,full_route,HQ + A,company_size_is_growing | founding_role_count | founding_timing | industry_alignment | industry_pivot_count | is_serial_founder | longest_founding_tenure | max_company_size_before_founding | max_seniority_reached | persistence_score | prestige_sacrifice_score | restlessness_score | sacrifice_x_serial | seniority_is_monotone | total_inferred_experience | years_in_large_company,competition_grp_1,founding_timing,HQ,HQ,hq,0.019223102834259292,0.070523792683047,0.05947742108488175,0.2916666666666667,0.3005213328330989,0.03784974422228759,0.3005213328330989,0.0,48
competition,hq_plus_a,HQ + A,total_groups_6,6 total groups,full_route,HQ + A,company_size_is_growing | founding_role_count | founding_timing | industry_alignment | industry_pivot_count | is_serial_founder | longest_founding_tenure | max_company_size_before_founding | max_seniority_reached | persistence_score | prestige_sacrifice_score | restlessness_score | sacrifice_x_serial | seniority_is_monotone | total_inferred_experience | years_in_large_company,competition_grp_1,industry_alignment,HQ,HQ,hq,0.44701614729128375,0.06031049551461819,0.44701614729128375,0.0,0.2916236998029744,0.05706189203041601,0.2916236998029744,0.0,48
competition,hq_plus_a,HQ + A,total_groups_6,6 total groups,full_route,HQ + A,company_size_is_growing | founding_role_count | founding_timing | industry_alignment | industry_pivot_count | is_serial_founder | longest_founding_tenure | max_company_size_before_founding | max_seniority_reached | persistence_score | prestige_sacrifice_score | restlessness_score | sacrifice_x_serial | seniority_is_monotone | total_inferred_experience | years_in_large_company,competition_grp_1,industry_pivot_count,HQ,HQ,hq,0.11884227758775297,0.04834450809653884,0.11884227758775297,0.0,0.3637239216976819,0.020653127742137182,0.3637239216976819,0.0,48
competition,hq_plus_a,HQ + A,total_groups_6,6 total groups,full_route,HQ + A,company_size_is_growing | founding_role_count | founding_timing | industry_alignment | industry_pivot_count | is_serial_founder | longest_founding_tenure | max_company_size_before_founding | max_seniority_reached | persistence_score | prestige_sacrifice_score | restlessness_score | sacrifice_x_serial | seniority_is_monotone | total_inferred_experience | years_in_large_company,competition_grp_1,is_serial_founder,HQ,HQ,hq,0.05935693526734298,0.0687301686345532,0.07483394364778077,0.22916666666666666,0.23502755051544957,0.0666412299056415,0.23502755051544957,0.0,48
competition,hq_plus_a,HQ + A,total_groups_6,6 total groups,full_route,HQ + A,company_size_is_growing | founding_role_count | founding_timing | industry_alignment | industry_pivot_count | is_serial_founder | longest_founding_tenure | max_company_size_before_founding | max_seniority_reached | persistence_score | prestige_sacrifice_score | restlessness_score | sacrifice_x_serial | seniority_is_monotone | total_inferred_experience | years_in_large_company,competition_grp_1,longest_founding_tenure,HQ,HQ,hq,-0.09879656048788754,0.0729768097099084,0.10479269593285294,0.0625,0.09538511357193435,0.07329523036352555,0.10233526918290752,0.10416666666666667,48
competition,hq_plus_a,HQ + A,total_groups_6,6 total groups,full_route,HQ + A,company_size_is_growing | founding_role_count | founding_timing | industry_alignment | industry_pivot_count | is_serial_founder | longest_founding_tenure | max_company_size_before_founding | max_seniority_reached | persistence_score | prestige_sacrifice_score | restlessness_score | sacrifice_x_serial | seniority_is_monotone | total_inferred_experience | years_in_large_company,competition_grp_1,max_company_size_before_founding,HQ,HQ,hq,0.4086455172708164,0.054774197973224824,0.4086455172708164,0.0,0.4286843160757629,0.06894848573505581,0.4286843160757629,0.0,48
competition,hq_plus_a,HQ + A,total_groups_6,6 total groups,full_route,HQ + A,company_size_is_growing | founding_role_count | founding_timing | industry_alignment | industry_pivot_count | is_serial_founder | longest_founding_tenure | max_company_size_before_founding | max_seniority_reached | persistence_score | prestige_sacrifice_score | restlessness_score | sacrifice_x_serial | seniority_is_monotone | total_inferred_experience | years_in_large_company,competition_grp_1,max_seniority_reached,HQ,HQ,hq,0.23322270597428083,0.07674497965952726,0.23322270597428083,0.0,0.2101888464528223,0.06503016366729013,0.2101888464528223,0.0,48
competition,hq_plus_a,HQ + A,total_groups_6,6 total groups,full_route,HQ + A,company_size_is_growing | founding_role_count | founding_timing | industry_alignment | industry_pivot_count | is_serial_founder | longest_founding_tenure | max_company_size_before_founding | max_seniority_reached | persistence_score | prestige_sacrifice_score | restlessness_score | sacrifice_x_serial | seniority_is_monotone | total_inferred_experience | years_in_large_company,competition_grp_1,persistence_score,HQ,HQ,hq,-0.01323636074965318,0.07179136843315233,0.06109973398058604,0.4583333333333333,-0.06222036916252558,0.07409593829488827,0.07766124413709945,0.22916666666666666,48
competition,hq_plus_a,HQ + A,total_groups_6,6 total groups,full_route,HQ + A,company_size_is_growing | founding_role_count | founding_timing | industry_alignment | industry_pivot_count | is_serial_founder | longest_founding_tenure | max_company_size_before_founding | max_seniority_reached | persistence_score | prestige_sacrifice_score | restlessness_score | sacrifice_x_serial | seniority_is_monotone | total_inferred_experience | years_in_large_company,competition_grp_1,prestige_sacrifice_score,HQ,HQ,hq,0.5010861432823429,0.030294968202570965,0.5010861432823429,0.0,0.5332069015968083,0.04621732010637653,0.5332069015968083,0.0,48
competition,hq_plus_a,HQ + A,total_groups_6,6 total groups,full_route,HQ + A,company_size_is_growing | founding_role_count | founding_timing | industry_alignment | industry_pivot_count | is_serial_founder | longest_founding_tenure | max_company_size_before_founding | max_seniority_reached | persistence_score | prestige_sacrifice_score | restlessness_score | sacrifice_x_serial | seniority_is_monotone | total_inferred_experience | years_in_large_company,competition_grp_1,restlessness_score,HQ,HQ,hq,0.04111423454339167,0.06711193750524608,0.06362818071499286,0.3125,0.25190273420086035,0.025500083316728487,0.25190273420086035,0.0,48
competition,hq_plus_a,HQ + A,total_groups_6,6 total groups,full_route,HQ + A,company_size_is_growing | founding_role_count | founding_timing | industry_alignment | industry_pivot_count | is_serial_founder | longest_founding_tenure | max_company_size_before_founding | max_seniority_reached | persistence_score | prestige_sacrifice_score | restlessness_score | sacrifice_x_serial | seniority_is_monotone | total_inferred_experience | years_in_large_company,competition_grp_1,sacrifice_x_serial,HQ,HQ,hq,0.3090152744037029,0.055452136557899205,0.3090152744037029,0.0,0.3897615438366698,0.045931039486741855,0.3897615438366698,0.0,48
competition,hq_plus_a,HQ + A,total_groups_6,6 total groups,full_route,HQ + A,company_size_is_growing | founding_role_count | founding_timing | industry_alignment | industry_pivot_count | is_serial_founder | longest_founding_tenure | max_company_size_before_founding | max_seniority_reached | persistence_score | prestige_sacrifice_score | restlessness_score | sacrifice_x_serial | seniority_is_monotone | total_inferred_experience | years_in_large_company,competition_grp_1,seniority_is_monotone,HQ,HQ,hq,-0.13946882396714153,0.07090968319756055,0.13946882396714153,0.0,-0.12456010516156261,0.03684450973635205,0.12456010516156261,0.0,48
competition,hq_plus_a,HQ + A,total_groups_6,6 total groups,full_route,HQ + A,company_size_is_growing | founding_role_count | founding_timing | industry_alignment | industry_pivot_count | is_serial_founder | longest_founding_tenure | max_company_size_before_founding | max_seniority_reached | persistence_score | prestige_sacrifice_score | restlessness_score | sacrifice_x_serial | seniority_is_monotone | total_inferred_experience | years_in_large_company,competition_grp_1,total_inferred_experience,HQ,HQ,hq,-0.03159105971717447,0.07701018944484614,0.06408241501354049,0.3958333333333333,0.2870785628272817,0.035577961992569074,0.2870785628272817,0.0,48
competition,hq_plus_a,HQ + A,total_groups_6,6 total groups,full_route,HQ + A,company_size_is_growing | founding_role_count | founding_timing | industry_alignment | industry_pivot_count | is_serial_founder | longest_founding_tenure | max_company_size_before_founding | max_seniority_reached | persistence_score | prestige_sacrifice_score | restlessness_score | sacrifice_x_serial | seniority_is_monotone | total_inferred_experience | years_in_large_company,competition_grp_1,years_in_large_company,HQ,HQ,hq,0.2838346090786887,0.04615021596980535,0.2838346090786887,0.0,0.3007675521576117,0.05083788712796314,0.3007675521576117,0.0,48
competition,hq_plus_a,HQ + A,total_groups_6,6 total groups,full_route,HQ + A,exit_count | exit_x_serial | has_prior_acquisition | has_prior_ipo,competition_grp_2,exit_count,HQ,HQ,hq,0.5803845263107785,0.014382489863916888,0.5803845263107785,0.0,0.5794632781492952,0.003378973356011342,0.5794632781492952,0.0,48
competition,hq_plus_a,HQ + A,total_groups_6,6 total groups,full_route,HQ + A,exit_count | exit_x_serial | has_prior_acquisition | has_prior_ipo,competition_grp_2,exit_x_serial,HQ,HQ,hq,0.5176222613821495,0.033615302666268186,0.5176222613821495,0.0,0.5432114624174429,0.004983339563655575,0.5432114624174429,0.0,48
competition,hq_plus_a,HQ + A,total_groups_6,6 total groups,full_route,HQ + A,exit_count | exit_x_serial | has_prior_acquisition | has_prior_ipo,competition_grp_2,has_prior_acquisition,HQ,HQ,hq,0.5063255559499852,0.03198747276357643,0.5063255559499852,0.0,0.525135158120772,0.012799606767393947,0.525135158120772,0.0,48
competition,hq_plus_a,HQ + A,total_groups_6,6 total groups,full_route,HQ + A,exit_count | exit_x_serial | has_prior_acquisition | has_prior_ipo,competition_grp_2,has_prior_ipo,HQ,HQ,hq,0.36412509232223456,0.0625164112219519,0.36412509232223456,0.0,0.31420240497334473,0.03384793143110912,0.31420240497334473,0.0,48
competition,hq_plus_a,HQ + A,total_groups_6,6 total groups,full_route,HQ + A,repeat_founding_gap,competition_grp_6,repeat_founding_gap,HQ,HQ,hq,1.0,0.0,1.0,0.0,1.0,0.0,1.0,0.0,48
competition,hq_plus_a_b_c_d_e,HQ + A+B+C+D+E,total_groups_6,6 total groups,full_route,HQ + A+B+C+D+E,A_career_coherence | A_evidence_support_rating | A_ownership_signal | A_scrappiness | A_trajectory_strength | B_evidence_support_rating | B_rubric_score | C_evidence_support_rating | C_latent_risk | C_latent_strength | D_evidence_support_rating | D_overall_founder_quality | E_evidence_support_rating | E_hidden_risk | E_hidden_upside,competition_grp_4,A_career_coherence,reasoning_A,A,reasoning,0.27366224552977064,0.055293868497026,0.27366224552977064,0.0,0.545123905768306,0.21585763310580566,0.5655392857145083,0.020833333333333332,48
competition,hq_plus_a_b_c_d_e,HQ + A+B+C+D+E,total_groups_6,6 total groups,full_route,HQ + A+B+C+D+E,A_career_coherence | A_evidence_support_rating | A_ownership_signal | A_scrappiness | A_trajectory_strength | B_evidence_support_rating | B_rubric_score | C_evidence_support_rating | C_latent_risk | C_latent_strength | D_evidence_support_rating | D_overall_founder_quality | E_evidence_support_rating | E_hidden_risk | E_hidden_upside,competition_grp_4,A_evidence_support_rating,reasoning_A,A,reasoning,0.7635505420886837,0.034458753326048024,0.7635505420886837,0.0,0.6307381593811724,0.22685596677415928,0.6458092571559363,0.020833333333333332,48
competition,hq_plus_a_b_c_d_e,HQ + A+B+C+D+E,total_groups_6,6 total groups,full_route,HQ + A+B+C+D+E,A_career_coherence | A_evidence_support_rating | A_ownership_signal | A_scrappiness | A_trajectory_strength | B_evidence_support_rating | B_rubric_score | C_evidence_support_rating | C_latent_risk | C_latent_strength | D_evidence_support_rating | D_overall_founder_quality | E_evidence_support_rating | E_hidden_risk | E_hidden_upside,competition_grp_4,A_ownership_signal,reasoning_A,A,reasoning,-0.2328146041232311,0.08681828349524402,0.2328146041232311,0.0,0.20683995539620123,0.30102164159358114,0.3467327348980138,0.16666666666666666,48
competition,hq_plus_a_b_c_d_e,HQ + A+B+C+D+E,total_groups_6,6 total groups,full_route,HQ + A+B+C+D+E,A_career_coherence | A_evidence_support_rating | A_ownership_signal | A_scrappiness | A_trajectory_strength | B_evidence_support_rating | B_rubric_score | C_evidence_support_rating | C_latent_risk | C_latent_strength | D_evidence_support_rating | D_overall_founder_quality | E_evidence_support_rating | E_hidden_risk | E_hidden_upside,competition_grp_4,A_scrappiness,reasoning_A,A,reasoning,-0.2807995591855934,0.08135630478905521,0.2807995591855934,0.0,0.21381191748382714,0.2959829314938107,0.3468302777959272,0.14583333333333334,48
competition,hq_plus_a_b_c_d_e,HQ + A+B+C+D+E,total_groups_6,6 total groups,full_route,HQ + A+B+C+D+E,A_career_coherence | A_evidence_support_rating | A_ownership_signal | A_scrappiness | A_trajectory_strength | B_evidence_support_rating | B_rubric_score | C_evidence_support_rating | C_latent_risk | C_latent_strength | D_evidence_support_rating | D_overall_founder_quality | E_evidence_support_rating | E_hidden_risk | E_hidden_upside,competition_grp_4,A_trajectory_strength,reasoning_A,A,reasoning,0.12580169638194952,0.06737912091163598,0.13090603839623907,0.08333333333333333,0.4627886830804308,0.23724047812460214,0.49817345862300694,0.0625,48
competition,hq_plus_a_b_c_d_e,HQ + A+B+C+D+E,total_groups_6,6 total groups,full_route,HQ + A+B+C+D+E,A_career_coherence | A_evidence_support_rating | A_ownership_signal | A_scrappiness | A_trajectory_strength | B_evidence_support_rating | B_rubric_score | C_evidence_support_rating | C_latent_risk | C_latent_strength | D_evidence_support_rating | D_overall_founder_quality | E_evidence_support_rating | E_hidden_risk | E_hidden_upside,competition_grp_4,B_evidence_support_rating,reasoning_B,B,reasoning,0.10954467854769538,0.06170442219874437,0.11264585737621773,0.041666666666666664,0.4446126726494321,0.24540199006321298,0.4794127387635429,0.0625,48
competition,hq_plus_a_b_c_d_e,HQ + A+B+C+D+E,total_groups_6,6 total groups,full_route,HQ + A+B+C+D+E,A_career_coherence | A_evidence_support_rating | A_ownership_signal | A_scrappiness | A_trajectory_strength | B_evidence_support_rating | B_rubric_score | C_evidence_support_rating | C_latent_risk | C_latent_strength | D_evidence_support_rating | D_overall_founder_quality | E_evidence_support_rating | E_hidden_risk | E_hidden_upside,competition_grp_4,B_rubric_score,reasoning_B,B,reasoning,0.029285643990297882,0.0732113752076242,0.06469688398011234,0.3541666666666667,0.41503240416305703,0.24575592186797648,0.4554547958342534,0.08333333333333333,48
competition,hq_plus_a_b_c_d_e,HQ + A+B+C+D+E,total_groups_6,6 total groups,full_route,HQ + A+B+C+D+E,A_career_coherence | A_evidence_support_rating | A_ownership_signal | A_scrappiness | A_trajectory_strength | B_evidence_support_rating | B_rubric_score | C_evidence_support_rating | C_latent_risk | C_latent_strength | D_evidence_support_rating | D_overall_founder_quality | E_evidence_support_rating | E_hidden_risk | E_hidden_upside,competition_grp_4,C_evidence_support_rating,reasoning_C,C,reasoning,0.04242755022272796,0.06739075321678982,0.06769384581551809,0.2708333333333333,0.45024035431607906,0.2279641421836758,0.4841224001906743,0.041666666666666664,48
competition,hq_plus_a_b_c_d_e,HQ + A+B+C+D+E,total_groups_6,6 total groups,full_route,HQ + A+B+C+D+E,A_career_coherence | A_evidence_support_rating | A_ownership_signal | A_scrappiness | A_trajectory_strength | B_evidence_support_rating | B_rubric_score | C_evidence_support_rating | C_latent_risk | C_latent_strength | D_evidence_support_rating | D_overall_founder_quality | E_evidence_support_rating | E_hidden_risk | E_hidden_upside,competition_grp_4,C_latent_risk,reasoning_C,C,reasoning,0.06265705394612292,0.07401405760995221,0.0735901038239374,0.20833333333333334,-0.3723628490907231,0.22039759265413397,0.41169022507393277,0.0625,48
competition,hq_plus_a_b_c_d_e,HQ + A+B+C+D+E,total_groups_6,6 total groups,full_route,HQ + A+B+C+D+E,A_career_coherence | A_evidence_support_rating | A_ownership_signal | A_scrappiness | A_trajectory_strength | B_evidence_support_rating | B_rubric_score | C_evidence_support_rating | C_latent_risk | C_latent_strength | D_evidence_support_rating | D_overall_founder_quality | E_evidence_support_rating | E_hidden_risk | E_hidden_upside,competition_grp_4,C_latent_strength,reasoning_C,C,reasoning,0.08798873861368961,0.0688118488501659,0.09898268801765071,0.125,0.43444628381496014,0.2290585221287599,0.4701197100353147,0.0625,48
competition,hq_plus_a_b_c_d_e,HQ + A+B+C+D+E,total_groups_6,6 total groups,full_route,HQ + A+B+C+D+E,A_career_coherence | A_evidence_support_rating | A_ownership_signal | A_scrappiness | A_trajectory_strength | B_evidence_support_rating | B_rubric_score | C_evidence_support_rating | C_latent_risk | C_latent_strength | D_evidence_support_rating | D_overall_founder_quality | E_evidence_support_rating | E_hidden_risk | E_hidden_upside,competition_grp_4,D_evidence_support_rating,reasoning_D,D,reasoning,0.11238910504623767,0.06984340517145728,0.11516832222184108,0.041666666666666664,0.4890251076050715,0.21504994458491195,0.5156378638431769,0.041666666666666664,48
competition,hq_plus_a_b_c_d_e,HQ + A+B+C+D+E,total_groups_6,6 total groups,full_route,HQ + A+B+C+D+E,A_career_coherence | A_evidence_support_rating | A_ownership_signal | A_scrappiness | A_trajectory_strength | B_evidence_support_rating | B_rubric_score | C_evidence_support_rating | C_latent_risk | C_latent_strength | D_evidence_support_rating | D_overall_founder_quality | E_evidence_support_rating | E_hidden_risk | E_hidden_upside,competition_grp_4,D_overall_founder_quality,reasoning_D,D,reasoning,0.2877020179963227,0.060228599284015104,0.2877020179963227,0.0,0.49774332671615107,0.20830588749751874,0.522334044990117,0.020833333333333332,48
competition,hq_plus_a_b_c_d_e,HQ + A+B+C+D+E,total_groups_6,6 total groups,full_route,HQ + A+B+C+D+E,A_career_coherence | A_evidence_support_rating | A_ownership_signal | A_scrappiness | A_trajectory_strength | B_evidence_support_rating | B_rubric_score | C_evidence_support_rating | C_latent_risk | C_latent_strength | D_evidence_support_rating | D_overall_founder_quality | E_evidence_support_rating | E_hidden_risk | E_hidden_upside,competition_grp_4,E_evidence_support_rating,reasoning_E,E,reasoning,0.01584873593830567,0.07254001015508353,0.062008219256556064,0.375,0.44917731923983234,0.24684832317119645,0.4837719048805152,0.041666666666666664,48
competition,hq_plus_a_b_c_d_e,HQ + A+B+C+D+E,total_groups_6,6 total groups,full_route,HQ + A+B+C+D+E,A_career_coherence | A_evidence_support_rating | A_ownership_signal | A_scrappiness | A_trajectory_strength | B_evidence_support_rating | B_rubric_score | C_evidence_support_rating | C_latent_risk | C_latent_strength | D_evidence_support_rating | D_overall_founder_quality | E_evidence_support_rating | E_hidden_risk | E_hidden_upside,competition_grp_4,E_hidden_risk,reasoning_E,E,reasoning,0.015471520142886955,0.06658580485117088,0.05649323775761341,0.5,-0.3473396858362629,0.2074055050889093,0.37993195593792484,0.08333333333333333,48
competition,hq_plus_a_b_c_d_e,HQ + A+B+C+D+E,total_groups_6,6 total groups,full_route,HQ + A+B+C+D+E,A_career_coherence | A_evidence_support_rating | A_ownership_signal | A_scrappiness | A_trajectory_strength | B_evidence_support_rating | B_rubric_score | C_evidence_support_rating | C_latent_risk | C_latent_strength | D_evidence_support_rating | D_overall_founder_quality | E_evidence_support_rating | E_hidden_risk | E_hidden_upside,competition_grp_4,E_hidden_upside,reasoning_E,E,reasoning,0.012660952154460262,0.07601175233927907,0.0632592526320784,0.375,0.4120237941219867,0.24919583386315353,0.45434228444759245,0.08333333333333333,48
competition,hq_plus_a_b_c_d_e,HQ + A+B+C+D+E,total_groups_6,6 total groups,full_route,HQ + A+B+C+D+E,best_degree_prestige | degree_level | edu_prestige_tier | field_relevance_score | industry_prestige_penalty | prestige_x_relevance | stem_flag,competition_grp_3,best_degree_prestige,HQ,HQ,hq,0.49778025650415225,0.021884640307550052,0.49778025650415225,0.0,0.4741219286607064,0.010005016137534883,0.4741219286607064,0.0,48
competition,hq_plus_a_b_c_d_e,HQ + A+B+C+D+E,total_groups_6,6 total groups,full_route,HQ + A+B+C+D+E,best_degree_prestige | degree_level | edu_prestige_tier | field_relevance_score | industry_prestige_penalty | prestige_x_relevance | stem_flag,competition_grp_3,degree_level,HQ,HQ,hq,0.17101742007554074,0.03371202546503369,0.17101742007554074,0.0,0.2849427132396702,0.008346726844388627,0.2849427132396702,0.0,48
competition,hq_plus_a_b_c_d_e,HQ + A+B+C+D+E,total_groups_6,6 total groups,full_route,HQ + A+B+C+D+E,best_degree_prestige | degree_level | edu_prestige_tier | field_relevance_score | industry_prestige_penalty | prestige_x_relevance | stem_flag,competition_grp_3,edu_prestige_tier,HQ,HQ,hq,0.497780256504153,0.021884640307550673,0.497780256504153,0.0,0.4741219286607065,0.010005016137535072,0.4741219286607065,0.0,48
competition,hq_plus_a_b_c_d_e,HQ + A+B+C+D+E,total_groups_6,6 total groups,full_route,HQ + A+B+C+D+E,best_degree_prestige | degree_level | edu_prestige_tier | field_relevance_score | industry_prestige_penalty | prestige_x_relevance | stem_flag,competition_grp_3,field_relevance_score,HQ,HQ,hq,0.2260742546407187,0.03333969561920415,0.2260742546407187,0.0,0.3229930290696244,0.011141023331906079,0.3229930290696244,0.0,48
competition,hq_plus_a_b_c_d_e,HQ + A+B+C+D+E,total_groups_6,6 total groups,full_route,HQ + A+B+C+D+E,best_degree_prestige | degree_level | edu_prestige_tier | field_relevance_score | industry_prestige_penalty | prestige_x_relevance | stem_flag,competition_grp_3,industry_prestige_penalty,HQ,HQ,hq,0.3338341967250724,0.04687932365178984,0.3338341967250724,0.0,0.25757153578703357,0.012371501776851724,0.25757153578703357,0.0,48
competition,hq_plus_a_b_c_d_e,HQ + A+B+C+D+E,total_groups_6,6 total groups,full_route,HQ + A+B+C+D+E,best_degree_prestige | degree_level | edu_prestige_tier | field_relevance_score | industry_prestige_penalty | prestige_x_relevance | stem_flag,competition_grp_3,prestige_x_relevance,HQ,HQ,hq,0.5044140493751281,0.018696538948956124,0.5044140493751281,0.0,0.4953268610326617,0.004254407872550087,0.4953268610326617,0.0,48
competition,hq_plus_a_b_c_d_e,HQ + A+B+C+D+E,total_groups_6,6 total groups,full_route,HQ + A+B+C+D+E,best_degree_prestige | degree_level | edu_prestige_tier | field_relevance_score | industry_prestige_penalty | prestige_x_relevance | stem_flag,competition_grp_3,stem_flag,HQ,HQ,hq,0.22592597912838777,0.03739801132441966,0.22592597912838777,0.0,0.3030226286361863,0.011913598053127843,0.3030226286361863,0.0,48
competition,hq_plus_a_b_c_d_e,HQ + A+B+C+D+E,total_groups_6,6 total groups,full_route,HQ + A+B+C+D+E,comfort_index,competition_grp_5,comfort_index,HQ,HQ,hq,1.0,0.0,1.0,0.0,1.0,0.0,1.0,0.0,48
competition,hq_plus_a_b_c_d_e,HQ + A+B+C+D+E,total_groups_6,6 total groups,full_route,HQ + A+B+C+D+E,company_size_is_growing | founding_role_count | founding_timing | industry_alignment | industry_pivot_count | is_serial_founder | longest_founding_tenure | max_company_size_before_founding | max_seniority_reached | persistence_score | prestige_sacrifice_score | restlessness_score | sacrifice_x_serial | seniority_is_monotone | total_inferred_experience | years_in_large_company,competition_grp_1,company_size_is_growing,HQ,HQ,hq,-0.17919315119331794,0.06343114176205637,0.18019897295559584,0.020833333333333332,-0.2719576212268374,0.036344609162015755,0.2719576212268374,0.0,48
competition,hq_plus_a_b_c_d_e,HQ + A+B+C+D+E,total_groups_6,6 total groups,full_route,HQ + A+B+C+D+E,company_size_is_growing | founding_role_count | founding_timing | industry_alignment | industry_pivot_count | is_serial_founder | longest_founding_tenure | max_company_size_before_founding | max_seniority_reached | persistence_score | prestige_sacrifice_score | restlessness_score | sacrifice_x_serial | seniority_is_monotone | total_inferred_experience | years_in_large_company,competition_grp_1,founding_role_count,HQ,HQ,hq,0.05901389341946931,0.07291982755276774,0.07891267387545296,0.2708333333333333,0.22347805234640386,0.0723058409982503,0.22347805234640386,0.0,48
competition,hq_plus_a_b_c_d_e,HQ + A+B+C+D+E,total_groups_6,6 total groups,full_route,HQ + A+B+C+D+E,company_size_is_growing | founding_role_count | founding_timing | industry_alignment | industry_pivot_count | is_serial_founder | longest_founding_tenure | max_company_size_before_founding | max_seniority_reached | persistence_score | prestige_sacrifice_score | restlessness_score | sacrifice_x_serial | seniority_is_monotone | total_inferred_experience | years_in_large_company,competition_grp_1,founding_timing,HQ,HQ,hq,0.019223102834259292,0.070523792683047,0.05947742108488175,0.2916666666666667,0.3005213328330989,0.03784974422228759,0.3005213328330989,0.0,48
competition,hq_plus_a_b_c_d_e,HQ + A+B+C+D+E,total_groups_6,6 total groups,full_route,HQ + A+B+C+D+E,company_size_is_growing | founding_role_count | founding_timing | industry_alignment | industry_pivot_count | is_serial_founder | longest_founding_tenure | max_company_size_before_founding | max_seniority_reached | persistence_score | prestige_sacrifice_score | restlessness_score | sacrifice_x_serial | seniority_is_monotone | total_inferred_experience | years_in_large_company,competition_grp_1,industry_alignment,HQ,HQ,hq,0.44701614729128375,0.06031049551461819,0.44701614729128375,0.0,0.2916236998029744,0.05706189203041601,0.2916236998029744,0.0,48
competition,hq_plus_a_b_c_d_e,HQ + A+B+C+D+E,total_groups_6,6 total groups,full_route,HQ + A+B+C+D+E,company_size_is_growing | founding_role_count | founding_timing | industry_alignment | industry_pivot_count | is_serial_founder | longest_founding_tenure | max_company_size_before_founding | max_seniority_reached | persistence_score | prestige_sacrifice_score | restlessness_score | sacrifice_x_serial | seniority_is_monotone | total_inferred_experience | years_in_large_company,competition_grp_1,industry_pivot_count,HQ,HQ,hq,0.11884227758775297,0.04834450809653884,0.11884227758775297,0.0,0.3637239216976819,0.020653127742137182,0.3637239216976819,0.0,48
competition,hq_plus_a_b_c_d_e,HQ + A+B+C+D+E,total_groups_6,6 total groups,full_route,HQ + A+B+C+D+E,company_size_is_growing | founding_role_count | founding_timing | industry_alignment | industry_pivot_count | is_serial_founder | longest_founding_tenure | max_company_size_before_founding | max_seniority_reached | persistence_score | prestige_sacrifice_score | restlessness_score | sacrifice_x_serial | seniority_is_monotone | total_inferred_experience | years_in_large_company,competition_grp_1,is_serial_founder,HQ,HQ,hq,0.05935693526734298,0.0687301686345532,0.07483394364778077,0.22916666666666666,0.23502755051544957,0.0666412299056415,0.23502755051544957,0.0,48
competition,hq_plus_a_b_c_d_e,HQ + A+B+C+D+E,total_groups_6,6 total groups,full_route,HQ + A+B+C+D+E,company_size_is_growing | founding_role_count | founding_timing | industry_alignment | industry_pivot_count | is_serial_founder | longest_founding_tenure | max_company_size_before_founding | max_seniority_reached | persistence_score | prestige_sacrifice_score | restlessness_score | sacrifice_x_serial | seniority_is_monotone | total_inferred_experience | years_in_large_company,competition_grp_1,longest_founding_tenure,HQ,HQ,hq,-0.09879656048788754,0.0729768097099084,0.10479269593285294,0.0625,0.09538511357193435,0.07329523036352555,0.10233526918290752,0.10416666666666667,48
competition,hq_plus_a_b_c_d_e,HQ + A+B+C+D+E,total_groups_6,6 total groups,full_route,HQ + A+B+C+D+E,company_size_is_growing | founding_role_count | founding_timing | industry_alignment | industry_pivot_count | is_serial_founder | longest_founding_tenure | max_company_size_before_founding | max_seniority_reached | persistence_score | prestige_sacrifice_score | restlessness_score | sacrifice_x_serial | seniority_is_monotone | total_inferred_experience | years_in_large_company,competition_grp_1,max_company_size_before_founding,HQ,HQ,hq,0.4086455172708164,0.054774197973224824,0.4086455172708164,0.0,0.4286843160757629,0.06894848573505581,0.4286843160757629,0.0,48
competition,hq_plus_a_b_c_d_e,HQ + A+B+C+D+E,total_groups_6,6 total groups,full_route,HQ + A+B+C+D+E,company_size_is_growing | founding_role_count | founding_timing | industry_alignment | industry_pivot_count | is_serial_founder | longest_founding_tenure | max_company_size_before_founding | max_seniority_reached | persistence_score | prestige_sacrifice_score | restlessness_score | sacrifice_x_serial | seniority_is_monotone | total_inferred_experience | years_in_large_company,competition_grp_1,max_seniority_reached,HQ,HQ,hq,0.23322270597428083,0.07674497965952726,0.23322270597428083,0.0,0.2101888464528223,0.06503016366729013,0.2101888464528223,0.0,48
competition,hq_plus_a_b_c_d_e,HQ + A+B+C+D+E,total_groups_6,6 total groups,full_route,HQ + A+B+C+D+E,company_size_is_growing | founding_role_count | founding_timing | industry_alignment | industry_pivot_count | is_serial_founder | longest_founding_tenure | max_company_size_before_founding | max_seniority_reached | persistence_score | prestige_sacrifice_score | restlessness_score | sacrifice_x_serial | seniority_is_monotone | total_inferred_experience | years_in_large_company,competition_grp_1,persistence_score,HQ,HQ,hq,-0.01323636074965318,0.07179136843315233,0.06109973398058604,0.4583333333333333,-0.06222036916252558,0.07409593829488827,0.07766124413709945,0.22916666666666666,48
competition,hq_plus_a_b_c_d_e,HQ + A+B+C+D+E,total_groups_6,6 total groups,full_route,HQ + A+B+C+D+E,company_size_is_growing | founding_role_count | founding_timing | industry_alignment | industry_pivot_count | is_serial_founder | longest_founding_tenure | max_company_size_before_founding | max_seniority_reached | persistence_score | prestige_sacrifice_score | restlessness_score | sacrifice_x_serial | seniority_is_monotone | total_inferred_experience | years_in_large_company,competition_grp_1,prestige_sacrifice_score,HQ,HQ,hq,0.5010861432823429,0.030294968202570965,0.5010861432823429,0.0,0.5332069015968083,0.04621732010637653,0.5332069015968083,0.0,48
competition,hq_plus_a_b_c_d_e,HQ + A+B+C+D+E,total_groups_6,6 total groups,full_route,HQ + A+B+C+D+E,company_size_is_growing | founding_role_count | founding_timing | industry_alignment | industry_pivot_count | is_serial_founder | longest_founding_tenure | max_company_size_before_founding | max_seniority_reached | persistence_score | prestige_sacrifice_score | restlessness_score | sacrifice_x_serial | seniority_is_monotone | total_inferred_experience | years_in_large_company,competition_grp_1,restlessness_score,HQ,HQ,hq,0.04111423454339167,0.06711193750524608,0.06362818071499286,0.3125,0.25190273420086035,0.025500083316728487,0.25190273420086035,0.0,48
competition,hq_plus_a_b_c_d_e,HQ + A+B+C+D+E,total_groups_6,6 total groups,full_route,HQ + A+B+C+D+E,company_size_is_growing | founding_role_count | founding_timing | industry_alignment | industry_pivot_count | is_serial_founder | longest_founding_tenure | max_company_size_before_founding | max_seniority_reached | persistence_score | prestige_sacrifice_score | restlessness_score | sacrifice_x_serial | seniority_is_monotone | total_inferred_experience | years_in_large_company,competition_grp_1,sacrifice_x_serial,HQ,HQ,hq,0.3090152744037029,0.055452136557899205,0.3090152744037029,0.0,0.3897615438366698,0.045931039486741855,0.3897615438366698,0.0,48
competition,hq_plus_a_b_c_d_e,HQ + A+B+C+D+E,total_groups_6,6 total groups,full_route,HQ + A+B+C+D+E,company_size_is_growing | founding_role_count | founding_timing | industry_alignment | industry_pivot_count | is_serial_founder | longest_founding_tenure | max_company_size_before_founding | max_seniority_reached | persistence_score | prestige_sacrifice_score | restlessness_score | sacrifice_x_serial | seniority_is_monotone | total_inferred_experience | years_in_large_company,competition_grp_1,seniority_is_monotone,HQ,HQ,hq,-0.13946882396714153,0.07090968319756055,0.13946882396714153,0.0,-0.12456010516156261,0.03684450973635205,0.12456010516156261,0.0,48
competition,hq_plus_a_b_c_d_e,HQ + A+B+C+D+E,total_groups_6,6 total groups,full_route,HQ + A+B+C+D+E,company_size_is_growing | founding_role_count | founding_timing | industry_alignment | industry_pivot_count | is_serial_founder | longest_founding_tenure | max_company_size_before_founding | max_seniority_reached | persistence_score | prestige_sacrifice_score | restlessness_score | sacrifice_x_serial | seniority_is_monotone | total_inferred_experience | years_in_large_company,competition_grp_1,total_inferred_experience,HQ,HQ,hq,-0.03159105971717447,0.07701018944484614,0.06408241501354049,0.3958333333333333,0.2870785628272817,0.035577961992569074,0.2870785628272817,0.0,48
competition,hq_plus_a_b_c_d_e,HQ + A+B+C+D+E,total_groups_6,6 total groups,full_route,HQ + A+B+C+D+E,company_size_is_growing | founding_role_count | founding_timing | industry_alignment | industry_pivot_count | is_serial_founder | longest_founding_tenure | max_company_size_before_founding | max_seniority_reached | persistence_score | prestige_sacrifice_score | restlessness_score | sacrifice_x_serial | seniority_is_monotone | total_inferred_experience | years_in_large_company,competition_grp_1,years_in_large_company,HQ,HQ,hq,0.2838346090786887,0.04615021596980535,0.2838346090786887,0.0,0.3007675521576117,0.05083788712796314,0.3007675521576117,0.0,48
competition,hq_plus_a_b_c_d_e,HQ + A+B+C+D+E,total_groups_6,6 total groups,full_route,HQ + A+B+C+D+E,exit_count | exit_x_serial | has_prior_acquisition | has_prior_ipo,competition_grp_2,exit_count,HQ,HQ,hq,0.5803845263107785,0.014382489863916888,0.5803845263107785,0.0,0.5794632781492952,0.003378973356011342,0.5794632781492952,0.0,48
competition,hq_plus_a_b_c_d_e,HQ + A+B+C+D+E,total_groups_6,6 total groups,full_route,HQ + A+B+C+D+E,exit_count | exit_x_serial | has_prior_acquisition | has_prior_ipo,competition_grp_2,exit_x_serial,HQ,HQ,hq,0.5176222613821495,0.033615302666268186,0.5176222613821495,0.0,0.5432114624174429,0.004983339563655575,0.5432114624174429,0.0,48
competition,hq_plus_a_b_c_d_e,HQ + A+B+C+D+E,total_groups_6,6 total groups,full_route,HQ + A+B+C+D+E,exit_count | exit_x_serial | has_prior_acquisition | has_prior_ipo,competition_grp_2,has_prior_acquisition,HQ,HQ,hq,0.5063255559499852,0.03198747276357643,0.5063255559499852,0.0,0.525135158120772,0.012799606767393947,0.525135158120772,0.0,48
competition,hq_plus_a_b_c_d_e,HQ + A+B+C+D+E,total_groups_6,6 total groups,full_route,HQ + A+B+C+D+E,exit_count | exit_x_serial | has_prior_acquisition | has_prior_ipo,competition_grp_2,has_prior_ipo,HQ,HQ,hq,0.36412509232223456,0.0625164112219519,0.36412509232223456,0.0,0.31420240497334473,0.03384793143110912,0.31420240497334473,0.0,48
competition,hq_plus_a_b_c_d_e,HQ + A+B+C+D+E,total_groups_6,6 total groups,full_route,HQ + A+B+C+D+E,repeat_founding_gap,competition_grp_6,repeat_founding_gap,HQ,HQ,hq,1.0,0.0,1.0,0.0,1.0,0.0,1.0,0.0,48
competition,hq_plus_b_c_d_e_f,HQ + B+C+D+E+F,total_groups_6,6 total groups,full_route,HQ + B+C+D+E+F,B_evidence_support_rating | B_rubric_score | C_evidence_support_rating | C_latent_risk | C_latent_strength | D_evidence_support_rating | D_overall_founder_quality | E_evidence_support_rating | E_hidden_risk | E_hidden_upside | F_career_coherence | F_evidence_support_rating | F_ownership_signal | F_rubric_score | F_scrappiness | F_trajectory_strength,competition_grp_4,B_evidence_support_rating,reasoning_B,B,reasoning,0.20333277914625522,0.14214728319984837,0.22383734892020904,0.14583333333333334,0.2958065602797069,0.34297843743415557,0.4238292826622714,0.22916666666666666,48
competition,hq_plus_b_c_d_e_f,HQ + B+C+D+E+F,total_groups_6,6 total groups,full_route,HQ + B+C+D+E+F,B_evidence_support_rating | B_rubric_score | C_evidence_support_rating | C_latent_risk | C_latent_strength | D_evidence_support_rating | D_overall_founder_quality | E_evidence_support_rating | E_hidden_risk | E_hidden_upside | F_career_coherence | F_evidence_support_rating | F_ownership_signal | F_rubric_score | F_scrappiness | F_trajectory_strength,competition_grp_4,B_rubric_score,reasoning_B,B,reasoning,0.08609484338448443,0.118402737292309,0.12327142609092469,0.25,0.2829869888242416,0.33255383605447897,0.40967590828622136,0.22916666666666666,48
competition,hq_plus_b_c_d_e_f,HQ + B+C+D+E+F,total_groups_6,6 total groups,full_route,HQ + B+C+D+E+F,B_evidence_support_rating | B_rubric_score | C_evidence_support_rating | C_latent_risk | C_latent_strength | D_evidence_support_rating | D_overall_founder_quality | E_evidence_support_rating | E_hidden_risk | E_hidden_upside | F_career_coherence | F_evidence_support_rating | F_ownership_signal | F_rubric_score | F_scrappiness | F_trajectory_strength,competition_grp_4,C_evidence_support_rating,reasoning_C,C,reasoning,0.10418459751772204,0.10762222299113942,0.1299481745976022,0.16666666666666666,0.28696914286432634,0.3800495846408916,0.45063751623278875,0.22916666666666666,48
competition,hq_plus_b_c_d_e_f,HQ + B+C+D+E+F,total_groups_6,6 total groups,full_route,HQ + B+C+D+E+F,B_evidence_support_rating | B_rubric_score | C_evidence_support_rating | C_latent_risk | C_latent_strength | D_evidence_support_rating | D_overall_founder_quality | E_evidence_support_rating | E_hidden_risk | E_hidden_upside | F_career_coherence | F_evidence_support_rating | F_ownership_signal | F_rubric_score | F_scrappiness | F_trajectory_strength,competition_grp_4,C_latent_risk,reasoning_C,C,reasoning,0.06156604827359896,0.17535972805970831,0.1432934946109785,0.3541666666666667,-0.23343816086150548,0.3639778971927746,0.41249253319012835,0.22916666666666666,48
competition,hq_plus_b_c_d_e_f,HQ + B+C+D+E+F,total_groups_6,6 total groups,full_route,HQ + B+C+D+E+F,B_evidence_support_rating | B_rubric_score | C_evidence_support_rating | C_latent_risk | C_latent_strength | D_evidence_support_rating | D_overall_founder_quality | E_evidence_support_rating | E_hidden_risk | E_hidden_upside | F_career_coherence | F_evidence_support_rating | F_ownership_signal | F_rubric_score | F_scrappiness | F_trajectory_strength,competition_grp_4,C_latent_strength,reasoning_C,C,reasoning,0.171449325675984,0.13313961192432092,0.1951497432928615,0.14583333333333334,0.2712164197979601,0.38219951819277526,0.44675313096364117,0.22916666666666666,48
competition,hq_plus_b_c_d_e_f,HQ + B+C+D+E+F,total_groups_6,6 total groups,full_route,HQ + B+C+D+E+F,B_evidence_support_rating | B_rubric_score | C_evidence_support_rating | C_latent_risk | C_latent_strength | D_evidence_support_rating | D_overall_founder_quality | E_evidence_support_rating | E_hidden_risk | E_hidden_upside | F_career_coherence | F_evidence_support_rating | F_ownership_signal | F_rubric_score | F_scrappiness | F_trajectory_strength,competition_grp_4,D_evidence_support_rating,reasoning_D,D,reasoning,0.21331795806787454,0.1402562427264346,0.22592138299798428,0.10416666666666667,0.34925327043958343,0.35294056721587086,0.45229472099605816,0.14583333333333334,48
competition,hq_plus_b_c_d_e_f,HQ + B+C+D+E+F,total_groups_6,6 total groups,full_route,HQ + B+C+D+E+F,B_evidence_support_rating | B_rubric_score | C_evidence_support_rating | C_latent_risk | C_latent_strength | D_evidence_support_rating | D_overall_founder_quality | E_evidence_support_rating | E_hidden_risk | E_hidden_upside | F_career_coherence | F_evidence_support_rating | F_ownership_signal | F_rubric_score | F_scrappiness | F_trajectory_strength,competition_grp_4,D_overall_founder_quality,reasoning_D,D,reasoning,0.46605098265164907,0.35198875440677996,0.5720955906564412,0.14583333333333334,0.3650419139252059,0.35008175860170976,0.4625351706160327,0.125,48
competition,hq_plus_b_c_d_e_f,HQ + B+C+D+E+F,total_groups_6,6 total groups,full_route,HQ + B+C+D+E+F,B_evidence_support_rating | B_rubric_score | C_evidence_support_rating | C_latent_risk | C_latent_strength | D_evidence_support_rating | D_overall_founder_quality | E_evidence_support_rating | E_hidden_risk | E_hidden_upside | F_career_coherence | F_evidence_support_rating | F_ownership_signal | F_rubric_score | F_scrappiness | F_trajectory_strength,competition_grp_4,E_evidence_support_rating,reasoning_E,E,reasoning,0.0675133218294867,0.12073574439585574,0.11911697769131775,0.2708333333333333,0.2734365435736621,0.35666017616399665,0.4289877817079432,0.22916666666666666,48
competition,hq_plus_b_c_d_e_f,HQ + B+C+D+E+F,total_groups_6,6 total groups,full_route,HQ + B+C+D+E+F,B_evidence_support_rating | B_rubric_score | C_evidence_support_rating | C_latent_risk | C_latent_strength | D_evidence_support_rating | D_overall_founder_quality | E_evidence_support_rating | E_hidden_risk | E_hidden_upside | F_career_coherence | F_evidence_support_rating | F_ownership_signal | F_rubric_score | F_scrappiness | F_trajectory_strength,competition_grp_4,E_hidden_risk,reasoning_E,E,reasoning,-0.0021020484063280207,0.13400199667775275,0.11065997488779283,0.3958333333333333,-0.20625644025646891,0.29500106869588444,0.34522348176665507,0.22916666666666666,48
competition,hq_plus_b_c_d_e_f,HQ + B+C+D+E+F,total_groups_6,6 total groups,full_route,HQ + B+C+D+E+F,B_evidence_support_rating | B_rubric_score | C_evidence_support_rating | C_latent_risk | C_latent_strength | D_evidence_support_rating | D_overall_founder_quality | E_evidence_support_rating | E_hidden_risk | E_hidden_upside | F_career_coherence | F_evidence_support_rating | F_ownership_signal | F_rubric_score | F_scrappiness | F_trajectory_strength,competition_grp_4,E_hidden_upside,reasoning_E,E,reasoning,0.05780162111135414,0.13085510462252745,0.12133544985141231,0.3125,0.25981989971052416,0.3486826339172676,0.41596087411780563,0.22916666666666666,48
competition,hq_plus_b_c_d_e_f,HQ + B+C+D+E+F,total_groups_6,6 total groups,full_route,HQ + B+C+D+E+F,B_evidence_support_rating | B_rubric_score | C_evidence_support_rating | C_latent_risk | C_latent_strength | D_evidence_support_rating | D_overall_founder_quality | E_evidence_support_rating | E_hidden_risk | E_hidden_upside | F_career_coherence | F_evidence_support_rating | F_ownership_signal | F_rubric_score | F_scrappiness | F_trajectory_strength,competition_grp_4,F_career_coherence,reasoning_F,F,reasoning,-0.17001356624085392,0.29757640186318196,0.31190287337022643,0.14583333333333334,0.12355754658578921,0.4748558468611441,0.4551606609276269,0.2708333333333333,48
competition,hq_plus_b_c_d_e_f,HQ + B+C+D+E+F,total_groups_6,6 total groups,full_route,HQ + B+C+D+E+F,B_evidence_support_rating | B_rubric_score | C_evidence_support_rating | C_latent_risk | C_latent_strength | D_evidence_support_rating | D_overall_founder_quality | E_evidence_support_rating | E_hidden_risk | E_hidden_upside | F_career_coherence | F_evidence_support_rating | F_ownership_signal | F_rubric_score | F_scrappiness | F_trajectory_strength,competition_grp_4,F_evidence_support_rating,reasoning_F,F,reasoning,0.22891806133926362,0.1436010588281655,0.24692509826335243,0.10416666666666667,0.22695984286955376,0.40519227163983657,0.447518286150179,0.22916666666666666,48
competition,hq_plus_b_c_d_e_f,HQ + B+C+D+E+F,total_groups_6,6 total groups,full_route,HQ + B+C+D+E+F,B_evidence_support_rating | B_rubric_score | C_evidence_support_rating | C_latent_risk | C_latent_strength | D_evidence_support_rating | D_overall_founder_quality | E_evidence_support_rating | E_hidden_risk | E_hidden_upside | F_career_coherence | F_evidence_support_rating | F_ownership_signal | F_rubric_score | F_scrappiness | F_trajectory_strength,competition_grp_4,F_ownership_signal,reasoning_F,F,reasoning,-0.03696899721613028,0.17039287921482404,0.14551338002755976,0.3125,0.12762442690596412,0.4737866574240457,0.4566574619391351,0.2708333333333333,48
competition,hq_plus_b_c_d_e_f,HQ + B+C+D+E+F,total_groups_6,6 total groups,full_route,HQ + B+C+D+E+F,B_evidence_support_rating | B_rubric_score | C_evidence_support_rating | C_latent_risk | C_latent_strength | D_evidence_support_rating | D_overall_founder_quality | E_evidence_support_rating | E_hidden_risk | E_hidden_upside | F_career_coherence | F_evidence_support_rating | F_ownership_signal | F_rubric_score | F_scrappiness | F_trajectory_strength,competition_grp_4,F_rubric_score,reasoning_F,F,reasoning,-0.07829698859223545,0.21204977084616905,0.1967932853564168,0.22916666666666666,0.12557861118508004,0.47714458797831066,0.45833745791110875,0.2708333333333333,48
competition,hq_plus_b_c_d_e_f,HQ + B+C+D+E+F,total_groups_6,6 total groups,full_route,HQ + B+C+D+E+F,B_evidence_support_rating | B_rubric_score | C_evidence_support_rating | C_latent_risk | C_latent_strength | D_evidence_support_rating | D_overall_founder_quality | E_evidence_support_rating | E_hidden_risk | E_hidden_upside | F_career_coherence | F_evidence_support_rating | F_ownership_signal | F_rubric_score | F_scrappiness | F_trajectory_strength,competition_grp_4,F_scrappiness,reasoning_F,F,reasoning,-0.02801546368639088,0.17526477677565458,0.1486743297191332,0.3541666666666667,0.13274689944591825,0.45589828552523565,0.44442707845753615,0.2708333333333333,48
competition,hq_plus_b_c_d_e_f,HQ + B+C+D+E+F,total_groups_6,6 total groups,full_route,HQ + B+C+D+E+F,B_evidence_support_rating | B_rubric_score | C_evidence_support_rating | C_latent_risk | C_latent_strength | D_evidence_support_rating | D_overall_founder_quality | E_evidence_support_rating | E_hidden_risk | E_hidden_upside | F_career_coherence | F_evidence_support_rating | F_ownership_signal | F_rubric_score | F_scrappiness | F_trajectory_strength,competition_grp_4,F_trajectory_strength,reasoning_F,F,reasoning,-0.07141872730870015,0.20125241729165594,0.18383241576849582,0.22916666666666666,0.12585554441513755,0.4760978589669321,0.45753922634482924,0.2708333333333333,48
competition,hq_plus_b_c_d_e_f,HQ + B+C+D+E+F,total_groups_6,6 total groups,full_route,HQ + B+C+D+E+F,best_degree_prestige | degree_level | edu_prestige_tier | field_relevance_score | industry_prestige_penalty | prestige_x_relevance | stem_flag,competition_grp_3,best_degree_prestige,HQ,HQ,hq,0.49778025650415225,0.021884640307550052,0.49778025650415225,0.0,0.4741219286607064,0.010005016137534883,0.4741219286607064,0.0,48
competition,hq_plus_b_c_d_e_f,HQ + B+C+D+E+F,total_groups_6,6 total groups,full_route,HQ + B+C+D+E+F,best_degree_prestige | degree_level | edu_prestige_tier | field_relevance_score | industry_prestige_penalty | prestige_x_relevance | stem_flag,competition_grp_3,degree_level,HQ,HQ,hq,0.17101742007554074,0.03371202546503369,0.17101742007554074,0.0,0.2849427132396702,0.008346726844388627,0.2849427132396702,0.0,48
competition,hq_plus_b_c_d_e_f,HQ + B+C+D+E+F,total_groups_6,6 total groups,full_route,HQ + B+C+D+E+F,best_degree_prestige | degree_level | edu_prestige_tier | field_relevance_score | industry_prestige_penalty | prestige_x_relevance | stem_flag,competition_grp_3,edu_prestige_tier,HQ,HQ,hq,0.497780256504153,0.021884640307550673,0.497780256504153,0.0,0.4741219286607065,0.010005016137535072,0.4741219286607065,0.0,48
competition,hq_plus_b_c_d_e_f,HQ + B+C+D+E+F,total_groups_6,6 total groups,full_route,HQ + B+C+D+E+F,best_degree_prestige | degree_level | edu_prestige_tier | field_relevance_score | industry_prestige_penalty | prestige_x_relevance | stem_flag,competition_grp_3,field_relevance_score,HQ,HQ,hq,0.2260742546407187,0.03333969561920415,0.2260742546407187,0.0,0.3229930290696244,0.011141023331906079,0.3229930290696244,0.0,48
competition,hq_plus_b_c_d_e_f,HQ + B+C+D+E+F,total_groups_6,6 total groups,full_route,HQ + B+C+D+E+F,best_degree_prestige | degree_level | edu_prestige_tier | field_relevance_score | industry_prestige_penalty | prestige_x_relevance | stem_flag,competition_grp_3,industry_prestige_penalty,HQ,HQ,hq,0.3338341967250724,0.04687932365178984,0.3338341967250724,0.0,0.25757153578703357,0.012371501776851724,0.25757153578703357,0.0,48
competition,hq_plus_b_c_d_e_f,HQ + B+C+D+E+F,total_groups_6,6 total groups,full_route,HQ + B+C+D+E+F,best_degree_prestige | degree_level | edu_prestige_tier | field_relevance_score | industry_prestige_penalty | prestige_x_relevance | stem_flag,competition_grp_3,prestige_x_relevance,HQ,HQ,hq,0.5044140493751281,0.018696538948956124,0.5044140493751281,0.0,0.4953268610326617,0.004254407872550087,0.4953268610326617,0.0,48
competition,hq_plus_b_c_d_e_f,HQ + B+C+D+E+F,total_groups_6,6 total groups,full_route,HQ + B+C+D+E+F,best_degree_prestige | degree_level | edu_prestige_tier | field_relevance_score | industry_prestige_penalty | prestige_x_relevance | stem_flag,competition_grp_3,stem_flag,HQ,HQ,hq,0.22592597912838777,0.03739801132441966,0.22592597912838777,0.0,0.3030226286361863,0.011913598053127843,0.3030226286361863,0.0,48
competition,hq_plus_b_c_d_e_f,HQ + B+C+D+E+F,total_groups_6,6 total groups,full_route,HQ + B+C+D+E+F,comfort_index,competition_grp_5,comfort_index,HQ,HQ,hq,1.0,0.0,1.0,0.0,1.0,0.0,1.0,0.0,48
competition,hq_plus_b_c_d_e_f,HQ + B+C+D+E+F,total_groups_6,6 total groups,full_route,HQ + B+C+D+E+F,company_size_is_growing | founding_role_count | founding_timing | industry_alignment | industry_pivot_count | is_serial_founder | longest_founding_tenure | max_company_size_before_founding | max_seniority_reached | persistence_score | prestige_sacrifice_score | restlessness_score | sacrifice_x_serial | seniority_is_monotone | total_inferred_experience | years_in_large_company,competition_grp_1,company_size_is_growing,HQ,HQ,hq,-0.17919315119331794,0.06343114176205637,0.18019897295559584,0.020833333333333332,-0.2719576212268374,0.036344609162015755,0.2719576212268374,0.0,48
competition,hq_plus_b_c_d_e_f,HQ + B+C+D+E+F,total_groups_6,6 total groups,full_route,HQ + B+C+D+E+F,company_size_is_growing | founding_role_count | founding_timing | industry_alignment | industry_pivot_count | is_serial_founder | longest_founding_tenure | max_company_size_before_founding | max_seniority_reached | persistence_score | prestige_sacrifice_score | restlessness_score | sacrifice_x_serial | seniority_is_monotone | total_inferred_experience | years_in_large_company,competition_grp_1,founding_role_count,HQ,HQ,hq,0.05901389341946931,0.07291982755276774,0.07891267387545296,0.2708333333333333,0.22347805234640386,0.0723058409982503,0.22347805234640386,0.0,48
competition,hq_plus_b_c_d_e_f,HQ + B+C+D+E+F,total_groups_6,6 total groups,full_route,HQ + B+C+D+E+F,company_size_is_growing | founding_role_count | founding_timing | industry_alignment | industry_pivot_count | is_serial_founder | longest_founding_tenure | max_company_size_before_founding | max_seniority_reached | persistence_score | prestige_sacrifice_score | restlessness_score | sacrifice_x_serial | seniority_is_monotone | total_inferred_experience | years_in_large_company,competition_grp_1,founding_timing,HQ,HQ,hq,0.019223102834259292,0.070523792683047,0.05947742108488175,0.2916666666666667,0.3005213328330989,0.03784974422228759,0.3005213328330989,0.0,48
competition,hq_plus_b_c_d_e_f,HQ + B+C+D+E+F,total_groups_6,6 total groups,full_route,HQ + B+C+D+E+F,company_size_is_growing | founding_role_count | founding_timing | industry_alignment | industry_pivot_count | is_serial_founder | longest_founding_tenure | max_company_size_before_founding | max_seniority_reached | persistence_score | prestige_sacrifice_score | restlessness_score | sacrifice_x_serial | seniority_is_monotone | total_inferred_experience | years_in_large_company,competition_grp_1,industry_alignment,HQ,HQ,hq,0.44701614729128375,0.06031049551461819,0.44701614729128375,0.0,0.2916236998029744,0.05706189203041601,0.2916236998029744,0.0,48
competition,hq_plus_b_c_d_e_f,HQ + B+C+D+E+F,total_groups_6,6 total groups,full_route,HQ + B+C+D+E+F,company_size_is_growing | founding_role_count | founding_timing | industry_alignment | industry_pivot_count | is_serial_founder | longest_founding_tenure | max_company_size_before_founding | max_seniority_reached | persistence_score | prestige_sacrifice_score | restlessness_score | sacrifice_x_serial | seniority_is_monotone | total_inferred_experience | years_in_large_company,competition_grp_1,industry_pivot_count,HQ,HQ,hq,0.11884227758775297,0.04834450809653884,0.11884227758775297,0.0,0.3637239216976819,0.020653127742137182,0.3637239216976819,0.0,48
competition,hq_plus_b_c_d_e_f,HQ + B+C+D+E+F,total_groups_6,6 total groups,full_route,HQ + B+C+D+E+F,company_size_is_growing | founding_role_count | founding_timing | industry_alignment | industry_pivot_count | is_serial_founder | longest_founding_tenure | max_company_size_before_founding | max_seniority_reached | persistence_score | prestige_sacrifice_score | restlessness_score | sacrifice_x_serial | seniority_is_monotone | total_inferred_experience | years_in_large_company,competition_grp_1,is_serial_founder,HQ,HQ,hq,0.05935693526734298,0.0687301686345532,0.07483394364778077,0.22916666666666666,0.23502755051544957,0.0666412299056415,0.23502755051544957,0.0,48
competition,hq_plus_b_c_d_e_f,HQ + B+C+D+E+F,total_groups_6,6 total groups,full_route,HQ + B+C+D+E+F,company_size_is_growing | founding_role_count | founding_timing | industry_alignment | industry_pivot_count | is_serial_founder | longest_founding_tenure | max_company_size_before_founding | max_seniority_reached | persistence_score | prestige_sacrifice_score | restlessness_score | sacrifice_x_serial | seniority_is_monotone | total_inferred_experience | years_in_large_company,competition_grp_1,longest_founding_tenure,HQ,HQ,hq,-0.09879656048788754,0.0729768097099084,0.10479269593285294,0.0625,0.09538511357193435,0.07329523036352555,0.10233526918290752,0.10416666666666667,48
competition,hq_plus_b_c_d_e_f,HQ + B+C+D+E+F,total_groups_6,6 total groups,full_route,HQ + B+C+D+E+F,company_size_is_growing | founding_role_count | founding_timing | industry_alignment | industry_pivot_count | is_serial_founder | longest_founding_tenure | max_company_size_before_founding | max_seniority_reached | persistence_score | prestige_sacrifice_score | restlessness_score | sacrifice_x_serial | seniority_is_monotone | total_inferred_experience | years_in_large_company,competition_grp_1,max_company_size_before_founding,HQ,HQ,hq,0.4086455172708164,0.054774197973224824,0.4086455172708164,0.0,0.4286843160757629,0.06894848573505581,0.4286843160757629,0.0,48
competition,hq_plus_b_c_d_e_f,HQ + B+C+D+E+F,total_groups_6,6 total groups,full_route,HQ + B+C+D+E+F,company_size_is_growing | founding_role_count | founding_timing | industry_alignment | industry_pivot_count | is_serial_founder | longest_founding_tenure | max_company_size_before_founding | max_seniority_reached | persistence_score | prestige_sacrifice_score | restlessness_score | sacrifice_x_serial | seniority_is_monotone | total_inferred_experience | years_in_large_company,competition_grp_1,max_seniority_reached,HQ,HQ,hq,0.23322270597428083,0.07674497965952726,0.23322270597428083,0.0,0.2101888464528223,0.06503016366729013,0.2101888464528223,0.0,48
competition,hq_plus_b_c_d_e_f,HQ + B+C+D+E+F,total_groups_6,6 total groups,full_route,HQ + B+C+D+E+F,company_size_is_growing | founding_role_count | founding_timing | industry_alignment | industry_pivot_count | is_serial_founder | longest_founding_tenure | max_company_size_before_founding | max_seniority_reached | persistence_score | prestige_sacrifice_score | restlessness_score | sacrifice_x_serial | seniority_is_monotone | total_inferred_experience | years_in_large_company,competition_grp_1,persistence_score,HQ,HQ,hq,-0.01323636074965318,0.07179136843315233,0.06109973398058604,0.4583333333333333,-0.06222036916252558,0.07409593829488827,0.07766124413709945,0.22916666666666666,48
competition,hq_plus_b_c_d_e_f,HQ + B+C+D+E+F,total_groups_6,6 total groups,full_route,HQ + B+C+D+E+F,company_size_is_growing | founding_role_count | founding_timing | industry_alignment | industry_pivot_count | is_serial_founder | longest_founding_tenure | max_company_size_before_founding | max_seniority_reached | persistence_score | prestige_sacrifice_score | restlessness_score | sacrifice_x_serial | seniority_is_monotone | total_inferred_experience | years_in_large_company,competition_grp_1,prestige_sacrifice_score,HQ,HQ,hq,0.5010861432823429,0.030294968202570965,0.5010861432823429,0.0,0.5332069015968083,0.04621732010637653,0.5332069015968083,0.0,48
competition,hq_plus_b_c_d_e_f,HQ + B+C+D+E+F,total_groups_6,6 total groups,full_route,HQ + B+C+D+E+F,company_size_is_growing | founding_role_count | founding_timing | industry_alignment | industry_pivot_count | is_serial_founder | longest_founding_tenure | max_company_size_before_founding | max_seniority_reached | persistence_score | prestige_sacrifice_score | restlessness_score | sacrifice_x_serial | seniority_is_monotone | total_inferred_experience | years_in_large_company,competition_grp_1,restlessness_score,HQ,HQ,hq,0.04111423454339167,0.06711193750524608,0.06362818071499286,0.3125,0.25190273420086035,0.025500083316728487,0.25190273420086035,0.0,48
competition,hq_plus_b_c_d_e_f,HQ + B+C+D+E+F,total_groups_6,6 total groups,full_route,HQ + B+C+D+E+F,company_size_is_growing | founding_role_count | founding_timing | industry_alignment | industry_pivot_count | is_serial_founder | longest_founding_tenure | max_company_size_before_founding | max_seniority_reached | persistence_score | prestige_sacrifice_score | restlessness_score | sacrifice_x_serial | seniority_is_monotone | total_inferred_experience | years_in_large_company,competition_grp_1,sacrifice_x_serial,HQ,HQ,hq,0.3090152744037029,0.055452136557899205,0.3090152744037029,0.0,0.3897615438366698,0.045931039486741855,0.3897615438366698,0.0,48
competition,hq_plus_b_c_d_e_f,HQ + B+C+D+E+F,total_groups_6,6 total groups,full_route,HQ + B+C+D+E+F,company_size_is_growing | founding_role_count | founding_timing | industry_alignment | industry_pivot_count | is_serial_founder | longest_founding_tenure | max_company_size_before_founding | max_seniority_reached | persistence_score | prestige_sacrifice_score | restlessness_score | sacrifice_x_serial | seniority_is_monotone | total_inferred_experience | years_in_large_company,competition_grp_1,seniority_is_monotone,HQ,HQ,hq,-0.13946882396714153,0.07090968319756055,0.13946882396714153,0.0,-0.12456010516156261,0.03684450973635205,0.12456010516156261,0.0,48
competition,hq_plus_b_c_d_e_f,HQ + B+C+D+E+F,total_groups_6,6 total groups,full_route,HQ + B+C+D+E+F,company_size_is_growing | founding_role_count | founding_timing | industry_alignment | industry_pivot_count | is_serial_founder | longest_founding_tenure | max_company_size_before_founding | max_seniority_reached | persistence_score | prestige_sacrifice_score | restlessness_score | sacrifice_x_serial | seniority_is_monotone | total_inferred_experience | years_in_large_company,competition_grp_1,total_inferred_experience,HQ,HQ,hq,-0.03159105971717447,0.07701018944484614,0.06408241501354049,0.3958333333333333,0.2870785628272817,0.035577961992569074,0.2870785628272817,0.0,48
competition,hq_plus_b_c_d_e_f,HQ + B+C+D+E+F,total_groups_6,6 total groups,full_route,HQ + B+C+D+E+F,company_size_is_growing | founding_role_count | founding_timing | industry_alignment | industry_pivot_count | is_serial_founder | longest_founding_tenure | max_company_size_before_founding | max_seniority_reached | persistence_score | prestige_sacrifice_score | restlessness_score | sacrifice_x_serial | seniority_is_monotone | total_inferred_experience | years_in_large_company,competition_grp_1,years_in_large_company,HQ,HQ,hq,0.2838346090786887,0.04615021596980535,0.2838346090786887,0.0,0.3007675521576117,0.05083788712796314,0.3007675521576117,0.0,48
competition,hq_plus_b_c_d_e_f,HQ + B+C+D+E+F,total_groups_6,6 total groups,full_route,HQ + B+C+D+E+F,exit_count | exit_x_serial | has_prior_acquisition | has_prior_ipo,competition_grp_2,exit_count,HQ,HQ,hq,0.5803845263107785,0.014382489863916888,0.5803845263107785,0.0,0.5794632781492952,0.003378973356011342,0.5794632781492952,0.0,48
competition,hq_plus_b_c_d_e_f,HQ + B+C+D+E+F,total_groups_6,6 total groups,full_route,HQ + B+C+D+E+F,exit_count | exit_x_serial | has_prior_acquisition | has_prior_ipo,competition_grp_2,exit_x_serial,HQ,HQ,hq,0.5176222613821495,0.033615302666268186,0.5176222613821495,0.0,0.5432114624174429,0.004983339563655575,0.5432114624174429,0.0,48
competition,hq_plus_b_c_d_e_f,HQ + B+C+D+E+F,total_groups_6,6 total groups,full_route,HQ + B+C+D+E+F,exit_count | exit_x_serial | has_prior_acquisition | has_prior_ipo,competition_grp_2,has_prior_acquisition,HQ,HQ,hq,0.5063255559499852,0.03198747276357643,0.5063255559499852,0.0,0.525135158120772,0.012799606767393947,0.525135158120772,0.0,48
competition,hq_plus_b_c_d_e_f,HQ + B+C+D+E+F,total_groups_6,6 total groups,full_route,HQ + B+C+D+E+F,exit_count | exit_x_serial | has_prior_acquisition | has_prior_ipo,competition_grp_2,has_prior_ipo,HQ,HQ,hq,0.36412509232223456,0.0625164112219519,0.36412509232223456,0.0,0.31420240497334473,0.03384793143110912,0.31420240497334473,0.0,48
competition,hq_plus_b_c_d_e_f,HQ + B+C+D+E+F,total_groups_6,6 total groups,full_route,HQ + B+C+D+E+F,repeat_founding_gap,competition_grp_6,repeat_founding_gap,HQ,HQ,hq,1.0,0.0,1.0,0.0,1.0,0.0,1.0,0.0,48
competition,hq_plus_f,HQ + F,total_groups_6,6 total groups,full_route,HQ + F,F_career_coherence | F_evidence_support_rating | F_ownership_signal | F_rubric_score | F_scrappiness | F_trajectory_strength,competition_grp_4,F_career_coherence,reasoning_F,F,reasoning,0.19499044570567634,0.5107031345165234,0.5234163036113509,0.4166666666666667,0.26441908022828237,0.7137383205585434,0.7029661335992176,0.22916666666666666,48
competition,hq_plus_f,HQ + F,total_groups_6,6 total groups,full_route,HQ + F,F_career_coherence | F_evidence_support_rating | F_ownership_signal | F_rubric_score | F_scrappiness | F_trajectory_strength,competition_grp_4,F_evidence_support_rating,reasoning_F,F,reasoning,0.176784450615628,0.5658624841768196,0.5112187661405897,0.4583333333333333,0.42502844718013444,0.589840010815965,0.6560645863124387,0.16666666666666666,48
competition,hq_plus_f,HQ + F,total_groups_6,6 total groups,full_route,HQ + F,F_career_coherence | F_evidence_support_rating | F_ownership_signal | F_rubric_score | F_scrappiness | F_trajectory_strength,competition_grp_4,F_ownership_signal,reasoning_F,F,reasoning,0.1675977463730407,0.19236215393197867,0.23080253339532453,0.25,0.2757790709116313,0.7082848101225255,0.702006685378256,0.20833333333333334,48
competition,hq_plus_f,HQ + F,total_groups_6,6 total groups,full_route,HQ + F,F_career_coherence | F_evidence_support_rating | F_ownership_signal | F_rubric_score | F_scrappiness | F_trajectory_strength,competition_grp_4,F_rubric_score,reasoning_F,F,reasoning,0.18122402503389534,0.28567693594229904,0.3177976691828284,0.3333333333333333,0.26931820838730364,0.7173518396511211,0.7073113663879496,0.22916666666666666,48
competition,hq_plus_f,HQ + F,total_groups_6,6 total groups,full_route,HQ + F,F_career_coherence | F_evidence_support_rating | F_ownership_signal | F_rubric_score | F_scrappiness | F_trajectory_strength,competition_grp_4,F_scrappiness,reasoning_F,F,reasoning,0.19635163271131126,0.17517508223536166,0.23757341580497218,0.20833333333333334,0.28481496661416544,0.6771840954467537,0.6808020829450047,0.20833333333333334,48
competition,hq_plus_f,HQ + F,total_groups_6,6 total groups,full_route,HQ + F,F_career_coherence | F_evidence_support_rating | F_ownership_signal | F_rubric_score | F_scrappiness | F_trajectory_strength,competition_grp_4,F_trajectory_strength,reasoning_F,F,reasoning,0.17751912667718975,0.2634558145608572,0.2950004458373979,0.3333333333333333,0.26649713478595705,0.7175566251415242,0.7068571060603245,0.22916666666666666,48
competition,hq_plus_f,HQ + F,total_groups_6,6 total groups,full_route,HQ + F,best_degree_prestige | degree_level | edu_prestige_tier | field_relevance_score | industry_prestige_penalty | prestige_x_relevance | stem_flag,competition_grp_3,best_degree_prestige,HQ,HQ,hq,0.49778025650415225,0.021884640307550052,0.49778025650415225,0.0,0.4741219286607064,0.010005016137534883,0.4741219286607064,0.0,48
competition,hq_plus_f,HQ + F,total_groups_6,6 total groups,full_route,HQ + F,best_degree_prestige | degree_level | edu_prestige_tier | field_relevance_score | industry_prestige_penalty | prestige_x_relevance | stem_flag,competition_grp_3,degree_level,HQ,HQ,hq,0.17101742007554074,0.03371202546503369,0.17101742007554074,0.0,0.2849427132396702,0.008346726844388627,0.2849427132396702,0.0,48
competition,hq_plus_f,HQ + F,total_groups_6,6 total groups,full_route,HQ + F,best_degree_prestige | degree_level | edu_prestige_tier | field_relevance_score | industry_prestige_penalty | prestige_x_relevance | stem_flag,competition_grp_3,edu_prestige_tier,HQ,HQ,hq,0.497780256504153,0.021884640307550673,0.497780256504153,0.0,0.4741219286607065,0.010005016137535072,0.4741219286607065,0.0,48
competition,hq_plus_f,HQ + F,total_groups_6,6 total groups,full_route,HQ + F,best_degree_prestige | degree_level | edu_prestige_tier | field_relevance_score | industry_prestige_penalty | prestige_x_relevance | stem_flag,competition_grp_3,field_relevance_score,HQ,HQ,hq,0.2260742546407187,0.03333969561920415,0.2260742546407187,0.0,0.3229930290696244,0.011141023331906079,0.3229930290696244,0.0,48
competition,hq_plus_f,HQ + F,total_groups_6,6 total groups,full_route,HQ + F,best_degree_prestige | degree_level | edu_prestige_tier | field_relevance_score | industry_prestige_penalty | prestige_x_relevance | stem_flag,competition_grp_3,industry_prestige_penalty,HQ,HQ,hq,0.3338341967250724,0.04687932365178984,0.3338341967250724,0.0,0.25757153578703357,0.012371501776851724,0.25757153578703357,0.0,48
competition,hq_plus_f,HQ + F,total_groups_6,6 total groups,full_route,HQ + F,best_degree_prestige | degree_level | edu_prestige_tier | field_relevance_score | industry_prestige_penalty | prestige_x_relevance | stem_flag,competition_grp_3,prestige_x_relevance,HQ,HQ,hq,0.5044140493751281,0.018696538948956124,0.5044140493751281,0.0,0.4953268610326617,0.004254407872550087,0.4953268610326617,0.0,48
competition,hq_plus_f,HQ + F,total_groups_6,6 total groups,full_route,HQ + F,best_degree_prestige | degree_level | edu_prestige_tier | field_relevance_score | industry_prestige_penalty | prestige_x_relevance | stem_flag,competition_grp_3,stem_flag,HQ,HQ,hq,0.22592597912838777,0.03739801132441966,0.22592597912838777,0.0,0.3030226286361863,0.011913598053127843,0.3030226286361863,0.0,48
competition,hq_plus_f,HQ + F,total_groups_6,6 total groups,full_route,HQ + F,comfort_index,competition_grp_5,comfort_index,HQ,HQ,hq,1.0,0.0,1.0,0.0,1.0,0.0,1.0,0.0,48
competition,hq_plus_f,HQ + F,total_groups_6,6 total groups,full_route,HQ + F,company_size_is_growing | founding_role_count | founding_timing | industry_alignment | industry_pivot_count | is_serial_founder | longest_founding_tenure | max_company_size_before_founding | max_seniority_reached | persistence_score | prestige_sacrifice_score | restlessness_score | sacrifice_x_serial | seniority_is_monotone | total_inferred_experience | years_in_large_company,competition_grp_1,company_size_is_growing,HQ,HQ,hq,-0.17919315119331794,0.06343114176205637,0.18019897295559584,0.020833333333333332,-0.2719576212268374,0.036344609162015755,0.2719576212268374,0.0,48
competition,hq_plus_f,HQ + F,total_groups_6,6 total groups,full_route,HQ + F,company_size_is_growing | founding_role_count | founding_timing | industry_alignment | industry_pivot_count | is_serial_founder | longest_founding_tenure | max_company_size_before_founding | max_seniority_reached | persistence_score | prestige_sacrifice_score | restlessness_score | sacrifice_x_serial | seniority_is_monotone | total_inferred_experience | years_in_large_company,competition_grp_1,founding_role_count,HQ,HQ,hq,0.05901389341946931,0.07291982755276774,0.07891267387545296,0.2708333333333333,0.22347805234640386,0.0723058409982503,0.22347805234640386,0.0,48
competition,hq_plus_f,HQ + F,total_groups_6,6 total groups,full_route,HQ + F,company_size_is_growing | founding_role_count | founding_timing | industry_alignment | industry_pivot_count | is_serial_founder | longest_founding_tenure | max_company_size_before_founding | max_seniority_reached | persistence_score | prestige_sacrifice_score | restlessness_score | sacrifice_x_serial | seniority_is_monotone | total_inferred_experience | years_in_large_company,competition_grp_1,founding_timing,HQ,HQ,hq,0.019223102834259292,0.070523792683047,0.05947742108488175,0.2916666666666667,0.3005213328330989,0.03784974422228759,0.3005213328330989,0.0,48
competition,hq_plus_f,HQ + F,total_groups_6,6 total groups,full_route,HQ + F,company_size_is_growing | founding_role_count | founding_timing | industry_alignment | industry_pivot_count | is_serial_founder | longest_founding_tenure | max_company_size_before_founding | max_seniority_reached | persistence_score | prestige_sacrifice_score | restlessness_score | sacrifice_x_serial | seniority_is_monotone | total_inferred_experience | years_in_large_company,competition_grp_1,industry_alignment,HQ,HQ,hq,0.44701614729128375,0.06031049551461819,0.44701614729128375,0.0,0.2916236998029744,0.05706189203041601,0.2916236998029744,0.0,48
competition,hq_plus_f,HQ + F,total_groups_6,6 total groups,full_route,HQ + F,company_size_is_growing | founding_role_count | founding_timing | industry_alignment | industry_pivot_count | is_serial_founder | longest_founding_tenure | max_company_size_before_founding | max_seniority_reached | persistence_score | prestige_sacrifice_score | restlessness_score | sacrifice_x_serial | seniority_is_monotone | total_inferred_experience | years_in_large_company,competition_grp_1,industry_pivot_count,HQ,HQ,hq,0.11884227758775297,0.04834450809653884,0.11884227758775297,0.0,0.3637239216976819,0.020653127742137182,0.3637239216976819,0.0,48
competition,hq_plus_f,HQ + F,total_groups_6,6 total groups,full_route,HQ + F,company_size_is_growing | founding_role_count | founding_timing | industry_alignment | industry_pivot_count | is_serial_founder | longest_founding_tenure | max_company_size_before_founding | max_seniority_reached | persistence_score | prestige_sacrifice_score | restlessness_score | sacrifice_x_serial | seniority_is_monotone | total_inferred_experience | years_in_large_company,competition_grp_1,is_serial_founder,HQ,HQ,hq,0.05935693526734298,0.0687301686345532,0.07483394364778077,0.22916666666666666,0.23502755051544957,0.0666412299056415,0.23502755051544957,0.0,48
competition,hq_plus_f,HQ + F,total_groups_6,6 total groups,full_route,HQ + F,company_size_is_growing | founding_role_count | founding_timing | industry_alignment | industry_pivot_count | is_serial_founder | longest_founding_tenure | max_company_size_before_founding | max_seniority_reached | persistence_score | prestige_sacrifice_score | restlessness_score | sacrifice_x_serial | seniority_is_monotone | total_inferred_experience | years_in_large_company,competition_grp_1,longest_founding_tenure,HQ,HQ,hq,-0.09879656048788754,0.0729768097099084,0.10479269593285294,0.0625,0.09538511357193435,0.07329523036352555,0.10233526918290752,0.10416666666666667,48
competition,hq_plus_f,HQ + F,total_groups_6,6 total groups,full_route,HQ + F,company_size_is_growing | founding_role_count | founding_timing | industry_alignment | industry_pivot_count | is_serial_founder | longest_founding_tenure | max_company_size_before_founding | max_seniority_reached | persistence_score | prestige_sacrifice_score | restlessness_score | sacrifice_x_serial | seniority_is_monotone | total_inferred_experience | years_in_large_company,competition_grp_1,max_company_size_before_founding,HQ,HQ,hq,0.4086455172708164,0.054774197973224824,0.4086455172708164,0.0,0.4286843160757629,0.06894848573505581,0.4286843160757629,0.0,48
competition,hq_plus_f,HQ + F,total_groups_6,6 total groups,full_route,HQ + F,company_size_is_growing | founding_role_count | founding_timing | industry_alignment | industry_pivot_count | is_serial_founder | longest_founding_tenure | max_company_size_before_founding | max_seniority_reached | persistence_score | prestige_sacrifice_score | restlessness_score | sacrifice_x_serial | seniority_is_monotone | total_inferred_experience | years_in_large_company,competition_grp_1,max_seniority_reached,HQ,HQ,hq,0.23322270597428083,0.07674497965952726,0.23322270597428083,0.0,0.2101888464528223,0.06503016366729013,0.2101888464528223,0.0,48
competition,hq_plus_f,HQ + F,total_groups_6,6 total groups,full_route,HQ + F,company_size_is_growing | founding_role_count | founding_timing | industry_alignment | industry_pivot_count | is_serial_founder | longest_founding_tenure | max_company_size_before_founding | max_seniority_reached | persistence_score | prestige_sacrifice_score | restlessness_score | sacrifice_x_serial | seniority_is_monotone | total_inferred_experience | years_in_large_company,competition_grp_1,persistence_score,HQ,HQ,hq,-0.01323636074965318,0.07179136843315233,0.06109973398058604,0.4583333333333333,-0.06222036916252558,0.07409593829488827,0.07766124413709945,0.22916666666666666,48
competition,hq_plus_f,HQ + F,total_groups_6,6 total groups,full_route,HQ + F,company_size_is_growing | founding_role_count | founding_timing | industry_alignment | industry_pivot_count | is_serial_founder | longest_founding_tenure | max_company_size_before_founding | max_seniority_reached | persistence_score | prestige_sacrifice_score | restlessness_score | sacrifice_x_serial | seniority_is_monotone | total_inferred_experience | years_in_large_company,competition_grp_1,prestige_sacrifice_score,HQ,HQ,hq,0.5010861432823429,0.030294968202570965,0.5010861432823429,0.0,0.5332069015968083,0.04621732010637653,0.5332069015968083,0.0,48
competition,hq_plus_f,HQ + F,total_groups_6,6 total groups,full_route,HQ + F,company_size_is_growing | founding_role_count | founding_timing | industry_alignment | industry_pivot_count | is_serial_founder | longest_founding_tenure | max_company_size_before_founding | max_seniority_reached | persistence_score | prestige_sacrifice_score | restlessness_score | sacrifice_x_serial | seniority_is_monotone | total_inferred_experience | years_in_large_company,competition_grp_1,restlessness_score,HQ,HQ,hq,0.04111423454339167,0.06711193750524608,0.06362818071499286,0.3125,0.25190273420086035,0.025500083316728487,0.25190273420086035,0.0,48
competition,hq_plus_f,HQ + F,total_groups_6,6 total groups,full_route,HQ + F,company_size_is_growing | founding_role_count | founding_timing | industry_alignment | industry_pivot_count | is_serial_founder | longest_founding_tenure | max_company_size_before_founding | max_seniority_reached | persistence_score | prestige_sacrifice_score | restlessness_score | sacrifice_x_serial | seniority_is_monotone | total_inferred_experience | years_in_large_company,competition_grp_1,sacrifice_x_serial,HQ,HQ,hq,0.3090152744037029,0.055452136557899205,0.3090152744037029,0.0,0.3897615438366698,0.045931039486741855,0.3897615438366698,0.0,48
competition,hq_plus_f,HQ + F,total_groups_6,6 total groups,full_route,HQ + F,company_size_is_growing | founding_role_count | founding_timing | industry_alignment | industry_pivot_count | is_serial_founder | longest_founding_tenure | max_company_size_before_founding | max_seniority_reached | persistence_score | prestige_sacrifice_score | restlessness_score | sacrifice_x_serial | seniority_is_monotone | total_inferred_experience | years_in_large_company,competition_grp_1,seniority_is_monotone,HQ,HQ,hq,-0.13946882396714153,0.07090968319756055,0.13946882396714153,0.0,-0.12456010516156261,0.03684450973635205,0.12456010516156261,0.0,48
competition,hq_plus_f,HQ + F,total_groups_6,6 total groups,full_route,HQ + F,company_size_is_growing | founding_role_count | founding_timing | industry_alignment | industry_pivot_count | is_serial_founder | longest_founding_tenure | max_company_size_before_founding | max_seniority_reached | persistence_score | prestige_sacrifice_score | restlessness_score | sacrifice_x_serial | seniority_is_monotone | total_inferred_experience | years_in_large_company,competition_grp_1,total_inferred_experience,HQ,HQ,hq,-0.03159105971717447,0.07701018944484614,0.06408241501354049,0.3958333333333333,0.2870785628272817,0.035577961992569074,0.2870785628272817,0.0,48
competition,hq_plus_f,HQ + F,total_groups_6,6 total groups,full_route,HQ + F,company_size_is_growing | founding_role_count | founding_timing | industry_alignment | industry_pivot_count | is_serial_founder | longest_founding_tenure | max_company_size_before_founding | max_seniority_reached | persistence_score | prestige_sacrifice_score | restlessness_score | sacrifice_x_serial | seniority_is_monotone | total_inferred_experience | years_in_large_company,competition_grp_1,years_in_large_company,HQ,HQ,hq,0.2838346090786887,0.04615021596980535,0.2838346090786887,0.0,0.3007675521576117,0.05083788712796314,0.3007675521576117,0.0,48
competition,hq_plus_f,HQ + F,total_groups_6,6 total groups,full_route,HQ + F,exit_count | exit_x_serial | has_prior_acquisition | has_prior_ipo,competition_grp_2,exit_count,HQ,HQ,hq,0.5803845263107785,0.014382489863916888,0.5803845263107785,0.0,0.5794632781492952,0.003378973356011342,0.5794632781492952,0.0,48
competition,hq_plus_f,HQ + F,total_groups_6,6 total groups,full_route,HQ + F,exit_count | exit_x_serial | has_prior_acquisition | has_prior_ipo,competition_grp_2,exit_x_serial,HQ,HQ,hq,0.5176222613821495,0.033615302666268186,0.5176222613821495,0.0,0.5432114624174429,0.004983339563655575,0.5432114624174429,0.0,48
competition,hq_plus_f,HQ + F,total_groups_6,6 total groups,full_route,HQ + F,exit_count | exit_x_serial | has_prior_acquisition | has_prior_ipo,competition_grp_2,has_prior_acquisition,HQ,HQ,hq,0.5063255559499852,0.03198747276357643,0.5063255559499852,0.0,0.525135158120772,0.012799606767393947,0.525135158120772,0.0,48
competition,hq_plus_f,HQ + F,total_groups_6,6 total groups,full_route,HQ + F,exit_count | exit_x_serial | has_prior_acquisition | has_prior_ipo,competition_grp_2,has_prior_ipo,HQ,HQ,hq,0.36412509232223456,0.0625164112219519,0.36412509232223456,0.0,0.31420240497334473,0.03384793143110912,0.31420240497334473,0.0,48
competition,hq_plus_f,HQ + F,total_groups_6,6 total groups,full_route,HQ + F,repeat_founding_gap,competition_grp_6,repeat_founding_gap,HQ,HQ,hq,1.0,0.0,1.0,0.0,1.0,0.0,1.0,0.0,48
