track,feature_set_id,feature_set_label,route_group,grouping_spec_id,grouping_spec_label,evaluator_model,outer_split_id,repeat_index,fold_index,precision,recall,pr_auc,f0_5,threshold,original_feature_count,grouped_feature_count,final_model_feature_count
benchmark,hq_benchmark,HQ,hq_benchmark,frozen_hq,Frozen HQ benchmark,logistic,repeat_01_fold_01,1,1,0.225,0.20454545454545456,0.1728398426927734,0.22058823529411764,0.18000000000000005,29,29,29
benchmark,hq_benchmark,HQ,hq_benchmark,frozen_hq,Frozen HQ benchmark,xgb1,repeat_01_fold_01,1,1,0.25,0.14393939393939395,0.18770920225599613,0.21788990825688073,0.7200000000000002,29,29,29
benchmark,hq_benchmark,HQ,hq_benchmark,frozen_hq,Frozen HQ benchmark,logistic,repeat_01_fold_02,1,2,0.2571428571428571,0.20454545454545456,0.16969644952860535,0.24456521739130435,0.23000000000000004,29,29,29
benchmark,hq_benchmark,HQ,hq_benchmark,frozen_hq,Frozen HQ benchmark,xgb1,repeat_01_fold_02,1,2,0.22535211267605634,0.24242424242424243,0.17783624774423024,0.22857142857142856,0.6800000000000002,29,29,29
benchmark,hq_benchmark,HQ,hq_benchmark,frozen_hq,Frozen HQ benchmark,logistic,repeat_01_fold_03,1,3,0.1836734693877551,0.06818181818181818,0.15503518378913772,0.13719512195121952,0.27,29,29,29
benchmark,hq_benchmark,HQ,hq_benchmark,frozen_hq,Frozen HQ benchmark,xgb1,repeat_01_fold_03,1,3,0.20930232558139536,0.06818181818181818,0.15466675842940847,0.14802631578947367,0.7900000000000001,29,29,29
benchmark,hq_benchmark,HQ,hq_benchmark,frozen_hq,Frozen HQ benchmark,logistic,repeat_02_fold_01,2,1,0.29347826086956524,0.20454545454545456,0.18873435116058512,0.27,0.21000000000000002,29,29,29
benchmark,hq_benchmark,HQ,hq_benchmark,frozen_hq,Frozen HQ benchmark,xgb1,repeat_02_fold_01,2,1,0.31666666666666665,0.14393939393939395,0.18978141068365492,0.2553763440860215,0.7600000000000002,29,29,29
benchmark,hq_benchmark,HQ,hq_benchmark,frozen_hq,Frozen HQ benchmark,logistic,repeat_02_fold_02,2,2,0.175,0.05303030303030303,0.15421679000113267,0.11986301369863013,0.32000000000000006,29,29,29
benchmark,hq_benchmark,HQ,hq_benchmark,frozen_hq,Frozen HQ benchmark,xgb1,repeat_02_fold_02,2,2,0.1794871794871795,0.05303030303030303,0.1550634356355553,0.12152777777777778,0.8600000000000002,29,29,29
benchmark,hq_benchmark,HQ,hq_benchmark,frozen_hq,Frozen HQ benchmark,logistic,repeat_02_fold_03,2,3,0.3064516129032258,0.14393939393939395,0.15622766773276062,0.25,0.31000000000000005,29,29,29
benchmark,hq_benchmark,HQ,hq_benchmark,frozen_hq,Frozen HQ benchmark,xgb1,repeat_02_fold_03,2,3,0.16033755274261605,0.2878787878787879,0.1681190044886895,0.17592592592592593,0.5900000000000002,29,29,29
benchmark,hq_benchmark,HQ,hq_benchmark,frozen_hq,Frozen HQ benchmark,logistic,repeat_03_fold_01,3,1,0.21839080459770116,0.14393939393939395,0.1483702428063503,0.19791666666666666,0.21000000000000002,29,29,29
benchmark,hq_benchmark,HQ,hq_benchmark,frozen_hq,Frozen HQ benchmark,xgb1,repeat_03_fold_01,3,1,0.2222222222222222,0.07575757575757576,0.1550557125069846,0.16025641025641027,0.8200000000000002,29,29,29
benchmark,hq_benchmark,HQ,hq_benchmark,frozen_hq,Frozen HQ benchmark,logistic,repeat_03_fold_02,3,2,0.18681318681318682,0.25757575757575757,0.1641861568477814,0.19767441860465115,0.16000000000000003,29,29,29
benchmark,hq_benchmark,HQ,hq_benchmark,frozen_hq,Frozen HQ benchmark,xgb1,repeat_03_fold_02,3,2,0.17842323651452283,0.32575757575757575,0.15924567029702213,0.19616788321167883,0.5900000000000002,29,29,29
benchmark,hq_benchmark,HQ,hq_benchmark,frozen_hq,Frozen HQ benchmark,logistic,repeat_03_fold_03,3,3,0.30303030303030304,0.15151515151515152,0.19171045884650875,0.25252525252525254,0.24000000000000005,29,29,29
benchmark,hq_benchmark,HQ,hq_benchmark,frozen_hq,Frozen HQ benchmark,xgb1,repeat_03_fold_03,3,3,0.22962962962962963,0.23484848484848486,0.19023428032099934,0.23065476190476192,0.6500000000000001,29,29,29
benchmark,hq_benchmark,HQ,hq_benchmark,frozen_hq,Frozen HQ benchmark,logistic,repeat_04_fold_01,4,1,0.20454545454545456,0.13636363636363635,0.1524930374123935,0.1859504132231405,0.23000000000000004,29,29,29
benchmark,hq_benchmark,HQ,hq_benchmark,frozen_hq,Frozen HQ benchmark,xgb1,repeat_04_fold_01,4,1,0.17543859649122806,0.15151515151515152,0.1541879072493822,0.17006802721088435,0.7100000000000002,29,29,29
benchmark,hq_benchmark,HQ,hq_benchmark,frozen_hq,Frozen HQ benchmark,logistic,repeat_04_fold_02,4,2,0.24,0.22727272727272727,0.17560776426082808,0.23734177215189872,0.18000000000000005,29,29,29
benchmark,hq_benchmark,HQ,hq_benchmark,frozen_hq,Frozen HQ benchmark,xgb1,repeat_04_fold_02,4,2,0.27956989247311825,0.19696969696969696,0.18220399469798215,0.25793650793650796,0.7000000000000002,29,29,29
benchmark,hq_benchmark,HQ,hq_benchmark,frozen_hq,Frozen HQ benchmark,logistic,repeat_04_fold_03,4,3,0.2872340425531915,0.20454545454545456,0.1753235717980437,0.265748031496063,0.2,29,29,29
benchmark,hq_benchmark,HQ,hq_benchmark,frozen_hq,Frozen HQ benchmark,xgb1,repeat_04_fold_03,4,3,0.3050847457627119,0.13636363636363635,0.17551888131731447,0.24456521739130435,0.7600000000000002,29,29,29
benchmark,hq_benchmark,HQ,hq_benchmark,frozen_hq,Frozen HQ benchmark,logistic,repeat_05_fold_01,5,1,0.2653061224489796,0.09848484848484848,0.19464382152919,0.19817073170731708,0.27,29,29,29
benchmark,hq_benchmark,HQ,hq_benchmark,frozen_hq,Frozen HQ benchmark,xgb1,repeat_05_fold_01,5,1,0.24761904761904763,0.19696969696969696,0.17917238252847284,0.23550724637681159,0.6800000000000002,29,29,29
benchmark,hq_benchmark,HQ,hq_benchmark,frozen_hq,Frozen HQ benchmark,logistic,repeat_05_fold_02,5,2,0.2857142857142857,0.10606060606060606,0.16084907781188504,0.21341463414634146,0.29000000000000004,29,29,29
benchmark,hq_benchmark,HQ,hq_benchmark,frozen_hq,Frozen HQ benchmark,xgb1,repeat_05_fold_02,5,2,0.18518518518518517,0.30303030303030304,0.16954560705232138,0.20080321285140562,0.6100000000000001,29,29,29
benchmark,hq_benchmark,HQ,hq_benchmark,frozen_hq,Frozen HQ benchmark,logistic,repeat_05_fold_03,5,3,0.19298245614035087,0.16666666666666666,0.16345715697141716,0.1870748299319728,0.21000000000000002,29,29,29
benchmark,hq_benchmark,HQ,hq_benchmark,frozen_hq,Frozen HQ benchmark,xgb1,repeat_05_fold_03,5,3,0.19327731092436976,0.17424242424242425,0.15647907641529993,0.18914473684210525,0.6900000000000002,29,29,29
benchmark,hq_benchmark,HQ,hq_benchmark,frozen_hq,Frozen HQ benchmark,logistic,repeat_06_fold_01,6,1,0.27906976744186046,0.18181818181818182,0.17896195163438247,0.25210084033613445,0.21000000000000002,29,29,29
benchmark,hq_benchmark,HQ,hq_benchmark,frozen_hq,Frozen HQ benchmark,xgb1,repeat_06_fold_01,6,1,0.20502092050209206,0.3712121212121212,0.19000248229786973,0.22518382352941177,0.5800000000000002,29,29,29
benchmark,hq_benchmark,HQ,hq_benchmark,frozen_hq,Frozen HQ benchmark,logistic,repeat_06_fold_02,6,2,0.23809523809523808,0.15151515151515152,0.16986567182165585,0.21367521367521367,0.21000000000000002,29,29,29
benchmark,hq_benchmark,HQ,hq_benchmark,frozen_hq,Frozen HQ benchmark,xgb1,repeat_06_fold_02,6,2,0.25862068965517243,0.11363636363636363,0.1745200120877131,0.20604395604395603,0.7600000000000002,29,29,29
benchmark,hq_benchmark,HQ,hq_benchmark,frozen_hq,Frozen HQ benchmark,logistic,repeat_06_fold_03,6,3,0.18181818181818182,0.15151515151515152,0.1521967929353381,0.17482517482517482,0.19,29,29,29
benchmark,hq_benchmark,HQ,hq_benchmark,frozen_hq,Frozen HQ benchmark,xgb1,repeat_06_fold_03,6,3,0.1870967741935484,0.2196969696969697,0.14926490674339601,0.19281914893617022,0.6400000000000001,29,29,29
benchmark,hq_benchmark,HQ,hq_benchmark,frozen_hq,Frozen HQ benchmark,logistic,repeat_07_fold_01,7,1,0.23333333333333334,0.21212121212121213,0.16328984710776345,0.22875816993464052,0.17000000000000004,29,29,29
benchmark,hq_benchmark,HQ,hq_benchmark,frozen_hq,Frozen HQ benchmark,xgb1,repeat_07_fold_01,7,1,0.22580645161290322,0.10606060606060606,0.1658178233883879,0.18421052631578946,0.7400000000000002,29,29,29
benchmark,hq_benchmark,HQ,hq_benchmark,frozen_hq,Frozen HQ benchmark,logistic,repeat_07_fold_02,7,2,0.21052631578947367,0.12121212121212122,0.1487927563349129,0.1834862385321101,0.24000000000000005,29,29,29
benchmark,hq_benchmark,HQ,hq_benchmark,frozen_hq,Frozen HQ benchmark,xgb1,repeat_07_fold_02,7,2,0.20689655172413793,0.09090909090909091,0.1482690801261693,0.16483516483516483,0.7700000000000002,29,29,29
benchmark,hq_benchmark,HQ,hq_benchmark,frozen_hq,Frozen HQ benchmark,logistic,repeat_07_fold_03,7,3,0.2872340425531915,0.20454545454545456,0.1891586588014245,0.265748031496063,0.22000000000000003,29,29,29
benchmark,hq_benchmark,HQ,hq_benchmark,frozen_hq,Frozen HQ benchmark,xgb1,repeat_07_fold_03,7,3,0.24203821656050956,0.2878787878787879,0.19758224002426483,0.25,0.6600000000000001,29,29,29
benchmark,hq_benchmark,HQ,hq_benchmark,frozen_hq,Frozen HQ benchmark,logistic,repeat_08_fold_01,8,1,0.24691358024691357,0.15151515151515152,0.17690954624929014,0.21929824561403508,0.21000000000000002,29,29,29
benchmark,hq_benchmark,HQ,hq_benchmark,frozen_hq,Frozen HQ benchmark,xgb1,repeat_08_fold_01,8,1,0.2682926829268293,0.08333333333333333,0.17928099535867476,0.1858108108108108,0.7800000000000001,29,29,29
benchmark,hq_benchmark,HQ,hq_benchmark,frozen_hq,Frozen HQ benchmark,logistic,repeat_08_fold_02,8,2,0.19672131147540983,0.09090909090909091,0.15781304941501698,0.1595744680851064,0.29000000000000004,29,29,29
benchmark,hq_benchmark,HQ,hq_benchmark,frozen_hq,Frozen HQ benchmark,xgb1,repeat_08_fold_02,8,2,0.2073170731707317,0.12878787878787878,0.16007209447826198,0.18478260869565216,0.7200000000000002,29,29,29
benchmark,hq_benchmark,HQ,hq_benchmark,frozen_hq,Frozen HQ benchmark,logistic,repeat_08_fold_03,8,3,0.296875,0.14393939393939395,0.17221109312442628,0.24484536082474226,0.29000000000000004,29,29,29
benchmark,hq_benchmark,HQ,hq_benchmark,frozen_hq,Frozen HQ benchmark,xgb1,repeat_08_fold_03,8,3,0.17993079584775087,0.3939393939393939,0.17392965893821616,0.20186335403726707,0.5700000000000002,29,29,29
benchmark,hq_benchmark,HQ,hq_benchmark,frozen_hq,Frozen HQ benchmark,logistic,repeat_09_fold_01,9,1,0.24489795918367346,0.09090909090909091,0.15239154909085056,0.18292682926829268,0.30000000000000004,29,29,29
benchmark,hq_benchmark,HQ,hq_benchmark,frozen_hq,Frozen HQ benchmark,xgb1,repeat_09_fold_01,9,1,0.23214285714285715,0.09848484848484848,0.1572613234298331,0.18258426966292135,0.7700000000000002,29,29,29
benchmark,hq_benchmark,HQ,hq_benchmark,frozen_hq,Frozen HQ benchmark,logistic,repeat_09_fold_02,9,2,0.24193548387096775,0.22727272727272727,0.17868943458668543,0.23885350318471338,0.19,29,29,29
benchmark,hq_benchmark,HQ,hq_benchmark,frozen_hq,Frozen HQ benchmark,xgb1,repeat_09_fold_02,9,2,0.2147239263803681,0.26515151515151514,0.18869510987517496,0.22321428571428573,0.6300000000000001,29,29,29
benchmark,hq_benchmark,HQ,hq_benchmark,frozen_hq,Frozen HQ benchmark,logistic,repeat_09_fold_03,9,3,0.26865671641791045,0.13636363636363635,0.1830211075260395,0.225,0.25000000000000006,29,29,29
benchmark,hq_benchmark,HQ,hq_benchmark,frozen_hq,Frozen HQ benchmark,xgb1,repeat_09_fold_03,9,3,0.24742268041237114,0.18181818181818182,0.1796516634554546,0.23076923076923078,0.7100000000000002,29,29,29
benchmark,hq_benchmark,HQ,hq_benchmark,frozen_hq,Frozen HQ benchmark,logistic,repeat_10_fold_01,10,1,0.2465753424657534,0.13636363636363635,0.1593747242971067,0.21226415094339623,0.28,29,29,29
benchmark,hq_benchmark,HQ,hq_benchmark,frozen_hq,Frozen HQ benchmark,xgb1,repeat_10_fold_01,10,1,0.22784810126582278,0.13636363636363635,0.15194646793807698,0.20089285714285715,0.7500000000000002,29,29,29
benchmark,hq_benchmark,HQ,hq_benchmark,frozen_hq,Frozen HQ benchmark,logistic,repeat_10_fold_02,10,2,0.16279069767441862,0.05303030303030303,0.13643356995147005,0.11513157894736842,0.4700000000000001,29,29,29
benchmark,hq_benchmark,HQ,hq_benchmark,frozen_hq,Frozen HQ benchmark,xgb1,repeat_10_fold_02,10,2,0.19696969696969696,0.09848484848484848,0.15251806048939498,0.16414141414141414,0.7100000000000002,29,29,29
benchmark,hq_benchmark,HQ,hq_benchmark,frozen_hq,Frozen HQ benchmark,logistic,repeat_10_fold_03,10,3,0.40476190476190477,0.12878787878787878,0.20716130281590953,0.2833333333333333,0.39000000000000007,29,29,29
benchmark,hq_benchmark,HQ,hq_benchmark,frozen_hq,Frozen HQ benchmark,xgb1,repeat_10_fold_03,10,3,0.23728813559322035,0.3181818181818182,0.20974313129908417,0.25,0.6400000000000001,29,29,29
benchmark,hq_benchmark,HQ,hq_benchmark,frozen_hq,Frozen HQ benchmark,logistic,repeat_11_fold_01,11,1,0.23076923076923078,0.13636363636363635,0.16570793798501213,0.20270270270270271,0.25000000000000006,29,29,29
benchmark,hq_benchmark,HQ,hq_benchmark,frozen_hq,Frozen HQ benchmark,xgb1,repeat_11_fold_01,11,1,0.25806451612903225,0.12121212121212122,0.17574406386853864,0.21052631578947367,0.7600000000000002,29,29,29
benchmark,hq_benchmark,HQ,hq_benchmark,frozen_hq,Frozen HQ benchmark,logistic,repeat_11_fold_02,11,2,0.20149253731343283,0.20454545454545456,0.16893476398377455,0.20209580838323354,0.17000000000000004,29,29,29
benchmark,hq_benchmark,HQ,hq_benchmark,frozen_hq,Frozen HQ benchmark,xgb1,repeat_11_fold_02,11,2,0.20909090909090908,0.17424242424242425,0.17512307513649755,0.20104895104895104,0.6800000000000002,29,29,29
benchmark,hq_benchmark,HQ,hq_benchmark,frozen_hq,Frozen HQ benchmark,logistic,repeat_11_fold_03,11,3,0.19540229885057472,0.12878787878787878,0.16022641662447495,0.17708333333333334,0.22000000000000003,29,29,29
benchmark,hq_benchmark,HQ,hq_benchmark,frozen_hq,Frozen HQ benchmark,xgb1,repeat_11_fold_03,11,3,0.2222222222222222,0.12121212121212122,0.16137012228217323,0.19047619047619047,0.7400000000000002,29,29,29
benchmark,hq_benchmark,HQ,hq_benchmark,frozen_hq,Frozen HQ benchmark,logistic,repeat_12_fold_01,12,1,0.24,0.13636363636363635,0.16030563652066293,0.20833333333333334,0.26000000000000006,29,29,29
benchmark,hq_benchmark,HQ,hq_benchmark,frozen_hq,Frozen HQ benchmark,xgb1,repeat_12_fold_01,12,1,0.288135593220339,0.12878787878787878,0.16681678077997844,0.23097826086956522,0.8000000000000002,29,29,29
benchmark,hq_benchmark,HQ,hq_benchmark,frozen_hq,Frozen HQ benchmark,logistic,repeat_12_fold_02,12,2,0.14285714285714285,0.05303030303030303,0.1475922182785384,0.10670731707317073,0.26000000000000006,29,29,29
benchmark,hq_benchmark,HQ,hq_benchmark,frozen_hq,Frozen HQ benchmark,xgb1,repeat_12_fold_02,12,2,0.18181818181818182,0.09090909090909091,0.14972592577817195,0.15151515151515152,0.7300000000000002,29,29,29
benchmark,hq_benchmark,HQ,hq_benchmark,frozen_hq,Frozen HQ benchmark,logistic,repeat_12_fold_03,12,3,0.2523364485981308,0.20454545454545456,0.19873384415690232,0.24107142857142858,0.2,29,29,29
benchmark,hq_benchmark,HQ,hq_benchmark,frozen_hq,Frozen HQ benchmark,xgb1,repeat_12_fold_03,12,3,0.2073170731707317,0.38636363636363635,0.19951558980488532,0.22849462365591397,0.5900000000000002,29,29,29
benchmark,hq_benchmark,HQ,hq_benchmark,frozen_hq,Frozen HQ benchmark,logistic,repeat_13_fold_01,13,1,0.3055555555555556,0.16666666666666666,0.18522454739045846,0.2619047619047619,0.23000000000000004,29,29,29
benchmark,hq_benchmark,HQ,hq_benchmark,frozen_hq,Frozen HQ benchmark,xgb1,repeat_13_fold_01,13,1,0.27848101265822783,0.16666666666666666,0.19405214034966262,0.24553571428571427,0.7200000000000002,29,29,29
benchmark,hq_benchmark,HQ,hq_benchmark,frozen_hq,Frozen HQ benchmark,logistic,repeat_13_fold_02,13,2,0.10869565217391304,0.03787878787878788,0.13296082510955043,0.07911392405063292,0.35000000000000003,29,29,29
benchmark,hq_benchmark,HQ,hq_benchmark,frozen_hq,Frozen HQ benchmark,xgb1,repeat_13_fold_02,13,2,0.1810344827586207,0.1590909090909091,0.1353158600952866,0.1761744966442953,0.6600000000000001,29,29,29
benchmark,hq_benchmark,HQ,hq_benchmark,frozen_hq,Frozen HQ benchmark,logistic,repeat_13_fold_03,13,3,0.21348314606741572,0.14393939393939395,0.1693376708615577,0.19467213114754098,0.23000000000000004,29,29,29
benchmark,hq_benchmark,HQ,hq_benchmark,frozen_hq,Frozen HQ benchmark,xgb1,repeat_13_fold_03,13,3,0.19298245614035087,0.25,0.17232512789525567,0.20220588235294118,0.6400000000000001,29,29,29
benchmark,hq_benchmark,HQ,hq_benchmark,frozen_hq,Frozen HQ benchmark,logistic,repeat_14_fold_01,14,1,0.22123893805309736,0.1893939393939394,0.17783835274958784,0.21404109589041095,0.18000000000000005,29,29,29
benchmark,hq_benchmark,HQ,hq_benchmark,frozen_hq,Frozen HQ benchmark,xgb1,repeat_14_fold_01,14,1,0.2631578947368421,0.11363636363636363,0.16780358465557724,0.20833333333333334,0.7400000000000002,29,29,29
benchmark,hq_benchmark,HQ,hq_benchmark,frozen_hq,Frozen HQ benchmark,logistic,repeat_14_fold_02,14,2,0.25,0.18181818181818182,0.17395892983798728,0.23255813953488372,0.2,29,29,29
benchmark,hq_benchmark,HQ,hq_benchmark,frozen_hq,Frozen HQ benchmark,xgb1,repeat_14_fold_02,14,2,0.2152777777777778,0.23484848484848486,0.17690727665387024,0.2189265536723164,0.6600000000000001,29,29,29
benchmark,hq_benchmark,HQ,hq_benchmark,frozen_hq,Frozen HQ benchmark,logistic,repeat_14_fold_03,14,3,0.205607476635514,0.16666666666666666,0.15462867567519165,0.19642857142857142,0.2,29,29,29
benchmark,hq_benchmark,HQ,hq_benchmark,frozen_hq,Frozen HQ benchmark,xgb1,repeat_14_fold_03,14,3,0.23232323232323232,0.17424242424242425,0.16117994208049138,0.2178030303030303,0.7000000000000002,29,29,29
benchmark,hq_benchmark,HQ,hq_benchmark,frozen_hq,Frozen HQ benchmark,logistic,repeat_15_fold_01,15,1,0.21739130434782608,0.11363636363636363,0.15243140398062838,0.18382352941176472,0.25000000000000006,29,29,29
benchmark,hq_benchmark,HQ,hq_benchmark,frozen_hq,Frozen HQ benchmark,xgb1,repeat_15_fold_01,15,1,0.21052631578947367,0.15151515151515152,0.1749895098069761,0.1953125,0.6800000000000002,29,29,29
benchmark,hq_benchmark,HQ,hq_benchmark,frozen_hq,Frozen HQ benchmark,logistic,repeat_15_fold_02,15,2,0.2032520325203252,0.1893939393939394,0.17773365559555762,0.20032051282051283,0.19,29,29,29
benchmark,hq_benchmark,HQ,hq_benchmark,frozen_hq,Frozen HQ benchmark,xgb1,repeat_15_fold_02,15,2,0.20833333333333334,0.3787878787878788,0.18265113433868246,0.22893772893772893,0.6100000000000001,29,29,29
benchmark,hq_benchmark,HQ,hq_benchmark,frozen_hq,Frozen HQ benchmark,logistic,repeat_15_fold_03,15,3,0.1949685534591195,0.23484848484848486,0.1532934692068517,0.20182291666666666,0.17000000000000004,29,29,29
benchmark,hq_benchmark,HQ,hq_benchmark,frozen_hq,Frozen HQ benchmark,xgb1,repeat_15_fold_03,15,3,0.26666666666666666,0.12121212121212122,0.15709039192288074,0.21505376344086022,0.7700000000000002,29,29,29
benchmark,hq_benchmark,HQ,hq_benchmark,frozen_hq,Frozen HQ benchmark,logistic,repeat_16_fold_01,16,1,0.19696969696969696,0.09848484848484848,0.15747021209466514,0.16414141414141414,0.25000000000000006,29,29,29
benchmark,hq_benchmark,HQ,hq_benchmark,frozen_hq,Frozen HQ benchmark,xgb1,repeat_16_fold_01,16,1,0.2112676056338028,0.11363636363636363,0.1524638463872916,0.18028846153846154,0.7400000000000002,29,29,29
benchmark,hq_benchmark,HQ,hq_benchmark,frozen_hq,Frozen HQ benchmark,logistic,repeat_16_fold_02,16,2,0.34065934065934067,0.23484848484848486,0.20283233582429305,0.3125,0.2,29,29,29
benchmark,hq_benchmark,HQ,hq_benchmark,frozen_hq,Frozen HQ benchmark,xgb1,repeat_16_fold_02,16,2,0.29,0.2196969696969697,0.21741977733649986,0.2725563909774436,0.6700000000000002,29,29,29
benchmark,hq_benchmark,HQ,hq_benchmark,frozen_hq,Frozen HQ benchmark,logistic,repeat_16_fold_03,16,3,0.18478260869565216,0.25757575757575757,0.1495957766338471,0.195852534562212,0.16000000000000003,29,29,29
benchmark,hq_benchmark,HQ,hq_benchmark,frozen_hq,Frozen HQ benchmark,xgb1,repeat_16_fold_03,16,3,0.171875,0.08333333333333333,0.14333329591775096,0.14175257731958762,0.7800000000000001,29,29,29
augmentation,hq_plus_a,HQ + A,raw_comparison,per_family_2,2 groups per family,logistic,repeat_01_fold_01,1,1,0.2907801418439716,0.3106060606060606,0.2248034962736978,0.29454022988505746,0.24000000000000005,5,5,34
augmentation,hq_plus_a,HQ + A,raw_comparison,per_family_2,2 groups per family,xgb1,repeat_01_fold_01,1,1,0.34558823529411764,0.3560606060606061,0.24164258667305183,0.34763313609467456,0.7400000000000002,5,5,34
augmentation,hq_plus_a,HQ + A,grouped_route,per_family_2,2 groups per family,logistic,repeat_01_fold_01,1,1,0.29523809523809524,0.23484848484848486,0.208339076427155,0.2807971014492754,0.27,5,2,31
augmentation,hq_plus_a,HQ + A,grouped_route,per_family_2,2 groups per family,xgb1,repeat_01_fold_01,1,1,0.35294117647058826,0.36363636363636365,0.24480146857422094,0.35502958579881655,0.7200000000000002,5,2,31
augmentation,hq_plus_a,HQ + A,raw_comparison,per_family_3,3 groups per family,logistic,repeat_01_fold_01,1,1,0.2907801418439716,0.3106060606060606,0.2248034962736978,0.29454022988505746,0.24000000000000005,5,5,34
augmentation,hq_plus_a,HQ + A,raw_comparison,per_family_3,3 groups per family,xgb1,repeat_01_fold_01,1,1,0.34558823529411764,0.3560606060606061,0.24164258667305183,0.34763313609467456,0.7400000000000002,5,5,34
augmentation,hq_plus_a,HQ + A,grouped_route,per_family_3,3 groups per family,logistic,repeat_01_fold_01,1,1,0.2847682119205298,0.32575757575757575,0.22398740647924212,0.2921195652173913,0.23000000000000004,5,3,32
augmentation,hq_plus_a,HQ + A,grouped_route,per_family_3,3 groups per family,xgb1,repeat_01_fold_01,1,1,0.35714285714285715,0.3409090909090909,0.2451167705657622,0.35377358490566035,0.7400000000000002,5,3,32
augmentation,hq_plus_f,HQ + F,raw_comparison,per_family_2,2 groups per family,logistic,repeat_01_fold_01,1,1,0.24752475247524752,0.1893939393939394,0.1814528188968434,0.2332089552238806,0.21000000000000002,6,6,35
augmentation,hq_plus_f,HQ + F,raw_comparison,per_family_2,2 groups per family,xgb1,repeat_01_fold_01,1,1,0.2602739726027397,0.14393939393939395,0.1899722611300831,0.2240566037735849,0.7100000000000002,6,6,35
augmentation,hq_plus_f,HQ + F,grouped_route,per_family_2,2 groups per family,logistic,repeat_01_fold_01,1,1,0.21476510067114093,0.24242424242424243,0.18067732424883934,0.21978021978021978,0.17000000000000004,6,2,31
augmentation,hq_plus_f,HQ + F,grouped_route,per_family_2,2 groups per family,xgb1,repeat_01_fold_01,1,1,0.25333333333333335,0.14393939393939395,0.1913080253037576,0.2199074074074074,0.7100000000000002,6,2,31
augmentation,hq_plus_f,HQ + F,raw_comparison,per_family_3,3 groups per family,logistic,repeat_01_fold_01,1,1,0.24752475247524752,0.1893939393939394,0.1814528188968434,0.2332089552238806,0.21000000000000002,6,6,35
augmentation,hq_plus_f,HQ + F,raw_comparison,per_family_3,3 groups per family,xgb1,repeat_01_fold_01,1,1,0.2602739726027397,0.14393939393939395,0.1899722611300831,0.2240566037735849,0.7100000000000002,6,6,35
augmentation,hq_plus_f,HQ + F,grouped_route,per_family_3,3 groups per family,logistic,repeat_01_fold_01,1,1,0.22666666666666666,0.25757575757575757,0.18072928834500146,0.23224043715846995,0.17000000000000004,6,3,32
augmentation,hq_plus_f,HQ + F,grouped_route,per_family_3,3 groups per family,xgb1,repeat_01_fold_01,1,1,0.2261904761904762,0.14393939393939395,0.1907981421963833,0.202991452991453,0.7000000000000002,6,3,32
augmentation,hq_plus_a_b_c_d_e,HQ + A+B+C+D+E,raw_comparison,per_family_2,2 groups per family,logistic,repeat_01_fold_01,1,1,0.2982456140350877,0.25757575757575757,0.23770575905029528,0.2891156462585034,0.29000000000000004,15,15,44
augmentation,hq_plus_a_b_c_d_e,HQ + A+B+C+D+E,raw_comparison,per_family_2,2 groups per family,xgb1,repeat_01_fold_01,1,1,0.352112676056338,0.3787878787878788,0.2439405163683415,0.35714285714285715,0.7200000000000002,15,15,44
augmentation,hq_plus_a_b_c_d_e,HQ + A+B+C+D+E,grouped_route,per_family_2,2 groups per family,logistic,repeat_01_fold_01,1,1,0.34234234234234234,0.2878787878787879,0.22912310773318495,0.3298611111111111,0.28,15,10,39
augmentation,hq_plus_a_b_c_d_e,HQ + A+B+C+D+E,grouped_route,per_family_2,2 groups per family,xgb1,repeat_01_fold_01,1,1,0.3484848484848485,0.3484848484848485,0.24609792397804223,0.3484848484848485,0.7200000000000002,15,10,39
augmentation,hq_plus_a_b_c_d_e,HQ + A+B+C+D+E,raw_comparison,per_family_3,3 groups per family,logistic,repeat_01_fold_01,1,1,0.2982456140350877,0.25757575757575757,0.23770575905029528,0.2891156462585034,0.29000000000000004,15,15,44
augmentation,hq_plus_a_b_c_d_e,HQ + A+B+C+D+E,raw_comparison,per_family_3,3 groups per family,xgb1,repeat_01_fold_01,1,1,0.352112676056338,0.3787878787878788,0.2439405163683415,0.35714285714285715,0.7200000000000002,15,15,44
augmentation,hq_plus_a_b_c_d_e,HQ + A+B+C+D+E,grouped_route,per_family_3,3 groups per family,logistic,repeat_01_fold_01,1,1,0.3090909090909091,0.25757575757575757,0.23694761690614208,0.2972027972027972,0.29000000000000004,15,13,42
augmentation,hq_plus_a_b_c_d_e,HQ + A+B+C+D+E,grouped_route,per_family_3,3 groups per family,xgb1,repeat_01_fold_01,1,1,0.36885245901639346,0.3409090909090909,0.24594887093618614,0.3629032258064516,0.7400000000000002,15,13,42
augmentation,hq_plus_b_c_d_e_f,HQ + B+C+D+E+F,raw_comparison,per_family_2,2 groups per family,logistic,repeat_01_fold_01,1,1,0.3116883116883117,0.18181818181818182,0.19069448346419135,0.2727272727272727,0.29000000000000004,16,16,45
augmentation,hq_plus_b_c_d_e_f,HQ + B+C+D+E+F,raw_comparison,per_family_2,2 groups per family,xgb1,repeat_01_fold_01,1,1,0.23853211009174313,0.19696969696969696,0.19272366646211542,0.22887323943661972,0.6700000000000002,16,16,45
augmentation,hq_plus_b_c_d_e_f,HQ + B+C+D+E+F,grouped_route,per_family_2,2 groups per family,logistic,repeat_01_fold_01,1,1,0.265625,0.25757575757575757,0.1905000583595247,0.2639751552795031,0.2,16,10,39
augmentation,hq_plus_b_c_d_e_f,HQ + B+C+D+E+F,grouped_route,per_family_2,2 groups per family,xgb1,repeat_01_fold_01,1,1,0.2543859649122807,0.2196969696969697,0.19322045586550415,0.2465986394557823,0.6700000000000002,16,10,39
augmentation,hq_plus_b_c_d_e_f,HQ + B+C+D+E+F,raw_comparison,per_family_3,3 groups per family,logistic,repeat_01_fold_01,1,1,0.3116883116883117,0.18181818181818182,0.19069448346419135,0.2727272727272727,0.29000000000000004,16,16,45
augmentation,hq_plus_b_c_d_e_f,HQ + B+C+D+E+F,raw_comparison,per_family_3,3 groups per family,xgb1,repeat_01_fold_01,1,1,0.23853211009174313,0.19696969696969696,0.19272366646211542,0.22887323943661972,0.6700000000000002,16,16,45
augmentation,hq_plus_b_c_d_e_f,HQ + B+C+D+E+F,grouped_route,per_family_3,3 groups per family,logistic,repeat_01_fold_01,1,1,0.3076923076923077,0.21212121212121213,0.1898760654876646,0.28225806451612906,0.26000000000000006,16,13,42
augmentation,hq_plus_b_c_d_e_f,HQ + B+C+D+E+F,grouped_route,per_family_3,3 groups per family,xgb1,repeat_01_fold_01,1,1,0.2413793103448276,0.21212121212121213,0.19181679712857888,0.2348993288590604,0.6600000000000001,16,13,42
competition,hq_only,HQ,raw_comparison,total_groups_6,6 total groups,logistic,repeat_01_fold_01,1,1,0.225,0.20454545454545456,0.1728398426927734,0.22058823529411764,0.18000000000000005,29,29,29
competition,hq_only,HQ,raw_comparison,total_groups_6,6 total groups,xgb1,repeat_01_fold_01,1,1,0.25,0.14393939393939395,0.18770920225599613,0.21788990825688073,0.7200000000000002,29,29,29
competition,hq_only,HQ,grouped_route,total_groups_6,6 total groups,logistic,repeat_01_fold_01,1,1,0.2876712328767123,0.1590909090909091,0.18332811525874987,0.24764150943396226,0.18000000000000005,29,6,6
competition,hq_only,HQ,grouped_route,total_groups_6,6 total groups,xgb1,repeat_01_fold_01,1,1,0.24074074074074073,0.19696969696969696,0.17970227684955686,0.23049645390070922,0.6800000000000002,29,6,6
competition,hq_plus_a,HQ + A,raw_comparison,total_groups_6,6 total groups,logistic,repeat_01_fold_01,1,1,0.2907801418439716,0.3106060606060606,0.2248034962736978,0.29454022988505746,0.24000000000000005,34,34,34
competition,hq_plus_a,HQ + A,raw_comparison,total_groups_6,6 total groups,xgb1,repeat_01_fold_01,1,1,0.34558823529411764,0.3560606060606061,0.24164258667305183,0.34763313609467456,0.7400000000000002,34,34,34
competition,hq_plus_a,HQ + A,grouped_route,total_groups_6,6 total groups,logistic,repeat_01_fold_01,1,1,0.3434343434343434,0.25757575757575757,0.2262012609599447,0.32196969696969696,0.23000000000000004,34,6,6
competition,hq_plus_a,HQ + A,grouped_route,total_groups_6,6 total groups,xgb1,repeat_01_fold_01,1,1,0.32142857142857145,0.2727272727272727,0.23081975992595535,0.3103448275862069,0.7900000000000001,34,6,6
competition,hq_plus_f,HQ + F,raw_comparison,total_groups_6,6 total groups,logistic,repeat_01_fold_01,1,1,0.24752475247524752,0.1893939393939394,0.1814528188968434,0.2332089552238806,0.21000000000000002,35,35,35
competition,hq_plus_f,HQ + F,raw_comparison,total_groups_6,6 total groups,xgb1,repeat_01_fold_01,1,1,0.2602739726027397,0.14393939393939395,0.1899722611300831,0.2240566037735849,0.7100000000000002,35,35,35
competition,hq_plus_f,HQ + F,grouped_route,total_groups_6,6 total groups,logistic,repeat_01_fold_01,1,1,0.2755905511811024,0.26515151515151514,0.19288986243515466,0.2734375,0.16000000000000003,35,6,6
competition,hq_plus_f,HQ + F,grouped_route,total_groups_6,6 total groups,xgb1,repeat_01_fold_01,1,1,0.28169014084507044,0.15151515151515152,0.1955306385652234,0.2403846153846154,0.7300000000000002,35,6,6
competition,hq_plus_a_b_c_d_e,HQ + A+B+C+D+E,raw_comparison,total_groups_6,6 total groups,logistic,repeat_01_fold_01,1,1,0.2982456140350877,0.25757575757575757,0.23770575905029528,0.2891156462585034,0.29000000000000004,44,44,44
competition,hq_plus_a_b_c_d_e,HQ + A+B+C+D+E,raw_comparison,total_groups_6,6 total groups,xgb1,repeat_01_fold_01,1,1,0.352112676056338,0.3787878787878788,0.2439405163683415,0.35714285714285715,0.7200000000000002,44,44,44
competition,hq_plus_a_b_c_d_e,HQ + A+B+C+D+E,grouped_route,total_groups_6,6 total groups,logistic,repeat_01_fold_01,1,1,0.2541436464088398,0.3484848484848485,0.1946010841032335,0.26869158878504673,0.15000000000000002,44,6,6
competition,hq_plus_a_b_c_d_e,HQ + A+B+C+D+E,grouped_route,total_groups_6,6 total groups,xgb1,repeat_01_fold_01,1,1,0.3103448275862069,0.2727272727272727,0.20920605922283678,0.30201342281879195,0.7200000000000002,44,6,6
competition,hq_plus_b_c_d_e_f,HQ + B+C+D+E+F,raw_comparison,total_groups_6,6 total groups,logistic,repeat_01_fold_01,1,1,0.3116883116883117,0.18181818181818182,0.19069448346419135,0.2727272727272727,0.29000000000000004,45,45,45
competition,hq_plus_b_c_d_e_f,HQ + B+C+D+E+F,raw_comparison,total_groups_6,6 total groups,xgb1,repeat_01_fold_01,1,1,0.23853211009174313,0.19696969696969696,0.19272366646211542,0.22887323943661972,0.6700000000000002,45,45,45
competition,hq_plus_b_c_d_e_f,HQ + B+C+D+E+F,grouped_route,total_groups_6,6 total groups,logistic,repeat_01_fold_01,1,1,0.21649484536082475,0.1590909090909091,0.18254645169647377,0.20192307692307693,0.17000000000000004,45,6,6
competition,hq_plus_b_c_d_e_f,HQ + B+C+D+E+F,grouped_route,total_groups_6,6 total groups,xgb1,repeat_01_fold_01,1,1,0.2537313432835821,0.12878787878787878,0.1807264704036378,0.2125,0.7200000000000002,45,6,6
augmentation,hq_plus_a,HQ + A,raw_comparison,per_family_2,2 groups per family,logistic,repeat_01_fold_02,1,2,0.34579439252336447,0.2803030303030303,0.2453701868620316,0.33035714285714285,0.29000000000000004,5,5,34
augmentation,hq_plus_a,HQ + A,raw_comparison,per_family_2,2 groups per family,xgb1,repeat_01_fold_02,1,2,0.31896551724137934,0.2803030303030303,0.24658735980113028,0.3104026845637584,0.7400000000000002,5,5,34
augmentation,hq_plus_a,HQ + A,grouped_route,per_family_2,2 groups per family,logistic,repeat_01_fold_02,1,2,0.344,0.32575757575757575,0.23428329508874096,0.3401898734177215,0.25000000000000006,5,2,31
augmentation,hq_plus_a,HQ + A,grouped_route,per_family_2,2 groups per family,xgb1,repeat_01_fold_02,1,2,0.31343283582089554,0.3181818181818182,0.24501341392652543,0.3143712574850299,0.7100000000000002,5,2,31
augmentation,hq_plus_a,HQ + A,raw_comparison,per_family_3,3 groups per family,logistic,repeat_01_fold_02,1,2,0.34579439252336447,0.2803030303030303,0.2453701868620316,0.33035714285714285,0.29000000000000004,5,5,34
augmentation,hq_plus_a,HQ + A,raw_comparison,per_family_3,3 groups per family,xgb1,repeat_01_fold_02,1,2,0.31896551724137934,0.2803030303030303,0.24658735980113028,0.3104026845637584,0.7400000000000002,5,5,34
augmentation,hq_plus_a,HQ + A,grouped_route,per_family_3,3 groups per family,logistic,repeat_01_fold_02,1,2,0.35353535353535354,0.26515151515151514,0.24670627334628797,0.3314393939393939,0.31000000000000005,5,3,32
augmentation,hq_plus_a,HQ + A,grouped_route,per_family_3,3 groups per family,xgb1,repeat_01_fold_02,1,2,0.3063063063063063,0.25757575757575757,0.24848087573730215,0.2951388888888889,0.7500000000000002,5,3,32
augmentation,hq_plus_f,HQ + F,raw_comparison,per_family_2,2 groups per family,logistic,repeat_01_fold_02,1,2,0.24793388429752067,0.22727272727272727,0.18521298900495833,0.2435064935064935,0.22000000000000003,6,6,35
augmentation,hq_plus_f,HQ + F,raw_comparison,per_family_2,2 groups per family,xgb1,repeat_01_fold_02,1,2,0.23776223776223776,0.25757575757575757,0.18058263637741534,0.24147727272727273,0.6700000000000002,6,6,35
augmentation,hq_plus_f,HQ + F,grouped_route,per_family_2,2 groups per family,logistic,repeat_01_fold_02,1,2,0.25,0.23484848484848486,0.18169575842795993,0.24681528662420382,0.22000000000000003,6,2,31
augmentation,hq_plus_f,HQ + F,grouped_route,per_family_2,2 groups per family,xgb1,repeat_01_fold_02,1,2,0.21739130434782608,0.26515151515151514,0.18156232836657837,0.22551546391752578,0.6600000000000001,6,2,31
augmentation,hq_plus_f,HQ + F,raw_comparison,per_family_3,3 groups per family,logistic,repeat_01_fold_02,1,2,0.24793388429752067,0.22727272727272727,0.18521298900495833,0.2435064935064935,0.22000000000000003,6,6,35
augmentation,hq_plus_f,HQ + F,raw_comparison,per_family_3,3 groups per family,xgb1,repeat_01_fold_02,1,2,0.23776223776223776,0.25757575757575757,0.18058263637741534,0.24147727272727273,0.6700000000000002,6,6,35
augmentation,hq_plus_f,HQ + F,grouped_route,per_family_3,3 groups per family,logistic,repeat_01_fold_02,1,2,0.21710526315789475,0.25,0.18221715793757562,0.22297297297297297,0.2,6,3,32
augmentation,hq_plus_f,HQ + F,grouped_route,per_family_3,3 groups per family,xgb1,repeat_01_fold_02,1,2,0.22077922077922077,0.25757575757575757,0.18138614420763471,0.22727272727272727,0.6600000000000001,6,3,32
augmentation,hq_plus_a_b_c_d_e,HQ + A+B+C+D+E,raw_comparison,per_family_2,2 groups per family,logistic,repeat_01_fold_02,1,2,0.3283582089552239,0.3333333333333333,0.24779875174602478,0.32934131736526945,0.28,15,15,44
augmentation,hq_plus_a_b_c_d_e,HQ + A+B+C+D+E,raw_comparison,per_family_2,2 groups per family,xgb1,repeat_01_fold_02,1,2,0.3148148148148148,0.25757575757575757,0.24692984454526262,0.30141843971631205,0.7500000000000002,15,15,44
augmentation,hq_plus_a_b_c_d_e,HQ + A+B+C+D+E,grouped_route,per_family_2,2 groups per family,logistic,repeat_01_fold_02,1,2,0.33663366336633666,0.25757575757575757,0.23666685717462596,0.31716417910447764,0.33,15,10,39
augmentation,hq_plus_a_b_c_d_e,HQ + A+B+C+D+E,grouped_route,per_family_2,2 groups per family,xgb1,repeat_01_fold_02,1,2,0.2887323943661972,0.3106060606060606,0.2447639510585754,0.29285714285714287,0.7100000000000002,15,10,39
augmentation,hq_plus_a_b_c_d_e,HQ + A+B+C+D+E,raw_comparison,per_family_3,3 groups per family,logistic,repeat_01_fold_02,1,2,0.3283582089552239,0.3333333333333333,0.24779875174602478,0.32934131736526945,0.28,15,15,44
augmentation,hq_plus_a_b_c_d_e,HQ + A+B+C+D+E,raw_comparison,per_family_3,3 groups per family,xgb1,repeat_01_fold_02,1,2,0.3148148148148148,0.25757575757575757,0.24692984454526262,0.30141843971631205,0.7500000000000002,15,15,44
augmentation,hq_plus_a_b_c_d_e,HQ + A+B+C+D+E,grouped_route,per_family_3,3 groups per family,logistic,repeat_01_fold_02,1,2,0.3233082706766917,0.32575757575757575,0.24854413460138586,0.32379518072289154,0.28,15,13,42
augmentation,hq_plus_a_b_c_d_e,HQ + A+B+C+D+E,grouped_route,per_family_3,3 groups per family,xgb1,repeat_01_fold_02,1,2,0.3157894736842105,0.3181818181818182,0.24937042027933898,0.31626506024096385,0.7100000000000002,15,13,42
augmentation,hq_plus_b_c_d_e_f,HQ + B+C+D+E+F,raw_comparison,per_family_2,2 groups per family,logistic,repeat_01_fold_02,1,2,0.3048780487804878,0.1893939393939394,0.19742626320823675,0.2717391304347826,0.30000000000000004,16,16,45
augmentation,hq_plus_b_c_d_e_f,HQ + B+C+D+E+F,raw_comparison,per_family_2,2 groups per family,xgb1,repeat_01_fold_02,1,2,0.22556390977443608,0.22727272727272727,0.18435966353741506,0.22590361445783133,0.6800000000000002,16,16,45
augmentation,hq_plus_b_c_d_e_f,HQ + B+C+D+E+F,grouped_route,per_family_2,2 groups per family,logistic,repeat_01_fold_02,1,2,0.2605042016806723,0.23484848484848486,0.18873680869150833,0.25493421052631576,0.25000000000000006,16,10,39
augmentation,hq_plus_b_c_d_e_f,HQ + B+C+D+E+F,grouped_route,per_family_2,2 groups per family,xgb1,repeat_01_fold_02,1,2,0.313953488372093,0.20454545454545456,0.18539485851580736,0.28361344537815125,0.7300000000000002,16,10,39
augmentation,hq_plus_b_c_d_e_f,HQ + B+C+D+E+F,raw_comparison,per_family_3,3 groups per family,logistic,repeat_01_fold_02,1,2,0.3048780487804878,0.1893939393939394,0.19742626320823675,0.2717391304347826,0.30000000000000004,16,16,45
augmentation,hq_plus_b_c_d_e_f,HQ + B+C+D+E+F,raw_comparison,per_family_3,3 groups per family,xgb1,repeat_01_fold_02,1,2,0.22556390977443608,0.22727272727272727,0.18435966353741506,0.22590361445783133,0.6800000000000002,16,16,45
augmentation,hq_plus_b_c_d_e_f,HQ + B+C+D+E+F,grouped_route,per_family_3,3 groups per family,logistic,repeat_01_fold_02,1,2,0.27380952380952384,0.17424242424242425,0.19105905713898402,0.24572649572649571,0.30000000000000004,16,13,42
augmentation,hq_plus_b_c_d_e_f,HQ + B+C+D+E+F,grouped_route,per_family_3,3 groups per family,xgb1,repeat_01_fold_02,1,2,0.26126126126126126,0.2196969696969697,0.18400190802916871,0.2517361111111111,0.7100000000000002,16,13,42
competition,hq_only,HQ,raw_comparison,total_groups_6,6 total groups,logistic,repeat_01_fold_02,1,2,0.2571428571428571,0.20454545454545456,0.16969644952860535,0.24456521739130435,0.23000000000000004,29,29,29
competition,hq_only,HQ,raw_comparison,total_groups_6,6 total groups,xgb1,repeat_01_fold_02,1,2,0.22535211267605634,0.24242424242424243,0.17783624774423024,0.22857142857142856,0.6800000000000002,29,29,29
competition,hq_only,HQ,grouped_route,total_groups_6,6 total groups,logistic,repeat_01_fold_02,1,2,0.2857142857142857,0.18181818181818182,0.1744781056198409,0.2564102564102564,0.21000000000000002,29,6,6
competition,hq_only,HQ,grouped_route,total_groups_6,6 total groups,xgb1,repeat_01_fold_02,1,2,0.20610687022900764,0.20454545454545456,0.16617513565198072,0.20579268292682926,0.7000000000000002,29,6,6
competition,hq_plus_a,HQ + A,raw_comparison,total_groups_6,6 total groups,logistic,repeat_01_fold_02,1,2,0.34579439252336447,0.2803030303030303,0.2453701868620316,0.33035714285714285,0.29000000000000004,34,34,34
competition,hq_plus_a,HQ + A,raw_comparison,total_groups_6,6 total groups,xgb1,repeat_01_fold_02,1,2,0.31896551724137934,0.2803030303030303,0.24658735980113028,0.3104026845637584,0.7400000000000002,34,34,34
competition,hq_plus_a,HQ + A,grouped_route,total_groups_6,6 total groups,logistic,repeat_01_fold_02,1,2,0.35135135135135137,0.29545454545454547,0.23335091997156707,0.3385416666666667,0.23000000000000004,34,6,6
competition,hq_plus_a,HQ + A,grouped_route,total_groups_6,6 total groups,xgb1,repeat_01_fold_02,1,2,0.3333333333333333,0.23484848484848486,0.24118660588906918,0.30753968253968256,0.8000000000000002,34,6,6
competition,hq_plus_f,HQ + F,raw_comparison,total_groups_6,6 total groups,logistic,repeat_01_fold_02,1,2,0.24793388429752067,0.22727272727272727,0.18521298900495833,0.2435064935064935,0.22000000000000003,35,35,35
competition,hq_plus_f,HQ + F,raw_comparison,total_groups_6,6 total groups,xgb1,repeat_01_fold_02,1,2,0.23776223776223776,0.25757575757575757,0.18058263637741534,0.24147727272727273,0.6700000000000002,35,35,35
competition,hq_plus_f,HQ + F,grouped_route,total_groups_6,6 total groups,logistic,repeat_01_fold_02,1,2,0.2857142857142857,0.18181818181818182,0.17599422639241408,0.2564102564102564,0.21000000000000002,35,6,6
competition,hq_plus_f,HQ + F,grouped_route,total_groups_6,6 total groups,xgb1,repeat_01_fold_02,1,2,0.2127659574468085,0.22727272727272727,0.17039318946264242,0.21551724137931033,0.6800000000000002,35,6,6
competition,hq_plus_a_b_c_d_e,HQ + A+B+C+D+E,raw_comparison,total_groups_6,6 total groups,logistic,repeat_01_fold_02,1,2,0.3283582089552239,0.3333333333333333,0.24779875174602478,0.32934131736526945,0.28,44,44,44
competition,hq_plus_a_b_c_d_e,HQ + A+B+C+D+E,raw_comparison,total_groups_6,6 total groups,xgb1,repeat_01_fold_02,1,2,0.3148148148148148,0.25757575757575757,0.24692984454526262,0.30141843971631205,0.7500000000000002,44,44,44
competition,hq_plus_a_b_c_d_e,HQ + A+B+C+D+E,grouped_route,total_groups_6,6 total groups,logistic,repeat_01_fold_02,1,2,0.36893203883495146,0.2878787878787879,0.23716310834259385,0.3492647058823529,0.29000000000000004,44,6,6
competition,hq_plus_a_b_c_d_e,HQ + A+B+C+D+E,grouped_route,total_groups_6,6 total groups,xgb1,repeat_01_fold_02,1,2,0.32075471698113206,0.25757575757575757,0.23601899463172782,0.3057553956834532,0.8000000000000002,44,6,6
competition,hq_plus_b_c_d_e_f,HQ + B+C+D+E+F,raw_comparison,total_groups_6,6 total groups,logistic,repeat_01_fold_02,1,2,0.3048780487804878,0.1893939393939394,0.19742626320823675,0.2717391304347826,0.30000000000000004,45,45,45
competition,hq_plus_b_c_d_e_f,HQ + B+C+D+E+F,raw_comparison,total_groups_6,6 total groups,xgb1,repeat_01_fold_02,1,2,0.22556390977443608,0.22727272727272727,0.18435966353741506,0.22590361445783133,0.6800000000000002,45,45,45
competition,hq_plus_b_c_d_e_f,HQ + B+C+D+E+F,grouped_route,total_groups_6,6 total groups,logistic,repeat_01_fold_02,1,2,0.2597402597402597,0.15151515151515152,0.17310064689512633,0.22727272727272727,0.22000000000000003,45,6,6
competition,hq_plus_b_c_d_e_f,HQ + B+C+D+E+F,grouped_route,total_groups_6,6 total groups,xgb1,repeat_01_fold_02,1,2,0.2,0.20454545454545456,0.1640910242314265,0.20089285714285715,0.7100000000000002,45,6,6
augmentation,hq_plus_a,HQ + A,raw_comparison,per_family_2,2 groups per family,logistic,repeat_01_fold_03,1,3,0.2948717948717949,0.17424242424242425,0.21156580863698018,0.25900900900900903,0.29000000000000004,5,5,34
augmentation,hq_plus_a,HQ + A,raw_comparison,per_family_2,2 groups per family,xgb1,repeat_01_fold_03,1,3,0.30097087378640774,0.23484848484848486,0.22311833371376075,0.2849264705882353,0.7200000000000002,5,5,34
augmentation,hq_plus_a,HQ + A,grouped_route,per_family_2,2 groups per family,logistic,repeat_01_fold_03,1,3,0.2676056338028169,0.14393939393939395,0.20957541043915512,0.2283653846153846,0.31000000000000005,5,2,31
augmentation,hq_plus_a,HQ + A,grouped_route,per_family_2,2 groups per family,xgb1,repeat_01_fold_03,1,3,0.345679012345679,0.21212121212121213,0.220890341490939,0.30701754385964913,0.7600000000000002,5,2,31
augmentation,hq_plus_a,HQ + A,raw_comparison,per_family_3,3 groups per family,logistic,repeat_01_fold_03,1,3,0.2948717948717949,0.17424242424242425,0.21156580863698018,0.25900900900900903,0.29000000000000004,5,5,34
augmentation,hq_plus_a,HQ + A,raw_comparison,per_family_3,3 groups per family,xgb1,repeat_01_fold_03,1,3,0.30097087378640774,0.23484848484848486,0.22311833371376075,0.2849264705882353,0.7200000000000002,5,5,34
augmentation,hq_plus_a,HQ + A,grouped_route,per_family_3,3 groups per family,logistic,repeat_01_fold_03,1,3,0.2840909090909091,0.1893939393939394,0.21111394388970015,0.25826446280991733,0.26000000000000006,5,3,32
augmentation,hq_plus_a,HQ + A,grouped_route,per_family_3,3 groups per family,xgb1,repeat_01_fold_03,1,3,0.3333333333333333,0.24242424242424243,0.22555896393188263,0.31007751937984496,0.7300000000000002,5,3,32
augmentation,hq_plus_f,HQ + F,raw_comparison,per_family_2,2 groups per family,logistic,repeat_01_fold_03,1,3,0.2236842105263158,0.12878787878787878,0.16060810763547792,0.19495412844036697,0.24000000000000005,6,6,35
augmentation,hq_plus_f,HQ + F,raw_comparison,per_family_2,2 groups per family,xgb1,repeat_01_fold_03,1,3,0.20754716981132076,0.08333333333333333,0.1580445097863338,0.15988372093023256,0.7400000000000002,6,6,35
augmentation,hq_plus_f,HQ + F,grouped_route,per_family_2,2 groups per family,logistic,repeat_01_fold_03,1,3,0.2361111111111111,0.12878787878787878,0.1571395770583302,0.20238095238095238,0.23000000000000004,6,2,31
augmentation,hq_plus_f,HQ + F,grouped_route,per_family_2,2 groups per family,xgb1,repeat_01_fold_03,1,3,0.19607843137254902,0.07575757575757576,0.1579322905680396,0.1488095238095238,0.7500000000000002,6,2,31
augmentation,hq_plus_f,HQ + F,raw_comparison,per_family_3,3 groups per family,logistic,repeat_01_fold_03,1,3,0.2236842105263158,0.12878787878787878,0.16060810763547792,0.19495412844036697,0.24000000000000005,6,6,35
augmentation,hq_plus_f,HQ + F,raw_comparison,per_family_3,3 groups per family,xgb1,repeat_01_fold_03,1,3,0.20754716981132076,0.08333333333333333,0.1580445097863338,0.15988372093023256,0.7400000000000002,6,6,35
augmentation,hq_plus_f,HQ + F,grouped_route,per_family_3,3 groups per family,logistic,repeat_01_fold_03,1,3,0.2153846153846154,0.10606060606060606,0.15658459054400353,0.17857142857142858,0.25000000000000006,6,3,32
augmentation,hq_plus_f,HQ + F,grouped_route,per_family_3,3 groups per family,xgb1,repeat_01_fold_03,1,3,0.2037037037037037,0.08333333333333333,0.15992399962522094,0.15804597701149425,0.7400000000000002,6,3,32
augmentation,hq_plus_a_b_c_d_e,HQ + A+B+C+D+E,raw_comparison,per_family_2,2 groups per family,logistic,repeat_01_fold_03,1,3,0.3,0.20454545454545456,0.21665736497290236,0.27439024390243905,0.30000000000000004,15,15,44
augmentation,hq_plus_a_b_c_d_e,HQ + A+B+C+D+E,raw_comparison,per_family_2,2 groups per family,xgb1,repeat_01_fold_03,1,3,0.297029702970297,0.22727272727272727,0.21887880420486003,0.2798507462686567,0.7200000000000002,15,15,44
augmentation,hq_plus_a_b_c_d_e,HQ + A+B+C+D+E,grouped_route,per_family_2,2 groups per family,logistic,repeat_01_fold_03,1,3,0.3333333333333333,0.19696969696969696,0.2189805007068965,0.2927927927927928,0.32000000000000006,15,10,39
augmentation,hq_plus_a_b_c_d_e,HQ + A+B+C+D+E,grouped_route,per_family_2,2 groups per family,xgb1,repeat_01_fold_03,1,3,0.3258426966292135,0.2196969696969697,0.21795700906653964,0.29713114754098363,0.7500000000000002,15,10,39
augmentation,hq_plus_a_b_c_d_e,HQ + A+B+C+D+E,raw_comparison,per_family_3,3 groups per family,logistic,repeat_01_fold_03,1,3,0.3,0.20454545454545456,0.21665736497290236,0.27439024390243905,0.30000000000000004,15,15,44
augmentation,hq_plus_a_b_c_d_e,HQ + A+B+C+D+E,raw_comparison,per_family_3,3 groups per family,xgb1,repeat_01_fold_03,1,3,0.297029702970297,0.22727272727272727,0.21887880420486003,0.2798507462686567,0.7200000000000002,15,15,44
augmentation,hq_plus_a_b_c_d_e,HQ + A+B+C+D+E,grouped_route,per_family_3,3 groups per family,logistic,repeat_01_fold_03,1,3,0.2857142857142857,0.18181818181818182,0.21618654719951985,0.2564102564102564,0.31000000000000005,15,13,42
augmentation,hq_plus_a_b_c_d_e,HQ + A+B+C+D+E,grouped_route,per_family_3,3 groups per family,xgb1,repeat_01_fold_03,1,3,0.32978723404255317,0.23484848484848486,0.22426647690361398,0.3051181102362205,0.7300000000000002,15,13,42
augmentation,hq_plus_b_c_d_e_f,HQ + B+C+D+E+F,raw_comparison,per_family_2,2 groups per family,logistic,repeat_01_fold_03,1,3,0.24193548387096775,0.11363636363636363,0.1780889885366641,0.19736842105263158,0.29000000000000004,16,16,45
augmentation,hq_plus_b_c_d_e_f,HQ + B+C+D+E+F,raw_comparison,per_family_2,2 groups per family,xgb1,repeat_01_fold_03,1,3,0.21739130434782608,0.11363636363636363,0.16473965985386627,0.18382352941176472,0.7000000000000002,16,16,45
augmentation,hq_plus_b_c_d_e_f,HQ + B+C+D+E+F,grouped_route,per_family_2,2 groups per family,logistic,repeat_01_fold_03,1,3,0.2833333333333333,0.12878787878787878,0.17524755310819554,0.22849462365591397,0.27,16,10,39
augmentation,hq_plus_b_c_d_e_f,HQ + B+C+D+E+F,grouped_route,per_family_2,2 groups per family,xgb1,repeat_01_fold_03,1,3,0.19298245614035087,0.08333333333333333,0.16621858253698074,0.1527777777777778,0.7300000000000002,16,10,39
augmentation,hq_plus_b_c_d_e_f,HQ + B+C+D+E+F,raw_comparison,per_family_3,3 groups per family,logistic,repeat_01_fold_03,1,3,0.24193548387096775,0.11363636363636363,0.1780889885366641,0.19736842105263158,0.29000000000000004,16,16,45
augmentation,hq_plus_b_c_d_e_f,HQ + B+C+D+E+F,raw_comparison,per_family_3,3 groups per family,xgb1,repeat_01_fold_03,1,3,0.21739130434782608,0.11363636363636363,0.16473965985386627,0.18382352941176472,0.7000000000000002,16,16,45
augmentation,hq_plus_b_c_d_e_f,HQ + B+C+D+E+F,grouped_route,per_family_3,3 groups per family,logistic,repeat_01_fold_03,1,3,0.23636363636363636,0.09848484848484848,0.17559499458213676,0.1846590909090909,0.29000000000000004,16,13,42
augmentation,hq_plus_b_c_d_e_f,HQ + B+C+D+E+F,grouped_route,per_family_3,3 groups per family,xgb1,repeat_01_fold_03,1,3,0.17857142857142858,0.07575757575757576,0.16530838059035374,0.1404494382022472,0.7300000000000002,16,13,42
competition,hq_only,HQ,raw_comparison,total_groups_6,6 total groups,logistic,repeat_01_fold_03,1,3,0.1836734693877551,0.06818181818181818,0.15503518378913772,0.13719512195121952,0.27,29,29,29
competition,hq_only,HQ,raw_comparison,total_groups_6,6 total groups,xgb1,repeat_01_fold_03,1,3,0.20930232558139536,0.06818181818181818,0.15466675842940847,0.14802631578947367,0.7900000000000001,29,29,29
competition,hq_only,HQ,grouped_route,total_groups_6,6 total groups,logistic,repeat_01_fold_03,1,3,0.18072289156626506,0.11363636363636363,0.14189566616747545,0.16163793103448276,0.18000000000000005,29,6,6
competition,hq_only,HQ,grouped_route,total_groups_6,6 total groups,xgb1,repeat_01_fold_03,1,3,0.1836734693877551,0.06818181818181818,0.13600737818352276,0.13719512195121952,0.7400000000000002,29,6,6
competition,hq_plus_a,HQ + A,raw_comparison,total_groups_6,6 total groups,logistic,repeat_01_fold_03,1,3,0.2948717948717949,0.17424242424242425,0.21156580863698018,0.25900900900900903,0.29000000000000004,34,34,34
competition,hq_plus_a,HQ + A,raw_comparison,total_groups_6,6 total groups,xgb1,repeat_01_fold_03,1,3,0.30097087378640774,0.23484848484848486,0.22311833371376075,0.2849264705882353,0.7200000000000002,34,34,34
competition,hq_plus_a,HQ + A,grouped_route,total_groups_6,6 total groups,logistic,repeat_01_fold_03,1,3,0.2833333333333333,0.25757575757575757,0.19621835186747932,0.2777777777777778,0.19,34,6,6
competition,hq_plus_a,HQ + A,grouped_route,total_groups_6,6 total groups,xgb1,repeat_01_fold_03,1,3,0.35365853658536583,0.2196969696969697,0.20726624079375255,0.31521739130434784,0.7700000000000002,34,6,6
competition,hq_plus_f,HQ + F,raw_comparison,total_groups_6,6 total groups,logistic,repeat_01_fold_03,1,3,0.2236842105263158,0.12878787878787878,0.16060810763547792,0.19495412844036697,0.24000000000000005,35,35,35
competition,hq_plus_f,HQ + F,raw_comparison,total_groups_6,6 total groups,xgb1,repeat_01_fold_03,1,3,0.20754716981132076,0.08333333333333333,0.1580445097863338,0.15988372093023256,0.7400000000000002,35,35,35
competition,hq_plus_f,HQ + F,grouped_route,total_groups_6,6 total groups,logistic,repeat_01_fold_03,1,3,0.2,0.1590909090909091,0.14315334379083652,0.19021739130434784,0.17000000000000004,35,6,6
competition,hq_plus_f,HQ + F,grouped_route,total_groups_6,6 total groups,xgb1,repeat_01_fold_03,1,3,0.18292682926829268,0.11363636363636363,0.14663242654249756,0.16304347826086957,0.6900000000000002,35,6,6
competition,hq_plus_a_b_c_d_e,HQ + A+B+C+D+E,raw_comparison,total_groups_6,6 total groups,logistic,repeat_01_fold_03,1,3,0.3,0.20454545454545456,0.21665736497290236,0.27439024390243905,0.30000000000000004,44,44,44
competition,hq_plus_a_b_c_d_e,HQ + A+B+C+D+E,raw_comparison,total_groups_6,6 total groups,xgb1,repeat_01_fold_03,1,3,0.297029702970297,0.22727272727272727,0.21887880420486003,0.2798507462686567,0.7200000000000002,44,44,44
competition,hq_plus_a_b_c_d_e,HQ + A+B+C+D+E,grouped_route,total_groups_6,6 total groups,logistic,repeat_01_fold_03,1,3,0.26744186046511625,0.17424242424242425,0.17699981418321648,0.2415966386554622,0.2,44,6,6
competition,hq_plus_a_b_c_d_e,HQ + A+B+C+D+E,grouped_route,total_groups_6,6 total groups,xgb1,repeat_01_fold_03,1,3,0.29365079365079366,0.2803030303030303,0.19346134376051086,0.2908805031446541,0.6900000000000002,44,6,6
competition,hq_plus_b_c_d_e_f,HQ + B+C+D+E+F,raw_comparison,total_groups_6,6 total groups,logistic,repeat_01_fold_03,1,3,0.24193548387096775,0.11363636363636363,0.1780889885366641,0.19736842105263158,0.29000000000000004,45,45,45
competition,hq_plus_b_c_d_e_f,HQ + B+C+D+E+F,raw_comparison,total_groups_6,6 total groups,xgb1,repeat_01_fold_03,1,3,0.21739130434782608,0.11363636363636363,0.16473965985386627,0.18382352941176472,0.7000000000000002,45,45,45
competition,hq_plus_b_c_d_e_f,HQ + B+C+D+E+F,grouped_route,total_groups_6,6 total groups,logistic,repeat_01_fold_03,1,3,0.21649484536082475,0.1590909090909091,0.15154817077679308,0.20192307692307693,0.17000000000000004,45,6,6
competition,hq_plus_b_c_d_e_f,HQ + B+C+D+E+F,grouped_route,total_groups_6,6 total groups,xgb1,repeat_01_fold_03,1,3,0.18181818181818182,0.13636363636363635,0.1418763548377996,0.17045454545454544,0.6800000000000002,45,6,6
augmentation,hq_plus_a,HQ + A,raw_comparison,per_family_2,2 groups per family,logistic,repeat_02_fold_01,2,1,0.3076923076923077,0.3333333333333333,0.23751571482880576,0.3125,0.23000000000000004,5,5,34
augmentation,hq_plus_a,HQ + A,raw_comparison,per_family_2,2 groups per family,xgb1,repeat_02_fold_01,2,1,0.27218934911242604,0.3484848484848485,0.2487255747785542,0.28465346534653463,0.6800000000000002,5,5,34
augmentation,hq_plus_a,HQ + A,grouped_route,per_family_2,2 groups per family,logistic,repeat_02_fold_01,2,1,0.3333333333333333,0.30303030303030304,0.2272945290901715,0.32679738562091504,0.27,5,2,31
augmentation,hq_plus_a,HQ + A,grouped_route,per_family_2,2 groups per family,xgb1,repeat_02_fold_01,2,1,0.2905405405405405,0.32575757575757575,0.24613977014317318,0.2969613259668508,0.7000000000000002,5,2,31
augmentation,hq_plus_a,HQ + A,raw_comparison,per_family_3,3 groups per family,logistic,repeat_02_fold_01,2,1,0.3076923076923077,0.3333333333333333,0.23751571482880576,0.3125,0.23000000000000004,5,5,34
augmentation,hq_plus_a,HQ + A,raw_comparison,per_family_3,3 groups per family,xgb1,repeat_02_fold_01,2,1,0.27218934911242604,0.3484848484848485,0.2487255747785542,0.28465346534653463,0.6800000000000002,5,5,34
augmentation,hq_plus_a,HQ + A,grouped_route,per_family_3,3 groups per family,logistic,repeat_02_fold_01,2,1,0.33884297520661155,0.3106060606060606,0.23802013813249034,0.3327922077922078,0.26000000000000006,5,3,32
augmentation,hq_plus_a,HQ + A,grouped_route,per_family_3,3 groups per family,xgb1,repeat_02_fold_01,2,1,0.2876712328767123,0.3181818181818182,0.24674609712099577,0.29329608938547486,0.7000000000000002,5,3,32
augmentation,hq_plus_f,HQ + F,raw_comparison,per_family_2,2 groups per family,logistic,repeat_02_fold_01,2,1,0.30392156862745096,0.23484848484848486,0.20113989521602466,0.28703703703703703,0.21000000000000002,6,6,35
augmentation,hq_plus_f,HQ + F,raw_comparison,per_family_2,2 groups per family,xgb1,repeat_02_fold_01,2,1,0.2627118644067797,0.23484848484848486,0.19247727896651376,0.25662251655629137,0.6800000000000002,6,6,35
augmentation,hq_plus_f,HQ + F,grouped_route,per_family_2,2 groups per family,logistic,repeat_02_fold_01,2,1,0.31313131313131315,0.23484848484848486,0.19810779266424583,0.2935606060606061,0.21000000000000002,6,2,31
augmentation,hq_plus_f,HQ + F,grouped_route,per_family_2,2 groups per family,xgb1,repeat_02_fold_01,2,1,0.3333333333333333,0.16666666666666666,0.19409604023496022,0.2777777777777778,0.7400000000000002,6,2,31
augmentation,hq_plus_f,HQ + F,raw_comparison,per_family_3,3 groups per family,logistic,repeat_02_fold_01,2,1,0.30392156862745096,0.23484848484848486,0.20113989521602466,0.28703703703703703,0.21000000000000002,6,6,35
augmentation,hq_plus_f,HQ + F,raw_comparison,per_family_3,3 groups per family,xgb1,repeat_02_fold_01,2,1,0.2627118644067797,0.23484848484848486,0.19247727896651376,0.25662251655629137,0.6800000000000002,6,6,35
augmentation,hq_plus_f,HQ + F,grouped_route,per_family_3,3 groups per family,logistic,repeat_02_fold_01,2,1,0.30612244897959184,0.22727272727272727,0.196864721670067,0.2862595419847328,0.21000000000000002,6,3,32
augmentation,hq_plus_f,HQ + F,grouped_route,per_family_3,3 groups per family,xgb1,repeat_02_fold_01,2,1,0.3137254901960784,0.12121212121212122,0.19325752453037578,0.23809523809523808,0.8300000000000002,6,3,32
augmentation,hq_plus_a_b_c_d_e,HQ + A+B+C+D+E,raw_comparison,per_family_2,2 groups per family,logistic,repeat_02_fold_01,2,1,0.31851851851851853,0.32575757575757575,0.24307617967796785,0.31994047619047616,0.25000000000000006,15,15,44
augmentation,hq_plus_a_b_c_d_e,HQ + A+B+C+D+E,raw_comparison,per_family_2,2 groups per family,xgb1,repeat_02_fold_01,2,1,0.29545454545454547,0.3939393939393939,0.24792553677551293,0.31100478468899523,0.6700000000000002,15,15,44
augmentation,hq_plus_a_b_c_d_e,HQ + A+B+C+D+E,grouped_route,per_family_2,2 groups per family,logistic,repeat_02_fold_01,2,1,0.3057324840764331,0.36363636363636365,0.23952529156253857,0.3157894736842105,0.23000000000000004,15,10,39
augmentation,hq_plus_a_b_c_d_e,HQ + A+B+C+D+E,grouped_route,per_family_2,2 groups per family,xgb1,repeat_02_fold_01,2,1,0.3037037037037037,0.3106060606060606,0.2466416386710092,0.30505952380952384,0.7200000000000002,15,10,39
augmentation,hq_plus_a_b_c_d_e,HQ + A+B+C+D+E,raw_comparison,per_family_3,3 groups per family,logistic,repeat_02_fold_01,2,1,0.31851851851851853,0.32575757575757575,0.24307617967796785,0.31994047619047616,0.25000000000000006,15,15,44
augmentation,hq_plus_a_b_c_d_e,HQ + A+B+C+D+E,raw_comparison,per_family_3,3 groups per family,xgb1,repeat_02_fold_01,2,1,0.29545454545454547,0.3939393939393939,0.24792553677551293,0.31100478468899523,0.6700000000000002,15,15,44
augmentation,hq_plus_a_b_c_d_e,HQ + A+B+C+D+E,grouped_route,per_family_3,3 groups per family,logistic,repeat_02_fold_01,2,1,0.3230769230769231,0.3181818181818182,0.24352548795520645,0.3220858895705521,0.26000000000000006,15,13,42
augmentation,hq_plus_a_b_c_d_e,HQ + A+B+C+D+E,grouped_route,per_family_3,3 groups per family,xgb1,repeat_02_fold_01,2,1,0.30656934306569344,0.3181818181818182,0.24729544897183253,0.3088235294117647,0.7100000000000002,15,13,42
augmentation,hq_plus_b_c_d_e_f,HQ + B+C+D+E+F,raw_comparison,per_family_2,2 groups per family,logistic,repeat_02_fold_01,2,1,0.3372093023255814,0.2196969696969697,0.21351475382469315,0.30462184873949577,0.27,16,16,45
augmentation,hq_plus_b_c_d_e_f,HQ + B+C+D+E+F,raw_comparison,per_family_2,2 groups per family,xgb1,repeat_02_fold_01,2,1,0.28205128205128205,0.25,0.19734540081728316,0.275,0.6800000000000002,16,16,45
augmentation,hq_plus_b_c_d_e_f,HQ + B+C+D+E+F,grouped_route,per_family_2,2 groups per family,logistic,repeat_02_fold_01,2,1,0.34065934065934067,0.23484848484848486,0.21170782994793236,0.3125,0.26000000000000006,16,10,39
augmentation,hq_plus_b_c_d_e_f,HQ + B+C+D+E+F,grouped_route,per_family_2,2 groups per family,xgb1,repeat_02_fold_01,2,1,0.3333333333333333,0.1893939393939394,0.19738860905520195,0.28935185185185186,0.7300000000000002,16,10,39
augmentation,hq_plus_b_c_d_e_f,HQ + B+C+D+E+F,raw_comparison,per_family_3,3 groups per family,logistic,repeat_02_fold_01,2,1,0.3372093023255814,0.2196969696969697,0.21351475382469315,0.30462184873949577,0.27,16,16,45
augmentation,hq_plus_b_c_d_e_f,HQ + B+C+D+E+F,raw_comparison,per_family_3,3 groups per family,xgb1,repeat_02_fold_01,2,1,0.28205128205128205,0.25,0.19734540081728316,0.275,0.6800000000000002,16,16,45
augmentation,hq_plus_b_c_d_e_f,HQ + B+C+D+E+F,grouped_route,per_family_3,3 groups per family,logistic,repeat_02_fold_01,2,1,0.3448275862068966,0.22727272727272727,0.21046851720991228,0.3125,0.26000000000000006,16,13,42
augmentation,hq_plus_b_c_d_e_f,HQ + B+C+D+E+F,grouped_route,per_family_3,3 groups per family,xgb1,repeat_02_fold_01,2,1,0.2672413793103448,0.23484848484848486,0.19724065409982755,0.2600671140939597,0.6900000000000002,16,13,42
competition,hq_only,HQ,raw_comparison,total_groups_6,6 total groups,logistic,repeat_02_fold_01,2,1,0.29347826086956524,0.20454545454545456,0.18873435116058512,0.27,0.21000000000000002,29,29,29
competition,hq_only,HQ,raw_comparison,total_groups_6,6 total groups,xgb1,repeat_02_fold_01,2,1,0.31666666666666665,0.14393939393939395,0.18978141068365492,0.2553763440860215,0.7600000000000002,29,29,29
competition,hq_only,HQ,grouped_route,total_groups_6,6 total groups,logistic,repeat_02_fold_01,2,1,0.2523364485981308,0.20454545454545456,0.17210890427603903,0.24107142857142858,0.17000000000000004,29,6,6
competition,hq_only,HQ,grouped_route,total_groups_6,6 total groups,xgb1,repeat_02_fold_01,2,1,0.16317991631799164,0.29545454545454547,0.17113574091438102,0.1792279411764706,0.6000000000000002,29,6,6
competition,hq_plus_a,HQ + A,raw_comparison,total_groups_6,6 total groups,logistic,repeat_02_fold_01,2,1,0.3076923076923077,0.3333333333333333,0.23751571482880576,0.3125,0.23000000000000004,34,34,34
competition,hq_plus_a,HQ + A,raw_comparison,total_groups_6,6 total groups,xgb1,repeat_02_fold_01,2,1,0.27218934911242604,0.3484848484848485,0.2487255747785542,0.28465346534653463,0.6800000000000002,34,34,34
competition,hq_plus_a,HQ + A,grouped_route,total_groups_6,6 total groups,logistic,repeat_02_fold_01,2,1,0.35185185185185186,0.2878787878787879,0.22295094467128068,0.33687943262411346,0.25000000000000006,34,6,6
competition,hq_plus_a,HQ + A,grouped_route,total_groups_6,6 total groups,xgb1,repeat_02_fold_01,2,1,0.3014705882352941,0.3106060606060606,0.22676647826750107,0.3032544378698225,0.7400000000000002,34,6,6
competition,hq_plus_f,HQ + F,raw_comparison,total_groups_6,6 total groups,logistic,repeat_02_fold_01,2,1,0.30392156862745096,0.23484848484848486,0.20113989521602466,0.28703703703703703,0.21000000000000002,35,35,35
competition,hq_plus_f,HQ + F,raw_comparison,total_groups_6,6 total groups,xgb1,repeat_02_fold_01,2,1,0.2627118644067797,0.23484848484848486,0.19247727896651376,0.25662251655629137,0.6800000000000002,35,35,35
competition,hq_plus_f,HQ + F,grouped_route,total_groups_6,6 total groups,logistic,repeat_02_fold_01,2,1,0.32051282051282054,0.1893939393939394,0.1742799170318811,0.28153153153153154,0.19,35,6,6
competition,hq_plus_f,HQ + F,grouped_route,total_groups_6,6 total groups,xgb1,repeat_02_fold_01,2,1,0.1971153846153846,0.3106060606060606,0.18240951561049498,0.21265560165975103,0.6100000000000001,35,6,6
competition,hq_plus_a_b_c_d_e,HQ + A+B+C+D+E,raw_comparison,total_groups_6,6 total groups,logistic,repeat_02_fold_01,2,1,0.31851851851851853,0.32575757575757575,0.24307617967796785,0.31994047619047616,0.25000000000000006,44,44,44
competition,hq_plus_a_b_c_d_e,HQ + A+B+C+D+E,raw_comparison,total_groups_6,6 total groups,xgb1,repeat_02_fold_01,2,1,0.29545454545454547,0.3939393939393939,0.24792553677551293,0.31100478468899523,0.6700000000000002,44,44,44
competition,hq_plus_a_b_c_d_e,HQ + A+B+C+D+E,grouped_route,total_groups_6,6 total groups,logistic,repeat_02_fold_01,2,1,0.325,0.29545454545454547,0.2202935952159769,0.31862745098039214,0.22000000000000003,44,6,6
competition,hq_plus_a_b_c_d_e,HQ + A+B+C+D+E,grouped_route,total_groups_6,6 total groups,xgb1,repeat_02_fold_01,2,1,0.2857142857142857,0.3181818181818182,0.23180931753175235,0.2916666666666667,0.7200000000000002,44,6,6
competition,hq_plus_b_c_d_e_f,HQ + B+C+D+E+F,raw_comparison,total_groups_6,6 total groups,logistic,repeat_02_fold_01,2,1,0.3372093023255814,0.2196969696969697,0.21351475382469315,0.30462184873949577,0.27,45,45,45
competition,hq_plus_b_c_d_e_f,HQ + B+C+D+E+F,raw_comparison,total_groups_6,6 total groups,xgb1,repeat_02_fold_01,2,1,0.28205128205128205,0.25,0.19734540081728316,0.275,0.6800000000000002,45,45,45
competition,hq_plus_b_c_d_e_f,HQ + B+C+D+E+F,grouped_route,total_groups_6,6 total groups,logistic,repeat_02_fold_01,2,1,0.20994475138121546,0.2878787878787879,0.1884402003902807,0.2219626168224299,0.15000000000000002,45,6,6
competition,hq_plus_b_c_d_e_f,HQ + B+C+D+E+F,grouped_route,total_groups_6,6 total groups,xgb1,repeat_02_fold_01,2,1,0.21100917431192662,0.3484848484848485,0.19726334491426345,0.2290836653386454,0.6100000000000001,45,6,6
augmentation,hq_plus_a,HQ + A,raw_comparison,per_family_2,2 groups per family,logistic,repeat_02_fold_02,2,2,0.3140495867768595,0.2878787878787879,0.21225480227094715,0.30844155844155846,0.23000000000000004,5,5,34
augmentation,hq_plus_a,HQ + A,raw_comparison,per_family_2,2 groups per family,xgb1,repeat_02_fold_02,2,2,0.25,0.22727272727272727,0.20724303881895564,0.24509803921568626,0.7000000000000002,5,5,34
augmentation,hq_plus_a,HQ + A,grouped_route,per_family_2,2 groups per family,logistic,repeat_02_fold_02,2,2,0.2711864406779661,0.12121212121212122,0.20440296411271025,0.21739130434782608,0.34,5,2,31
augmentation,hq_plus_a,HQ + A,grouped_route,per_family_2,2 groups per family,xgb1,repeat_02_fold_02,2,2,0.25766871165644173,0.3181818181818182,0.20346068405993367,0.26785714285714285,0.6500000000000001,5,2,31
augmentation,hq_plus_a,HQ + A,raw_comparison,per_family_3,3 groups per family,logistic,repeat_02_fold_02,2,2,0.3140495867768595,0.2878787878787879,0.21225480227094715,0.30844155844155846,0.23000000000000004,5,5,34
augmentation,hq_plus_a,HQ + A,raw_comparison,per_family_3,3 groups per family,xgb1,repeat_02_fold_02,2,2,0.25,0.22727272727272727,0.20724303881895564,0.24509803921568626,0.7000000000000002,5,5,34
augmentation,hq_plus_a,HQ + A,grouped_route,per_family_3,3 groups per family,logistic,repeat_02_fold_02,2,2,0.2413793103448276,0.10606060606060606,0.21062521970807913,0.19230769230769232,0.37000000000000005,5,3,32
augmentation,hq_plus_a,HQ + A,grouped_route,per_family_3,3 groups per family,xgb1,repeat_02_fold_02,2,2,0.2550335570469799,0.2878787878787879,0.20645246264284492,0.260989010989011,0.6700000000000002,5,3,32
augmentation,hq_plus_f,HQ + F,raw_comparison,per_family_2,2 groups per family,logistic,repeat_02_fold_02,2,2,0.1794871794871795,0.05303030303030303,0.16220584501096916,0.12152777777777778,0.4800000000000001,6,6,35
augmentation,hq_plus_f,HQ + F,raw_comparison,per_family_2,2 groups per family,xgb1,repeat_02_fold_02,2,2,0.1794871794871795,0.05303030303030303,0.16012455166170445,0.12152777777777778,0.9000000000000002,6,6,35
augmentation,hq_plus_f,HQ + F,grouped_route,per_family_2,2 groups per family,logistic,repeat_02_fold_02,2,2,0.21052631578947367,0.09090909090909091,0.15714045790014972,0.16666666666666666,0.25000000000000006,6,2,31
augmentation,hq_plus_f,HQ + F,grouped_route,per_family_2,2 groups per family,xgb1,repeat_02_fold_02,2,2,0.1794871794871795,0.05303030303030303,0.15984082983743703,0.12152777777777778,0.8800000000000002,6,2,31
augmentation,hq_plus_f,HQ + F,raw_comparison,per_family_3,3 groups per family,logistic,repeat_02_fold_02,2,2,0.1794871794871795,0.05303030303030303,0.16220584501096916,0.12152777777777778,0.4800000000000001,6,6,35
augmentation,hq_plus_f,HQ + F,raw_comparison,per_family_3,3 groups per family,xgb1,repeat_02_fold_02,2,2,0.1794871794871795,0.05303030303030303,0.16012455166170445,0.12152777777777778,0.9000000000000002,6,6,35
augmentation,hq_plus_f,HQ + F,grouped_route,per_family_3,3 groups per family,logistic,repeat_02_fold_02,2,2,0.1794871794871795,0.05303030303030303,0.15622680731933494,0.12152777777777778,0.44000000000000006,6,3,32
augmentation,hq_plus_f,HQ + F,grouped_route,per_family_3,3 groups per family,xgb1,repeat_02_fold_02,2,2,0.1794871794871795,0.05303030303030303,0.1603573881423529,0.12152777777777778,0.8900000000000002,6,3,32
augmentation,hq_plus_a_b_c_d_e,HQ + A+B+C+D+E,raw_comparison,per_family_2,2 groups per family,logistic,repeat_02_fold_02,2,2,0.28688524590163933,0.26515151515151514,0.2174140107690598,0.28225806451612906,0.25000000000000006,15,15,44
augmentation,hq_plus_a_b_c_d_e,HQ + A+B+C+D+E,raw_comparison,per_family_2,2 groups per family,xgb1,repeat_02_fold_02,2,2,0.2540983606557377,0.23484848484848486,0.2091133099985413,0.25,0.6900000000000002,15,15,44
augmentation,hq_plus_a_b_c_d_e,HQ + A+B+C+D+E,grouped_route,per_family_2,2 groups per family,logistic,repeat_02_fold_02,2,2,0.32323232323232326,0.24242424242424243,0.21135263116588543,0.30303030303030304,0.29000000000000004,15,10,39
augmentation,hq_plus_a_b_c_d_e,HQ + A+B+C+D+E,grouped_route,per_family_2,2 groups per family,xgb1,repeat_02_fold_02,2,2,0.2684563758389262,0.30303030303030304,0.2034748463555392,0.27472527472527475,0.6600000000000001,15,10,39
augmentation,hq_plus_a_b_c_d_e,HQ + A+B+C+D+E,raw_comparison,per_family_3,3 groups per family,logistic,repeat_02_fold_02,2,2,0.28688524590163933,0.26515151515151514,0.2174140107690598,0.28225806451612906,0.25000000000000006,15,15,44
augmentation,hq_plus_a_b_c_d_e,HQ + A+B+C+D+E,raw_comparison,per_family_3,3 groups per family,xgb1,repeat_02_fold_02,2,2,0.2540983606557377,0.23484848484848486,0.2091133099985413,0.25,0.6900000000000002,15,15,44
augmentation,hq_plus_a_b_c_d_e,HQ + A+B+C+D+E,grouped_route,per_family_3,3 groups per family,logistic,repeat_02_fold_02,2,2,0.2876712328767123,0.3181818181818182,0.2155980196460527,0.29329608938547486,0.22000000000000003,15,13,42
augmentation,hq_plus_a_b_c_d_e,HQ + A+B+C+D+E,grouped_route,per_family_3,3 groups per family,xgb1,repeat_02_fold_02,2,2,0.2773109243697479,0.25,0.2078936077312012,0.2713815789473684,0.7000000000000002,15,13,42
augmentation,hq_plus_b_c_d_e_f,HQ + B+C+D+E+F,raw_comparison,per_family_2,2 groups per family,logistic,repeat_02_fold_02,2,2,0.25,0.2196969696969697,0.17186280993897923,0.24328859060402686,0.22000000000000003,16,16,45
augmentation,hq_plus_b_c_d_e_f,HQ + B+C+D+E+F,raw_comparison,per_family_2,2 groups per family,xgb1,repeat_02_fold_02,2,2,0.1794871794871795,0.05303030303030303,0.15812616020383893,0.12152777777777778,0.9200000000000003,16,16,45
augmentation,hq_plus_b_c_d_e_f,HQ + B+C+D+E+F,grouped_route,per_family_2,2 groups per family,logistic,repeat_02_fold_02,2,2,0.24691358024691357,0.15151515151515152,0.16445466636077555,0.21929824561403508,0.25000000000000006,16,10,39
augmentation,hq_plus_b_c_d_e_f,HQ + B+C+D+E+F,grouped_route,per_family_2,2 groups per family,xgb1,repeat_02_fold_02,2,2,0.1794871794871795,0.05303030303030303,0.16041703195469573,0.12152777777777778,0.9200000000000003,16,10,39
augmentation,hq_plus_b_c_d_e_f,HQ + B+C+D+E+F,raw_comparison,per_family_3,3 groups per family,logistic,repeat_02_fold_02,2,2,0.25,0.2196969696969697,0.17186280993897923,0.24328859060402686,0.22000000000000003,16,16,45
augmentation,hq_plus_b_c_d_e_f,HQ + B+C+D+E+F,raw_comparison,per_family_3,3 groups per family,xgb1,repeat_02_fold_02,2,2,0.1794871794871795,0.05303030303030303,0.15812616020383893,0.12152777777777778,0.9200000000000003,16,16,45
augmentation,hq_plus_b_c_d_e_f,HQ + B+C+D+E+F,grouped_route,per_family_3,3 groups per family,logistic,repeat_02_fold_02,2,2,0.24210526315789474,0.17424242424242425,0.16514185716436985,0.224609375,0.24000000000000005,16,13,42
augmentation,hq_plus_b_c_d_e_f,HQ + B+C+D+E+F,grouped_route,per_family_3,3 groups per family,xgb1,repeat_02_fold_02,2,2,0.1794871794871795,0.05303030303030303,0.15924000924824822,0.12152777777777778,0.9100000000000003,16,13,42
competition,hq_only,HQ,raw_comparison,total_groups_6,6 total groups,logistic,repeat_02_fold_02,2,2,0.175,0.05303030303030303,0.15421679000113267,0.11986301369863013,0.32000000000000006,29,29,29
competition,hq_only,HQ,raw_comparison,total_groups_6,6 total groups,xgb1,repeat_02_fold_02,2,2,0.1794871794871795,0.05303030303030303,0.1550634356355553,0.12152777777777778,0.8600000000000002,29,29,29
competition,hq_only,HQ,grouped_route,total_groups_6,6 total groups,logistic,repeat_02_fold_02,2,2,0.22727272727272727,0.07575757575757576,0.14410656312632353,0.16233766233766234,0.22000000000000003,29,6,6
competition,hq_only,HQ,grouped_route,total_groups_6,6 total groups,xgb1,repeat_02_fold_02,2,2,0.1794871794871795,0.05303030303030303,0.14755571973133874,0.12152777777777778,0.7500000000000002,29,6,6
competition,hq_plus_a,HQ + A,raw_comparison,total_groups_6,6 total groups,logistic,repeat_02_fold_02,2,2,0.3140495867768595,0.2878787878787879,0.21225480227094715,0.30844155844155846,0.23000000000000004,34,34,34
competition,hq_plus_a,HQ + A,raw_comparison,total_groups_6,6 total groups,xgb1,repeat_02_fold_02,2,2,0.25,0.22727272727272727,0.20724303881895564,0.24509803921568626,0.7000000000000002,34,34,34
competition,hq_plus_a,HQ + A,grouped_route,total_groups_6,6 total groups,logistic,repeat_02_fold_02,2,2,0.3488372093023256,0.22727272727272727,0.2047464909204892,0.31512605042016806,0.22000000000000003,34,6,6
competition,hq_plus_a,HQ + A,grouped_route,total_groups_6,6 total groups,xgb1,repeat_02_fold_02,2,2,0.29508196721311475,0.2727272727272727,0.20236005312630498,0.2903225806451613,0.7300000000000002,34,6,6
competition,hq_plus_f,HQ + F,raw_comparison,total_groups_6,6 total groups,logistic,repeat_02_fold_02,2,2,0.1794871794871795,0.05303030303030303,0.16220584501096916,0.12152777777777778,0.4800000000000001,35,35,35
competition,hq_plus_f,HQ + F,raw_comparison,total_groups_6,6 total groups,xgb1,repeat_02_fold_02,2,2,0.1794871794871795,0.05303030303030303,0.16012455166170445,0.12152777777777778,0.9000000000000002,35,35,35
competition,hq_plus_f,HQ + F,grouped_route,total_groups_6,6 total groups,logistic,repeat_02_fold_02,2,2,0.2,0.08333333333333333,0.14712544357545823,0.15625,0.2,35,6,6
competition,hq_plus_f,HQ + F,grouped_route,total_groups_6,6 total groups,xgb1,repeat_02_fold_02,2,2,0.20224719101123595,0.13636363636363635,0.15372314862711664,0.18442622950819673,0.6800000000000002,35,6,6
competition,hq_plus_a_b_c_d_e,HQ + A+B+C+D+E,raw_comparison,total_groups_6,6 total groups,logistic,repeat_02_fold_02,2,2,0.28688524590163933,0.26515151515151514,0.2174140107690598,0.28225806451612906,0.25000000000000006,44,44,44
competition,hq_plus_a_b_c_d_e,HQ + A+B+C+D+E,raw_comparison,total_groups_6,6 total groups,xgb1,repeat_02_fold_02,2,2,0.2540983606557377,0.23484848484848486,0.2091133099985413,0.25,0.6900000000000002,44,44,44
competition,hq_plus_a_b_c_d_e,HQ + A+B+C+D+E,grouped_route,total_groups_6,6 total groups,logistic,repeat_02_fold_02,2,2,0.2537313432835821,0.12878787878787878,0.17058668975642458,0.2125,0.2,44,6,6
competition,hq_plus_a_b_c_d_e,HQ + A+B+C+D+E,grouped_route,total_groups_6,6 total groups,xgb1,repeat_02_fold_02,2,2,0.2840909090909091,0.1893939393939394,0.1930763987841605,0.25826446280991733,0.7500000000000002,44,6,6
competition,hq_plus_b_c_d_e_f,HQ + B+C+D+E+F,raw_comparison,total_groups_6,6 total groups,logistic,repeat_02_fold_02,2,2,0.25,0.2196969696969697,0.17186280993897923,0.24328859060402686,0.22000000000000003,45,45,45
competition,hq_plus_b_c_d_e_f,HQ + B+C+D+E+F,raw_comparison,total_groups_6,6 total groups,xgb1,repeat_02_fold_02,2,2,0.1794871794871795,0.05303030303030303,0.15812616020383893,0.12152777777777778,0.9200000000000003,45,45,45
competition,hq_plus_b_c_d_e_f,HQ + B+C+D+E+F,grouped_route,total_groups_6,6 total groups,logistic,repeat_02_fold_02,2,2,0.2413793103448276,0.10606060606060606,0.14737413902593074,0.19230769230769232,0.2,45,6,6
competition,hq_plus_b_c_d_e_f,HQ + B+C+D+E+F,grouped_route,total_groups_6,6 total groups,xgb1,repeat_02_fold_02,2,2,0.23076923076923078,0.11363636363636363,0.15296511902473836,0.1913265306122449,0.7400000000000002,45,6,6
augmentation,hq_plus_a,HQ + A,raw_comparison,per_family_2,2 groups per family,logistic,repeat_02_fold_03,2,3,0.31851851851851853,0.32575757575757575,0.21805793905073373,0.31994047619047616,0.25000000000000006,5,5,34
augmentation,hq_plus_a,HQ + A,raw_comparison,per_family_2,2 groups per family,xgb1,repeat_02_fold_03,2,3,0.32432432432432434,0.2727272727272727,0.23744986280000518,0.3125,0.7600000000000002,5,5,34
augmentation,hq_plus_a,HQ + A,grouped_route,per_family_2,2 groups per family,logistic,repeat_02_fold_03,2,3,0.2777777777777778,0.26515151515151514,0.20533422882216998,0.2751572327044025,0.23000000000000004,5,2,31
augmentation,hq_plus_a,HQ + A,grouped_route,per_family_2,2 groups per family,xgb1,repeat_02_fold_03,2,3,0.32051282051282054,0.3787878787878788,0.23032462927756586,0.3306878306878307,0.6900000000000002,5,2,31
augmentation,hq_plus_a,HQ + A,raw_comparison,per_family_3,3 groups per family,logistic,repeat_02_fold_03,2,3,0.31851851851851853,0.32575757575757575,0.21805793905073373,0.31994047619047616,0.25000000000000006,5,5,34
augmentation,hq_plus_a,HQ + A,raw_comparison,per_family_3,3 groups per family,xgb1,repeat_02_fold_03,2,3,0.32432432432432434,0.2727272727272727,0.23744986280000518,0.3125,0.7600000000000002,5,5,34
augmentation,hq_plus_a,HQ + A,grouped_route,per_family_3,3 groups per family,logistic,repeat_02_fold_03,2,3,0.30952380952380953,0.29545454545454547,0.21905617431583943,0.30660377358490565,0.26000000000000006,5,3,32
augmentation,hq_plus_a,HQ + A,grouped_route,per_family_3,3 groups per family,xgb1,repeat_02_fold_03,2,3,0.24124513618677043,0.4696969696969697,0.2389519034095151,0.2672413793103448,0.6000000000000002,5,3,32
augmentation,hq_plus_f,HQ + F,raw_comparison,per_family_2,2 groups per family,logistic,repeat_02_fold_03,2,3,0.23529411764705882,0.21212121212121213,0.16596272002609544,0.23026315789473684,0.22000000000000003,6,6,35
augmentation,hq_plus_f,HQ + F,raw_comparison,per_family_2,2 groups per family,xgb1,repeat_02_fold_03,2,3,0.2023121387283237,0.26515151515151514,0.17208348228547546,0.21237864077669902,0.6300000000000001,6,6,35
augmentation,hq_plus_f,HQ + F,grouped_route,per_family_2,2 groups per family,logistic,repeat_02_fold_03,2,3,0.23809523809523808,0.1893939393939394,0.16448254662177625,0.22644927536231885,0.23000000000000004,6,2,31
augmentation,hq_plus_f,HQ + F,grouped_route,per_family_2,2 groups per family,xgb1,repeat_02_fold_03,2,3,0.20245398773006135,0.25,0.17241961294458974,0.21045918367346939,0.6400000000000001,6,2,31
augmentation,hq_plus_f,HQ + F,raw_comparison,per_family_3,3 groups per family,logistic,repeat_02_fold_03,2,3,0.23529411764705882,0.21212121212121213,0.16596272002609544,0.23026315789473684,0.22000000000000003,6,6,35
augmentation,hq_plus_f,HQ + F,raw_comparison,per_family_3,3 groups per family,xgb1,repeat_02_fold_03,2,3,0.2023121387283237,0.26515151515151514,0.17208348228547546,0.21237864077669902,0.6300000000000001,6,6,35
augmentation,hq_plus_f,HQ + F,grouped_route,per_family_3,3 groups per family,logistic,repeat_02_fold_03,2,3,0.2204724409448819,0.21212121212121213,0.16462081800831746,0.21875,0.21000000000000002,6,3,32
augmentation,hq_plus_f,HQ + F,grouped_route,per_family_3,3 groups per family,xgb1,repeat_02_fold_03,2,3,0.17272727272727273,0.2878787878787879,0.17367720293060926,0.18774703557312253,0.6000000000000002,6,3,32
augmentation,hq_plus_a_b_c_d_e,HQ + A+B+C+D+E,raw_comparison,per_family_2,2 groups per family,logistic,repeat_02_fold_03,2,3,0.2865853658536585,0.3560606060606061,0.22738585024320074,0.2982233502538071,0.22000000000000003,15,15,44
augmentation,hq_plus_a_b_c_d_e,HQ + A+B+C+D+E,raw_comparison,per_family_2,2 groups per family,xgb1,repeat_02_fold_03,2,3,0.3391304347826087,0.29545454545454547,0.23628127263296395,0.3293918918918919,0.7400000000000002,15,15,44
augmentation,hq_plus_a_b_c_d_e,HQ + A+B+C+D+E,grouped_route,per_family_2,2 groups per family,logistic,repeat_02_fold_03,2,3,0.3394495412844037,0.2803030303030303,0.22076067892288753,0.3257042253521127,0.30000000000000004,15,10,39
augmentation,hq_plus_a_b_c_d_e,HQ + A+B+C+D+E,grouped_route,per_family_2,2 groups per family,xgb1,repeat_02_fold_03,2,3,0.34615384615384615,0.3409090909090909,0.22950512825700398,0.3450920245398773,0.7200000000000002,15,10,39
augmentation,hq_plus_a_b_c_d_e,HQ + A+B+C+D+E,raw_comparison,per_family_3,3 groups per family,logistic,repeat_02_fold_03,2,3,0.2865853658536585,0.3560606060606061,0.22738585024320074,0.2982233502538071,0.22000000000000003,15,15,44
augmentation,hq_plus_a_b_c_d_e,HQ + A+B+C+D+E,raw_comparison,per_family_3,3 groups per family,xgb1,repeat_02_fold_03,2,3,0.3391304347826087,0.29545454545454547,0.23628127263296395,0.3293918918918919,0.7400000000000002,15,15,44
augmentation,hq_plus_a_b_c_d_e,HQ + A+B+C+D+E,grouped_route,per_family_3,3 groups per family,logistic,repeat_02_fold_03,2,3,0.32558139534883723,0.3181818181818182,0.22779742615051793,0.32407407407407407,0.26000000000000006,15,13,42
augmentation,hq_plus_a_b_c_d_e,HQ + A+B+C+D+E,grouped_route,per_family_3,3 groups per family,xgb1,repeat_02_fold_03,2,3,0.26976744186046514,0.4393939393939394,0.2393586252746,0.2923387096774194,0.6300000000000001,15,13,42
augmentation,hq_plus_b_c_d_e_f,HQ + B+C+D+E+F,raw_comparison,per_family_2,2 groups per family,logistic,repeat_02_fold_03,2,3,0.25925925925925924,0.21212121212121213,0.1807691582510984,0.24822695035460993,0.25000000000000006,16,16,45
augmentation,hq_plus_b_c_d_e_f,HQ + B+C+D+E+F,raw_comparison,per_family_2,2 groups per family,xgb1,repeat_02_fold_03,2,3,0.25862068965517243,0.22727272727272727,0.17942040148711938,0.2516778523489933,0.6700000000000002,16,16,45
augmentation,hq_plus_b_c_d_e_f,HQ + B+C+D+E+F,grouped_route,per_family_2,2 groups per family,logistic,repeat_02_fold_03,2,3,0.24561403508771928,0.21212121212121213,0.17898585906963466,0.23809523809523808,0.23000000000000004,16,10,39
augmentation,hq_plus_b_c_d_e_f,HQ + B+C+D+E+F,grouped_route,per_family_2,2 groups per family,xgb1,repeat_02_fold_03,2,3,0.2440944881889764,0.23484848484848486,0.18039619683722993,0.2421875,0.6600000000000001,16,10,39
augmentation,hq_plus_b_c_d_e_f,HQ + B+C+D+E+F,raw_comparison,per_family_3,3 groups per family,logistic,repeat_02_fold_03,2,3,0.25925925925925924,0.21212121212121213,0.1807691582510984,0.24822695035460993,0.25000000000000006,16,16,45
augmentation,hq_plus_b_c_d_e_f,HQ + B+C+D+E+F,raw_comparison,per_family_3,3 groups per family,xgb1,repeat_02_fold_03,2,3,0.25862068965517243,0.22727272727272727,0.17942040148711938,0.2516778523489933,0.6700000000000002,16,16,45
augmentation,hq_plus_b_c_d_e_f,HQ + B+C+D+E+F,grouped_route,per_family_3,3 groups per family,logistic,repeat_02_fold_03,2,3,0.2543859649122807,0.2196969696969697,0.179131455230425,0.2465986394557823,0.23000000000000004,16,13,42
augmentation,hq_plus_b_c_d_e_f,HQ + B+C+D+E+F,grouped_route,per_family_3,3 groups per family,xgb1,repeat_02_fold_03,2,3,0.2357142857142857,0.25,0.1805890515574586,0.2384393063583815,0.6500000000000001,16,13,42
competition,hq_only,HQ,raw_comparison,total_groups_6,6 total groups,logistic,repeat_02_fold_03,2,3,0.3064516129032258,0.14393939393939395,0.15622766773276062,0.25,0.31000000000000005,29,29,29
competition,hq_only,HQ,raw_comparison,total_groups_6,6 total groups,xgb1,repeat_02_fold_03,2,3,0.16033755274261605,0.2878787878787879,0.1681190044886895,0.17592592592592593,0.5900000000000002,29,29,29
competition,hq_only,HQ,grouped_route,total_groups_6,6 total groups,logistic,repeat_02_fold_03,2,3,0.23232323232323232,0.17424242424242425,0.16694224216724077,0.2178030303030303,0.2,29,6,6
competition,hq_only,HQ,grouped_route,total_groups_6,6 total groups,xgb1,repeat_02_fold_03,2,3,0.22857142857142856,0.18181818181818182,0.1628978709216496,0.21739130434782608,0.6900000000000002,29,6,6
competition,hq_plus_a,HQ + A,raw_comparison,total_groups_6,6 total groups,logistic,repeat_02_fold_03,2,3,0.31851851851851853,0.32575757575757575,0.21805793905073373,0.31994047619047616,0.25000000000000006,34,34,34
competition,hq_plus_a,HQ + A,raw_comparison,total_groups_6,6 total groups,xgb1,repeat_02_fold_03,2,3,0.32432432432432434,0.2727272727272727,0.23744986280000518,0.3125,0.7600000000000002,34,34,34
competition,hq_plus_a,HQ + A,grouped_route,total_groups_6,6 total groups,logistic,repeat_02_fold_03,2,3,0.2605042016806723,0.23484848484848486,0.20442671574300597,0.25493421052631576,0.21000000000000002,34,6,6
competition,hq_plus_a,HQ + A,grouped_route,total_groups_6,6 total groups,xgb1,repeat_02_fold_03,2,3,0.2857142857142857,0.30303030303030304,0.21732038146968816,0.28901734104046245,0.7200000000000002,34,6,6
competition,hq_plus_f,HQ + F,raw_comparison,total_groups_6,6 total groups,logistic,repeat_02_fold_03,2,3,0.23529411764705882,0.21212121212121213,0.16596272002609544,0.23026315789473684,0.22000000000000003,35,35,35
competition,hq_plus_f,HQ + F,raw_comparison,total_groups_6,6 total groups,xgb1,repeat_02_fold_03,2,3,0.2023121387283237,0.26515151515151514,0.17208348228547546,0.21237864077669902,0.6300000000000001,35,35,35
competition,hq_plus_f,HQ + F,grouped_route,total_groups_6,6 total groups,logistic,repeat_02_fold_03,2,3,0.2857142857142857,0.15151515151515152,0.16586141257201578,0.24271844660194175,0.23000000000000004,35,6,6
competition,hq_plus_f,HQ + F,grouped_route,total_groups_6,6 total groups,xgb1,repeat_02_fold_03,2,3,0.23076923076923078,0.13636363636363635,0.1700796216485834,0.20270270270270271,0.7300000000000002,35,6,6
competition,hq_plus_a_b_c_d_e,HQ + A+B+C+D+E,raw_comparison,total_groups_6,6 total groups,logistic,repeat_02_fold_03,2,3,0.2865853658536585,0.3560606060606061,0.22738585024320074,0.2982233502538071,0.22000000000000003,44,44,44
competition,hq_plus_a_b_c_d_e,HQ + A+B+C+D+E,raw_comparison,total_groups_6,6 total groups,xgb1,repeat_02_fold_03,2,3,0.3391304347826087,0.29545454545454547,0.23628127263296395,0.3293918918918919,0.7400000000000002,44,44,44
competition,hq_plus_a_b_c_d_e,HQ + A+B+C+D+E,grouped_route,total_groups_6,6 total groups,logistic,repeat_02_fold_03,2,3,0.24299065420560748,0.19696969696969696,0.18982166258721647,0.23214285714285715,0.21000000000000002,44,6,6
competition,hq_plus_a_b_c_d_e,HQ + A+B+C+D+E,grouped_route,total_groups_6,6 total groups,xgb1,repeat_02_fold_03,2,3,0.30701754385964913,0.26515151515151514,0.20252403001076458,0.2976190476190476,0.7400000000000002,44,6,6
competition,hq_plus_b_c_d_e_f,HQ + B+C+D+E+F,raw_comparison,total_groups_6,6 total groups,logistic,repeat_02_fold_03,2,3,0.25925925925925924,0.21212121212121213,0.1807691582510984,0.24822695035460993,0.25000000000000006,45,45,45
competition,hq_plus_b_c_d_e_f,HQ + B+C+D+E+F,raw_comparison,total_groups_6,6 total groups,xgb1,repeat_02_fold_03,2,3,0.25862068965517243,0.22727272727272727,0.17942040148711938,0.2516778523489933,0.6700000000000002,45,45,45
competition,hq_plus_b_c_d_e_f,HQ + B+C+D+E+F,grouped_route,total_groups_6,6 total groups,logistic,repeat_02_fold_03,2,3,0.224,0.21212121212121213,0.17530793393353772,0.22151898734177214,0.18000000000000005,45,6,6
competition,hq_plus_b_c_d_e_f,HQ + B+C+D+E+F,grouped_route,total_groups_6,6 total groups,xgb1,repeat_02_fold_03,2,3,0.24324324324324326,0.13636363636363635,0.17696269175979024,0.2102803738317757,0.7600000000000002,45,6,6
augmentation,hq_plus_a,HQ + A,raw_comparison,per_family_2,2 groups per family,logistic,repeat_03_fold_01,3,1,0.2830188679245283,0.22727272727272727,0.18385364912811067,0.2697841726618705,0.31000000000000005,5,5,34
augmentation,hq_plus_a,HQ + A,raw_comparison,per_family_2,2 groups per family,xgb1,repeat_03_fold_01,3,1,0.3053435114503817,0.30303030303030304,0.20679850769222174,0.3048780487804878,0.7200000000000002,5,5,34
augmentation,hq_plus_a,HQ + A,grouped_route,per_family_2,2 groups per family,logistic,repeat_03_fold_01,3,1,0.27058823529411763,0.17424242424242425,0.17694634933517897,0.24364406779661016,0.31000000000000005,5,2,31
augmentation,hq_plus_a,HQ + A,grouped_route,per_family_2,2 groups per family,xgb1,repeat_03_fold_01,3,1,0.3208955223880597,0.32575757575757575,0.2012906770840026,0.3218562874251497,0.7200000000000002,5,2,31
augmentation,hq_plus_a,HQ + A,raw_comparison,per_family_3,3 groups per family,logistic,repeat_03_fold_01,3,1,0.2830188679245283,0.22727272727272727,0.18385364912811067,0.2697841726618705,0.31000000000000005,5,5,34
augmentation,hq_plus_a,HQ + A,raw_comparison,per_family_3,3 groups per family,xgb1,repeat_03_fold_01,3,1,0.3053435114503817,0.30303030303030304,0.20679850769222174,0.3048780487804878,0.7200000000000002,5,5,34
augmentation,hq_plus_a,HQ + A,grouped_route,per_family_3,3 groups per family,logistic,repeat_03_fold_01,3,1,0.28431372549019607,0.2196969696969697,0.18441756197321846,0.26851851851851855,0.30000000000000004,5,3,32
augmentation,hq_plus_a,HQ + A,grouped_route,per_family_3,3 groups per family,xgb1,repeat_03_fold_01,3,1,0.3448275862068966,0.30303030303030304,0.20694823273571222,0.33557046979865773,0.7400000000000002,5,3,32
augmentation,hq_plus_f,HQ + F,raw_comparison,per_family_2,2 groups per family,logistic,repeat_03_fold_01,3,1,0.2638888888888889,0.14393939393939395,0.15986827101714474,0.2261904761904762,0.24000000000000005,6,6,35
augmentation,hq_plus_f,HQ + F,raw_comparison,per_family_2,2 groups per family,xgb1,repeat_03_fold_01,3,1,0.23809523809523808,0.07575757575757576,0.1591327895169219,0.16666666666666666,0.8300000000000002,6,6,35
augmentation,hq_plus_f,HQ + F,grouped_route,per_family_2,2 groups per family,logistic,repeat_03_fold_01,3,1,0.25,0.14393939393939395,0.15897896519748467,0.21788990825688073,0.23000000000000004,6,2,31
augmentation,hq_plus_f,HQ + F,grouped_route,per_family_2,2 groups per family,xgb1,repeat_03_fold_01,3,1,0.2535211267605634,0.13636363636363635,0.16038316225722127,0.21634615384615385,0.7200000000000002,6,2,31
augmentation,hq_plus_f,HQ + F,raw_comparison,per_family_3,3 groups per family,logistic,repeat_03_fold_01,3,1,0.2638888888888889,0.14393939393939395,0.15986827101714474,0.2261904761904762,0.24000000000000005,6,6,35
augmentation,hq_plus_f,HQ + F,raw_comparison,per_family_3,3 groups per family,xgb1,repeat_03_fold_01,3,1,0.23809523809523808,0.07575757575757576,0.1591327895169219,0.16666666666666666,0.8300000000000002,6,6,35
augmentation,hq_plus_f,HQ + F,grouped_route,per_family_3,3 groups per family,logistic,repeat_03_fold_01,3,1,0.22330097087378642,0.17424242424242425,0.1577208842565581,0.2113970588235294,0.2,6,3,32
augmentation,hq_plus_f,HQ + F,grouped_route,per_family_3,3 groups per family,xgb1,repeat_03_fold_01,3,1,0.24742268041237114,0.18181818181818182,0.15872083982403853,0.23076923076923078,0.6800000000000002,6,3,32
augmentation,hq_plus_a_b_c_d_e,HQ + A+B+C+D+E,raw_comparison,per_family_2,2 groups per family,logistic,repeat_03_fold_01,3,1,0.27205882352941174,0.2803030303030303,0.19399034443618207,0.27366863905325445,0.25000000000000006,15,15,44
augmentation,hq_plus_a_b_c_d_e,HQ + A+B+C+D+E,raw_comparison,per_family_2,2 groups per family,xgb1,repeat_03_fold_01,3,1,0.3082706766917293,0.3106060606060606,0.20703292924003275,0.30873493975903615,0.7100000000000002,15,15,44
augmentation,hq_plus_a_b_c_d_e,HQ + A+B+C+D+E,grouped_route,per_family_2,2 groups per family,logistic,repeat_03_fold_01,3,1,0.3173076923076923,0.25,0.1933655949945008,0.3010948905109489,0.27,15,10,39
augmentation,hq_plus_a_b_c_d_e,HQ + A+B+C+D+E,grouped_route,per_family_2,2 groups per family,xgb1,repeat_03_fold_01,3,1,0.3103448275862069,0.3409090909090909,0.19973452047101012,0.3160112359550562,0.7000000000000002,15,10,39
augmentation,hq_plus_a_b_c_d_e,HQ + A+B+C+D+E,raw_comparison,per_family_3,3 groups per family,logistic,repeat_03_fold_01,3,1,0.27205882352941174,0.2803030303030303,0.19399034443618207,0.27366863905325445,0.25000000000000006,15,15,44
augmentation,hq_plus_a_b_c_d_e,HQ + A+B+C+D+E,raw_comparison,per_family_3,3 groups per family,xgb1,repeat_03_fold_01,3,1,0.3082706766917293,0.3106060606060606,0.20703292924003275,0.30873493975903615,0.7100000000000002,15,15,44
augmentation,hq_plus_a_b_c_d_e,HQ + A+B+C+D+E,grouped_route,per_family_3,3 groups per family,logistic,repeat_03_fold_01,3,1,0.29591836734693877,0.2196969696969697,0.19410522935513946,0.2767175572519084,0.33,15,13,42
augmentation,hq_plus_a_b_c_d_e,HQ + A+B+C+D+E,grouped_route,per_family_3,3 groups per family,xgb1,repeat_03_fold_01,3,1,0.3360655737704918,0.3106060606060606,0.2068799625054931,0.33064516129032256,0.7100000000000002,15,13,42
augmentation,hq_plus_b_c_d_e_f,HQ + B+C+D+E+F,raw_comparison,per_family_2,2 groups per family,logistic,repeat_03_fold_01,3,1,0.25,0.13636363636363635,0.17665767141120375,0.21428571428571427,0.25000000000000006,16,16,45
augmentation,hq_plus_b_c_d_e_f,HQ + B+C+D+E+F,raw_comparison,per_family_2,2 groups per family,xgb1,repeat_03_fold_01,3,1,0.25,0.13636363636363635,0.15634569391705894,0.21428571428571427,0.7200000000000002,16,16,45
augmentation,hq_plus_b_c_d_e_f,HQ + B+C+D+E+F,grouped_route,per_family_2,2 groups per family,logistic,repeat_03_fold_01,3,1,0.25806451612903225,0.12121212121212122,0.17627411329916218,0.21052631578947367,0.27,16,10,39
augmentation,hq_plus_b_c_d_e_f,HQ + B+C+D+E+F,grouped_route,per_family_2,2 groups per family,xgb1,repeat_03_fold_01,3,1,0.28125,0.13636363636363635,0.15621220053484547,0.23195876288659795,0.7300000000000002,16,10,39
augmentation,hq_plus_b_c_d_e_f,HQ + B+C+D+E+F,raw_comparison,per_family_3,3 groups per family,logistic,repeat_03_fold_01,3,1,0.25,0.13636363636363635,0.17665767141120375,0.21428571428571427,0.25000000000000006,16,16,45
augmentation,hq_plus_b_c_d_e_f,HQ + B+C+D+E+F,raw_comparison,per_family_3,3 groups per family,xgb1,repeat_03_fold_01,3,1,0.25,0.13636363636363635,0.15634569391705894,0.21428571428571427,0.7200000000000002,16,16,45
augmentation,hq_plus_b_c_d_e_f,HQ + B+C+D+E+F,grouped_route,per_family_3,3 groups per family,logistic,repeat_03_fold_01,3,1,0.26229508196721313,0.12121212121212122,0.1735561123711027,0.2127659574468085,0.27,16,13,42
augmentation,hq_plus_b_c_d_e_f,HQ + B+C+D+E+F,grouped_route,per_family_3,3 groups per family,xgb1,repeat_03_fold_01,3,1,0.26865671641791045,0.13636363636363635,0.1573045994164784,0.225,0.7300000000000002,16,13,42
competition,hq_only,HQ,raw_comparison,total_groups_6,6 total groups,logistic,repeat_03_fold_01,3,1,0.21839080459770116,0.14393939393939395,0.1483702428063503,0.19791666666666666,0.21000000000000002,29,29,29
competition,hq_only,HQ,raw_comparison,total_groups_6,6 total groups,xgb1,repeat_03_fold_01,3,1,0.2222222222222222,0.07575757575757576,0.1550557125069846,0.16025641025641027,0.8200000000000002,29,29,29
competition,hq_only,HQ,grouped_route,total_groups_6,6 total groups,logistic,repeat_03_fold_01,3,1,0.189873417721519,0.11363636363636363,0.14704757365782412,0.16741071428571427,0.18000000000000005,29,6,6
competition,hq_only,HQ,grouped_route,total_groups_6,6 total groups,xgb1,repeat_03_fold_01,3,1,0.21052631578947367,0.09090909090909091,0.143456483177823,0.16666666666666666,0.7300000000000002,29,6,6
competition,hq_plus_a,HQ + A,raw_comparison,total_groups_6,6 total groups,logistic,repeat_03_fold_01,3,1,0.2830188679245283,0.22727272727272727,0.18385364912811067,0.2697841726618705,0.31000000000000005,34,34,34
competition,hq_plus_a,HQ + A,raw_comparison,total_groups_6,6 total groups,xgb1,repeat_03_fold_01,3,1,0.3053435114503817,0.30303030303030304,0.20679850769222174,0.3048780487804878,0.7200000000000002,34,34,34
competition,hq_plus_a,HQ + A,grouped_route,total_groups_6,6 total groups,logistic,repeat_03_fold_01,3,1,0.3191489361702128,0.22727272727272727,0.18157154462234013,0.2952755905511811,0.22000000000000003,34,6,6
competition,hq_plus_a,HQ + A,grouped_route,total_groups_6,6 total groups,xgb1,repeat_03_fold_01,3,1,0.30434782608695654,0.21212121212121213,0.18869645105215083,0.28,0.7900000000000001,34,6,6
competition,hq_plus_f,HQ + F,raw_comparison,total_groups_6,6 total groups,logistic,repeat_03_fold_01,3,1,0.2638888888888889,0.14393939393939395,0.15986827101714474,0.2261904761904762,0.24000000000000005,35,35,35
competition,hq_plus_f,HQ + F,raw_comparison,total_groups_6,6 total groups,xgb1,repeat_03_fold_01,3,1,0.23809523809523808,0.07575757575757576,0.1591327895169219,0.16666666666666666,0.8300000000000002,35,35,35
competition,hq_plus_f,HQ + F,grouped_route,total_groups_6,6 total groups,logistic,repeat_03_fold_01,3,1,0.18604651162790697,0.12121212121212122,0.15290904233892136,0.16806722689075632,0.18000000000000005,35,6,6
competition,hq_plus_f,HQ + F,grouped_route,total_groups_6,6 total groups,xgb1,repeat_03_fold_01,3,1,0.21212121212121213,0.10606060606060606,0.15020546345919816,0.17676767676767677,0.7100000000000002,35,6,6
competition,hq_plus_a_b_c_d_e,HQ + A+B+C+D+E,raw_comparison,total_groups_6,6 total groups,logistic,repeat_03_fold_01,3,1,0.27205882352941174,0.2803030303030303,0.19399034443618207,0.27366863905325445,0.25000000000000006,44,44,44
competition,hq_plus_a_b_c_d_e,HQ + A+B+C+D+E,raw_comparison,total_groups_6,6 total groups,xgb1,repeat_03_fold_01,3,1,0.3082706766917293,0.3106060606060606,0.20703292924003275,0.30873493975903615,0.7100000000000002,44,44,44
competition,hq_plus_a_b_c_d_e,HQ + A+B+C+D+E,grouped_route,total_groups_6,6 total groups,logistic,repeat_03_fold_01,3,1,0.2391304347826087,0.25,0.1641914250096109,0.2412280701754386,0.17000000000000004,44,6,6
competition,hq_plus_a_b_c_d_e,HQ + A+B+C+D+E,grouped_route,total_groups_6,6 total groups,xgb1,repeat_03_fold_01,3,1,0.25925925925925924,0.1590909090909091,0.16748732366699906,0.23026315789473684,0.7900000000000001,44,6,6
competition,hq_plus_b_c_d_e_f,HQ + B+C+D+E+F,raw_comparison,total_groups_6,6 total groups,logistic,repeat_03_fold_01,3,1,0.25,0.13636363636363635,0.17665767141120375,0.21428571428571427,0.25000000000000006,45,45,45
competition,hq_plus_b_c_d_e_f,HQ + B+C+D+E+F,raw_comparison,total_groups_6,6 total groups,xgb1,repeat_03_fold_01,3,1,0.25,0.13636363636363635,0.15634569391705894,0.21428571428571427,0.7200000000000002,45,45,45
competition,hq_plus_b_c_d_e_f,HQ + B+C+D+E+F,grouped_route,total_groups_6,6 total groups,logistic,repeat_03_fold_01,3,1,0.20512820512820512,0.12121212121212122,0.14848543514547988,0.18018018018018017,0.19,45,6,6
competition,hq_plus_b_c_d_e_f,HQ + B+C+D+E+F,grouped_route,total_groups_6,6 total groups,xgb1,repeat_03_fold_01,3,1,0.21666666666666667,0.09848484848484848,0.1528052303834705,0.17473118279569894,0.7600000000000002,45,6,6
augmentation,hq_plus_a,HQ + A,raw_comparison,per_family_2,2 groups per family,logistic,repeat_03_fold_02,3,2,0.34579439252336447,0.2803030303030303,0.23615722389539381,0.33035714285714285,0.27,5,5,34
augmentation,hq_plus_a,HQ + A,raw_comparison,per_family_2,2 groups per family,xgb1,repeat_03_fold_02,3,2,0.26262626262626265,0.19696969696969696,0.21701192618239917,0.24621212121212122,0.7600000000000002,5,5,34
augmentation,hq_plus_a,HQ + A,grouped_route,per_family_2,2 groups per family,logistic,repeat_03_fold_02,3,2,0.3291139240506329,0.19696969696969696,0.22320352085340656,0.29017857142857145,0.33,5,2,31
augmentation,hq_plus_a,HQ + A,grouped_route,per_family_2,2 groups per family,xgb1,repeat_03_fold_02,3,2,0.2962962962962963,0.24242424242424243,0.21885357766700042,0.28368794326241137,0.7400000000000002,5,2,31
augmentation,hq_plus_a,HQ + A,raw_comparison,per_family_3,3 groups per family,logistic,repeat_03_fold_02,3,2,0.34579439252336447,0.2803030303030303,0.23615722389539381,0.33035714285714285,0.27,5,5,34
augmentation,hq_plus_a,HQ + A,raw_comparison,per_family_3,3 groups per family,xgb1,repeat_03_fold_02,3,2,0.26262626262626265,0.19696969696969696,0.21701192618239917,0.24621212121212122,0.7600000000000002,5,5,34
augmentation,hq_plus_a,HQ + A,grouped_route,per_family_3,3 groups per family,logistic,repeat_03_fold_02,3,2,0.3111111111111111,0.21212121212121213,0.23384866027725443,0.2845528455284553,0.29000000000000004,5,3,32
augmentation,hq_plus_a,HQ + A,grouped_route,per_family_3,3 groups per family,xgb1,repeat_03_fold_02,3,2,0.30303030303030304,0.22727272727272727,0.217927440228866,0.2840909090909091,0.7500000000000002,5,3,32
augmentation,hq_plus_f,HQ + F,raw_comparison,per_family_2,2 groups per family,logistic,repeat_03_fold_02,3,2,0.2605633802816901,0.2803030303030303,0.17536138723798236,0.2642857142857143,0.19,6,6,35
augmentation,hq_plus_f,HQ + F,raw_comparison,per_family_2,2 groups per family,xgb1,repeat_03_fold_02,3,2,0.18025751072961374,0.3181818181818182,0.1595748771635761,0.19736842105263158,0.6000000000000002,6,6,35
augmentation,hq_plus_f,HQ + F,grouped_route,per_family_2,2 groups per family,logistic,repeat_03_fold_02,3,2,0.28125,0.20454545454545456,0.16964115088828932,0.2616279069767442,0.22000000000000003,6,2,31
augmentation,hq_plus_f,HQ + F,grouped_route,per_family_2,2 groups per family,xgb1,repeat_03_fold_02,3,2,0.17073170731707318,0.3181818181818182,0.1598765798875775,0.1881720430107527,0.5900000000000002,6,2,31
augmentation,hq_plus_f,HQ + F,raw_comparison,per_family_3,3 groups per family,logistic,repeat_03_fold_02,3,2,0.2605633802816901,0.2803030303030303,0.17536138723798236,0.2642857142857143,0.19,6,6,35
augmentation,hq_plus_f,HQ + F,raw_comparison,per_family_3,3 groups per family,xgb1,repeat_03_fold_02,3,2,0.18025751072961374,0.3181818181818182,0.1595748771635761,0.19736842105263158,0.6000000000000002,6,6,35
augmentation,hq_plus_f,HQ + F,grouped_route,per_family_3,3 groups per family,logistic,repeat_03_fold_02,3,2,0.2828282828282828,0.21212121212121213,0.16959451449368154,0.26515151515151514,0.22000000000000003,6,3,32
augmentation,hq_plus_f,HQ + F,grouped_route,per_family_3,3 groups per family,xgb1,repeat_03_fold_02,3,2,0.1810344827586207,0.3181818181818182,0.15771517831021942,0.19811320754716982,0.6000000000000002,6,3,32
augmentation,hq_plus_a_b_c_d_e,HQ + A+B+C+D+E,raw_comparison,per_family_2,2 groups per family,logistic,repeat_03_fold_02,3,2,0.34545454545454546,0.2878787878787879,0.24993825342415046,0.3321678321678322,0.27,15,15,44
augmentation,hq_plus_a_b_c_d_e,HQ + A+B+C+D+E,raw_comparison,per_family_2,2 groups per family,xgb1,repeat_03_fold_02,3,2,0.2815533980582524,0.2196969696969697,0.2172532192472625,0.2665441176470588,0.7400000000000002,15,15,44
augmentation,hq_plus_a_b_c_d_e,HQ + A+B+C+D+E,grouped_route,per_family_2,2 groups per family,logistic,repeat_03_fold_02,3,2,0.3412698412698413,0.32575757575757575,0.24004793822205875,0.3380503144654088,0.26000000000000006,15,10,39
augmentation,hq_plus_a_b_c_d_e,HQ + A+B+C+D+E,grouped_route,per_family_2,2 groups per family,xgb1,repeat_03_fold_02,3,2,0.29906542056074764,0.24242424242424243,0.2173658007057273,0.2857142857142857,0.7300000000000002,15,10,39
augmentation,hq_plus_a_b_c_d_e,HQ + A+B+C+D+E,raw_comparison,per_family_3,3 groups per family,logistic,repeat_03_fold_02,3,2,0.34545454545454546,0.2878787878787879,0.24993825342415046,0.3321678321678322,0.27,15,15,44
augmentation,hq_plus_a_b_c_d_e,HQ + A+B+C+D+E,raw_comparison,per_family_3,3 groups per family,xgb1,repeat_03_fold_02,3,2,0.2815533980582524,0.2196969696969697,0.2172532192472625,0.2665441176470588,0.7400000000000002,15,15,44
augmentation,hq_plus_a_b_c_d_e,HQ + A+B+C+D+E,grouped_route,per_family_3,3 groups per family,logistic,repeat_03_fold_02,3,2,0.34234234234234234,0.2878787878787879,0.24785910362730149,0.3298611111111111,0.27,15,13,42
augmentation,hq_plus_a_b_c_d_e,HQ + A+B+C+D+E,grouped_route,per_family_3,3 groups per family,xgb1,repeat_03_fold_02,3,2,0.29411764705882354,0.22727272727272727,0.21820929573496367,0.2777777777777778,0.7400000000000002,15,13,42
augmentation,hq_plus_b_c_d_e_f,HQ + B+C+D+E+F,raw_comparison,per_family_2,2 groups per family,logistic,repeat_03_fold_02,3,2,0.3333333333333333,0.19696969696969696,0.18941247033356423,0.2927927927927928,0.30000000000000004,16,16,45
augmentation,hq_plus_b_c_d_e_f,HQ + B+C+D+E+F,raw_comparison,per_family_2,2 groups per family,xgb1,repeat_03_fold_02,3,2,0.17088607594936708,0.20454545454545456,0.15914781767336944,0.17670157068062828,0.6600000000000001,16,16,45
augmentation,hq_plus_b_c_d_e_f,HQ + B+C+D+E+F,grouped_route,per_family_2,2 groups per family,logistic,repeat_03_fold_02,3,2,0.27049180327868855,0.25,0.18264813489506712,0.2661290322580645,0.22000000000000003,16,10,39
augmentation,hq_plus_b_c_d_e_f,HQ + B+C+D+E+F,grouped_route,per_family_2,2 groups per family,xgb1,repeat_03_fold_02,3,2,0.20491803278688525,0.1893939393939394,0.1595902731261587,0.20161290322580644,0.6900000000000002,16,10,39
augmentation,hq_plus_b_c_d_e_f,HQ + B+C+D+E+F,raw_comparison,per_family_3,3 groups per family,logistic,repeat_03_fold_02,3,2,0.3333333333333333,0.19696969696969696,0.18941247033356423,0.2927927927927928,0.30000000000000004,16,16,45
augmentation,hq_plus_b_c_d_e_f,HQ + B+C+D+E+F,raw_comparison,per_family_3,3 groups per family,xgb1,repeat_03_fold_02,3,2,0.17088607594936708,0.20454545454545456,0.15914781767336944,0.17670157068062828,0.6600000000000001,16,16,45
augmentation,hq_plus_b_c_d_e_f,HQ + B+C+D+E+F,grouped_route,per_family_3,3 groups per family,logistic,repeat_03_fold_02,3,2,0.3076923076923077,0.18181818181818182,0.18261755234776567,0.2702702702702703,0.30000000000000004,16,13,42
augmentation,hq_plus_b_c_d_e_f,HQ + B+C+D+E+F,grouped_route,per_family_3,3 groups per family,xgb1,repeat_03_fold_02,3,2,0.2,0.1893939393939394,0.15857981943981936,0.19778481012658228,0.6900000000000002,16,13,42
competition,hq_only,HQ,raw_comparison,total_groups_6,6 total groups,logistic,repeat_03_fold_02,3,2,0.18681318681318682,0.25757575757575757,0.1641861568477814,0.19767441860465115,0.16000000000000003,29,29,29
competition,hq_only,HQ,raw_comparison,total_groups_6,6 total groups,xgb1,repeat_03_fold_02,3,2,0.17842323651452283,0.32575757575757575,0.15924567029702213,0.19616788321167883,0.5900000000000002,29,29,29
competition,hq_only,HQ,grouped_route,total_groups_6,6 total groups,logistic,repeat_03_fold_02,3,2,0.1792452830188679,0.2878787878787879,0.15708026448736334,0.19387755102040816,0.14,29,6,6
competition,hq_only,HQ,grouped_route,total_groups_6,6 total groups,xgb1,repeat_03_fold_02,3,2,0.14982578397212543,0.32575757575757575,0.15930684673882645,0.16796875,0.5800000000000002,29,6,6
competition,hq_plus_a,HQ + A,raw_comparison,total_groups_6,6 total groups,logistic,repeat_03_fold_02,3,2,0.34579439252336447,0.2803030303030303,0.23615722389539381,0.33035714285714285,0.27,34,34,34
competition,hq_plus_a,HQ + A,raw_comparison,total_groups_6,6 total groups,xgb1,repeat_03_fold_02,3,2,0.26262626262626265,0.19696969696969696,0.21701192618239917,0.24621212121212122,0.7600000000000002,34,34,34
competition,hq_plus_a,HQ + A,grouped_route,total_groups_6,6 total groups,logistic,repeat_03_fold_02,3,2,0.2988505747126437,0.19696969696969696,0.21888685371268307,0.2708333333333333,0.27,34,6,6
competition,hq_plus_a,HQ + A,grouped_route,total_groups_6,6 total groups,xgb1,repeat_03_fold_02,3,2,0.32710280373831774,0.26515151515151514,0.21805005218262224,0.3125,0.7500000000000002,34,6,6
competition,hq_plus_f,HQ + F,raw_comparison,total_groups_6,6 total groups,logistic,repeat_03_fold_02,3,2,0.2605633802816901,0.2803030303030303,0.17536138723798236,0.2642857142857143,0.19,35,35,35
competition,hq_plus_f,HQ + F,raw_comparison,total_groups_6,6 total groups,xgb1,repeat_03_fold_02,3,2,0.18025751072961374,0.3181818181818182,0.1595748771635761,0.19736842105263158,0.6000000000000002,35,35,35
competition,hq_plus_f,HQ + F,grouped_route,total_groups_6,6 total groups,logistic,repeat_03_fold_02,3,2,0.2692307692307692,0.1590909090909091,0.15637424726060378,0.23648648648648649,0.21000000000000002,35,6,6
competition,hq_plus_f,HQ + F,grouped_route,total_groups_6,6 total groups,xgb1,repeat_03_fold_02,3,2,0.18269230769230768,0.2878787878787879,0.16122970001354753,0.1970954356846473,0.6300000000000001,35,6,6
competition,hq_plus_a_b_c_d_e,HQ + A+B+C+D+E,raw_comparison,total_groups_6,6 total groups,logistic,repeat_03_fold_02,3,2,0.34545454545454546,0.2878787878787879,0.24993825342415046,0.3321678321678322,0.27,44,44,44
competition,hq_plus_a_b_c_d_e,HQ + A+B+C+D+E,raw_comparison,total_groups_6,6 total groups,xgb1,repeat_03_fold_02,3,2,0.2815533980582524,0.2196969696969697,0.2172532192472625,0.2665441176470588,0.7400000000000002,44,44,44
competition,hq_plus_a_b_c_d_e,HQ + A+B+C+D+E,grouped_route,total_groups_6,6 total groups,logistic,repeat_03_fold_02,3,2,0.32222222222222224,0.2196969696969697,0.21716159762301895,0.29471544715447157,0.27,44,6,6
competition,hq_plus_a_b_c_d_e,HQ + A+B+C+D+E,grouped_route,total_groups_6,6 total groups,xgb1,repeat_03_fold_02,3,2,0.30612244897959184,0.22727272727272727,0.21470408743094724,0.2862595419847328,0.7600000000000002,44,6,6
competition,hq_plus_b_c_d_e_f,HQ + B+C+D+E+F,raw_comparison,total_groups_6,6 total groups,logistic,repeat_03_fold_02,3,2,0.3333333333333333,0.19696969696969696,0.18941247033356423,0.2927927927927928,0.30000000000000004,45,45,45
competition,hq_plus_b_c_d_e_f,HQ + B+C+D+E+F,raw_comparison,total_groups_6,6 total groups,xgb1,repeat_03_fold_02,3,2,0.17088607594936708,0.20454545454545456,0.15914781767336944,0.17670157068062828,0.6600000000000001,45,45,45
competition,hq_plus_b_c_d_e_f,HQ + B+C+D+E+F,grouped_route,total_groups_6,6 total groups,logistic,repeat_03_fold_02,3,2,0.2288135593220339,0.20454545454545456,0.15747263048951057,0.22350993377483444,0.19,45,6,6
competition,hq_plus_b_c_d_e_f,HQ + B+C+D+E+F,grouped_route,total_groups_6,6 total groups,xgb1,repeat_03_fold_02,3,2,0.24031007751937986,0.23484848484848486,0.15826874522420228,0.23919753086419754,0.7000000000000002,45,6,6
augmentation,hq_plus_a,HQ + A,raw_comparison,per_family_2,2 groups per family,logistic,repeat_03_fold_03,3,3,0.34782608695652173,0.42424242424242425,0.2676899588653685,0.36082474226804123,0.21000000000000002,5,5,34
augmentation,hq_plus_a,HQ + A,raw_comparison,per_family_2,2 groups per family,xgb1,repeat_03_fold_03,3,3,0.3448275862068966,0.30303030303030304,0.27497062154929575,0.33557046979865773,0.7200000000000002,5,5,34
augmentation,hq_plus_a,HQ + A,grouped_route,per_family_2,2 groups per family,logistic,repeat_03_fold_03,3,3,0.36666666666666664,0.3333333333333333,0.2584530701372448,0.35947712418300654,0.22000000000000003,5,2,31
augmentation,hq_plus_a,HQ + A,grouped_route,per_family_2,2 groups per family,xgb1,repeat_03_fold_03,3,3,0.3465346534653465,0.26515151515151514,0.2687310611798933,0.32649253731343286,0.7600000000000002,5,2,31
augmentation,hq_plus_a,HQ + A,raw_comparison,per_family_3,3 groups per family,logistic,repeat_03_fold_03,3,3,0.34782608695652173,0.42424242424242425,0.2676899588653685,0.36082474226804123,0.21000000000000002,5,5,34
augmentation,hq_plus_a,HQ + A,raw_comparison,per_family_3,3 groups per family,xgb1,repeat_03_fold_03,3,3,0.3448275862068966,0.30303030303030304,0.27497062154929575,0.33557046979865773,0.7200000000000002,5,5,34
augmentation,hq_plus_a,HQ + A,grouped_route,per_family_3,3 groups per family,logistic,repeat_03_fold_03,3,3,0.35135135135135137,0.3939393939393939,0.26811856839560366,0.35911602209944754,0.22000000000000003,5,3,32
augmentation,hq_plus_a,HQ + A,grouped_route,per_family_3,3 groups per family,xgb1,repeat_03_fold_03,3,3,0.3644859813084112,0.29545454545454547,0.27578651332968734,0.3482142857142857,0.7400000000000002,5,3,32
augmentation,hq_plus_f,HQ + F,raw_comparison,per_family_2,2 groups per family,logistic,repeat_03_fold_03,3,3,0.2713178294573643,0.26515151515151514,0.2022591018727739,0.2700617283950617,0.19,6,6,35
augmentation,hq_plus_f,HQ + F,raw_comparison,per_family_2,2 groups per family,xgb1,repeat_03_fold_03,3,3,0.22727272727272727,0.26515151515151514,0.194221369809725,0.2339572192513369,0.6300000000000001,6,6,35
augmentation,hq_plus_f,HQ + F,grouped_route,per_family_2,2 groups per family,logistic,repeat_03_fold_03,3,3,0.28888888888888886,0.19696969696969696,0.1997368201322208,0.26422764227642276,0.22000000000000003,6,2,31
augmentation,hq_plus_f,HQ + F,grouped_route,per_family_2,2 groups per family,xgb1,repeat_03_fold_03,3,3,0.23076923076923078,0.25,0.19509169554152675,0.234375,0.6400000000000001,6,2,31
augmentation,hq_plus_f,HQ + F,raw_comparison,per_family_3,3 groups per family,logistic,repeat_03_fold_03,3,3,0.2713178294573643,0.26515151515151514,0.2022591018727739,0.2700617283950617,0.19,6,6,35
augmentation,hq_plus_f,HQ + F,raw_comparison,per_family_3,3 groups per family,xgb1,repeat_03_fold_03,3,3,0.22727272727272727,0.26515151515151514,0.194221369809725,0.2339572192513369,0.6300000000000001,6,6,35
augmentation,hq_plus_f,HQ + F,grouped_route,per_family_3,3 groups per family,logistic,repeat_03_fold_03,3,3,0.29292929292929293,0.2196969696969697,0.20026769240413209,0.2746212121212121,0.21000000000000002,6,3,32
augmentation,hq_plus_f,HQ + F,grouped_route,per_family_3,3 groups per family,xgb1,repeat_03_fold_03,3,3,0.22535211267605634,0.24242424242424243,0.19568988998128273,0.22857142857142856,0.6400000000000001,6,3,32
augmentation,hq_plus_a_b_c_d_e,HQ + A+B+C+D+E,raw_comparison,per_family_2,2 groups per family,logistic,repeat_03_fold_03,3,3,0.3433734939759036,0.4318181818181818,0.2767910803054076,0.35804020100502515,0.21000000000000002,15,15,44
augmentation,hq_plus_a_b_c_d_e,HQ + A+B+C+D+E,raw_comparison,per_family_2,2 groups per family,xgb1,repeat_03_fold_03,3,3,0.3357664233576642,0.3484848484848485,0.27440591996551483,0.3382352941176471,0.6900000000000002,15,15,44
augmentation,hq_plus_a_b_c_d_e,HQ + A+B+C+D+E,grouped_route,per_family_2,2 groups per family,logistic,repeat_03_fold_03,3,3,0.3779527559055118,0.36363636363636365,0.27223492496488877,0.375,0.24000000000000005,15,10,39
augmentation,hq_plus_a_b_c_d_e,HQ + A+B+C+D+E,grouped_route,per_family_2,2 groups per family,xgb1,repeat_03_fold_03,3,3,0.3559322033898305,0.3181818181818182,0.27050409527714253,0.347682119205298,0.7400000000000002,15,10,39
augmentation,hq_plus_a_b_c_d_e,HQ + A+B+C+D+E,raw_comparison,per_family_3,3 groups per family,logistic,repeat_03_fold_03,3,3,0.3433734939759036,0.4318181818181818,0.2767910803054076,0.35804020100502515,0.21000000000000002,15,15,44
augmentation,hq_plus_a_b_c_d_e,HQ + A+B+C+D+E,raw_comparison,per_family_3,3 groups per family,xgb1,repeat_03_fold_03,3,3,0.3357664233576642,0.3484848484848485,0.27440591996551483,0.3382352941176471,0.6900000000000002,15,15,44
augmentation,hq_plus_a_b_c_d_e,HQ + A+B+C+D+E,grouped_route,per_family_3,3 groups per family,logistic,repeat_03_fold_03,3,3,0.3407821229050279,0.4621212121212121,0.27767767648184116,0.3596698113207547,0.2,15,13,42
augmentation,hq_plus_a_b_c_d_e,HQ + A+B+C+D+E,grouped_route,per_family_3,3 groups per family,xgb1,repeat_03_fold_03,3,3,0.38613861386138615,0.29545454545454547,0.27760072019743576,0.36380597014925375,0.7500000000000002,15,13,42
augmentation,hq_plus_b_c_d_e_f,HQ + B+C+D+E+F,raw_comparison,per_family_2,2 groups per family,logistic,repeat_03_fold_03,3,3,0.3153846153846154,0.3106060606060606,0.22015676804043283,0.31441717791411045,0.21000000000000002,16,16,45
augmentation,hq_plus_b_c_d_e_f,HQ + B+C+D+E+F,raw_comparison,per_family_2,2 groups per family,xgb1,repeat_03_fold_03,3,3,0.24060150375939848,0.24242424242424243,0.2061413931332275,0.24096385542168675,0.6500000000000001,16,16,45
augmentation,hq_plus_b_c_d_e_f,HQ + B+C+D+E+F,grouped_route,per_family_2,2 groups per family,logistic,repeat_03_fold_03,3,3,0.3373493975903614,0.21212121212121213,0.2194303340342616,0.3017241379310345,0.25000000000000006,16,10,39
augmentation,hq_plus_b_c_d_e_f,HQ + B+C+D+E+F,grouped_route,per_family_2,2 groups per family,xgb1,repeat_03_fold_03,3,3,0.27350427350427353,0.24242424242424243,0.21170680755321347,0.26666666666666666,0.6600000000000001,16,10,39
augmentation,hq_plus_b_c_d_e_f,HQ + B+C+D+E+F,raw_comparison,per_family_3,3 groups per family,logistic,repeat_03_fold_03,3,3,0.3153846153846154,0.3106060606060606,0.22015676804043283,0.31441717791411045,0.21000000000000002,16,16,45
augmentation,hq_plus_b_c_d_e_f,HQ + B+C+D+E+F,raw_comparison,per_family_3,3 groups per family,xgb1,repeat_03_fold_03,3,3,0.24060150375939848,0.24242424242424243,0.2061413931332275,0.24096385542168675,0.6500000000000001,16,16,45
augmentation,hq_plus_b_c_d_e_f,HQ + B+C+D+E+F,grouped_route,per_family_3,3 groups per family,logistic,repeat_03_fold_03,3,3,0.28662420382165604,0.3409090909090909,0.22067863132934648,0.29605263157894735,0.18000000000000005,16,13,42
augmentation,hq_plus_b_c_d_e_f,HQ + B+C+D+E+F,grouped_route,per_family_3,3 groups per family,xgb1,repeat_03_fold_03,3,3,0.25757575757575757,0.25757575757575757,0.20778160212072724,0.25757575757575757,0.6500000000000001,16,13,42
competition,hq_only,HQ,raw_comparison,total_groups_6,6 total groups,logistic,repeat_03_fold_03,3,3,0.30303030303030304,0.15151515151515152,0.19171045884650875,0.25252525252525254,0.24000000000000005,29,29,29
competition,hq_only,HQ,raw_comparison,total_groups_6,6 total groups,xgb1,repeat_03_fold_03,3,3,0.22962962962962963,0.23484848484848486,0.19023428032099934,0.23065476190476192,0.6500000000000001,29,29,29
competition,hq_only,HQ,grouped_route,total_groups_6,6 total groups,logistic,repeat_03_fold_03,3,3,0.3,0.13636363636363635,0.1988390156825694,0.24193548387096775,0.2,29,6,6
competition,hq_only,HQ,grouped_route,total_groups_6,6 total groups,xgb1,repeat_03_fold_03,3,3,0.2916666666666667,0.1590909090909091,0.19355972874982127,0.25,0.7200000000000002,29,6,6
competition,hq_plus_a,HQ + A,raw_comparison,total_groups_6,6 total groups,logistic,repeat_03_fold_03,3,3,0.34782608695652173,0.42424242424242425,0.2676899588653685,0.36082474226804123,0.21000000000000002,34,34,34
competition,hq_plus_a,HQ + A,raw_comparison,total_groups_6,6 total groups,xgb1,repeat_03_fold_03,3,3,0.3448275862068966,0.30303030303030304,0.27497062154929575,0.33557046979865773,0.7200000000000002,34,34,34
competition,hq_plus_a,HQ + A,grouped_route,total_groups_6,6 total groups,logistic,repeat_03_fold_03,3,3,0.37383177570093457,0.30303030303030304,0.2431514398201917,0.35714285714285715,0.19,34,6,6
competition,hq_plus_a,HQ + A,grouped_route,total_groups_6,6 total groups,xgb1,repeat_03_fold_03,3,3,0.368,0.3484848484848485,0.260704845409769,0.3639240506329114,0.7200000000000002,34,6,6
competition,hq_plus_f,HQ + F,raw_comparison,total_groups_6,6 total groups,logistic,repeat_03_fold_03,3,3,0.2713178294573643,0.26515151515151514,0.2022591018727739,0.2700617283950617,0.19,35,35,35
competition,hq_plus_f,HQ + F,raw_comparison,total_groups_6,6 total groups,xgb1,repeat_03_fold_03,3,3,0.22727272727272727,0.26515151515151514,0.194221369809725,0.2339572192513369,0.6300000000000001,35,35,35
competition,hq_plus_f,HQ + F,grouped_route,total_groups_6,6 total groups,logistic,repeat_03_fold_03,3,3,0.3333333333333333,0.15151515151515152,0.20047891979547114,0.26881720430107525,0.21000000000000002,35,6,6
competition,hq_plus_f,HQ + F,grouped_route,total_groups_6,6 total groups,xgb1,repeat_03_fold_03,3,3,0.3333333333333333,0.13636363636363635,0.20623206502434294,0.25862068965517243,0.7800000000000001,35,6,6
competition,hq_plus_a_b_c_d_e,HQ + A+B+C+D+E,raw_comparison,total_groups_6,6 total groups,logistic,repeat_03_fold_03,3,3,0.3433734939759036,0.4318181818181818,0.2767910803054076,0.35804020100502515,0.21000000000000002,44,44,44
competition,hq_plus_a_b_c_d_e,HQ + A+B+C+D+E,raw_comparison,total_groups_6,6 total groups,xgb1,repeat_03_fold_03,3,3,0.3357664233576642,0.3484848484848485,0.27440591996551483,0.3382352941176471,0.6900000000000002,44,44,44
competition,hq_plus_a_b_c_d_e,HQ + A+B+C+D+E,grouped_route,total_groups_6,6 total groups,logistic,repeat_03_fold_03,3,3,0.30120481927710846,0.3787878787878788,0.2231572706656124,0.314070351758794,0.15000000000000002,44,6,6
competition,hq_plus_a_b_c_d_e,HQ + A+B+C+D+E,grouped_route,total_groups_6,6 total groups,xgb1,repeat_03_fold_03,3,3,0.3711340206185567,0.2727272727272727,0.24551342950784746,0.34615384615384615,0.7500000000000002,44,6,6
competition,hq_plus_b_c_d_e_f,HQ + B+C+D+E+F,raw_comparison,total_groups_6,6 total groups,logistic,repeat_03_fold_03,3,3,0.3153846153846154,0.3106060606060606,0.22015676804043283,0.31441717791411045,0.21000000000000002,45,45,45
competition,hq_plus_b_c_d_e_f,HQ + B+C+D+E+F,raw_comparison,total_groups_6,6 total groups,xgb1,repeat_03_fold_03,3,3,0.24060150375939848,0.24242424242424243,0.2061413931332275,0.24096385542168675,0.6500000000000001,45,45,45
competition,hq_plus_b_c_d_e_f,HQ + B+C+D+E+F,grouped_route,total_groups_6,6 total groups,logistic,repeat_03_fold_03,3,3,0.2894736842105263,0.16666666666666666,0.20493351738218282,0.25229357798165136,0.18000000000000005,45,6,6
competition,hq_plus_b_c_d_e_f,HQ + B+C+D+E+F,grouped_route,total_groups_6,6 total groups,xgb1,repeat_03_fold_03,3,3,0.3191489361702128,0.22727272727272727,0.20685293583541367,0.2952755905511811,0.7000000000000002,45,6,6
augmentation,hq_plus_a,HQ + A,raw_comparison,per_family_2,2 groups per family,logistic,repeat_04_fold_01,4,1,0.2727272727272727,0.2727272727272727,0.21720804043248557,0.2727272727272727,0.24000000000000005,5,5,34
augmentation,hq_plus_a,HQ + A,raw_comparison,per_family_2,2 groups per family,xgb1,repeat_04_fold_01,4,1,0.25862068965517243,0.3409090909090909,0.22062141307779357,0.2717391304347826,0.6700000000000002,5,5,34
augmentation,hq_plus_a,HQ + A,grouped_route,per_family_2,2 groups per family,logistic,repeat_04_fold_01,4,1,0.2727272727272727,0.18181818181818182,0.20674047127275924,0.24793388429752067,0.30000000000000004,5,2,31
augmentation,hq_plus_a,HQ + A,grouped_route,per_family_2,2 groups per family,xgb1,repeat_04_fold_01,4,1,0.30434782608695654,0.21212121212121213,0.2128847066438679,0.28,0.7800000000000001,5,2,31
augmentation,hq_plus_a,HQ + A,raw_comparison,per_family_3,3 groups per family,logistic,repeat_04_fold_01,4,1,0.2727272727272727,0.2727272727272727,0.21720804043248557,0.2727272727272727,0.24000000000000005,5,5,34
augmentation,hq_plus_a,HQ + A,raw_comparison,per_family_3,3 groups per family,xgb1,repeat_04_fold_01,4,1,0.25862068965517243,0.3409090909090909,0.22062141307779357,0.2717391304347826,0.6700000000000002,5,5,34
augmentation,hq_plus_a,HQ + A,grouped_route,per_family_3,3 groups per family,logistic,repeat_04_fold_01,4,1,0.26506024096385544,0.16666666666666666,0.21913111275397273,0.23706896551724138,0.34,5,3,32
augmentation,hq_plus_a,HQ + A,grouped_route,per_family_3,3 groups per family,xgb1,repeat_04_fold_01,4,1,0.3010752688172043,0.21212121212121213,0.22381340643310238,0.2777777777777778,0.7700000000000002,5,3,32
augmentation,hq_plus_f,HQ + F,raw_comparison,per_family_2,2 groups per family,logistic,repeat_04_fold_01,4,1,0.19827586206896552,0.17424242424242425,0.1643906145839761,0.1929530201342282,0.21000000000000002,6,6,35
augmentation,hq_plus_f,HQ + F,raw_comparison,per_family_2,2 groups per family,xgb1,repeat_04_fold_01,4,1,0.17894736842105263,0.12878787878787878,0.15612153079546712,0.166015625,0.7200000000000002,6,6,35
augmentation,hq_plus_f,HQ + F,grouped_route,per_family_2,2 groups per family,logistic,repeat_04_fold_01,4,1,0.1895424836601307,0.2196969696969697,0.15999186896270545,0.19489247311827956,0.18000000000000005,6,2,31
augmentation,hq_plus_f,HQ + F,grouped_route,per_family_2,2 groups per family,xgb1,repeat_04_fold_01,4,1,0.1652892561983471,0.15151515151515152,0.1564678410497694,0.16233766233766234,0.6900000000000002,6,2,31
augmentation,hq_plus_f,HQ + F,raw_comparison,per_family_3,3 groups per family,logistic,repeat_04_fold_01,4,1,0.19827586206896552,0.17424242424242425,0.1643906145839761,0.1929530201342282,0.21000000000000002,6,6,35
augmentation,hq_plus_f,HQ + F,raw_comparison,per_family_3,3 groups per family,xgb1,repeat_04_fold_01,4,1,0.17894736842105263,0.12878787878787878,0.15612153079546712,0.166015625,0.7200000000000002,6,6,35
augmentation,hq_plus_f,HQ + F,grouped_route,per_family_3,3 groups per family,logistic,repeat_04_fold_01,4,1,0.2037037037037037,0.16666666666666666,0.16045695533687704,0.1950354609929078,0.21000000000000002,6,3,32
augmentation,hq_plus_f,HQ + F,grouped_route,per_family_3,3 groups per family,xgb1,repeat_04_fold_01,4,1,0.16417910447761194,0.16666666666666666,0.15526278866917106,0.16467065868263472,0.6800000000000002,6,3,32
augmentation,hq_plus_a_b_c_d_e,HQ + A+B+C+D+E,raw_comparison,per_family_2,2 groups per family,logistic,repeat_04_fold_01,4,1,0.26804123711340205,0.19696969696969696,0.22942808443939364,0.25,0.34,15,15,44
augmentation,hq_plus_a_b_c_d_e,HQ + A+B+C+D+E,raw_comparison,per_family_2,2 groups per family,xgb1,repeat_04_fold_01,4,1,0.2795031055900621,0.3409090909090909,0.2222442773849901,0.28994845360824745,0.6800000000000002,15,15,44
augmentation,hq_plus_a_b_c_d_e,HQ + A+B+C+D+E,grouped_route,per_family_2,2 groups per family,logistic,repeat_04_fold_01,4,1,0.30927835051546393,0.22727272727272727,0.22168977770429318,0.28846153846153844,0.32000000000000006,15,10,39
augmentation,hq_plus_a_b_c_d_e,HQ + A+B+C+D+E,grouped_route,per_family_2,2 groups per family,xgb1,repeat_04_fold_01,4,1,0.29347826086956524,0.20454545454545456,0.21434704284784664,0.27,0.7700000000000002,15,10,39
augmentation,hq_plus_a_b_c_d_e,HQ + A+B+C+D+E,raw_comparison,per_family_3,3 groups per family,logistic,repeat_04_fold_01,4,1,0.26804123711340205,0.19696969696969696,0.22942808443939364,0.25,0.34,15,15,44
augmentation,hq_plus_a_b_c_d_e,HQ + A+B+C+D+E,raw_comparison,per_family_3,3 groups per family,xgb1,repeat_04_fold_01,4,1,0.2795031055900621,0.3409090909090909,0.2222442773849901,0.28994845360824745,0.6800000000000002,15,15,44
augmentation,hq_plus_a_b_c_d_e,HQ + A+B+C+D+E,grouped_route,per_family_3,3 groups per family,logistic,repeat_04_fold_01,4,1,0.29213483146067415,0.19696969696969696,0.22999836157887865,0.26639344262295084,0.35000000000000003,15,13,42
augmentation,hq_plus_a_b_c_d_e,HQ + A+B+C+D+E,grouped_route,per_family_3,3 groups per family,xgb1,repeat_04_fold_01,4,1,0.29411764705882354,0.1893939393939394,0.2258070093943557,0.2648305084745763,0.7700000000000002,15,13,42
augmentation,hq_plus_b_c_d_e_f,HQ + B+C+D+E+F,raw_comparison,per_family_2,2 groups per family,logistic,repeat_04_fold_01,4,1,0.23684210526315788,0.20454545454545456,0.1799418901746945,0.22959183673469388,0.24000000000000005,16,16,45
augmentation,hq_plus_b_c_d_e_f,HQ + B+C+D+E+F,raw_comparison,per_family_2,2 groups per family,xgb1,repeat_04_fold_01,4,1,0.19753086419753085,0.12121212121212122,0.16276071125131747,0.17543859649122806,0.7400000000000002,16,16,45
augmentation,hq_plus_b_c_d_e_f,HQ + B+C+D+E+F,grouped_route,per_family_2,2 groups per family,logistic,repeat_04_fold_01,4,1,0.24761904761904763,0.19696969696969696,0.1752178866087237,0.23550724637681159,0.24000000000000005,16,10,39
augmentation,hq_plus_b_c_d_e_f,HQ + B+C+D+E+F,grouped_route,per_family_2,2 groups per family,xgb1,repeat_04_fold_01,4,1,0.18128654970760233,0.23484848484848486,0.16298544956566657,0.18995098039215685,0.6400000000000001,16,10,39
augmentation,hq_plus_b_c_d_e_f,HQ + B+C+D+E+F,raw_comparison,per_family_3,3 groups per family,logistic,repeat_04_fold_01,4,1,0.23684210526315788,0.20454545454545456,0.1799418901746945,0.22959183673469388,0.24000000000000005,16,16,45
augmentation,hq_plus_b_c_d_e_f,HQ + B+C+D+E+F,raw_comparison,per_family_3,3 groups per family,xgb1,repeat_04_fold_01,4,1,0.19753086419753085,0.12121212121212122,0.16276071125131747,0.17543859649122806,0.7400000000000002,16,16,45
augmentation,hq_plus_b_c_d_e_f,HQ + B+C+D+E+F,grouped_route,per_family_3,3 groups per family,logistic,repeat_04_fold_01,4,1,0.2336448598130841,0.1893939393939394,0.17468632116798302,0.22321428571428573,0.24000000000000005,16,13,42
augmentation,hq_plus_b_c_d_e_f,HQ + B+C+D+E+F,grouped_route,per_family_3,3 groups per family,xgb1,repeat_04_fold_01,4,1,0.1791907514450867,0.23484848484848486,0.16302597049789852,0.18810679611650485,0.6400000000000001,16,13,42
competition,hq_only,HQ,raw_comparison,total_groups_6,6 total groups,logistic,repeat_04_fold_01,4,1,0.20454545454545456,0.13636363636363635,0.1524930374123935,0.1859504132231405,0.23000000000000004,29,29,29
competition,hq_only,HQ,raw_comparison,total_groups_6,6 total groups,xgb1,repeat_04_fold_01,4,1,0.17543859649122806,0.15151515151515152,0.1541879072493822,0.17006802721088435,0.7100000000000002,29,29,29
competition,hq_only,HQ,grouped_route,total_groups_6,6 total groups,logistic,repeat_04_fold_01,4,1,0.20930232558139536,0.13636363636363635,0.15266683594424935,0.18907563025210083,0.19,29,6,6
competition,hq_only,HQ,grouped_route,total_groups_6,6 total groups,xgb1,repeat_04_fold_01,4,1,0.17647058823529413,0.11363636363636363,0.15437129822133278,0.15889830508474576,0.7100000000000002,29,6,6
competition,hq_plus_a,HQ + A,raw_comparison,total_groups_6,6 total groups,logistic,repeat_04_fold_01,4,1,0.2727272727272727,0.2727272727272727,0.21720804043248557,0.2727272727272727,0.24000000000000005,34,34,34
competition,hq_plus_a,HQ + A,raw_comparison,total_groups_6,6 total groups,xgb1,repeat_04_fold_01,4,1,0.25862068965517243,0.3409090909090909,0.22062141307779357,0.2717391304347826,0.6700000000000002,34,34,34
competition,hq_plus_a,HQ + A,grouped_route,total_groups_6,6 total groups,logistic,repeat_04_fold_01,4,1,0.24210526315789474,0.17424242424242425,0.1861922857046544,0.224609375,0.22000000000000003,34,6,6
competition,hq_plus_a,HQ + A,grouped_route,total_groups_6,6 total groups,xgb1,repeat_04_fold_01,4,1,0.2894736842105263,0.25,0.20630552011349404,0.28061224489795916,0.7500000000000002,34,6,6
competition,hq_plus_f,HQ + F,raw_comparison,total_groups_6,6 total groups,logistic,repeat_04_fold_01,4,1,0.19827586206896552,0.17424242424242425,0.1643906145839761,0.1929530201342282,0.21000000000000002,35,35,35
competition,hq_plus_f,HQ + F,raw_comparison,total_groups_6,6 total groups,xgb1,repeat_04_fold_01,4,1,0.17894736842105263,0.12878787878787878,0.15612153079546712,0.166015625,0.7200000000000002,35,35,35
competition,hq_plus_f,HQ + F,grouped_route,total_groups_6,6 total groups,logistic,repeat_04_fold_01,4,1,0.22388059701492538,0.11363636363636363,0.15987126983228026,0.1875,0.22000000000000003,35,6,6
competition,hq_plus_f,HQ + F,grouped_route,total_groups_6,6 total groups,xgb1,repeat_04_fold_01,4,1,0.1791044776119403,0.18181818181818182,0.16583869468562898,0.17964071856287425,0.6600000000000001,35,6,6
competition,hq_plus_a_b_c_d_e,HQ + A+B+C+D+E,raw_comparison,total_groups_6,6 total groups,logistic,repeat_04_fold_01,4,1,0.26804123711340205,0.19696969696969696,0.22942808443939364,0.25,0.34,44,44,44
competition,hq_plus_a_b_c_d_e,HQ + A+B+C+D+E,raw_comparison,total_groups_6,6 total groups,xgb1,repeat_04_fold_01,4,1,0.2795031055900621,0.3409090909090909,0.2222442773849901,0.28994845360824745,0.6800000000000002,44,44,44
competition,hq_plus_a_b_c_d_e,HQ + A+B+C+D+E,grouped_route,total_groups_6,6 total groups,logistic,repeat_04_fold_01,4,1,0.19148936170212766,0.20454545454545456,0.163921542971552,0.1939655172413793,0.17000000000000004,44,6,6
competition,hq_plus_a_b_c_d_e,HQ + A+B+C+D+E,grouped_route,total_groups_6,6 total groups,xgb1,repeat_04_fold_01,4,1,0.27380952380952384,0.17424242424242425,0.19050159813818518,0.24572649572649571,0.7700000000000002,44,6,6
competition,hq_plus_b_c_d_e_f,HQ + B+C+D+E+F,raw_comparison,total_groups_6,6 total groups,logistic,repeat_04_fold_01,4,1,0.23684210526315788,0.20454545454545456,0.1799418901746945,0.22959183673469388,0.24000000000000005,45,45,45
competition,hq_plus_b_c_d_e_f,HQ + B+C+D+E+F,raw_comparison,total_groups_6,6 total groups,xgb1,repeat_04_fold_01,4,1,0.19753086419753085,0.12121212121212122,0.16276071125131747,0.17543859649122806,0.7400000000000002,45,45,45
competition,hq_plus_b_c_d_e_f,HQ + B+C+D+E+F,grouped_route,total_groups_6,6 total groups,logistic,repeat_04_fold_01,4,1,0.19047619047619047,0.12121212121212122,0.15272855537330932,0.17094017094017094,0.2,45,6,6
competition,hq_plus_b_c_d_e_f,HQ + B+C+D+E+F,grouped_route,total_groups_6,6 total groups,xgb1,repeat_04_fold_01,4,1,0.21100917431192662,0.17424242424242425,0.15761292493880125,0.20246478873239437,0.6900000000000002,45,6,6
augmentation,hq_plus_a,HQ + A,raw_comparison,per_family_2,2 groups per family,logistic,repeat_04_fold_02,4,2,0.30973451327433627,0.26515151515151514,0.22417075813579174,0.2996575342465753,0.27,5,5,34
augmentation,hq_plus_a,HQ + A,raw_comparison,per_family_2,2 groups per family,xgb1,repeat_04_fold_02,4,2,0.31666666666666665,0.2878787878787879,0.24671495189295262,0.3104575163398693,0.7200000000000002,5,5,34
augmentation,hq_plus_a,HQ + A,grouped_route,per_family_2,2 groups per family,logistic,repeat_04_fold_02,4,2,0.3153846153846154,0.3106060606060606,0.21776579739618226,0.31441717791411045,0.24000000000000005,5,2,31
augmentation,hq_plus_a,HQ + A,grouped_route,per_family_2,2 groups per family,xgb1,repeat_04_fold_02,4,2,0.3,0.3181818181818182,0.24137340511151564,0.30346820809248554,0.6900000000000002,5,2,31
augmentation,hq_plus_a,HQ + A,raw_comparison,per_family_3,3 groups per family,logistic,repeat_04_fold_02,4,2,0.30973451327433627,0.26515151515151514,0.22417075813579174,0.2996575342465753,0.27,5,5,34
augmentation,hq_plus_a,HQ + A,raw_comparison,per_family_3,3 groups per family,xgb1,repeat_04_fold_02,4,2,0.31666666666666665,0.2878787878787879,0.24671495189295262,0.3104575163398693,0.7200000000000002,5,5,34
augmentation,hq_plus_a,HQ + A,grouped_route,per_family_3,3 groups per family,logistic,repeat_04_fold_02,4,2,0.3275862068965517,0.2878787878787879,0.22454312485452807,0.3187919463087248,0.26000000000000006,5,3,32
augmentation,hq_plus_a,HQ + A,grouped_route,per_family_3,3 groups per family,xgb1,repeat_04_fold_02,4,2,0.3203125,0.3106060606060606,0.24422371799700368,0.31832298136645965,0.7100000000000002,5,3,32
augmentation,hq_plus_f,HQ + F,raw_comparison,per_family_2,2 groups per family,logistic,repeat_04_fold_02,4,2,0.2872340425531915,0.20454545454545456,0.19397131633602677,0.265748031496063,0.22000000000000003,6,6,35
augmentation,hq_plus_f,HQ + F,raw_comparison,per_family_2,2 groups per family,xgb1,repeat_04_fold_02,4,2,0.2823529411764706,0.18181818181818182,0.1821410793706999,0.2542372881355932,0.7100000000000002,6,6,35
augmentation,hq_plus_f,HQ + F,grouped_route,per_family_2,2 groups per family,logistic,repeat_04_fold_02,4,2,0.2926829268292683,0.18181818181818182,0.19081534719514204,0.2608695652173913,0.23000000000000004,6,2,31
augmentation,hq_plus_f,HQ + F,grouped_route,per_family_2,2 groups per family,xgb1,repeat_04_fold_02,4,2,0.2717391304347826,0.1893939393939394,0.18446166493217536,0.25,0.7000000000000002,6,2,31
augmentation,hq_plus_f,HQ + F,raw_comparison,per_family_3,3 groups per family,logistic,repeat_04_fold_02,4,2,0.2872340425531915,0.20454545454545456,0.19397131633602677,0.265748031496063,0.22000000000000003,6,6,35
augmentation,hq_plus_f,HQ + F,raw_comparison,per_family_3,3 groups per family,xgb1,repeat_04_fold_02,4,2,0.2823529411764706,0.18181818181818182,0.1821410793706999,0.2542372881355932,0.7100000000000002,6,6,35
augmentation,hq_plus_f,HQ + F,grouped_route,per_family_3,3 groups per family,logistic,repeat_04_fold_02,4,2,0.2967032967032967,0.20454545454545456,0.1905055678632695,0.2721774193548387,0.22000000000000003,6,3,32
augmentation,hq_plus_f,HQ + F,grouped_route,per_family_3,3 groups per family,xgb1,repeat_04_fold_02,4,2,0.2366412213740458,0.23484848484848486,0.18404964848492525,0.23628048780487804,0.6500000000000001,6,3,32
augmentation,hq_plus_a_b_c_d_e,HQ + A+B+C+D+E,raw_comparison,per_family_2,2 groups per family,logistic,repeat_04_fold_02,4,2,0.3237410071942446,0.3409090909090909,0.22247794542090427,0.32703488372093026,0.26000000000000006,15,15,44
augmentation,hq_plus_a_b_c_d_e,HQ + A+B+C+D+E,raw_comparison,per_family_2,2 groups per family,xgb1,repeat_04_fold_02,4,2,0.3135593220338983,0.2803030303030303,0.2479107801806113,0.30629139072847683,0.7100000000000002,15,15,44
augmentation,hq_plus_a_b_c_d_e,HQ + A+B+C+D+E,grouped_route,per_family_2,2 groups per family,logistic,repeat_04_fold_02,4,2,0.3486238532110092,0.2878787878787879,0.22428889848746958,0.3345070422535211,0.31000000000000005,15,10,39
augmentation,hq_plus_a_b_c_d_e,HQ + A+B+C+D+E,grouped_route,per_family_2,2 groups per family,xgb1,repeat_04_fold_02,4,2,0.3069306930693069,0.23484848484848486,0.2422394735670683,0.2891791044776119,0.7400000000000002,15,10,39
augmentation,hq_plus_a_b_c_d_e,HQ + A+B+C+D+E,raw_comparison,per_family_3,3 groups per family,logistic,repeat_04_fold_02,4,2,0.3237410071942446,0.3409090909090909,0.22247794542090427,0.32703488372093026,0.26000000000000006,15,15,44
augmentation,hq_plus_a_b_c_d_e,HQ + A+B+C+D+E,raw_comparison,per_family_3,3 groups per family,xgb1,repeat_04_fold_02,4,2,0.3135593220338983,0.2803030303030303,0.2479107801806113,0.30629139072847683,0.7100000000000002,15,15,44
augmentation,hq_plus_a_b_c_d_e,HQ + A+B+C+D+E,grouped_route,per_family_3,3 groups per family,logistic,repeat_04_fold_02,4,2,0.31343283582089554,0.3181818181818182,0.22188883116327357,0.3143712574850299,0.27,15,13,42
augmentation,hq_plus_a_b_c_d_e,HQ + A+B+C+D+E,grouped_route,per_family_3,3 groups per family,xgb1,repeat_04_fold_02,4,2,0.30275229357798167,0.25,0.24421393654733925,0.2904929577464789,0.7300000000000002,15,13,42
augmentation,hq_plus_b_c_d_e_f,HQ + B+C+D+E+F,raw_comparison,per_family_2,2 groups per family,logistic,repeat_04_fold_02,4,2,0.3157894736842105,0.22727272727272727,0.199741517924294,0.29296875,0.26000000000000006,16,16,45
augmentation,hq_plus_b_c_d_e_f,HQ + B+C+D+E+F,raw_comparison,per_family_2,2 groups per family,xgb1,repeat_04_fold_02,4,2,0.2967032967032967,0.20454545454545456,0.18554104666430696,0.2721774193548387,0.7000000000000002,16,16,45
augmentation,hq_plus_b_c_d_e_f,HQ + B+C+D+E+F,grouped_route,per_family_2,2 groups per family,logistic,repeat_04_fold_02,4,2,0.30851063829787234,0.2196969696969697,0.20092046594767743,0.2854330708661417,0.24000000000000005,16,10,39
augmentation,hq_plus_b_c_d_e_f,HQ + B+C+D+E+F,grouped_route,per_family_2,2 groups per family,xgb1,repeat_04_fold_02,4,2,0.28421052631578947,0.20454545454545456,0.18756932436001378,0.263671875,0.6900000000000002,16,10,39
augmentation,hq_plus_b_c_d_e_f,HQ + B+C+D+E+F,raw_comparison,per_family_3,3 groups per family,logistic,repeat_04_fold_02,4,2,0.3157894736842105,0.22727272727272727,0.199741517924294,0.29296875,0.26000000000000006,16,16,45
augmentation,hq_plus_b_c_d_e_f,HQ + B+C+D+E+F,raw_comparison,per_family_3,3 groups per family,xgb1,repeat_04_fold_02,4,2,0.2967032967032967,0.20454545454545456,0.18554104666430696,0.2721774193548387,0.7000000000000002,16,16,45
augmentation,hq_plus_b_c_d_e_f,HQ + B+C+D+E+F,grouped_route,per_family_3,3 groups per family,logistic,repeat_04_fold_02,4,2,0.29347826086956524,0.20454545454545456,0.19636894377347616,0.27,0.26000000000000006,16,13,42
augmentation,hq_plus_b_c_d_e_f,HQ + B+C+D+E+F,grouped_route,per_family_3,3 groups per family,xgb1,repeat_04_fold_02,4,2,0.2872340425531915,0.20454545454545456,0.18511013824465194,0.265748031496063,0.6900000000000002,16,13,42
competition,hq_only,HQ,raw_comparison,total_groups_6,6 total groups,logistic,repeat_04_fold_02,4,2,0.24,0.22727272727272727,0.17560776426082808,0.23734177215189872,0.18000000000000005,29,29,29
competition,hq_only,HQ,raw_comparison,total_groups_6,6 total groups,xgb1,repeat_04_fold_02,4,2,0.27956989247311825,0.19696969696969696,0.18220399469798215,0.25793650793650796,0.7000000000000002,29,29,29
competition,hq_only,HQ,grouped_route,total_groups_6,6 total groups,logistic,repeat_04_fold_02,4,2,0.23255813953488372,0.15151515151515152,0.17072246728680962,0.21008403361344538,0.19,29,6,6
competition,hq_only,HQ,grouped_route,total_groups_6,6 total groups,xgb1,repeat_04_fold_02,4,2,0.2786885245901639,0.12878787878787878,0.17157447853294217,0.22606382978723405,0.7800000000000001,29,6,6
competition,hq_plus_a,HQ + A,raw_comparison,total_groups_6,6 total groups,logistic,repeat_04_fold_02,4,2,0.30973451327433627,0.26515151515151514,0.22417075813579174,0.2996575342465753,0.27,34,34,34
competition,hq_plus_a,HQ + A,raw_comparison,total_groups_6,6 total groups,xgb1,repeat_04_fold_02,4,2,0.31666666666666665,0.2878787878787879,0.24671495189295262,0.3104575163398693,0.7200000000000002,34,34,34
competition,hq_plus_a,HQ + A,grouped_route,total_groups_6,6 total groups,logistic,repeat_04_fold_02,4,2,0.30952380952380953,0.19696969696969696,0.22119709076693014,0.2777777777777778,0.30000000000000004,34,6,6
competition,hq_plus_a,HQ + A,grouped_route,total_groups_6,6 total groups,xgb1,repeat_04_fold_02,4,2,0.2857142857142857,0.4090909090909091,0.23655591136345908,0.30405405405405406,0.6800000000000002,34,6,6
competition,hq_plus_f,HQ + F,raw_comparison,total_groups_6,6 total groups,logistic,repeat_04_fold_02,4,2,0.2872340425531915,0.20454545454545456,0.19397131633602677,0.265748031496063,0.22000000000000003,35,35,35
competition,hq_plus_f,HQ + F,raw_comparison,total_groups_6,6 total groups,xgb1,repeat_04_fold_02,4,2,0.2823529411764706,0.18181818181818182,0.1821410793706999,0.2542372881355932,0.7100000000000002,35,35,35
competition,hq_plus_f,HQ + F,grouped_route,total_groups_6,6 total groups,logistic,repeat_04_fold_02,4,2,0.24444444444444444,0.16666666666666666,0.17209141315512327,0.22357723577235772,0.19,35,6,6
competition,hq_plus_f,HQ + F,grouped_route,total_groups_6,6 total groups,xgb1,repeat_04_fold_02,4,2,0.2898550724637681,0.15151515151515152,0.17358831631063448,0.24509803921568626,0.7300000000000002,35,6,6
competition,hq_plus_a_b_c_d_e,HQ + A+B+C+D+E,raw_comparison,total_groups_6,6 total groups,logistic,repeat_04_fold_02,4,2,0.3237410071942446,0.3409090909090909,0.22247794542090427,0.32703488372093026,0.26000000000000006,44,44,44
competition,hq_plus_a_b_c_d_e,HQ + A+B+C+D+E,raw_comparison,total_groups_6,6 total groups,xgb1,repeat_04_fold_02,4,2,0.3135593220338983,0.2803030303030303,0.2479107801806113,0.30629139072847683,0.7100000000000002,44,44,44
competition,hq_plus_a_b_c_d_e,HQ + A+B+C+D+E,grouped_route,total_groups_6,6 total groups,logistic,repeat_04_fold_02,4,2,0.29927007299270075,0.3106060606060606,0.22160742218348217,0.3014705882352941,0.23000000000000004,44,6,6
competition,hq_plus_a_b_c_d_e,HQ + A+B+C+D+E,grouped_route,total_groups_6,6 total groups,xgb1,repeat_04_fold_02,4,2,0.28292682926829266,0.4393939393939394,0.2259803877676687,0.30462184873949577,0.6800000000000002,44,6,6
competition,hq_plus_b_c_d_e_f,HQ + B+C+D+E+F,raw_comparison,total_groups_6,6 total groups,logistic,repeat_04_fold_02,4,2,0.3157894736842105,0.22727272727272727,0.199741517924294,0.29296875,0.26000000000000006,45,45,45
competition,hq_plus_b_c_d_e_f,HQ + B+C+D+E+F,raw_comparison,total_groups_6,6 total groups,xgb1,repeat_04_fold_02,4,2,0.2967032967032967,0.20454545454545456,0.18554104666430696,0.2721774193548387,0.7000000000000002,45,45,45
competition,hq_plus_b_c_d_e_f,HQ + B+C+D+E+F,grouped_route,total_groups_6,6 total groups,logistic,repeat_04_fold_02,4,2,0.25,0.17424242424242425,0.17046792879985118,0.23,0.19,45,6,6
competition,hq_plus_b_c_d_e_f,HQ + B+C+D+E+F,grouped_route,total_groups_6,6 total groups,xgb1,repeat_04_fold_02,4,2,0.24074074074074073,0.19696969696969696,0.16856161379743045,0.23049645390070922,0.6800000000000002,45,6,6
augmentation,hq_plus_a,HQ + A,raw_comparison,per_family_2,2 groups per family,logistic,repeat_04_fold_03,4,3,0.35185185185185186,0.2878787878787879,0.23231361076603957,0.33687943262411346,0.26000000000000006,5,5,34
augmentation,hq_plus_a,HQ + A,raw_comparison,per_family_2,2 groups per family,xgb1,repeat_04_fold_03,4,3,0.3333333333333333,0.2878787878787879,0.23919059068320364,0.3231292517006803,0.7300000000000002,5,5,34
augmentation,hq_plus_a,HQ + A,grouped_route,per_family_2,2 groups per family,logistic,repeat_04_fold_03,4,3,0.2980769230769231,0.23484848484848486,0.2227031949010948,0.28284671532846717,0.24000000000000005,5,2,31
augmentation,hq_plus_a,HQ + A,grouped_route,per_family_2,2 groups per family,xgb1,repeat_04_fold_03,4,3,0.3563218390804598,0.23484848484848486,0.24074253817346938,0.3229166666666667,0.7800000000000001,5,2,31
augmentation,hq_plus_a,HQ + A,raw_comparison,per_family_3,3 groups per family,logistic,repeat_04_fold_03,4,3,0.35185185185185186,0.2878787878787879,0.23231361076603957,0.33687943262411346,0.26000000000000006,5,5,34
augmentation,hq_plus_a,HQ + A,raw_comparison,per_family_3,3 groups per family,xgb1,repeat_04_fold_03,4,3,0.3333333333333333,0.2878787878787879,0.23919059068320364,0.3231292517006803,0.7300000000000002,5,5,34
augmentation,hq_plus_a,HQ + A,grouped_route,per_family_3,3 groups per family,logistic,repeat_04_fold_03,4,3,0.3181818181818182,0.26515151515151514,0.2329795549765226,0.30594405594405594,0.25000000000000006,5,3,32
augmentation,hq_plus_a,HQ + A,grouped_route,per_family_3,3 groups per family,xgb1,repeat_04_fold_03,4,3,0.3565217391304348,0.3106060606060606,0.24055921584856735,0.34628378378378377,0.7300000000000002,5,3,32
augmentation,hq_plus_f,HQ + F,raw_comparison,per_family_2,2 groups per family,logistic,repeat_04_fold_03,4,3,0.2909090909090909,0.24242424242424243,0.18408104444494922,0.27972027972027974,0.2,6,6,35
augmentation,hq_plus_f,HQ + F,raw_comparison,per_family_2,2 groups per family,xgb1,repeat_04_fold_03,4,3,0.2727272727272727,0.09090909090909091,0.17836588219397026,0.19480519480519481,0.7900000000000001,6,6,35
augmentation,hq_plus_f,HQ + F,grouped_route,per_family_2,2 groups per family,logistic,repeat_04_fold_03,4,3,0.29292929292929293,0.2196969696969697,0.17771159635051392,0.2746212121212121,0.21000000000000002,6,2,31
augmentation,hq_plus_f,HQ + F,grouped_route,per_family_2,2 groups per family,xgb1,repeat_04_fold_03,4,3,0.2826086956521739,0.09848484848484848,0.17902200285944223,0.20569620253164558,0.7900000000000001,6,2,31
augmentation,hq_plus_f,HQ + F,raw_comparison,per_family_3,3 groups per family,logistic,repeat_04_fold_03,4,3,0.2909090909090909,0.24242424242424243,0.18408104444494922,0.27972027972027974,0.2,6,6,35
augmentation,hq_plus_f,HQ + F,raw_comparison,per_family_3,3 groups per family,xgb1,repeat_04_fold_03,4,3,0.2727272727272727,0.09090909090909091,0.17836588219397026,0.19480519480519481,0.7900000000000001,6,6,35
augmentation,hq_plus_f,HQ + F,grouped_route,per_family_3,3 groups per family,logistic,repeat_04_fold_03,4,3,0.2777777777777778,0.22727272727272727,0.1777035083251782,0.26595744680851063,0.2,6,3,32
augmentation,hq_plus_f,HQ + F,grouped_route,per_family_3,3 groups per family,xgb1,repeat_04_fold_03,4,3,0.2916666666666667,0.10606060606060606,0.1801632511754398,0.21604938271604937,0.7800000000000001,6,3,32
augmentation,hq_plus_a_b_c_d_e,HQ + A+B+C+D+E,raw_comparison,per_family_2,2 groups per family,logistic,repeat_04_fold_03,4,3,0.3333333333333333,0.3106060606060606,0.2486392047184817,0.328525641025641,0.25000000000000006,15,15,44
augmentation,hq_plus_a_b_c_d_e,HQ + A+B+C+D+E,raw_comparison,per_family_2,2 groups per family,xgb1,repeat_04_fold_03,4,3,0.3409090909090909,0.3409090909090909,0.23874594506787503,0.3409090909090909,0.7100000000000002,15,15,44
augmentation,hq_plus_a_b_c_d_e,HQ + A+B+C+D+E,grouped_route,per_family_2,2 groups per family,logistic,repeat_04_fold_03,4,3,0.3247863247863248,0.2878787878787879,0.24551867628487015,0.31666666666666665,0.23000000000000004,15,10,39
augmentation,hq_plus_a_b_c_d_e,HQ + A+B+C+D+E,grouped_route,per_family_2,2 groups per family,xgb1,repeat_04_fold_03,4,3,0.3358208955223881,0.3409090909090909,0.24014264006779124,0.33682634730538924,0.7000000000000002,15,10,39
augmentation,hq_plus_a_b_c_d_e,HQ + A+B+C+D+E,raw_comparison,per_family_3,3 groups per family,logistic,repeat_04_fold_03,4,3,0.3333333333333333,0.3106060606060606,0.2486392047184817,0.328525641025641,0.25000000000000006,15,15,44
augmentation,hq_plus_a_b_c_d_e,HQ + A+B+C+D+E,raw_comparison,per_family_3,3 groups per family,xgb1,repeat_04_fold_03,4,3,0.3409090909090909,0.3409090909090909,0.23874594506787503,0.3409090909090909,0.7100000000000002,15,15,44
augmentation,hq_plus_a_b_c_d_e,HQ + A+B+C+D+E,grouped_route,per_family_3,3 groups per family,logistic,repeat_04_fold_03,4,3,0.34234234234234234,0.2878787878787879,0.2500662757713567,0.3298611111111111,0.27,15,13,42
augmentation,hq_plus_a_b_c_d_e,HQ + A+B+C+D+E,grouped_route,per_family_3,3 groups per family,xgb1,repeat_04_fold_03,4,3,0.35,0.3181818181818182,0.2420164013620364,0.3431372549019608,0.7200000000000002,15,13,42
augmentation,hq_plus_b_c_d_e_f,HQ + B+C+D+E+F,raw_comparison,per_family_2,2 groups per family,logistic,repeat_04_fold_03,4,3,0.30864197530864196,0.1893939393939394,0.20144585207524998,0.2741228070175439,0.25000000000000006,16,16,45
augmentation,hq_plus_b_c_d_e_f,HQ + B+C+D+E+F,raw_comparison,per_family_2,2 groups per family,xgb1,repeat_04_fold_03,4,3,0.2682926829268293,0.08333333333333333,0.18588638338075864,0.1858108108108108,0.7900000000000001,16,16,45
augmentation,hq_plus_b_c_d_e_f,HQ + B+C+D+E+F,grouped_route,per_family_2,2 groups per family,logistic,repeat_04_fold_03,4,3,0.3287671232876712,0.18181818181818182,0.19694985911413251,0.2830188679245283,0.26000000000000006,16,10,39
augmentation,hq_plus_b_c_d_e_f,HQ + B+C+D+E+F,grouped_route,per_family_2,2 groups per family,xgb1,repeat_04_fold_03,4,3,0.29545454545454547,0.09848484848484848,0.18517960641327386,0.21103896103896103,0.7800000000000001,16,10,39
augmentation,hq_plus_b_c_d_e_f,HQ + B+C+D+E+F,raw_comparison,per_family_3,3 groups per family,logistic,repeat_04_fold_03,4,3,0.30864197530864196,0.1893939393939394,0.20144585207524998,0.2741228070175439,0.25000000000000006,16,16,45
augmentation,hq_plus_b_c_d_e_f,HQ + B+C+D+E+F,raw_comparison,per_family_3,3 groups per family,xgb1,repeat_04_fold_03,4,3,0.2682926829268293,0.08333333333333333,0.18588638338075864,0.1858108108108108,0.7900000000000001,16,16,45
augmentation,hq_plus_b_c_d_e_f,HQ + B+C+D+E+F,grouped_route,per_family_3,3 groups per family,logistic,repeat_04_fold_03,4,3,0.3026315789473684,0.17424242424242425,0.19534882385840366,0.26376146788990823,0.26000000000000006,16,13,42
augmentation,hq_plus_b_c_d_e_f,HQ + B+C+D+E+F,grouped_route,per_family_3,3 groups per family,xgb1,repeat_04_fold_03,4,3,0.275,0.08333333333333333,0.18507569893294426,0.18835616438356165,0.8200000000000002,16,13,42
competition,hq_only,HQ,raw_comparison,total_groups_6,6 total groups,logistic,repeat_04_fold_03,4,3,0.2872340425531915,0.20454545454545456,0.1753235717980437,0.265748031496063,0.2,29,29,29
competition,hq_only,HQ,raw_comparison,total_groups_6,6 total groups,xgb1,repeat_04_fold_03,4,3,0.3050847457627119,0.13636363636363635,0.17551888131731447,0.24456521739130435,0.7600000000000002,29,29,29
competition,hq_only,HQ,grouped_route,total_groups_6,6 total groups,logistic,repeat_04_fold_03,4,3,0.17177914110429449,0.21212121212121213,0.16631947530788782,0.17857142857142858,0.14,29,6,6
competition,hq_only,HQ,grouped_route,total_groups_6,6 total groups,xgb1,repeat_04_fold_03,4,3,0.20714285714285716,0.2196969696969697,0.15748027236927337,0.20953757225433525,0.6400000000000001,29,6,6
competition,hq_plus_a,HQ + A,raw_comparison,total_groups_6,6 total groups,logistic,repeat_04_fold_03,4,3,0.35185185185185186,0.2878787878787879,0.23231361076603957,0.33687943262411346,0.26000000000000006,34,34,34
competition,hq_plus_a,HQ + A,raw_comparison,total_groups_6,6 total groups,xgb1,repeat_04_fold_03,4,3,0.3333333333333333,0.2878787878787879,0.23919059068320364,0.3231292517006803,0.7300000000000002,34,34,34
competition,hq_plus_a,HQ + A,grouped_route,total_groups_6,6 total groups,logistic,repeat_04_fold_03,4,3,0.32978723404255317,0.23484848484848486,0.2167325842428958,0.3051181102362205,0.23000000000000004,34,6,6
competition,hq_plus_a,HQ + A,grouped_route,total_groups_6,6 total groups,xgb1,repeat_04_fold_03,4,3,0.36904761904761907,0.23484848484848486,0.22325026899179803,0.3311965811965812,0.7800000000000001,34,6,6
competition,hq_plus_f,HQ + F,raw_comparison,total_groups_6,6 total groups,logistic,repeat_04_fold_03,4,3,0.2909090909090909,0.24242424242424243,0.18408104444494922,0.27972027972027974,0.2,35,35,35
competition,hq_plus_f,HQ + F,raw_comparison,total_groups_6,6 total groups,xgb1,repeat_04_fold_03,4,3,0.2727272727272727,0.09090909090909091,0.17836588219397026,0.19480519480519481,0.7900000000000001,35,35,35
competition,hq_plus_f,HQ + F,grouped_route,total_groups_6,6 total groups,logistic,repeat_04_fold_03,4,3,0.1958041958041958,0.21212121212121213,0.1634096368250061,0.19886363636363635,0.15000000000000002,35,6,6
competition,hq_plus_f,HQ + F,grouped_route,total_groups_6,6 total groups,xgb1,repeat_04_fold_03,4,3,0.22580645161290322,0.1590909090909091,0.1672071363894892,0.20833333333333334,0.6900000000000002,35,6,6
competition,hq_plus_a_b_c_d_e,HQ + A+B+C+D+E,raw_comparison,total_groups_6,6 total groups,logistic,repeat_04_fold_03,4,3,0.3333333333333333,0.3106060606060606,0.2486392047184817,0.328525641025641,0.25000000000000006,44,44,44
competition,hq_plus_a_b_c_d_e,HQ + A+B+C+D+E,raw_comparison,total_groups_6,6 total groups,xgb1,repeat_04_fold_03,4,3,0.3409090909090909,0.3409090909090909,0.23874594506787503,0.3409090909090909,0.7100000000000002,44,44,44
competition,hq_plus_a_b_c_d_e,HQ + A+B+C+D+E,grouped_route,total_groups_6,6 total groups,logistic,repeat_04_fold_03,4,3,0.2692307692307692,0.21212121212121213,0.1904791884061225,0.25547445255474455,0.18000000000000005,44,6,6
competition,hq_plus_a_b_c_d_e,HQ + A+B+C+D+E,grouped_route,total_groups_6,6 total groups,xgb1,repeat_04_fold_03,4,3,0.3188405797101449,0.16666666666666666,0.20362387858201214,0.2696078431372549,0.7900000000000001,44,6,6
competition,hq_plus_b_c_d_e_f,HQ + B+C+D+E+F,raw_comparison,total_groups_6,6 total groups,logistic,repeat_04_fold_03,4,3,0.30864197530864196,0.1893939393939394,0.20144585207524998,0.2741228070175439,0.25000000000000006,45,45,45
competition,hq_plus_b_c_d_e_f,HQ + B+C+D+E+F,raw_comparison,total_groups_6,6 total groups,xgb1,repeat_04_fold_03,4,3,0.2682926829268293,0.08333333333333333,0.18588638338075864,0.1858108108108108,0.7900000000000001,45,45,45
competition,hq_plus_b_c_d_e_f,HQ + B+C+D+E+F,grouped_route,total_groups_6,6 total groups,logistic,repeat_04_fold_03,4,3,0.24,0.18181818181818182,0.16787539076933702,0.22556390977443608,0.17000000000000004,45,6,6
competition,hq_plus_b_c_d_e_f,HQ + B+C+D+E+F,grouped_route,total_groups_6,6 total groups,xgb1,repeat_04_fold_03,4,3,0.20689655172413793,0.22727272727272727,0.1699862003100818,0.21067415730337077,0.6500000000000001,45,6,6
augmentation,hq_plus_a,HQ + A,raw_comparison,per_family_2,2 groups per family,logistic,repeat_05_fold_01,5,1,0.3229166666666667,0.23484848484848486,0.2544433251109704,0.3003875968992248,0.26000000000000006,5,5,34
augmentation,hq_plus_a,HQ + A,raw_comparison,per_family_2,2 groups per family,xgb1,repeat_05_fold_01,5,1,0.2620689655172414,0.2878787878787879,0.2318991735093758,0.26685393258426965,0.6700000000000002,5,5,34
augmentation,hq_plus_a,HQ + A,grouped_route,per_family_2,2 groups per family,logistic,repeat_05_fold_01,5,1,0.37142857142857144,0.19696969696969696,0.2610567699445284,0.3155339805825243,0.29000000000000004,5,2,31
augmentation,hq_plus_a,HQ + A,grouped_route,per_family_2,2 groups per family,xgb1,repeat_05_fold_01,5,1,0.29133858267716534,0.2803030303030303,0.23903675752974812,0.2890625,0.7000000000000002,5,2,31
augmentation,hq_plus_a,HQ + A,raw_comparison,per_family_3,3 groups per family,logistic,repeat_05_fold_01,5,1,0.3229166666666667,0.23484848484848486,0.2544433251109704,0.3003875968992248,0.26000000000000006,5,5,34
augmentation,hq_plus_a,HQ + A,raw_comparison,per_family_3,3 groups per family,xgb1,repeat_05_fold_01,5,1,0.2620689655172414,0.2878787878787879,0.2318991735093758,0.26685393258426965,0.6700000000000002,5,5,34
augmentation,hq_plus_a,HQ + A,grouped_route,per_family_3,3 groups per family,logistic,repeat_05_fold_01,5,1,0.3404255319148936,0.24242424242424243,0.25282522820361,0.31496062992125984,0.27,5,3,32
augmentation,hq_plus_a,HQ + A,grouped_route,per_family_3,3 groups per family,xgb1,repeat_05_fold_01,5,1,0.297029702970297,0.22727272727272727,0.2359248036257584,0.2798507462686567,0.7400000000000002,5,3,32
augmentation,hq_plus_f,HQ + F,raw_comparison,per_family_2,2 groups per family,logistic,repeat_05_fold_01,5,1,0.2553191489361702,0.09090909090909091,0.20440257072896803,0.1875,0.36000000000000004,6,6,35
augmentation,hq_plus_f,HQ + F,raw_comparison,per_family_2,2 groups per family,xgb1,repeat_05_fold_01,5,1,0.2553191489361702,0.09090909090909091,0.1842547952436056,0.1875,0.8300000000000002,6,6,35
augmentation,hq_plus_f,HQ + F,grouped_route,per_family_2,2 groups per family,logistic,repeat_05_fold_01,5,1,0.2553191489361702,0.09090909090909091,0.20953642530042574,0.1875,0.4000000000000001,6,2,31
augmentation,hq_plus_f,HQ + F,grouped_route,per_family_2,2 groups per family,xgb1,repeat_05_fold_01,5,1,0.2645161290322581,0.3106060606060606,0.18576248246322594,0.2726063829787234,0.6200000000000001,6,2,31
augmentation,hq_plus_f,HQ + F,raw_comparison,per_family_3,3 groups per family,logistic,repeat_05_fold_01,5,1,0.2553191489361702,0.09090909090909091,0.20440257072896803,0.1875,0.36000000000000004,6,6,35
augmentation,hq_plus_f,HQ + F,raw_comparison,per_family_3,3 groups per family,xgb1,repeat_05_fold_01,5,1,0.2553191489361702,0.09090909090909091,0.1842547952436056,0.1875,0.8300000000000002,6,6,35
augmentation,hq_plus_f,HQ + F,grouped_route,per_family_3,3 groups per family,logistic,repeat_05_fold_01,5,1,0.2553191489361702,0.09090909090909091,0.20861955685708877,0.1875,0.38000000000000006,6,3,32
augmentation,hq_plus_f,HQ + F,grouped_route,per_family_3,3 groups per family,xgb1,repeat_05_fold_01,5,1,0.2676056338028169,0.2878787878787879,0.18348549270855444,0.2714285714285714,0.6400000000000001,6,3,32
augmentation,hq_plus_a_b_c_d_e,HQ + A+B+C+D+E,raw_comparison,per_family_2,2 groups per family,logistic,repeat_05_fold_01,5,1,0.3466666666666667,0.19696969696969696,0.2644335036139613,0.30092592592592593,0.36000000000000004,15,15,44
augmentation,hq_plus_a_b_c_d_e,HQ + A+B+C+D+E,raw_comparison,per_family_2,2 groups per family,xgb1,repeat_05_fold_01,5,1,0.2706766917293233,0.2727272727272727,0.2328228174375104,0.2710843373493976,0.6800000000000002,15,15,44
augmentation,hq_plus_a_b_c_d_e,HQ + A+B+C+D+E,grouped_route,per_family_2,2 groups per family,logistic,repeat_05_fold_01,5,1,0.36666666666666664,0.3333333333333333,0.2700705042387836,0.35947712418300654,0.24000000000000005,15,10,39
augmentation,hq_plus_a_b_c_d_e,HQ + A+B+C+D+E,grouped_route,per_family_2,2 groups per family,xgb1,repeat_05_fold_01,5,1,0.2857142857142857,0.2878787878787879,0.2354137979472999,0.286144578313253,0.6800000000000002,15,10,39
augmentation,hq_plus_a_b_c_d_e,HQ + A+B+C+D+E,raw_comparison,per_family_3,3 groups per family,logistic,repeat_05_fold_01,5,1,0.3466666666666667,0.19696969696969696,0.2644335036139613,0.30092592592592593,0.36000000000000004,15,15,44
augmentation,hq_plus_a_b_c_d_e,HQ + A+B+C+D+E,raw_comparison,per_family_3,3 groups per family,xgb1,repeat_05_fold_01,5,1,0.2706766917293233,0.2727272727272727,0.2328228174375104,0.2710843373493976,0.6800000000000002,15,15,44
augmentation,hq_plus_a_b_c_d_e,HQ + A+B+C+D+E,grouped_route,per_family_3,3 groups per family,logistic,repeat_05_fold_01,5,1,0.3142857142857143,0.25,0.2643790909266204,0.29891304347826086,0.27,15,13,42
augmentation,hq_plus_a_b_c_d_e,HQ + A+B+C+D+E,grouped_route,per_family_3,3 groups per family,xgb1,repeat_05_fold_01,5,1,0.2871287128712871,0.2196969696969697,0.23464267265022032,0.27052238805970147,0.7400000000000002,15,13,42
augmentation,hq_plus_b_c_d_e_f,HQ + B+C+D+E+F,raw_comparison,per_family_2,2 groups per family,logistic,repeat_05_fold_01,5,1,0.34210526315789475,0.19696969696969696,0.21055079828786272,0.2981651376146789,0.25000000000000006,16,16,45
augmentation,hq_plus_b_c_d_e_f,HQ + B+C+D+E+F,raw_comparison,per_family_2,2 groups per family,xgb1,repeat_05_fold_01,5,1,0.25,0.2803030303030303,0.18895972738553235,0.255524861878453,0.6300000000000001,16,16,45
augmentation,hq_plus_b_c_d_e_f,HQ + B+C+D+E+F,grouped_route,per_family_2,2 groups per family,logistic,repeat_05_fold_01,5,1,0.35064935064935066,0.20454545454545456,0.21299749723317907,0.3068181818181818,0.25000000000000006,16,10,39
augmentation,hq_plus_b_c_d_e_f,HQ + B+C+D+E+F,grouped_route,per_family_2,2 groups per family,xgb1,repeat_05_fold_01,5,1,0.2517482517482518,0.2727272727272727,0.18876352101003005,0.2556818181818182,0.6400000000000001,16,10,39
augmentation,hq_plus_b_c_d_e_f,HQ + B+C+D+E+F,raw_comparison,per_family_3,3 groups per family,logistic,repeat_05_fold_01,5,1,0.34210526315789475,0.19696969696969696,0.21055079828786272,0.2981651376146789,0.25000000000000006,16,16,45
augmentation,hq_plus_b_c_d_e_f,HQ + B+C+D+E+F,raw_comparison,per_family_3,3 groups per family,xgb1,repeat_05_fold_01,5,1,0.25,0.2803030303030303,0.18895972738553235,0.255524861878453,0.6300000000000001,16,16,45
augmentation,hq_plus_b_c_d_e_f,HQ + B+C+D+E+F,grouped_route,per_family_3,3 groups per family,logistic,repeat_05_fold_01,5,1,0.33783783783783783,0.1893939393939394,0.21306404790728975,0.29205607476635514,0.26000000000000006,16,13,42
augmentation,hq_plus_b_c_d_e_f,HQ + B+C+D+E+F,grouped_route,per_family_3,3 groups per family,xgb1,repeat_05_fold_01,5,1,0.2518518518518518,0.25757575757575757,0.1866256027550915,0.25297619047619047,0.6500000000000001,16,13,42
competition,hq_only,HQ,raw_comparison,total_groups_6,6 total groups,logistic,repeat_05_fold_01,5,1,0.2653061224489796,0.09848484848484848,0.19464382152919,0.19817073170731708,0.27,29,29,29
competition,hq_only,HQ,raw_comparison,total_groups_6,6 total groups,xgb1,repeat_05_fold_01,5,1,0.24761904761904763,0.19696969696969696,0.17917238252847284,0.23550724637681159,0.6800000000000002,29,29,29
competition,hq_only,HQ,grouped_route,total_groups_6,6 total groups,logistic,repeat_05_fold_01,5,1,0.3283582089552239,0.16666666666666666,0.18409213504002103,0.275,0.18000000000000005,29,6,6
competition,hq_only,HQ,grouped_route,total_groups_6,6 total groups,xgb1,repeat_05_fold_01,5,1,0.2553191489361702,0.09090909090909091,0.17788371681824405,0.1875,0.8500000000000002,29,6,6
competition,hq_plus_a,HQ + A,raw_comparison,total_groups_6,6 total groups,logistic,repeat_05_fold_01,5,1,0.3229166666666667,0.23484848484848486,0.2544433251109704,0.3003875968992248,0.26000000000000006,34,34,34
competition,hq_plus_a,HQ + A,raw_comparison,total_groups_6,6 total groups,xgb1,repeat_05_fold_01,5,1,0.2620689655172414,0.2878787878787879,0.2318991735093758,0.26685393258426965,0.6700000000000002,34,34,34
competition,hq_plus_a,HQ + A,grouped_route,total_groups_6,6 total groups,logistic,repeat_05_fold_01,5,1,0.40217391304347827,0.2803030303030303,0.2586771747351205,0.37,0.2,34,6,6
competition,hq_plus_a,HQ + A,grouped_route,total_groups_6,6 total groups,xgb1,repeat_05_fold_01,5,1,0.3392857142857143,0.2878787878787879,0.25077378284597357,0.3275862068965517,0.7400000000000002,34,6,6
competition,hq_plus_f,HQ + F,raw_comparison,total_groups_6,6 total groups,logistic,repeat_05_fold_01,5,1,0.2553191489361702,0.09090909090909091,0.20440257072896803,0.1875,0.36000000000000004,35,35,35
competition,hq_plus_f,HQ + F,raw_comparison,total_groups_6,6 total groups,xgb1,repeat_05_fold_01,5,1,0.2553191489361702,0.09090909090909091,0.1842547952436056,0.1875,0.8300000000000002,35,35,35
competition,hq_plus_f,HQ + F,grouped_route,total_groups_6,6 total groups,logistic,repeat_05_fold_01,5,1,0.3181818181818182,0.21212121212121213,0.1926582061859934,0.2892561983471074,0.16000000000000003,35,6,6
competition,hq_plus_f,HQ + F,grouped_route,total_groups_6,6 total groups,xgb1,repeat_05_fold_01,5,1,0.2708333333333333,0.09848484848484848,0.19618950091373083,0.2006172839506173,0.8200000000000002,35,6,6
competition,hq_plus_a_b_c_d_e,HQ + A+B+C+D+E,raw_comparison,total_groups_6,6 total groups,logistic,repeat_05_fold_01,5,1,0.3466666666666667,0.19696969696969696,0.2644335036139613,0.30092592592592593,0.36000000000000004,44,44,44
competition,hq_plus_a_b_c_d_e,HQ + A+B+C+D+E,raw_comparison,total_groups_6,6 total groups,xgb1,repeat_05_fold_01,5,1,0.2706766917293233,0.2727272727272727,0.2328228174375104,0.2710843373493976,0.6800000000000002,44,44,44
competition,hq_plus_a_b_c_d_e,HQ + A+B+C+D+E,grouped_route,total_groups_6,6 total groups,logistic,repeat_05_fold_01,5,1,0.36666666666666664,0.25,0.2477621045154132,0.3353658536585366,0.2,44,6,6
competition,hq_plus_a_b_c_d_e,HQ + A+B+C+D+E,grouped_route,total_groups_6,6 total groups,xgb1,repeat_05_fold_01,5,1,0.33980582524271846,0.26515151515151514,0.23569086164481212,0.32169117647058826,0.7500000000000002,44,6,6
competition,hq_plus_b_c_d_e_f,HQ + B+C+D+E+F,raw_comparison,total_groups_6,6 total groups,logistic,repeat_05_fold_01,5,1,0.34210526315789475,0.19696969696969696,0.21055079828786272,0.2981651376146789,0.25000000000000006,45,45,45
competition,hq_plus_b_c_d_e_f,HQ + B+C+D+E+F,raw_comparison,total_groups_6,6 total groups,xgb1,repeat_05_fold_01,5,1,0.25,0.2803030303030303,0.18895972738553235,0.255524861878453,0.6300000000000001,45,45,45
competition,hq_plus_b_c_d_e_f,HQ + B+C+D+E+F,grouped_route,total_groups_6,6 total groups,logistic,repeat_05_fold_01,5,1,0.26143790849673204,0.30303030303030304,0.19240336910396982,0.26881720430107525,0.15000000000000002,45,6,6
competition,hq_plus_b_c_d_e_f,HQ + B+C+D+E+F,grouped_route,total_groups_6,6 total groups,xgb1,repeat_05_fold_01,5,1,0.345679012345679,0.21212121212121213,0.19446559885445183,0.30701754385964913,0.7200000000000002,45,6,6
augmentation,hq_plus_a,HQ + A,raw_comparison,per_family_2,2 groups per family,logistic,repeat_05_fold_02,5,2,0.3137254901960784,0.24242424242424243,0.22308041821708632,0.2962962962962963,0.31000000000000005,5,5,34
augmentation,hq_plus_a,HQ + A,raw_comparison,per_family_2,2 groups per family,xgb1,repeat_05_fold_02,5,2,0.2919254658385093,0.3560606060606061,0.23115595084412827,0.30283505154639173,0.6900000000000002,5,5,34
augmentation,hq_plus_a,HQ + A,grouped_route,per_family_2,2 groups per family,logistic,repeat_05_fold_02,5,2,0.2948717948717949,0.17424242424242425,0.20848258874188258,0.25900900900900903,0.34,5,2,31
augmentation,hq_plus_a,HQ + A,grouped_route,per_family_2,2 groups per family,xgb1,repeat_05_fold_02,5,2,0.2874251497005988,0.36363636363636365,0.23280990526920348,0.3,0.6800000000000002,5,2,31
augmentation,hq_plus_a,HQ + A,raw_comparison,per_family_3,3 groups per family,logistic,repeat_05_fold_02,5,2,0.3137254901960784,0.24242424242424243,0.22308041821708632,0.2962962962962963,0.31000000000000005,5,5,34
augmentation,hq_plus_a,HQ + A,raw_comparison,per_family_3,3 groups per family,xgb1,repeat_05_fold_02,5,2,0.2919254658385093,0.3560606060606061,0.23115595084412827,0.30283505154639173,0.6900000000000002,5,5,34
augmentation,hq_plus_a,HQ + A,grouped_route,per_family_3,3 groups per family,logistic,repeat_05_fold_02,5,2,0.3142857142857143,0.16666666666666666,0.22150203890473433,0.2669902912621359,0.4000000000000001,5,3,32
augmentation,hq_plus_a,HQ + A,grouped_route,per_family_3,3 groups per family,xgb1,repeat_05_fold_02,5,2,0.3103448275862069,0.3409090909090909,0.23272352145642558,0.3160112359550562,0.7200000000000002,5,3,32
augmentation,hq_plus_f,HQ + F,raw_comparison,per_family_2,2 groups per family,logistic,repeat_05_fold_02,5,2,0.23157894736842105,0.16666666666666666,0.1692229366273475,0.21484375,0.22000000000000003,6,6,35
augmentation,hq_plus_f,HQ + F,raw_comparison,per_family_2,2 groups per family,xgb1,repeat_05_fold_02,5,2,0.17674418604651163,0.2878787878787879,0.1710110767940184,0.19153225806451613,0.6100000000000001,6,6,35
augmentation,hq_plus_f,HQ + F,grouped_route,per_family_2,2 groups per family,logistic,repeat_05_fold_02,5,2,0.23076923076923078,0.1590909090909091,0.16288598033614393,0.21169354838709678,0.22000000000000003,6,2,31
augmentation,hq_plus_f,HQ + F,grouped_route,per_family_2,2 groups per family,xgb1,repeat_05_fold_02,5,2,0.23333333333333334,0.1590909090909091,0.17083834890279334,0.21341463414634146,0.7100000000000002,6,2,31
augmentation,hq_plus_f,HQ + F,raw_comparison,per_family_3,3 groups per family,logistic,repeat_05_fold_02,5,2,0.23157894736842105,0.16666666666666666,0.1692229366273475,0.21484375,0.22000000000000003,6,6,35
augmentation,hq_plus_f,HQ + F,raw_comparison,per_family_3,3 groups per family,xgb1,repeat_05_fold_02,5,2,0.17674418604651163,0.2878787878787879,0.1710110767940184,0.19153225806451613,0.6100000000000001,6,6,35
augmentation,hq_plus_f,HQ + F,grouped_route,per_family_3,3 groups per family,logistic,repeat_05_fold_02,5,2,0.23333333333333334,0.1590909090909091,0.1638020260223141,0.21341463414634146,0.22000000000000003,6,3,32
augmentation,hq_plus_f,HQ + F,grouped_route,per_family_3,3 groups per family,xgb1,repeat_05_fold_02,5,2,0.2413793103448276,0.1590909090909091,0.17038665965971583,0.21875,0.7100000000000002,6,3,32
augmentation,hq_plus_a_b_c_d_e,HQ + A+B+C+D+E,raw_comparison,per_family_2,2 groups per family,logistic,repeat_05_fold_02,5,2,0.2967032967032967,0.20454545454545456,0.2223682357781956,0.2721774193548387,0.36000000000000004,15,15,44
augmentation,hq_plus_a_b_c_d_e,HQ + A+B+C+D+E,raw_comparison,per_family_2,2 groups per family,xgb1,repeat_05_fold_02,5,2,0.3076923076923077,0.30303030303030304,0.23151466419154557,0.3067484662576687,0.7300000000000002,15,15,44
augmentation,hq_plus_a_b_c_d_e,HQ + A+B+C+D+E,grouped_route,per_family_2,2 groups per family,logistic,repeat_05_fold_02,5,2,0.3274336283185841,0.2803030303030303,0.21805419196558828,0.3167808219178082,0.29000000000000004,15,10,39
augmentation,hq_plus_a_b_c_d_e,HQ + A+B+C+D+E,grouped_route,per_family_2,2 groups per family,xgb1,repeat_05_fold_02,5,2,0.2909090909090909,0.36363636363636365,0.23162364328255938,0.30303030303030304,0.6800000000000002,15,10,39
augmentation,hq_plus_a_b_c_d_e,HQ + A+B+C+D+E,raw_comparison,per_family_3,3 groups per family,logistic,repeat_05_fold_02,5,2,0.2967032967032967,0.20454545454545456,0.2223682357781956,0.2721774193548387,0.36000000000000004,15,15,44
augmentation,hq_plus_a_b_c_d_e,HQ + A+B+C+D+E,raw_comparison,per_family_3,3 groups per family,xgb1,repeat_05_fold_02,5,2,0.3076923076923077,0.30303030303030304,0.23151466419154557,0.3067484662576687,0.7300000000000002,15,15,44
augmentation,hq_plus_a_b_c_d_e,HQ + A+B+C+D+E,grouped_route,per_family_3,3 groups per family,logistic,repeat_05_fold_02,5,2,0.3103448275862069,0.20454545454545456,0.22215063000502897,0.28125,0.38000000000000006,15,13,42
augmentation,hq_plus_a_b_c_d_e,HQ + A+B+C+D+E,grouped_route,per_family_3,3 groups per family,xgb1,repeat_05_fold_02,5,2,0.29069767441860467,0.3787878787878788,0.23270296970697893,0.3048780487804878,0.6800000000000002,15,13,42
augmentation,hq_plus_b_c_d_e_f,HQ + B+C+D+E+F,raw_comparison,per_family_2,2 groups per family,logistic,repeat_05_fold_02,5,2,0.22413793103448276,0.19696969696969696,0.178647706241017,0.2181208053691275,0.23000000000000004,16,16,45
augmentation,hq_plus_b_c_d_e_f,HQ + B+C+D+E+F,raw_comparison,per_family_2,2 groups per family,xgb1,repeat_05_fold_02,5,2,0.22429906542056074,0.18181818181818182,0.17474551139379713,0.21428571428571427,0.6900000000000002,16,16,45
augmentation,hq_plus_b_c_d_e_f,HQ + B+C+D+E+F,grouped_route,per_family_2,2 groups per family,logistic,repeat_05_fold_02,5,2,0.23148148148148148,0.1893939393939394,0.17575307121914574,0.22163120567375885,0.23000000000000004,16,10,39
augmentation,hq_plus_b_c_d_e_f,HQ + B+C+D+E+F,grouped_route,per_family_2,2 groups per family,xgb1,repeat_05_fold_02,5,2,0.20689655172413793,0.22727272727272727,0.17548247729130406,0.21067415730337077,0.6500000000000001,16,10,39
augmentation,hq_plus_b_c_d_e_f,HQ + B+C+D+E+F,raw_comparison,per_family_3,3 groups per family,logistic,repeat_05_fold_02,5,2,0.22413793103448276,0.19696969696969696,0.178647706241017,0.2181208053691275,0.23000000000000004,16,16,45
augmentation,hq_plus_b_c_d_e_f,HQ + B+C+D+E+F,raw_comparison,per_family_3,3 groups per family,xgb1,repeat_05_fold_02,5,2,0.22429906542056074,0.18181818181818182,0.17474551139379713,0.21428571428571427,0.6900000000000002,16,16,45
augmentation,hq_plus_b_c_d_e_f,HQ + B+C+D+E+F,grouped_route,per_family_3,3 groups per family,logistic,repeat_05_fold_02,5,2,0.23469387755102042,0.17424242424242425,0.17228185430787551,0.21946564885496184,0.24000000000000005,16,13,42
augmentation,hq_plus_b_c_d_e_f,HQ + B+C+D+E+F,grouped_route,per_family_3,3 groups per family,xgb1,repeat_05_fold_02,5,2,0.18141592920353983,0.3106060606060606,0.17602688745575035,0.19787644787644787,0.6000000000000002,16,13,42
competition,hq_only,HQ,raw_comparison,total_groups_6,6 total groups,logistic,repeat_05_fold_02,5,2,0.2857142857142857,0.10606060606060606,0.16084907781188504,0.21341463414634146,0.29000000000000004,29,29,29
competition,hq_only,HQ,raw_comparison,total_groups_6,6 total groups,xgb1,repeat_05_fold_02,5,2,0.18518518518518517,0.30303030303030304,0.16954560705232138,0.20080321285140562,0.6100000000000001,29,29,29
competition,hq_only,HQ,grouped_route,total_groups_6,6 total groups,logistic,repeat_05_fold_02,5,2,0.21929824561403508,0.1893939393939394,0.16183658558099007,0.21258503401360543,0.17000000000000004,29,6,6
competition,hq_only,HQ,grouped_route,total_groups_6,6 total groups,xgb1,repeat_05_fold_02,5,2,0.20930232558139536,0.13636363636363635,0.1547896034591791,0.18907563025210083,0.7000000000000002,29,6,6
competition,hq_plus_a,HQ + A,raw_comparison,total_groups_6,6 total groups,logistic,repeat_05_fold_02,5,2,0.3137254901960784,0.24242424242424243,0.22308041821708632,0.2962962962962963,0.31000000000000005,34,34,34
competition,hq_plus_a,HQ + A,raw_comparison,total_groups_6,6 total groups,xgb1,repeat_05_fold_02,5,2,0.2919254658385093,0.3560606060606061,0.23115595084412827,0.30283505154639173,0.6900000000000002,34,34,34
competition,hq_plus_a,HQ + A,grouped_route,total_groups_6,6 total groups,logistic,repeat_05_fold_02,5,2,0.32710280373831774,0.26515151515151514,0.21242477355716616,0.3125,0.25000000000000006,34,6,6
competition,hq_plus_a,HQ + A,grouped_route,total_groups_6,6 total groups,xgb1,repeat_05_fold_02,5,2,0.2857142857142857,0.25757575757575757,0.21338020320353535,0.27960526315789475,0.7700000000000002,34,6,6
competition,hq_plus_f,HQ + F,raw_comparison,total_groups_6,6 total groups,logistic,repeat_05_fold_02,5,2,0.23157894736842105,0.16666666666666666,0.1692229366273475,0.21484375,0.22000000000000003,35,35,35
competition,hq_plus_f,HQ + F,raw_comparison,total_groups_6,6 total groups,xgb1,repeat_05_fold_02,5,2,0.17674418604651163,0.2878787878787879,0.1710110767940184,0.19153225806451613,0.6100000000000001,35,35,35
competition,hq_plus_f,HQ + F,grouped_route,total_groups_6,6 total groups,logistic,repeat_05_fold_02,5,2,0.19130434782608696,0.16666666666666666,0.16487370884264752,0.1858108108108108,0.18000000000000005,35,6,6
competition,hq_plus_f,HQ + F,grouped_route,total_groups_6,6 total groups,xgb1,repeat_05_fold_02,5,2,0.21839080459770116,0.14393939393939395,0.15818349877783705,0.19791666666666666,0.7100000000000002,35,6,6
competition,hq_plus_a_b_c_d_e,HQ + A+B+C+D+E,raw_comparison,total_groups_6,6 total groups,logistic,repeat_05_fold_02,5,2,0.2967032967032967,0.20454545454545456,0.2223682357781956,0.2721774193548387,0.36000000000000004,44,44,44
competition,hq_plus_a_b_c_d_e,HQ + A+B+C+D+E,raw_comparison,total_groups_6,6 total groups,xgb1,repeat_05_fold_02,5,2,0.3076923076923077,0.30303030303030304,0.23151466419154557,0.3067484662576687,0.7300000000000002,44,44,44
competition,hq_plus_a_b_c_d_e,HQ + A+B+C+D+E,grouped_route,total_groups_6,6 total groups,logistic,repeat_05_fold_02,5,2,0.2348993288590604,0.26515151515151514,0.18004218942102884,0.2403846153846154,0.17000000000000004,44,6,6
competition,hq_plus_a_b_c_d_e,HQ + A+B+C+D+E,grouped_route,total_groups_6,6 total groups,xgb1,repeat_05_fold_02,5,2,0.26262626262626265,0.19696969696969696,0.1844428183827649,0.24621212121212122,0.7400000000000002,44,6,6
competition,hq_plus_b_c_d_e_f,HQ + B+C+D+E+F,raw_comparison,total_groups_6,6 total groups,logistic,repeat_05_fold_02,5,2,0.22413793103448276,0.19696969696969696,0.178647706241017,0.2181208053691275,0.23000000000000004,45,45,45
competition,hq_plus_b_c_d_e_f,HQ + B+C+D+E+F,raw_comparison,total_groups_6,6 total groups,xgb1,repeat_05_fold_02,5,2,0.22429906542056074,0.18181818181818182,0.17474551139379713,0.21428571428571427,0.6900000000000002,45,45,45
competition,hq_plus_b_c_d_e_f,HQ + B+C+D+E+F,grouped_route,total_groups_6,6 total groups,logistic,repeat_05_fold_02,5,2,0.19642857142857142,0.25,0.16296210384026613,0.20522388059701493,0.15000000000000002,45,6,6
competition,hq_plus_b_c_d_e_f,HQ + B+C+D+E+F,grouped_route,total_groups_6,6 total groups,xgb1,repeat_05_fold_02,5,2,0.1619718309859155,0.17424242424242425,0.15683709383471767,0.16428571428571428,0.6600000000000001,45,6,6
augmentation,hq_plus_a,HQ + A,raw_comparison,per_family_2,2 groups per family,logistic,repeat_05_fold_03,5,3,0.3333333333333333,0.2803030303030303,0.21328205728668564,0.3211805555555556,0.29000000000000004,5,5,34
augmentation,hq_plus_a,HQ + A,raw_comparison,per_family_2,2 groups per family,xgb1,repeat_05_fold_03,5,3,0.2760416666666667,0.4015151515151515,0.22672137931609448,0.29444444444444445,0.6500000000000001,5,5,34
augmentation,hq_plus_a,HQ + A,grouped_route,per_family_2,2 groups per family,logistic,repeat_05_fold_03,5,3,0.2980769230769231,0.23484848484848486,0.19749778086154626,0.28284671532846717,0.29000000000000004,5,2,31
augmentation,hq_plus_a,HQ + A,grouped_route,per_family_2,2 groups per family,xgb1,repeat_05_fold_03,5,3,0.2971014492753623,0.3106060606060606,0.21716294807234882,0.2997076023391813,0.7000000000000002,5,2,31
augmentation,hq_plus_a,HQ + A,raw_comparison,per_family_3,3 groups per family,logistic,repeat_05_fold_03,5,3,0.3333333333333333,0.2803030303030303,0.21328205728668564,0.3211805555555556,0.29000000000000004,5,5,34
augmentation,hq_plus_a,HQ + A,raw_comparison,per_family_3,3 groups per family,xgb1,repeat_05_fold_03,5,3,0.2760416666666667,0.4015151515151515,0.22672137931609448,0.29444444444444445,0.6500000000000001,5,5,34
augmentation,hq_plus_a,HQ + A,grouped_route,per_family_3,3 groups per family,logistic,repeat_05_fold_03,5,3,0.3305084745762712,0.29545454545454547,0.21344383932368485,0.3228476821192053,0.27,5,3,32
augmentation,hq_plus_a,HQ + A,grouped_route,per_family_3,3 groups per family,xgb1,repeat_05_fold_03,5,3,0.34210526315789475,0.29545454545454547,0.22804758121978608,0.33163265306122447,0.7500000000000002,5,3,32
augmentation,hq_plus_f,HQ + F,raw_comparison,per_family_2,2 groups per family,logistic,repeat_05_fold_03,5,3,0.22641509433962265,0.18181818181818182,0.1717275943590413,0.2158273381294964,0.24000000000000005,6,6,35
augmentation,hq_plus_f,HQ + F,raw_comparison,per_family_2,2 groups per family,xgb1,repeat_05_fold_03,5,3,0.21782178217821782,0.16666666666666666,0.15896295242623212,0.20522388059701493,0.7100000000000002,6,6,35
augmentation,hq_plus_f,HQ + F,grouped_route,per_family_2,2 groups per family,logistic,repeat_05_fold_03,5,3,0.24528301886792453,0.19696969696969696,0.17116250720334342,0.23381294964028776,0.23000000000000004,6,2,31
augmentation,hq_plus_f,HQ + F,grouped_route,per_family_2,2 groups per family,xgb1,repeat_05_fold_03,5,3,0.21839080459770116,0.14393939393939395,0.16111836788456144,0.19791666666666666,0.7300000000000002,6,2,31
augmentation,hq_plus_f,HQ + F,raw_comparison,per_family_3,3 groups per family,logistic,repeat_05_fold_03,5,3,0.22641509433962265,0.18181818181818182,0.1717275943590413,0.2158273381294964,0.24000000000000005,6,6,35
augmentation,hq_plus_f,HQ + F,raw_comparison,per_family_3,3 groups per family,xgb1,repeat_05_fold_03,5,3,0.21782178217821782,0.16666666666666666,0.15896295242623212,0.20522388059701493,0.7100000000000002,6,6,35
augmentation,hq_plus_f,HQ + F,grouped_route,per_family_3,3 groups per family,logistic,repeat_05_fold_03,5,3,0.24528301886792453,0.19696969696969696,0.17039611135862895,0.23381294964028776,0.23000000000000004,6,3,32
augmentation,hq_plus_f,HQ + F,grouped_route,per_family_3,3 groups per family,xgb1,repeat_05_fold_03,5,3,0.21739130434782608,0.15151515151515152,0.16068935981747817,0.2,0.7200000000000002,6,3,32
augmentation,hq_plus_a_b_c_d_e,HQ + A+B+C+D+E,raw_comparison,per_family_2,2 groups per family,logistic,repeat_05_fold_03,5,3,0.26842105263157895,0.38636363636363635,0.22106072706373167,0.2858744394618834,0.19,15,15,44
augmentation,hq_plus_a_b_c_d_e,HQ + A+B+C+D+E,raw_comparison,per_family_2,2 groups per family,xgb1,repeat_05_fold_03,5,3,0.3416666666666667,0.3106060606060606,0.22851701952861533,0.3349673202614379,0.7400000000000002,15,15,44
augmentation,hq_plus_a_b_c_d_e,HQ + A+B+C+D+E,grouped_route,per_family_2,2 groups per family,logistic,repeat_05_fold_03,5,3,0.3010752688172043,0.21212121212121213,0.20623453369253916,0.2777777777777778,0.34,15,10,39
augmentation,hq_plus_a_b_c_d_e,HQ + A+B+C+D+E,grouped_route,per_family_2,2 groups per family,xgb1,repeat_05_fold_03,5,3,0.3394495412844037,0.2803030303030303,0.22042145428703466,0.3257042253521127,0.7400000000000002,15,10,39
augmentation,hq_plus_a_b_c_d_e,HQ + A+B+C+D+E,raw_comparison,per_family_3,3 groups per family,logistic,repeat_05_fold_03,5,3,0.26842105263157895,0.38636363636363635,0.22106072706373167,0.2858744394618834,0.19,15,15,44
augmentation,hq_plus_a_b_c_d_e,HQ + A+B+C+D+E,raw_comparison,per_family_3,3 groups per family,xgb1,repeat_05_fold_03,5,3,0.3416666666666667,0.3106060606060606,0.22851701952861533,0.3349673202614379,0.7400000000000002,15,15,44
augmentation,hq_plus_a_b_c_d_e,HQ + A+B+C+D+E,grouped_route,per_family_3,3 groups per family,logistic,repeat_05_fold_03,5,3,0.2751322751322751,0.3939393939393939,0.2195981487561166,0.2927927927927928,0.19,15,13,42
augmentation,hq_plus_a_b_c_d_e,HQ + A+B+C+D+E,grouped_route,per_family_3,3 groups per family,xgb1,repeat_05_fold_03,5,3,0.3482142857142857,0.29545454545454547,0.23000588468252925,0.33620689655172414,0.7500000000000002,15,13,42
augmentation,hq_plus_b_c_d_e_f,HQ + B+C+D+E+F,raw_comparison,per_family_2,2 groups per family,logistic,repeat_05_fold_03,5,3,0.2524271844660194,0.19696969696969696,0.18606697594946864,0.23897058823529413,0.28,16,16,45
augmentation,hq_plus_b_c_d_e_f,HQ + B+C+D+E+F,raw_comparison,per_family_2,2 groups per family,xgb1,repeat_05_fold_03,5,3,0.22413793103448276,0.19696969696969696,0.16741936827422674,0.2181208053691275,0.6900000000000002,16,16,45
augmentation,hq_plus_b_c_d_e_f,HQ + B+C+D+E+F,grouped_route,per_family_2,2 groups per family,logistic,repeat_05_fold_03,5,3,0.25663716814159293,0.2196969696969697,0.18420114147030667,0.2482876712328767,0.24000000000000005,16,10,39
augmentation,hq_plus_b_c_d_e_f,HQ + B+C+D+E+F,grouped_route,per_family_2,2 groups per family,xgb1,repeat_05_fold_03,5,3,0.2358490566037736,0.1893939393939394,0.1675151122939362,0.22482014388489208,0.7000000000000002,16,10,39
augmentation,hq_plus_b_c_d_e_f,HQ + B+C+D+E+F,raw_comparison,per_family_3,3 groups per family,logistic,repeat_05_fold_03,5,3,0.2524271844660194,0.19696969696969696,0.18606697594946864,0.23897058823529413,0.28,16,16,45
augmentation,hq_plus_b_c_d_e_f,HQ + B+C+D+E+F,raw_comparison,per_family_3,3 groups per family,xgb1,repeat_05_fold_03,5,3,0.22413793103448276,0.19696969696969696,0.16741936827422674,0.2181208053691275,0.6900000000000002,16,16,45
augmentation,hq_plus_b_c_d_e_f,HQ + B+C+D+E+F,grouped_route,per_family_3,3 groups per family,logistic,repeat_05_fold_03,5,3,0.2251655629139073,0.25757575757575757,0.18538008774557965,0.23097826086956522,0.2,16,13,42
augmentation,hq_plus_b_c_d_e_f,HQ + B+C+D+E+F,grouped_route,per_family_3,3 groups per family,xgb1,repeat_05_fold_03,5,3,0.22448979591836735,0.16666666666666666,0.16738555266713911,0.2099236641221374,0.7100000000000002,16,13,42
competition,hq_only,HQ,raw_comparison,total_groups_6,6 total groups,logistic,repeat_05_fold_03,5,3,0.19298245614035087,0.16666666666666666,0.16345715697141716,0.1870748299319728,0.21000000000000002,29,29,29
competition,hq_only,HQ,raw_comparison,total_groups_6,6 total groups,xgb1,repeat_05_fold_03,5,3,0.19327731092436976,0.17424242424242425,0.15647907641529993,0.18914473684210525,0.6900000000000002,29,29,29
competition,hq_only,HQ,grouped_route,total_groups_6,6 total groups,logistic,repeat_05_fold_03,5,3,0.18181818181818182,0.16666666666666666,0.1582937383327889,0.17857142857142858,0.17000000000000004,29,6,6
competition,hq_only,HQ,grouped_route,total_groups_6,6 total groups,xgb1,repeat_05_fold_03,5,3,0.18181818181818182,0.16666666666666666,0.15662787865020206,0.17857142857142858,0.6800000000000002,29,6,6
competition,hq_plus_a,HQ + A,raw_comparison,total_groups_6,6 total groups,logistic,repeat_05_fold_03,5,3,0.3333333333333333,0.2803030303030303,0.21328205728668564,0.3211805555555556,0.29000000000000004,34,34,34
competition,hq_plus_a,HQ + A,raw_comparison,total_groups_6,6 total groups,xgb1,repeat_05_fold_03,5,3,0.2760416666666667,0.4015151515151515,0.22672137931609448,0.29444444444444445,0.6500000000000001,34,34,34
competition,hq_plus_a,HQ + A,grouped_route,total_groups_6,6 total groups,logistic,repeat_05_fold_03,5,3,0.29347826086956524,0.20454545454545456,0.18901742634954197,0.27,0.24000000000000005,34,6,6
competition,hq_plus_a,HQ + A,grouped_route,total_groups_6,6 total groups,xgb1,repeat_05_fold_03,5,3,0.3106796116504854,0.24242424242424243,0.2002062551395848,0.29411764705882354,0.7900000000000001,34,6,6
competition,hq_plus_f,HQ + F,raw_comparison,total_groups_6,6 total groups,logistic,repeat_05_fold_03,5,3,0.22641509433962265,0.18181818181818182,0.1717275943590413,0.2158273381294964,0.24000000000000005,35,35,35
competition,hq_plus_f,HQ + F,raw_comparison,total_groups_6,6 total groups,xgb1,repeat_05_fold_03,5,3,0.21782178217821782,0.16666666666666666,0.15896295242623212,0.20522388059701493,0.7100000000000002,35,35,35
competition,hq_plus_f,HQ + F,grouped_route,total_groups_6,6 total groups,logistic,repeat_05_fold_03,5,3,0.2,0.17424242424242425,0.15824015272867592,0.19425675675675674,0.18000000000000005,35,6,6
competition,hq_plus_f,HQ + F,grouped_route,total_groups_6,6 total groups,xgb1,repeat_05_fold_03,5,3,0.20168067226890757,0.18181818181818182,0.16137537630889282,0.19736842105263158,0.6800000000000002,35,6,6
competition,hq_plus_a_b_c_d_e,HQ + A+B+C+D+E,raw_comparison,total_groups_6,6 total groups,logistic,repeat_05_fold_03,5,3,0.26842105263157895,0.38636363636363635,0.22106072706373167,0.2858744394618834,0.19,44,44,44
competition,hq_plus_a_b_c_d_e,HQ + A+B+C+D+E,raw_comparison,total_groups_6,6 total groups,xgb1,repeat_05_fold_03,5,3,0.3416666666666667,0.3106060606060606,0.22851701952861533,0.3349673202614379,0.7400000000000002,44,44,44
competition,hq_plus_a_b_c_d_e,HQ + A+B+C+D+E,grouped_route,total_groups_6,6 total groups,logistic,repeat_05_fold_03,5,3,0.2565789473684211,0.29545454545454547,0.1844433924688922,0.2635135135135135,0.18000000000000005,44,6,6
competition,hq_plus_a_b_c_d_e,HQ + A+B+C+D+E,grouped_route,total_groups_6,6 total groups,xgb1,repeat_05_fold_03,5,3,0.32142857142857145,0.2727272727272727,0.19891237914299512,0.3103448275862069,0.7500000000000002,44,6,6
competition,hq_plus_b_c_d_e_f,HQ + B+C+D+E+F,raw_comparison,total_groups_6,6 total groups,logistic,repeat_05_fold_03,5,3,0.2524271844660194,0.19696969696969696,0.18606697594946864,0.23897058823529413,0.28,45,45,45
competition,hq_plus_b_c_d_e_f,HQ + B+C+D+E+F,raw_comparison,total_groups_6,6 total groups,xgb1,repeat_05_fold_03,5,3,0.22413793103448276,0.19696969696969696,0.16741936827422674,0.2181208053691275,0.6900000000000002,45,45,45
competition,hq_plus_b_c_d_e_f,HQ + B+C+D+E+F,grouped_route,total_groups_6,6 total groups,logistic,repeat_05_fold_03,5,3,0.23404255319148937,0.16666666666666666,0.16594914005193567,0.21653543307086615,0.22000000000000003,45,6,6
competition,hq_plus_b_c_d_e_f,HQ + B+C+D+E+F,grouped_route,total_groups_6,6 total groups,xgb1,repeat_05_fold_03,5,3,0.21794871794871795,0.12878787878787878,0.1697246911604113,0.19144144144144143,0.7500000000000002,45,6,6
augmentation,hq_plus_a,HQ + A,raw_comparison,per_family_2,2 groups per family,logistic,repeat_06_fold_01,6,1,0.3181818181818182,0.21212121212121213,0.23381647841625885,0.2892561983471074,0.31000000000000005,5,5,34
augmentation,hq_plus_a,HQ + A,raw_comparison,per_family_2,2 groups per family,xgb1,repeat_06_fold_01,6,1,0.29838709677419356,0.2803030303030303,0.23546997668963054,0.2945859872611465,0.7100000000000002,5,5,34
augmentation,hq_plus_a,HQ + A,grouped_route,per_family_2,2 groups per family,logistic,repeat_06_fold_01,6,1,0.2857142857142857,0.25757575757575757,0.2184817260867825,0.27960526315789475,0.23000000000000004,5,2,31
augmentation,hq_plus_a,HQ + A,grouped_route,per_family_2,2 groups per family,xgb1,repeat_06_fold_01,6,1,0.3522727272727273,0.23484848484848486,0.22597250792449047,0.3202479338842975,0.7800000000000001,5,2,31
augmentation,hq_plus_a,HQ + A,raw_comparison,per_family_3,3 groups per family,logistic,repeat_06_fold_01,6,1,0.3181818181818182,0.21212121212121213,0.23381647841625885,0.2892561983471074,0.31000000000000005,5,5,34
augmentation,hq_plus_a,HQ + A,raw_comparison,per_family_3,3 groups per family,xgb1,repeat_06_fold_01,6,1,0.29838709677419356,0.2803030303030303,0.23546997668963054,0.2945859872611465,0.7100000000000002,5,5,34
augmentation,hq_plus_a,HQ + A,grouped_route,per_family_3,3 groups per family,logistic,repeat_06_fold_01,6,1,0.3211009174311927,0.26515151515151514,0.2352765586149423,0.30809859154929575,0.26000000000000006,5,3,32
augmentation,hq_plus_a,HQ + A,grouped_route,per_family_3,3 groups per family,xgb1,repeat_06_fold_01,6,1,0.3140495867768595,0.2878787878787879,0.2319402554013883,0.30844155844155846,0.7100000000000002,5,3,32
augmentation,hq_plus_f,HQ + F,raw_comparison,per_family_2,2 groups per family,logistic,repeat_06_fold_01,6,1,0.2926829268292683,0.18181818181818182,0.19161661629244045,0.2608695652173913,0.23000000000000004,6,6,35
augmentation,hq_plus_f,HQ + F,raw_comparison,per_family_2,2 groups per family,xgb1,repeat_06_fold_01,6,1,0.23043478260869565,0.4015151515151515,0.1929058026344504,0.25190114068441066,0.5800000000000002,6,6,35
augmentation,hq_plus_f,HQ + F,grouped_route,per_family_2,2 groups per family,logistic,repeat_06_fold_01,6,1,0.3050847457627119,0.13636363636363635,0.18299646730327127,0.24456521739130435,0.30000000000000004,6,2,31
augmentation,hq_plus_f,HQ + F,grouped_route,per_family_2,2 groups per family,xgb1,repeat_06_fold_01,6,1,0.21764705882352942,0.2803030303030303,0.19484023642536746,0.22783251231527094,0.6200000000000001,6,2,31
augmentation,hq_plus_f,HQ + F,raw_comparison,per_family_3,3 groups per family,logistic,repeat_06_fold_01,6,1,0.2926829268292683,0.18181818181818182,0.19161661629244045,0.2608695652173913,0.23000000000000004,6,6,35
augmentation,hq_plus_f,HQ + F,raw_comparison,per_family_3,3 groups per family,xgb1,repeat_06_fold_01,6,1,0.23043478260869565,0.4015151515151515,0.1929058026344504,0.25190114068441066,0.5800000000000002,6,6,35
augmentation,hq_plus_f,HQ + F,grouped_route,per_family_3,3 groups per family,logistic,repeat_06_fold_01,6,1,0.2987012987012987,0.17424242424242425,0.18248815144905572,0.26136363636363635,0.24000000000000005,6,3,32
augmentation,hq_plus_f,HQ + F,grouped_route,per_family_3,3 groups per family,xgb1,repeat_06_fold_01,6,1,0.2608695652173913,0.22727272727272727,0.1941558030826712,0.2533783783783784,0.6600000000000001,6,3,32
augmentation,hq_plus_a_b_c_d_e,HQ + A+B+C+D+E,raw_comparison,per_family_2,2 groups per family,logistic,repeat_06_fold_01,6,1,0.33884297520661155,0.3106060606060606,0.23501655338943553,0.3327922077922078,0.27,15,15,44
augmentation,hq_plus_a_b_c_d_e,HQ + A+B+C+D+E,raw_comparison,per_family_2,2 groups per family,xgb1,repeat_06_fold_01,6,1,0.30833333333333335,0.2803030303030303,0.23510950300908465,0.3022875816993464,0.7200000000000002,15,15,44
augmentation,hq_plus_a_b_c_d_e,HQ + A+B+C+D+E,grouped_route,per_family_2,2 groups per family,logistic,repeat_06_fold_01,6,1,0.3670886075949367,0.2196969696969697,0.22132018390758834,0.3236607142857143,0.35000000000000003,15,10,39
augmentation,hq_plus_a_b_c_d_e,HQ + A+B+C+D+E,grouped_route,per_family_2,2 groups per family,xgb1,repeat_06_fold_01,6,1,0.3119266055045872,0.25757575757575757,0.22608571605214958,0.2992957746478873,0.7300000000000002,15,10,39
augmentation,hq_plus_a_b_c_d_e,HQ + A+B+C+D+E,raw_comparison,per_family_3,3 groups per family,logistic,repeat_06_fold_01,6,1,0.33884297520661155,0.3106060606060606,0.23501655338943553,0.3327922077922078,0.27,15,15,44
augmentation,hq_plus_a_b_c_d_e,HQ + A+B+C+D+E,raw_comparison,per_family_3,3 groups per family,xgb1,repeat_06_fold_01,6,1,0.30833333333333335,0.2803030303030303,0.23510950300908465,0.3022875816993464,0.7200000000000002,15,15,44
augmentation,hq_plus_a_b_c_d_e,HQ + A+B+C+D+E,grouped_route,per_family_3,3 groups per family,logistic,repeat_06_fold_01,6,1,0.325,0.29545454545454547,0.23470005163861377,0.31862745098039214,0.28,15,13,42
augmentation,hq_plus_a_b_c_d_e,HQ + A+B+C+D+E,grouped_route,per_family_3,3 groups per family,xgb1,repeat_06_fold_01,6,1,0.30701754385964913,0.26515151515151514,0.23224239722275208,0.2976190476190476,0.7200000000000002,15,13,42
augmentation,hq_plus_b_c_d_e_f,HQ + B+C+D+E+F,raw_comparison,per_family_2,2 groups per family,logistic,repeat_06_fold_01,6,1,0.352112676056338,0.1893939393939394,0.20149581816434678,0.3004807692307692,0.31000000000000005,16,16,45
augmentation,hq_plus_b_c_d_e_f,HQ + B+C+D+E+F,raw_comparison,per_family_2,2 groups per family,xgb1,repeat_06_fold_01,6,1,0.19696969696969696,0.29545454545454547,0.1904289999129588,0.21103896103896103,0.6000000000000002,16,16,45
augmentation,hq_plus_b_c_d_e_f,HQ + B+C+D+E+F,grouped_route,per_family_2,2 groups per family,logistic,repeat_06_fold_01,6,1,0.2743362831858407,0.23484848484848486,0.19182233949173585,0.2654109589041096,0.21000000000000002,16,10,39
augmentation,hq_plus_b_c_d_e_f,HQ + B+C+D+E+F,grouped_route,per_family_2,2 groups per family,xgb1,repeat_06_fold_01,6,1,0.21311475409836064,0.29545454545454547,0.19398818535484938,0.22569444444444445,0.6000000000000002,16,10,39
augmentation,hq_plus_b_c_d_e_f,HQ + B+C+D+E+F,raw_comparison,per_family_3,3 groups per family,logistic,repeat_06_fold_01,6,1,0.352112676056338,0.1893939393939394,0.20149581816434678,0.3004807692307692,0.31000000000000005,16,16,45
augmentation,hq_plus_b_c_d_e_f,HQ + B+C+D+E+F,raw_comparison,per_family_3,3 groups per family,xgb1,repeat_06_fold_01,6,1,0.19696969696969696,0.29545454545454547,0.1904289999129588,0.21103896103896103,0.6000000000000002,16,16,45
augmentation,hq_plus_b_c_d_e_f,HQ + B+C+D+E+F,grouped_route,per_family_3,3 groups per family,logistic,repeat_06_fold_01,6,1,0.32857142857142857,0.17424242424242425,0.1897556714632843,0.279126213592233,0.31000000000000005,16,13,42
augmentation,hq_plus_b_c_d_e_f,HQ + B+C+D+E+F,grouped_route,per_family_3,3 groups per family,xgb1,repeat_06_fold_01,6,1,0.19791666666666666,0.2878787878787879,0.1923864091052099,0.2111111111111111,0.6000000000000002,16,13,42
competition,hq_only,HQ,raw_comparison,total_groups_6,6 total groups,logistic,repeat_06_fold_01,6,1,0.27906976744186046,0.18181818181818182,0.17896195163438247,0.25210084033613445,0.21000000000000002,29,29,29
competition,hq_only,HQ,raw_comparison,total_groups_6,6 total groups,xgb1,repeat_06_fold_01,6,1,0.20502092050209206,0.3712121212121212,0.19000248229786973,0.22518382352941177,0.5800000000000002,29,29,29
competition,hq_only,HQ,grouped_route,total_groups_6,6 total groups,logistic,repeat_06_fold_01,6,1,0.2716049382716049,0.16666666666666666,0.18038099686967554,0.2412280701754386,0.18000000000000005,29,6,6
competition,hq_only,HQ,grouped_route,total_groups_6,6 total groups,xgb1,repeat_06_fold_01,6,1,0.3225806451612903,0.15151515151515152,0.17824961375064613,0.2631578947368421,0.7100000000000002,29,6,6
competition,hq_plus_a,HQ + A,raw_comparison,total_groups_6,6 total groups,logistic,repeat_06_fold_01,6,1,0.3181818181818182,0.21212121212121213,0.23381647841625885,0.2892561983471074,0.31000000000000005,34,34,34
competition,hq_plus_a,HQ + A,raw_comparison,total_groups_6,6 total groups,xgb1,repeat_06_fold_01,6,1,0.29838709677419356,0.2803030303030303,0.23546997668963054,0.2945859872611465,0.7100000000000002,34,34,34
competition,hq_plus_a,HQ + A,grouped_route,total_groups_6,6 total groups,logistic,repeat_06_fold_01,6,1,0.27848101265822783,0.16666666666666666,0.20336127311181576,0.24553571428571427,0.23000000000000004,34,6,6
competition,hq_plus_a,HQ + A,grouped_route,total_groups_6,6 total groups,xgb1,repeat_06_fold_01,6,1,0.37373737373737376,0.2803030303030303,0.21574428385530312,0.3503787878787879,0.7600000000000002,34,6,6
competition,hq_plus_f,HQ + F,raw_comparison,total_groups_6,6 total groups,logistic,repeat_06_fold_01,6,1,0.2926829268292683,0.18181818181818182,0.19161661629244045,0.2608695652173913,0.23000000000000004,35,35,35
competition,hq_plus_f,HQ + F,raw_comparison,total_groups_6,6 total groups,xgb1,repeat_06_fold_01,6,1,0.23043478260869565,0.4015151515151515,0.1929058026344504,0.25190114068441066,0.5800000000000002,35,35,35
competition,hq_plus_f,HQ + F,grouped_route,total_groups_6,6 total groups,logistic,repeat_06_fold_01,6,1,0.26582278481012656,0.1590909090909091,0.17926395888627833,0.234375,0.18000000000000005,35,6,6
competition,hq_plus_f,HQ + F,grouped_route,total_groups_6,6 total groups,xgb1,repeat_06_fold_01,6,1,0.19387755102040816,0.2878787878787879,0.18821967489817276,0.2074235807860262,0.6100000000000001,35,6,6
competition,hq_plus_a_b_c_d_e,HQ + A+B+C+D+E,raw_comparison,total_groups_6,6 total groups,logistic,repeat_06_fold_01,6,1,0.33884297520661155,0.3106060606060606,0.23501655338943553,0.3327922077922078,0.27,44,44,44
competition,hq_plus_a_b_c_d_e,HQ + A+B+C+D+E,raw_comparison,total_groups_6,6 total groups,xgb1,repeat_06_fold_01,6,1,0.30833333333333335,0.2803030303030303,0.23510950300908465,0.3022875816993464,0.7200000000000002,44,44,44
competition,hq_plus_a_b_c_d_e,HQ + A+B+C+D+E,grouped_route,total_groups_6,6 total groups,logistic,repeat_06_fold_01,6,1,0.24324324324324326,0.20454545454545456,0.18597781373693922,0.234375,0.17000000000000004,44,6,6
competition,hq_plus_a_b_c_d_e,HQ + A+B+C+D+E,grouped_route,total_groups_6,6 total groups,xgb1,repeat_06_fold_01,6,1,0.36764705882352944,0.1893939393939394,0.20473151275370682,0.3094059405940594,0.7900000000000001,44,6,6
competition,hq_plus_b_c_d_e_f,HQ + B+C+D+E+F,raw_comparison,total_groups_6,6 total groups,logistic,repeat_06_fold_01,6,1,0.352112676056338,0.1893939393939394,0.20149581816434678,0.3004807692307692,0.31000000000000005,45,45,45
competition,hq_plus_b_c_d_e_f,HQ + B+C+D+E+F,raw_comparison,total_groups_6,6 total groups,xgb1,repeat_06_fold_01,6,1,0.19696969696969696,0.29545454545454547,0.1904289999129588,0.21103896103896103,0.6000000000000002,45,45,45
competition,hq_plus_b_c_d_e_f,HQ + B+C+D+E+F,grouped_route,total_groups_6,6 total groups,logistic,repeat_06_fold_01,6,1,0.2604166666666667,0.1893939393939394,0.17875108558379046,0.24224806201550386,0.17000000000000004,45,6,6
competition,hq_plus_b_c_d_e_f,HQ + B+C+D+E+F,grouped_route,total_groups_6,6 total groups,xgb1,repeat_06_fold_01,6,1,0.3287671232876712,0.18181818181818182,0.17863624302297607,0.2830188679245283,0.7100000000000002,45,6,6
augmentation,hq_plus_a,HQ + A,raw_comparison,per_family_2,2 groups per family,logistic,repeat_06_fold_02,6,2,0.35185185185185186,0.2878787878787879,0.23884733774787742,0.33687943262411346,0.27,5,5,34
augmentation,hq_plus_a,HQ + A,raw_comparison,per_family_2,2 groups per family,xgb1,repeat_06_fold_02,6,2,0.29381443298969073,0.4318181818181818,0.2469767009780801,0.31387665198237885,0.6400000000000001,5,5,34
augmentation,hq_plus_a,HQ + A,grouped_route,per_family_2,2 groups per family,logistic,repeat_06_fold_02,6,2,0.26582278481012656,0.3181818181818182,0.22641064384922183,0.27486910994764396,0.2,5,2,31
augmentation,hq_plus_a,HQ + A,grouped_route,per_family_2,2 groups per family,xgb1,repeat_06_fold_02,6,2,0.3,0.45454545454545453,0.2528978758815268,0.3218884120171674,0.6400000000000001,5,2,31
augmentation,hq_plus_a,HQ + A,raw_comparison,per_family_3,3 groups per family,logistic,repeat_06_fold_02,6,2,0.35185185185185186,0.2878787878787879,0.23884733774787742,0.33687943262411346,0.27,5,5,34
augmentation,hq_plus_a,HQ + A,raw_comparison,per_family_3,3 groups per family,xgb1,repeat_06_fold_02,6,2,0.29381443298969073,0.4318181818181818,0.2469767009780801,0.31387665198237885,0.6400000000000001,5,5,34
augmentation,hq_plus_a,HQ + A,grouped_route,per_family_3,3 groups per family,logistic,repeat_06_fold_02,6,2,0.375,0.29545454545454547,0.23644009607358654,0.35583941605839414,0.27,5,3,32
augmentation,hq_plus_a,HQ + A,grouped_route,per_family_3,3 groups per family,xgb1,repeat_06_fold_02,6,2,0.28773584905660377,0.4621212121212121,0.2493781545703654,0.3112244897959184,0.6300000000000001,5,3,32
augmentation,hq_plus_f,HQ + F,raw_comparison,per_family_2,2 groups per family,logistic,repeat_06_fold_02,6,2,0.25862068965517243,0.11363636363636363,0.18248550697660107,0.20604395604395603,0.29000000000000004,6,6,35
augmentation,hq_plus_f,HQ + F,raw_comparison,per_family_2,2 groups per family,xgb1,repeat_06_fold_02,6,2,0.2982456140350877,0.12878787878787878,0.18035452725551415,0.2361111111111111,0.7600000000000002,6,6,35
augmentation,hq_plus_f,HQ + F,grouped_route,per_family_2,2 groups per family,logistic,repeat_06_fold_02,6,2,0.248,0.23484848484848486,0.1827315208542159,0.24525316455696203,0.18000000000000005,6,2,31
augmentation,hq_plus_f,HQ + F,grouped_route,per_family_2,2 groups per family,xgb1,repeat_06_fold_02,6,2,0.30612244897959184,0.11363636363636363,0.18087421458277508,0.22865853658536586,0.7800000000000001,6,2,31
augmentation,hq_plus_f,HQ + F,raw_comparison,per_family_3,3 groups per family,logistic,repeat_06_fold_02,6,2,0.25862068965517243,0.11363636363636363,0.18248550697660107,0.20604395604395603,0.29000000000000004,6,6,35
augmentation,hq_plus_f,HQ + F,raw_comparison,per_family_3,3 groups per family,xgb1,repeat_06_fold_02,6,2,0.2982456140350877,0.12878787878787878,0.18035452725551415,0.2361111111111111,0.7600000000000002,6,6,35
augmentation,hq_plus_f,HQ + F,grouped_route,per_family_3,3 groups per family,logistic,repeat_06_fold_02,6,2,0.2571428571428571,0.20454545454545456,0.18172042963569449,0.24456521739130435,0.19,6,3,32
augmentation,hq_plus_f,HQ + F,grouped_route,per_family_3,3 groups per family,xgb1,repeat_06_fold_02,6,2,0.3137254901960784,0.12121212121212122,0.18030312305152288,0.23809523809523808,0.7700000000000002,6,3,32
augmentation,hq_plus_a_b_c_d_e,HQ + A+B+C+D+E,raw_comparison,per_family_2,2 groups per family,logistic,repeat_06_fold_02,6,2,0.3333333333333333,0.3106060606060606,0.25077059270087165,0.328525641025641,0.26000000000000006,15,15,44
augmentation,hq_plus_a_b_c_d_e,HQ + A+B+C+D+E,raw_comparison,per_family_2,2 groups per family,xgb1,repeat_06_fold_02,6,2,0.33548387096774196,0.3939393939393939,0.2501826014215436,0.34574468085106386,0.6700000000000002,15,15,44
augmentation,hq_plus_a_b_c_d_e,HQ + A+B+C+D+E,grouped_route,per_family_2,2 groups per family,logistic,repeat_06_fold_02,6,2,0.3153846153846154,0.3106060606060606,0.24282089868018744,0.31441717791411045,0.24000000000000005,15,10,39
augmentation,hq_plus_a_b_c_d_e,HQ + A+B+C+D+E,grouped_route,per_family_2,2 groups per family,xgb1,repeat_06_fold_02,6,2,0.32919254658385094,0.4015151515151515,0.25339474035305115,0.34149484536082475,0.6700000000000002,15,10,39
augmentation,hq_plus_a_b_c_d_e,HQ + A+B+C+D+E,raw_comparison,per_family_3,3 groups per family,logistic,repeat_06_fold_02,6,2,0.3333333333333333,0.3106060606060606,0.25077059270087165,0.328525641025641,0.26000000000000006,15,15,44
augmentation,hq_plus_a_b_c_d_e,HQ + A+B+C+D+E,raw_comparison,per_family_3,3 groups per family,xgb1,repeat_06_fold_02,6,2,0.33548387096774196,0.3939393939393939,0.2501826014215436,0.34574468085106386,0.6700000000000002,15,15,44
augmentation,hq_plus_a_b_c_d_e,HQ + A+B+C+D+E,grouped_route,per_family_3,3 groups per family,logistic,repeat_06_fold_02,6,2,0.325,0.29545454545454547,0.24877606221260565,0.31862745098039214,0.26000000000000006,15,13,42
augmentation,hq_plus_a_b_c_d_e,HQ + A+B+C+D+E,grouped_route,per_family_3,3 groups per family,xgb1,repeat_06_fold_02,6,2,0.3333333333333333,0.3939393939393939,0.2510272420087455,0.3439153439153439,0.6700000000000002,15,13,42
augmentation,hq_plus_b_c_d_e_f,HQ + B+C+D+E+F,raw_comparison,per_family_2,2 groups per family,logistic,repeat_06_fold_02,6,2,0.29850746268656714,0.15151515151515152,0.1928400529360025,0.25,0.31000000000000005,16,16,45
augmentation,hq_plus_b_c_d_e_f,HQ + B+C+D+E+F,raw_comparison,per_family_2,2 groups per family,xgb1,repeat_06_fold_02,6,2,0.3076923076923077,0.15151515151515152,0.18957720704349973,0.25510204081632654,0.7200000000000002,16,16,45
augmentation,hq_plus_b_c_d_e_f,HQ + B+C+D+E+F,grouped_route,per_family_2,2 groups per family,logistic,repeat_06_fold_02,6,2,0.3125,0.15151515151515152,0.19573564806635113,0.25773195876288657,0.30000000000000004,16,10,39
augmentation,hq_plus_b_c_d_e_f,HQ + B+C+D+E+F,grouped_route,per_family_2,2 groups per family,xgb1,repeat_06_fold_02,6,2,0.3283582089552239,0.16666666666666666,0.19269066475996158,0.275,0.7100000000000002,16,10,39
augmentation,hq_plus_b_c_d_e_f,HQ + B+C+D+E+F,raw_comparison,per_family_3,3 groups per family,logistic,repeat_06_fold_02,6,2,0.29850746268656714,0.15151515151515152,0.1928400529360025,0.25,0.31000000000000005,16,16,45
augmentation,hq_plus_b_c_d_e_f,HQ + B+C+D+E+F,raw_comparison,per_family_3,3 groups per family,xgb1,repeat_06_fold_02,6,2,0.3076923076923077,0.15151515151515152,0.18957720704349973,0.25510204081632654,0.7200000000000002,16,16,45
augmentation,hq_plus_b_c_d_e_f,HQ + B+C+D+E+F,grouped_route,per_family_3,3 groups per family,logistic,repeat_06_fold_02,6,2,0.2857142857142857,0.12121212121212122,0.1945017307656494,0.2247191011235955,0.34,16,13,42
augmentation,hq_plus_b_c_d_e_f,HQ + B+C+D+E+F,grouped_route,per_family_3,3 groups per family,xgb1,repeat_06_fold_02,6,2,0.3220338983050847,0.14393939393939395,0.19054398150500057,0.25815217391304346,0.7400000000000002,16,13,42
competition,hq_only,HQ,raw_comparison,total_groups_6,6 total groups,logistic,repeat_06_fold_02,6,2,0.23809523809523808,0.15151515151515152,0.16986567182165585,0.21367521367521367,0.21000000000000002,29,29,29
competition,hq_only,HQ,raw_comparison,total_groups_6,6 total groups,xgb1,repeat_06_fold_02,6,2,0.25862068965517243,0.11363636363636363,0.1745200120877131,0.20604395604395603,0.7600000000000002,29,29,29
competition,hq_only,HQ,grouped_route,total_groups_6,6 total groups,logistic,repeat_06_fold_02,6,2,0.21686746987951808,0.13636363636363635,0.1643029811506187,0.1939655172413793,0.18000000000000005,29,6,6
competition,hq_only,HQ,grouped_route,total_groups_6,6 total groups,xgb1,repeat_06_fold_02,6,2,0.2857142857142857,0.09090909090909091,0.16352989885534303,0.2,0.8100000000000002,29,6,6
competition,hq_plus_a,HQ + A,raw_comparison,total_groups_6,6 total groups,logistic,repeat_06_fold_02,6,2,0.35185185185185186,0.2878787878787879,0.23884733774787742,0.33687943262411346,0.27,34,34,34
competition,hq_plus_a,HQ + A,raw_comparison,total_groups_6,6 total groups,xgb1,repeat_06_fold_02,6,2,0.29381443298969073,0.4318181818181818,0.2469767009780801,0.31387665198237885,0.6400000000000001,34,34,34
competition,hq_plus_a,HQ + A,grouped_route,total_groups_6,6 total groups,logistic,repeat_06_fold_02,6,2,0.37623762376237624,0.2878787878787879,0.22338985384208893,0.35447761194029853,0.25000000000000006,34,6,6
competition,hq_plus_a,HQ + A,grouped_route,total_groups_6,6 total groups,xgb1,repeat_06_fold_02,6,2,0.34408602150537637,0.24242424242424243,0.222164659826635,0.31746031746031744,0.7900000000000001,34,6,6
competition,hq_plus_f,HQ + F,raw_comparison,total_groups_6,6 total groups,logistic,repeat_06_fold_02,6,2,0.25862068965517243,0.11363636363636363,0.18248550697660107,0.20604395604395603,0.29000000000000004,35,35,35
competition,hq_plus_f,HQ + F,raw_comparison,total_groups_6,6 total groups,xgb1,repeat_06_fold_02,6,2,0.2982456140350877,0.12878787878787878,0.18035452725551415,0.2361111111111111,0.7600000000000002,35,35,35
competition,hq_plus_f,HQ + F,grouped_route,total_groups_6,6 total groups,logistic,repeat_06_fold_02,6,2,0.265625,0.12878787878787878,0.1638233911557104,0.2190721649484536,0.2,35,6,6
competition,hq_plus_f,HQ + F,grouped_route,total_groups_6,6 total groups,xgb1,repeat_06_fold_02,6,2,0.19658119658119658,0.17424242424242425,0.16874168710063625,0.19166666666666668,0.6900000000000002,35,6,6
competition,hq_plus_a_b_c_d_e,HQ + A+B+C+D+E,raw_comparison,total_groups_6,6 total groups,logistic,repeat_06_fold_02,6,2,0.3333333333333333,0.3106060606060606,0.25077059270087165,0.328525641025641,0.26000000000000006,44,44,44
competition,hq_plus_a_b_c_d_e,HQ + A+B+C+D+E,raw_comparison,total_groups_6,6 total groups,xgb1,repeat_06_fold_02,6,2,0.33548387096774196,0.3939393939393939,0.2501826014215436,0.34574468085106386,0.6700000000000002,44,44,44
competition,hq_plus_a_b_c_d_e,HQ + A+B+C+D+E,grouped_route,total_groups_6,6 total groups,logistic,repeat_06_fold_02,6,2,0.30434782608695654,0.3181818181818182,0.2312932529114532,0.30701754385964913,0.21000000000000002,44,6,6
competition,hq_plus_a_b_c_d_e,HQ + A+B+C+D+E,grouped_route,total_groups_6,6 total groups,xgb1,repeat_06_fold_02,6,2,0.36363636363636365,0.24242424242424243,0.2230428417463329,0.3305785123966942,0.8000000000000002,44,6,6
competition,hq_plus_b_c_d_e_f,HQ + B+C+D+E+F,raw_comparison,total_groups_6,6 total groups,logistic,repeat_06_fold_02,6,2,0.29850746268656714,0.15151515151515152,0.1928400529360025,0.25,0.31000000000000005,45,45,45
competition,hq_plus_b_c_d_e_f,HQ + B+C+D+E+F,raw_comparison,total_groups_6,6 total groups,xgb1,repeat_06_fold_02,6,2,0.3076923076923077,0.15151515151515152,0.18957720704349973,0.25510204081632654,0.7200000000000002,45,45,45
competition,hq_plus_b_c_d_e_f,HQ + B+C+D+E+F,grouped_route,total_groups_6,6 total groups,logistic,repeat_06_fold_02,6,2,0.1986754966887417,0.22727272727272727,0.16362385817648076,0.20380434782608695,0.15000000000000002,45,6,6
competition,hq_plus_b_c_d_e_f,HQ + B+C+D+E+F,grouped_route,total_groups_6,6 total groups,xgb1,repeat_06_fold_02,6,2,0.25,0.12878787878787878,0.16671204228480685,0.2103960396039604,0.7400000000000002,45,6,6
augmentation,hq_plus_a,HQ + A,raw_comparison,per_family_2,2 groups per family,logistic,repeat_06_fold_03,6,3,0.2653061224489796,0.19696969696969696,0.2064322488087604,0.2480916030534351,0.31000000000000005,5,5,34
augmentation,hq_plus_a,HQ + A,raw_comparison,per_family_2,2 groups per family,xgb1,repeat_06_fold_03,6,3,0.29775280898876405,0.4015151515151515,0.22491371010302436,0.31398104265402843,0.6500000000000001,5,5,34
augmentation,hq_plus_a,HQ + A,grouped_route,per_family_2,2 groups per family,logistic,repeat_06_fold_03,6,3,0.27835051546391754,0.20454545454545456,0.20767489430294708,0.25961538461538464,0.28,5,2,31
augmentation,hq_plus_a,HQ + A,grouped_route,per_family_2,2 groups per family,xgb1,repeat_06_fold_03,6,3,0.3114754098360656,0.2878787878787879,0.22706364559433928,0.3064516129032258,0.7100000000000002,5,2,31
augmentation,hq_plus_a,HQ + A,raw_comparison,per_family_3,3 groups per family,logistic,repeat_06_fold_03,6,3,0.2653061224489796,0.19696969696969696,0.2064322488087604,0.2480916030534351,0.31000000000000005,5,5,34
augmentation,hq_plus_a,HQ + A,raw_comparison,per_family_3,3 groups per family,xgb1,repeat_06_fold_03,6,3,0.29775280898876405,0.4015151515151515,0.22491371010302436,0.31398104265402843,0.6500000000000001,5,5,34
augmentation,hq_plus_a,HQ + A,grouped_route,per_family_3,3 groups per family,logistic,repeat_06_fold_03,6,3,0.2962962962962963,0.24242424242424243,0.21422880634607472,0.28368794326241137,0.28,5,3,32
augmentation,hq_plus_a,HQ + A,grouped_route,per_family_3,3 groups per family,xgb1,repeat_06_fold_03,6,3,0.3274336283185841,0.2803030303030303,0.23107580122032623,0.3167808219178082,0.7200000000000002,5,3,32
augmentation,hq_plus_f,HQ + F,raw_comparison,per_family_2,2 groups per family,logistic,repeat_06_fold_03,6,3,0.22784810126582278,0.13636363636363635,0.1577512370041916,0.20089285714285715,0.25000000000000006,6,6,35
augmentation,hq_plus_f,HQ + F,raw_comparison,per_family_2,2 groups per family,xgb1,repeat_06_fold_03,6,3,0.2064516129032258,0.24242424242424243,0.15312096889469906,0.2127659574468085,0.6400000000000001,6,6,35
augmentation,hq_plus_f,HQ + F,grouped_route,per_family_2,2 groups per family,logistic,repeat_06_fold_03,6,3,0.20833333333333334,0.11363636363636363,0.1548829613132961,0.17857142857142858,0.26000000000000006,6,2,31
augmentation,hq_plus_f,HQ + F,grouped_route,per_family_2,2 groups per family,xgb1,repeat_06_fold_03,6,3,0.18518518518518517,0.26515151515151514,0.15298891859167654,0.19707207207207209,0.6100000000000001,6,2,31
augmentation,hq_plus_f,HQ + F,raw_comparison,per_family_3,3 groups per family,logistic,repeat_06_fold_03,6,3,0.22784810126582278,0.13636363636363635,0.1577512370041916,0.20089285714285715,0.25000000000000006,6,6,35
augmentation,hq_plus_f,HQ + F,raw_comparison,per_family_3,3 groups per family,xgb1,repeat_06_fold_03,6,3,0.2064516129032258,0.24242424242424243,0.15312096889469906,0.2127659574468085,0.6400000000000001,6,6,35
augmentation,hq_plus_f,HQ + F,grouped_route,per_family_3,3 groups per family,logistic,repeat_06_fold_03,6,3,0.2236842105263158,0.12878787878787878,0.15546651341016376,0.19495412844036697,0.25000000000000006,6,3,32
augmentation,hq_plus_f,HQ + F,grouped_route,per_family_3,3 groups per family,xgb1,repeat_06_fold_03,6,3,0.19753086419753085,0.24242424242424243,0.1536032994314998,0.20512820512820512,0.6300000000000001,6,3,32
augmentation,hq_plus_a_b_c_d_e,HQ + A+B+C+D+E,raw_comparison,per_family_2,2 groups per family,logistic,repeat_06_fold_03,6,3,0.28125,0.2727272727272727,0.22282208877470855,0.2795031055900621,0.27,15,15,44
augmentation,hq_plus_a_b_c_d_e,HQ + A+B+C+D+E,raw_comparison,per_family_2,2 groups per family,xgb1,repeat_06_fold_03,6,3,0.2898550724637681,0.30303030303030304,0.22529344626845987,0.29239766081871343,0.6900000000000002,15,15,44
augmentation,hq_plus_a_b_c_d_e,HQ + A+B+C+D+E,grouped_route,per_family_2,2 groups per family,logistic,repeat_06_fold_03,6,3,0.2988505747126437,0.19696969696969696,0.2305188105033209,0.2708333333333333,0.34,15,10,39
augmentation,hq_plus_a_b_c_d_e,HQ + A+B+C+D+E,grouped_route,per_family_2,2 groups per family,xgb1,repeat_06_fold_03,6,3,0.3046875,0.29545454545454547,0.22853519042244358,0.3027950310559006,0.7000000000000002,15,10,39
augmentation,hq_plus_a_b_c_d_e,HQ + A+B+C+D+E,raw_comparison,per_family_3,3 groups per family,logistic,repeat_06_fold_03,6,3,0.28125,0.2727272727272727,0.22282208877470855,0.2795031055900621,0.27,15,15,44
augmentation,hq_plus_a_b_c_d_e,HQ + A+B+C+D+E,raw_comparison,per_family_3,3 groups per family,xgb1,repeat_06_fold_03,6,3,0.2898550724637681,0.30303030303030304,0.22529344626845987,0.29239766081871343,0.6900000000000002,15,15,44
augmentation,hq_plus_a_b_c_d_e,HQ + A+B+C+D+E,grouped_route,per_family_3,3 groups per family,logistic,repeat_06_fold_03,6,3,0.2839506172839506,0.17424242424242425,0.23290808711196098,0.25219298245614036,0.39000000000000007,15,13,42
augmentation,hq_plus_a_b_c_d_e,HQ + A+B+C+D+E,grouped_route,per_family_3,3 groups per family,xgb1,repeat_06_fold_03,6,3,0.3046875,0.29545454545454547,0.23191048090684172,0.3027950310559006,0.7000000000000002,15,13,42
augmentation,hq_plus_b_c_d_e_f,HQ + B+C+D+E+F,raw_comparison,per_family_2,2 groups per family,logistic,repeat_06_fold_03,6,3,0.24528301886792453,0.19696969696969696,0.17995724630758078,0.23381294964028776,0.23000000000000004,16,16,45
augmentation,hq_plus_b_c_d_e_f,HQ + B+C+D+E+F,raw_comparison,per_family_2,2 groups per family,xgb1,repeat_06_fold_03,6,3,0.21875,0.26515151515151514,0.15898788693853946,0.2266839378238342,0.6300000000000001,16,16,45
augmentation,hq_plus_b_c_d_e_f,HQ + B+C+D+E+F,grouped_route,per_family_2,2 groups per family,logistic,repeat_06_fold_03,6,3,0.22807017543859648,0.09848484848484848,0.17650928671011173,0.18055555555555555,0.35000000000000003,16,10,39
augmentation,hq_plus_b_c_d_e_f,HQ + B+C+D+E+F,grouped_route,per_family_2,2 groups per family,xgb1,repeat_06_fold_03,6,3,0.21686746987951808,0.2727272727272727,0.15742566969927527,0.22613065326633167,0.6300000000000001,16,10,39
augmentation,hq_plus_b_c_d_e_f,HQ + B+C+D+E+F,raw_comparison,per_family_3,3 groups per family,logistic,repeat_06_fold_03,6,3,0.24528301886792453,0.19696969696969696,0.17995724630758078,0.23381294964028776,0.23000000000000004,16,16,45
augmentation,hq_plus_b_c_d_e_f,HQ + B+C+D+E+F,raw_comparison,per_family_3,3 groups per family,xgb1,repeat_06_fold_03,6,3,0.21875,0.26515151515151514,0.15898788693853946,0.2266839378238342,0.6300000000000001,16,16,45
augmentation,hq_plus_b_c_d_e_f,HQ + B+C+D+E+F,grouped_route,per_family_3,3 groups per family,logistic,repeat_06_fold_03,6,3,0.22972972972972974,0.12878787878787878,0.17707472932136886,0.1985981308411215,0.27,16,13,42
augmentation,hq_plus_b_c_d_e_f,HQ + B+C+D+E+F,grouped_route,per_family_3,3 groups per family,xgb1,repeat_06_fold_03,6,3,0.20304568527918782,0.30303030303030304,0.15822714868184293,0.21739130434782608,0.6100000000000001,16,13,42
competition,hq_only,HQ,raw_comparison,total_groups_6,6 total groups,logistic,repeat_06_fold_03,6,3,0.18181818181818182,0.15151515151515152,0.1521967929353381,0.17482517482517482,0.19,29,29,29
competition,hq_only,HQ,raw_comparison,total_groups_6,6 total groups,xgb1,repeat_06_fold_03,6,3,0.1870967741935484,0.2196969696969697,0.14926490674339601,0.19281914893617022,0.6400000000000001,29,29,29
competition,hq_only,HQ,grouped_route,total_groups_6,6 total groups,logistic,repeat_06_fold_03,6,3,0.2037037037037037,0.08333333333333333,0.15024863714790773,0.15804597701149425,0.26000000000000006,29,6,6
competition,hq_only,HQ,grouped_route,total_groups_6,6 total groups,xgb1,repeat_06_fold_03,6,3,0.2112676056338028,0.11363636363636363,0.13872596707751372,0.18028846153846154,0.7200000000000002,29,6,6
competition,hq_plus_a,HQ + A,raw_comparison,total_groups_6,6 total groups,logistic,repeat_06_fold_03,6,3,0.2653061224489796,0.19696969696969696,0.2064322488087604,0.2480916030534351,0.31000000000000005,34,34,34
competition,hq_plus_a,HQ + A,raw_comparison,total_groups_6,6 total groups,xgb1,repeat_06_fold_03,6,3,0.29775280898876405,0.4015151515151515,0.22491371010302436,0.31398104265402843,0.6500000000000001,34,34,34
competition,hq_plus_a,HQ + A,grouped_route,total_groups_6,6 total groups,logistic,repeat_06_fold_03,6,3,0.3163265306122449,0.23484848484848486,0.2125567826742989,0.2958015267175573,0.24000000000000005,34,6,6
competition,hq_plus_a,HQ + A,grouped_route,total_groups_6,6 total groups,xgb1,repeat_06_fold_03,6,3,0.2857142857142857,0.18181818181818182,0.21579184606920915,0.2564102564102564,0.7800000000000001,34,6,6
competition,hq_plus_f,HQ + F,raw_comparison,total_groups_6,6 total groups,logistic,repeat_06_fold_03,6,3,0.22784810126582278,0.13636363636363635,0.1577512370041916,0.20089285714285715,0.25000000000000006,35,35,35
competition,hq_plus_f,HQ + F,raw_comparison,total_groups_6,6 total groups,xgb1,repeat_06_fold_03,6,3,0.2064516129032258,0.24242424242424243,0.15312096889469906,0.2127659574468085,0.6400000000000001,35,35,35
competition,hq_plus_f,HQ + F,grouped_route,total_groups_6,6 total groups,logistic,repeat_06_fold_03,6,3,0.22549019607843138,0.17424242424242425,0.14859686479661524,0.21296296296296297,0.18000000000000005,35,6,6
competition,hq_plus_f,HQ + F,grouped_route,total_groups_6,6 total groups,xgb1,repeat_06_fold_03,6,3,0.21686746987951808,0.13636363636363635,0.14506139814163035,0.1939655172413793,0.7300000000000002,35,6,6
competition,hq_plus_a_b_c_d_e,HQ + A+B+C+D+E,raw_comparison,total_groups_6,6 total groups,logistic,repeat_06_fold_03,6,3,0.28125,0.2727272727272727,0.22282208877470855,0.2795031055900621,0.27,44,44,44
competition,hq_plus_a_b_c_d_e,HQ + A+B+C+D+E,raw_comparison,total_groups_6,6 total groups,xgb1,repeat_06_fold_03,6,3,0.2898550724637681,0.30303030303030304,0.22529344626845987,0.29239766081871343,0.6900000000000002,44,44,44
competition,hq_plus_a_b_c_d_e,HQ + A+B+C+D+E,grouped_route,total_groups_6,6 total groups,logistic,repeat_06_fold_03,6,3,0.2777777777777778,0.1893939393939394,0.19191115450097643,0.2540650406504065,0.21000000000000002,44,6,6
competition,hq_plus_a_b_c_d_e,HQ + A+B+C+D+E,grouped_route,total_groups_6,6 total groups,xgb1,repeat_06_fold_03,6,3,0.27848101265822783,0.16666666666666666,0.1919808113306125,0.24553571428571427,0.7700000000000002,44,6,6
competition,hq_plus_b_c_d_e_f,HQ + B+C+D+E+F,raw_comparison,total_groups_6,6 total groups,logistic,repeat_06_fold_03,6,3,0.24528301886792453,0.19696969696969696,0.17995724630758078,0.23381294964028776,0.23000000000000004,45,45,45
competition,hq_plus_b_c_d_e_f,HQ + B+C+D+E+F,raw_comparison,total_groups_6,6 total groups,xgb1,repeat_06_fold_03,6,3,0.21875,0.26515151515151514,0.15898788693853946,0.2266839378238342,0.6300000000000001,45,45,45
competition,hq_plus_b_c_d_e_f,HQ + B+C+D+E+F,grouped_route,total_groups_6,6 total groups,logistic,repeat_06_fold_03,6,3,0.23333333333333334,0.1590909090909091,0.15429507109732402,0.21341463414634146,0.21000000000000002,45,6,6
competition,hq_plus_b_c_d_e_f,HQ + B+C+D+E+F,grouped_route,total_groups_6,6 total groups,xgb1,repeat_06_fold_03,6,3,0.19834710743801653,0.18181818181818182,0.14660289132327198,0.19480519480519481,0.7000000000000002,45,6,6
augmentation,hq_plus_a,HQ + A,raw_comparison,per_family_2,2 groups per family,logistic,repeat_07_fold_01,7,1,0.30158730158730157,0.2878787878787879,0.21676985577816119,0.29874213836477986,0.27,5,5,34
augmentation,hq_plus_a,HQ + A,raw_comparison,per_family_2,2 groups per family,xgb1,repeat_07_fold_01,7,1,0.319672131147541,0.29545454545454547,0.2347228656740195,0.31451612903225806,0.7100000000000002,5,5,34
augmentation,hq_plus_a,HQ + A,grouped_route,per_family_2,2 groups per family,logistic,repeat_07_fold_01,7,1,0.3114754098360656,0.2878787878787879,0.2215586485500523,0.3064516129032258,0.24000000000000005,5,2,31
augmentation,hq_plus_a,HQ + A,grouped_route,per_family_2,2 groups per family,xgb1,repeat_07_fold_01,7,1,0.27,0.20454545454545456,0.22713433966524757,0.25375939849624063,0.7400000000000002,5,2,31
augmentation,hq_plus_a,HQ + A,raw_comparison,per_family_3,3 groups per family,logistic,repeat_07_fold_01,7,1,0.30158730158730157,0.2878787878787879,0.21676985577816119,0.29874213836477986,0.27,5,5,34
augmentation,hq_plus_a,HQ + A,raw_comparison,per_family_3,3 groups per family,xgb1,repeat_07_fold_01,7,1,0.319672131147541,0.29545454545454547,0.2347228656740195,0.31451612903225806,0.7100000000000002,5,5,34
augmentation,hq_plus_a,HQ + A,grouped_route,per_family_3,3 groups per family,logistic,repeat_07_fold_01,7,1,0.2900763358778626,0.2878787878787879,0.2180936570452836,0.2896341463414634,0.26000000000000006,5,3,32
augmentation,hq_plus_a,HQ + A,grouped_route,per_family_3,3 groups per family,xgb1,repeat_07_fold_01,7,1,0.3114754098360656,0.2878787878787879,0.23185376593153276,0.3064516129032258,0.7000000000000002,5,3,32
augmentation,hq_plus_f,HQ + F,raw_comparison,per_family_2,2 groups per family,logistic,repeat_07_fold_01,7,1,0.25961538461538464,0.20454545454545456,0.16564004210406924,0.24635036496350365,0.21000000000000002,6,6,35
augmentation,hq_plus_f,HQ + F,raw_comparison,per_family_2,2 groups per family,xgb1,repeat_07_fold_01,7,1,0.22321428571428573,0.1893939393939394,0.16784675733590862,0.21551724137931033,0.6600000000000001,6,6,35
augmentation,hq_plus_f,HQ + F,grouped_route,per_family_2,2 groups per family,logistic,repeat_07_fold_01,7,1,0.22916666666666666,0.16666666666666666,0.1602684138092219,0.2131782945736434,0.21000000000000002,6,2,31
augmentation,hq_plus_f,HQ + F,grouped_route,per_family_2,2 groups per family,xgb1,repeat_07_fold_01,7,1,0.21311475409836064,0.19696969696969696,0.16735304052297165,0.20967741935483872,0.6500000000000001,6,2,31
augmentation,hq_plus_f,HQ + F,raw_comparison,per_family_3,3 groups per family,logistic,repeat_07_fold_01,7,1,0.25961538461538464,0.20454545454545456,0.16564004210406924,0.24635036496350365,0.21000000000000002,6,6,35
augmentation,hq_plus_f,HQ + F,raw_comparison,per_family_3,3 groups per family,xgb1,repeat_07_fold_01,7,1,0.22321428571428573,0.1893939393939394,0.16784675733590862,0.21551724137931033,0.6600000000000001,6,6,35
augmentation,hq_plus_f,HQ + F,grouped_route,per_family_3,3 groups per family,logistic,repeat_07_fold_01,7,1,0.25,0.22727272727272727,0.16061630217396677,0.24509803921568626,0.19,6,3,32
augmentation,hq_plus_f,HQ + F,grouped_route,per_family_3,3 groups per family,xgb1,repeat_07_fold_01,7,1,0.23809523809523808,0.11363636363636363,0.16699306849488438,0.1953125,0.7500000000000002,6,3,32
augmentation,hq_plus_a_b_c_d_e,HQ + A+B+C+D+E,raw_comparison,per_family_2,2 groups per family,logistic,repeat_07_fold_01,7,1,0.3,0.3181818181818182,0.21629673589670526,0.30346820809248554,0.27,15,15,44
augmentation,hq_plus_a_b_c_d_e,HQ + A+B+C+D+E,raw_comparison,per_family_2,2 groups per family,xgb1,repeat_07_fold_01,7,1,0.31451612903225806,0.29545454545454547,0.23386950776174795,0.3105095541401274,0.7000000000000002,15,15,44
augmentation,hq_plus_a_b_c_d_e,HQ + A+B+C+D+E,grouped_route,per_family_2,2 groups per family,logistic,repeat_07_fold_01,7,1,0.35714285714285715,0.22727272727272727,0.22142500908784132,0.32051282051282054,0.36000000000000004,15,10,39
augmentation,hq_plus_a_b_c_d_e,HQ + A+B+C+D+E,grouped_route,per_family_2,2 groups per family,xgb1,repeat_07_fold_01,7,1,0.2777777777777778,0.22727272727272727,0.22750543275026416,0.26595744680851063,0.7200000000000002,15,10,39
augmentation,hq_plus_a_b_c_d_e,HQ + A+B+C+D+E,raw_comparison,per_family_3,3 groups per family,logistic,repeat_07_fold_01,7,1,0.3,0.3181818181818182,0.21629673589670526,0.30346820809248554,0.27,15,15,44
augmentation,hq_plus_a_b_c_d_e,HQ + A+B+C+D+E,raw_comparison,per_family_3,3 groups per family,xgb1,repeat_07_fold_01,7,1,0.31451612903225806,0.29545454545454547,0.23386950776174795,0.3105095541401274,0.7000000000000002,15,15,44
augmentation,hq_plus_a_b_c_d_e,HQ + A+B+C+D+E,grouped_route,per_family_3,3 groups per family,logistic,repeat_07_fold_01,7,1,0.31092436974789917,0.2803030303030303,0.21685095976135793,0.3042763157894737,0.29000000000000004,15,13,42
augmentation,hq_plus_a_b_c_d_e,HQ + A+B+C+D+E,grouped_route,per_family_3,3 groups per family,xgb1,repeat_07_fold_01,7,1,0.3148148148148148,0.25757575757575757,0.23267585414133865,0.30141843971631205,0.7200000000000002,15,13,42
augmentation,hq_plus_b_c_d_e_f,HQ + B+C+D+E+F,raw_comparison,per_family_2,2 groups per family,logistic,repeat_07_fold_01,7,1,0.26881720430107525,0.1893939393939394,0.16734442239282313,0.24801587301587302,0.27,16,16,45
augmentation,hq_plus_b_c_d_e_f,HQ + B+C+D+E+F,raw_comparison,per_family_2,2 groups per family,xgb1,repeat_07_fold_01,7,1,0.2375,0.14393939393939395,0.16755024521108894,0.21017699115044247,0.7100000000000002,16,16,45
augmentation,hq_plus_b_c_d_e_f,HQ + B+C+D+E+F,grouped_route,per_family_2,2 groups per family,logistic,repeat_07_fold_01,7,1,0.2158273381294964,0.22727272727272727,0.16279261212756202,0.2180232558139535,0.2,16,10,39
augmentation,hq_plus_b_c_d_e_f,HQ + B+C+D+E+F,grouped_route,per_family_2,2 groups per family,xgb1,repeat_07_fold_01,7,1,0.23076923076923078,0.1590909090909091,0.16664278949295402,0.21169354838709678,0.6900000000000002,16,10,39
augmentation,hq_plus_b_c_d_e_f,HQ + B+C+D+E+F,raw_comparison,per_family_3,3 groups per family,logistic,repeat_07_fold_01,7,1,0.26881720430107525,0.1893939393939394,0.16734442239282313,0.24801587301587302,0.27,16,16,45
augmentation,hq_plus_b_c_d_e_f,HQ + B+C+D+E+F,raw_comparison,per_family_3,3 groups per family,xgb1,repeat_07_fold_01,7,1,0.2375,0.14393939393939395,0.16755024521108894,0.21017699115044247,0.7100000000000002,16,16,45
augmentation,hq_plus_b_c_d_e_f,HQ + B+C+D+E+F,grouped_route,per_family_3,3 groups per family,logistic,repeat_07_fold_01,7,1,0.24509803921568626,0.1893939393939394,0.16284098838732847,0.23148148148148148,0.24000000000000005,16,13,42
augmentation,hq_plus_b_c_d_e_f,HQ + B+C+D+E+F,grouped_route,per_family_3,3 groups per family,xgb1,repeat_07_fold_01,7,1,0.20754716981132076,0.16666666666666666,0.16710882542801936,0.19784172661870503,0.6700000000000002,16,13,42
competition,hq_only,HQ,raw_comparison,total_groups_6,6 total groups,logistic,repeat_07_fold_01,7,1,0.23333333333333334,0.21212121212121213,0.16328984710776345,0.22875816993464052,0.17000000000000004,29,29,29
competition,hq_only,HQ,raw_comparison,total_groups_6,6 total groups,xgb1,repeat_07_fold_01,7,1,0.22580645161290322,0.10606060606060606,0.1658178233883879,0.18421052631578946,0.7400000000000002,29,29,29
competition,hq_only,HQ,grouped_route,total_groups_6,6 total groups,logistic,repeat_07_fold_01,7,1,0.18,0.06818181818181818,0.16100659052054012,0.1355421686746988,0.4600000000000001,29,6,6
competition,hq_only,HQ,grouped_route,total_groups_6,6 total groups,xgb1,repeat_07_fold_01,7,1,0.18,0.06818181818181818,0.1565080978810705,0.1355421686746988,0.8600000000000002,29,6,6
competition,hq_plus_a,HQ + A,raw_comparison,total_groups_6,6 total groups,logistic,repeat_07_fold_01,7,1,0.30158730158730157,0.2878787878787879,0.21676985577816119,0.29874213836477986,0.27,34,34,34
competition,hq_plus_a,HQ + A,raw_comparison,total_groups_6,6 total groups,xgb1,repeat_07_fold_01,7,1,0.319672131147541,0.29545454545454547,0.2347228656740195,0.31451612903225806,0.7100000000000002,34,34,34
competition,hq_plus_a,HQ + A,grouped_route,total_groups_6,6 total groups,logistic,repeat_07_fold_01,7,1,0.2872340425531915,0.20454545454545456,0.21966693090654657,0.265748031496063,0.23000000000000004,34,6,6
competition,hq_plus_a,HQ + A,grouped_route,total_groups_6,6 total groups,xgb1,repeat_07_fold_01,7,1,0.297029702970297,0.22727272727272727,0.2266346064040455,0.2798507462686567,0.7700000000000002,34,6,6
competition,hq_plus_f,HQ + F,raw_comparison,total_groups_6,6 total groups,logistic,repeat_07_fold_01,7,1,0.25961538461538464,0.20454545454545456,0.16564004210406924,0.24635036496350365,0.21000000000000002,35,35,35
competition,hq_plus_f,HQ + F,raw_comparison,total_groups_6,6 total groups,xgb1,repeat_07_fold_01,7,1,0.22321428571428573,0.1893939393939394,0.16784675733590862,0.21551724137931033,0.6600000000000001,35,35,35
competition,hq_plus_f,HQ + F,grouped_route,total_groups_6,6 total groups,logistic,repeat_07_fold_01,7,1,0.18,0.06818181818181818,0.15723513614358303,0.1355421686746988,0.4700000000000001,35,6,6
competition,hq_plus_f,HQ + F,grouped_route,total_groups_6,6 total groups,xgb1,repeat_07_fold_01,7,1,0.18,0.06818181818181818,0.15482146088306295,0.1355421686746988,0.8900000000000002,35,6,6
competition,hq_plus_a_b_c_d_e,HQ + A+B+C+D+E,raw_comparison,total_groups_6,6 total groups,logistic,repeat_07_fold_01,7,1,0.3,0.3181818181818182,0.21629673589670526,0.30346820809248554,0.27,44,44,44
competition,hq_plus_a_b_c_d_e,HQ + A+B+C+D+E,raw_comparison,total_groups_6,6 total groups,xgb1,repeat_07_fold_01,7,1,0.31451612903225806,0.29545454545454547,0.23386950776174795,0.3105095541401274,0.7000000000000002,44,44,44
competition,hq_plus_a_b_c_d_e,HQ + A+B+C+D+E,grouped_route,total_groups_6,6 total groups,logistic,repeat_07_fold_01,7,1,0.2706766917293233,0.2727272727272727,0.19637332302745722,0.2710843373493976,0.17000000000000004,44,6,6
competition,hq_plus_a_b_c_d_e,HQ + A+B+C+D+E,grouped_route,total_groups_6,6 total groups,xgb1,repeat_07_fold_01,7,1,0.26356589147286824,0.25757575757575757,0.19273095625992342,0.2623456790123457,0.7000000000000002,44,6,6
competition,hq_plus_b_c_d_e_f,HQ + B+C+D+E+F,raw_comparison,total_groups_6,6 total groups,logistic,repeat_07_fold_01,7,1,0.26881720430107525,0.1893939393939394,0.16734442239282313,0.24801587301587302,0.27,45,45,45
competition,hq_plus_b_c_d_e_f,HQ + B+C+D+E+F,raw_comparison,total_groups_6,6 total groups,xgb1,repeat_07_fold_01,7,1,0.2375,0.14393939393939395,0.16755024521108894,0.21017699115044247,0.7100000000000002,45,45,45
competition,hq_plus_b_c_d_e_f,HQ + B+C+D+E+F,grouped_route,total_groups_6,6 total groups,logistic,repeat_07_fold_01,7,1,0.20353982300884957,0.17424242424242425,0.15833461104276841,0.1969178082191781,0.18000000000000005,45,6,6
competition,hq_plus_b_c_d_e_f,HQ + B+C+D+E+F,grouped_route,total_groups_6,6 total groups,xgb1,repeat_07_fold_01,7,1,0.20714285714285716,0.2196969696969697,0.14957434332318942,0.20953757225433525,0.6700000000000002,45,6,6
augmentation,hq_plus_a,HQ + A,raw_comparison,per_family_2,2 groups per family,logistic,repeat_07_fold_02,7,2,0.2706766917293233,0.2727272727272727,0.18872675930325264,0.2710843373493976,0.25000000000000006,5,5,34
augmentation,hq_plus_a,HQ + A,raw_comparison,per_family_2,2 groups per family,xgb1,repeat_07_fold_02,7,2,0.2376237623762376,0.18181818181818182,0.18755115510698606,0.22388059701492538,0.7700000000000002,5,5,34
augmentation,hq_plus_a,HQ + A,grouped_route,per_family_2,2 groups per family,logistic,repeat_07_fold_02,7,2,0.22764227642276422,0.21212121212121213,0.17353321518080472,0.22435897435897437,0.24000000000000005,5,2,31
augmentation,hq_plus_a,HQ + A,grouped_route,per_family_2,2 groups per family,xgb1,repeat_07_fold_02,7,2,0.27722772277227725,0.21212121212121213,0.1820682752987437,0.26119402985074625,0.7600000000000002,5,2,31
augmentation,hq_plus_a,HQ + A,raw_comparison,per_family_3,3 groups per family,logistic,repeat_07_fold_02,7,2,0.2706766917293233,0.2727272727272727,0.18872675930325264,0.2710843373493976,0.25000000000000006,5,5,34
augmentation,hq_plus_a,HQ + A,raw_comparison,per_family_3,3 groups per family,xgb1,repeat_07_fold_02,7,2,0.2376237623762376,0.18181818181818182,0.18755115510698606,0.22388059701492538,0.7700000000000002,5,5,34
augmentation,hq_plus_a,HQ + A,grouped_route,per_family_3,3 groups per family,logistic,repeat_07_fold_02,7,2,0.25384615384615383,0.25,0.18603814423932322,0.25306748466257667,0.25000000000000006,5,3,32
augmentation,hq_plus_a,HQ + A,grouped_route,per_family_3,3 groups per family,xgb1,repeat_07_fold_02,7,2,0.2542372881355932,0.22727272727272727,0.18611160790290887,0.24834437086092714,0.7400000000000002,5,3,32
augmentation,hq_plus_f,HQ + F,raw_comparison,per_family_2,2 groups per family,logistic,repeat_07_fold_02,7,2,0.24,0.2727272727272727,0.1623281308698318,0.2459016393442623,0.18000000000000005,6,6,35
augmentation,hq_plus_f,HQ + F,raw_comparison,per_family_2,2 groups per family,xgb1,repeat_07_fold_02,7,2,0.2087912087912088,0.14393939393939395,0.1473085798702778,0.19153225806451613,0.7200000000000002,6,6,35
augmentation,hq_plus_f,HQ + F,grouped_route,per_family_2,2 groups per family,logistic,repeat_07_fold_02,7,2,0.22666666666666666,0.25757575757575757,0.15778900498807122,0.23224043715846995,0.18000000000000005,6,2,31
augmentation,hq_plus_f,HQ + F,grouped_route,per_family_2,2 groups per family,xgb1,repeat_07_fold_02,7,2,0.19463087248322147,0.2196969696969697,0.14606737200562037,0.19917582417582416,0.6600000000000001,6,2,31
augmentation,hq_plus_f,HQ + F,raw_comparison,per_family_3,3 groups per family,logistic,repeat_07_fold_02,7,2,0.24,0.2727272727272727,0.1623281308698318,0.2459016393442623,0.18000000000000005,6,6,35
augmentation,hq_plus_f,HQ + F,raw_comparison,per_family_3,3 groups per family,xgb1,repeat_07_fold_02,7,2,0.2087912087912088,0.14393939393939395,0.1473085798702778,0.19153225806451613,0.7200000000000002,6,6,35
augmentation,hq_plus_f,HQ + F,grouped_route,per_family_3,3 groups per family,logistic,repeat_07_fold_02,7,2,0.2328767123287671,0.25757575757575757,0.15748850760803831,0.23743016759776536,0.18000000000000005,6,3,32
augmentation,hq_plus_f,HQ + F,grouped_route,per_family_3,3 groups per family,xgb1,repeat_07_fold_02,7,2,0.19480519480519481,0.22727272727272727,0.15078729576425742,0.20053475935828877,0.6500000000000001,6,3,32
augmentation,hq_plus_a_b_c_d_e,HQ + A+B+C+D+E,raw_comparison,per_family_2,2 groups per family,logistic,repeat_07_fold_02,7,2,0.25396825396825395,0.24242424242424243,0.19757508444552532,0.25157232704402516,0.27,15,15,44
augmentation,hq_plus_a_b_c_d_e,HQ + A+B+C+D+E,raw_comparison,per_family_2,2 groups per family,xgb1,repeat_07_fold_02,7,2,0.25,0.18181818181818182,0.18862656329923078,0.23255813953488372,0.7700000000000002,15,15,44
augmentation,hq_plus_a_b_c_d_e,HQ + A+B+C+D+E,grouped_route,per_family_2,2 groups per family,logistic,repeat_07_fold_02,7,2,0.2564102564102564,0.22727272727272727,0.1894630892891681,0.25,0.27,15,10,39
augmentation,hq_plus_a_b_c_d_e,HQ + A+B+C+D+E,grouped_route,per_family_2,2 groups per family,xgb1,repeat_07_fold_02,7,2,0.21686746987951808,0.13636363636363635,0.18191596652504216,0.1939655172413793,0.7900000000000001,15,10,39
augmentation,hq_plus_a_b_c_d_e,HQ + A+B+C+D+E,raw_comparison,per_family_3,3 groups per family,logistic,repeat_07_fold_02,7,2,0.25396825396825395,0.24242424242424243,0.19757508444552532,0.25157232704402516,0.27,15,15,44
augmentation,hq_plus_a_b_c_d_e,HQ + A+B+C+D+E,raw_comparison,per_family_3,3 groups per family,xgb1,repeat_07_fold_02,7,2,0.25,0.18181818181818182,0.18862656329923078,0.23255813953488372,0.7700000000000002,15,15,44
augmentation,hq_plus_a_b_c_d_e,HQ + A+B+C+D+E,grouped_route,per_family_3,3 groups per family,logistic,repeat_07_fold_02,7,2,0.2543859649122807,0.2196969696969697,0.1950051509651367,0.2465986394557823,0.29000000000000004,15,13,42
augmentation,hq_plus_a_b_c_d_e,HQ + A+B+C+D+E,grouped_route,per_family_3,3 groups per family,xgb1,repeat_07_fold_02,7,2,0.28421052631578947,0.20454545454545456,0.18658415786167504,0.263671875,0.7700000000000002,15,13,42
augmentation,hq_plus_b_c_d_e_f,HQ + B+C+D+E+F,raw_comparison,per_family_2,2 groups per family,logistic,repeat_07_fold_02,7,2,0.22,0.08333333333333333,0.18292702149993068,0.16566265060240964,0.35000000000000003,16,16,45
augmentation,hq_plus_b_c_d_e_f,HQ + B+C+D+E+F,raw_comparison,per_family_2,2 groups per family,xgb1,repeat_07_fold_02,7,2,0.19047619047619047,0.09090909090909091,0.155539380073753,0.15625,0.7500000000000002,16,16,45
augmentation,hq_plus_b_c_d_e_f,HQ + B+C+D+E+F,grouped_route,per_family_2,2 groups per family,logistic,repeat_07_fold_02,7,2,0.2236842105263158,0.12878787878787878,0.17375875797670576,0.19495412844036697,0.26000000000000006,16,10,39
augmentation,hq_plus_b_c_d_e_f,HQ + B+C+D+E+F,grouped_route,per_family_2,2 groups per family,xgb1,repeat_07_fold_02,7,2,0.19791666666666666,0.14393939393939395,0.15165887213833204,0.18410852713178294,0.7100000000000002,16,10,39
augmentation,hq_plus_b_c_d_e_f,HQ + B+C+D+E+F,raw_comparison,per_family_3,3 groups per family,logistic,repeat_07_fold_02,7,2,0.22,0.08333333333333333,0.18292702149993068,0.16566265060240964,0.35000000000000003,16,16,45
augmentation,hq_plus_b_c_d_e_f,HQ + B+C+D+E+F,raw_comparison,per_family_3,3 groups per family,xgb1,repeat_07_fold_02,7,2,0.19047619047619047,0.09090909090909091,0.155539380073753,0.15625,0.7500000000000002,16,16,45
augmentation,hq_plus_b_c_d_e_f,HQ + B+C+D+E+F,grouped_route,per_family_3,3 groups per family,logistic,repeat_07_fold_02,7,2,0.2621359223300971,0.20454545454545456,0.17575277450654297,0.24816176470588236,0.23000000000000004,16,13,42
augmentation,hq_plus_b_c_d_e_f,HQ + B+C+D+E+F,grouped_route,per_family_3,3 groups per family,xgb1,repeat_07_fold_02,7,2,0.1951219512195122,0.12121212121212122,0.15574387504921847,0.17391304347826086,0.7200000000000002,16,13,42
competition,hq_only,HQ,raw_comparison,total_groups_6,6 total groups,logistic,repeat_07_fold_02,7,2,0.21052631578947367,0.12121212121212122,0.1487927563349129,0.1834862385321101,0.24000000000000005,29,29,29
competition,hq_only,HQ,raw_comparison,total_groups_6,6 total groups,xgb1,repeat_07_fold_02,7,2,0.20689655172413793,0.09090909090909091,0.1482690801261693,0.16483516483516483,0.7700000000000002,29,29,29
competition,hq_only,HQ,grouped_route,total_groups_6,6 total groups,logistic,repeat_07_fold_02,7,2,0.1834862385321101,0.15151515151515152,0.15190236940677332,0.176056338028169,0.17000000000000004,29,6,6
competition,hq_only,HQ,grouped_route,total_groups_6,6 total groups,xgb1,repeat_07_fold_02,7,2,0.23076923076923078,0.09090909090909091,0.14431859576372036,0.17647058823529413,0.7600000000000002,29,6,6
competition,hq_plus_a,HQ + A,raw_comparison,total_groups_6,6 total groups,logistic,repeat_07_fold_02,7,2,0.2706766917293233,0.2727272727272727,0.18872675930325264,0.2710843373493976,0.25000000000000006,34,34,34
competition,hq_plus_a,HQ + A,raw_comparison,total_groups_6,6 total groups,xgb1,repeat_07_fold_02,7,2,0.2376237623762376,0.18181818181818182,0.18755115510698606,0.22388059701492538,0.7700000000000002,34,34,34
competition,hq_plus_a,HQ + A,grouped_route,total_groups_6,6 total groups,logistic,repeat_07_fold_02,7,2,0.2839506172839506,0.17424242424242425,0.17469909493188807,0.25219298245614036,0.25000000000000006,34,6,6
competition,hq_plus_a,HQ + A,grouped_route,total_groups_6,6 total groups,xgb1,repeat_07_fold_02,7,2,0.25882352941176473,0.16666666666666666,0.16716736484731054,0.2330508474576271,0.7700000000000002,34,6,6
competition,hq_plus_f,HQ + F,raw_comparison,total_groups_6,6 total groups,logistic,repeat_07_fold_02,7,2,0.24,0.2727272727272727,0.1623281308698318,0.2459016393442623,0.18000000000000005,35,35,35
competition,hq_plus_f,HQ + F,raw_comparison,total_groups_6,6 total groups,xgb1,repeat_07_fold_02,7,2,0.2087912087912088,0.14393939393939395,0.1473085798702778,0.19153225806451613,0.7200000000000002,35,35,35
competition,hq_plus_f,HQ + F,grouped_route,total_groups_6,6 total groups,logistic,repeat_07_fold_02,7,2,0.20382165605095542,0.24242424242424243,0.16043458742814642,0.21052631578947367,0.16000000000000003,35,6,6
competition,hq_plus_f,HQ + F,grouped_route,total_groups_6,6 total groups,xgb1,repeat_07_fold_02,7,2,0.21367521367521367,0.1893939393939394,0.15566009052438684,0.20833333333333334,0.7000000000000002,35,6,6
competition,hq_plus_a_b_c_d_e,HQ + A+B+C+D+E,raw_comparison,total_groups_6,6 total groups,logistic,repeat_07_fold_02,7,2,0.25396825396825395,0.24242424242424243,0.19757508444552532,0.25157232704402516,0.27,44,44,44
competition,hq_plus_a_b_c_d_e,HQ + A+B+C+D+E,raw_comparison,total_groups_6,6 total groups,xgb1,repeat_07_fold_02,7,2,0.25,0.18181818181818182,0.18862656329923078,0.23255813953488372,0.7700000000000002,44,44,44
competition,hq_plus_a_b_c_d_e,HQ + A+B+C+D+E,grouped_route,total_groups_6,6 total groups,logistic,repeat_07_fold_02,7,2,0.19285714285714287,0.20454545454545456,0.15918421503396107,0.19508670520231214,0.17000000000000004,44,6,6
competition,hq_plus_a_b_c_d_e,HQ + A+B+C+D+E,grouped_route,total_groups_6,6 total groups,xgb1,repeat_07_fold_02,7,2,0.2336448598130841,0.1893939393939394,0.15923760750545754,0.22321428571428573,0.7200000000000002,44,6,6
competition,hq_plus_b_c_d_e_f,HQ + B+C+D+E+F,raw_comparison,total_groups_6,6 total groups,logistic,repeat_07_fold_02,7,2,0.22,0.08333333333333333,0.18292702149993068,0.16566265060240964,0.35000000000000003,45,45,45
competition,hq_plus_b_c_d_e_f,HQ + B+C+D+E+F,raw_comparison,total_groups_6,6 total groups,xgb1,repeat_07_fold_02,7,2,0.19047619047619047,0.09090909090909091,0.155539380073753,0.15625,0.7500000000000002,45,45,45
competition,hq_plus_b_c_d_e_f,HQ + B+C+D+E+F,grouped_route,total_groups_6,6 total groups,logistic,repeat_07_fold_02,7,2,0.16326530612244897,0.18181818181818182,0.15035431353932285,0.16666666666666666,0.16000000000000003,45,6,6
competition,hq_plus_b_c_d_e_f,HQ + B+C+D+E+F,grouped_route,total_groups_6,6 total groups,xgb1,repeat_07_fold_02,7,2,0.203125,0.09848484848484848,0.14828793971230397,0.16752577319587628,0.7400000000000002,45,6,6
augmentation,hq_plus_a,HQ + A,raw_comparison,per_family_2,2 groups per family,logistic,repeat_07_fold_03,7,3,0.35454545454545455,0.29545454545454547,0.2644848115434428,0.3409090909090909,0.25000000000000006,5,5,34
augmentation,hq_plus_a,HQ + A,raw_comparison,per_family_2,2 groups per family,xgb1,repeat_07_fold_03,7,3,0.34965034965034963,0.3787878787878788,0.28181062535631224,0.35511363636363635,0.7100000000000002,5,5,34
augmentation,hq_plus_a,HQ + A,grouped_route,per_family_2,2 groups per family,logistic,repeat_07_fold_03,7,3,0.35398230088495575,0.30303030303030304,0.25354041196998833,0.3424657534246575,0.26000000000000006,5,2,31
augmentation,hq_plus_a,HQ + A,grouped_route,per_family_2,2 groups per family,xgb1,repeat_07_fold_03,7,3,0.3315508021390374,0.4696969696969697,0.2777725351579215,0.3522727272727273,0.6700000000000002,5,2,31
augmentation,hq_plus_a,HQ + A,raw_comparison,per_family_3,3 groups per family,logistic,repeat_07_fold_03,7,3,0.35454545454545455,0.29545454545454547,0.2644848115434428,0.3409090909090909,0.25000000000000006,5,5,34
augmentation,hq_plus_a,HQ + A,raw_comparison,per_family_3,3 groups per family,xgb1,repeat_07_fold_03,7,3,0.34965034965034963,0.3787878787878788,0.28181062535631224,0.35511363636363635,0.7100000000000002,5,5,34
augmentation,hq_plus_a,HQ + A,grouped_route,per_family_3,3 groups per family,logistic,repeat_07_fold_03,7,3,0.36065573770491804,0.3333333333333333,0.2679482224670263,0.3548387096774194,0.24000000000000005,5,3,32
augmentation,hq_plus_a,HQ + A,grouped_route,per_family_3,3 groups per family,xgb1,repeat_07_fold_03,7,3,0.3944954128440367,0.32575757575757575,0.28355074030093047,0.3785211267605634,0.7600000000000002,5,3,32
augmentation,hq_plus_f,HQ + F,raw_comparison,per_family_2,2 groups per family,logistic,repeat_07_fold_03,7,3,0.26851851851851855,0.2196969696969697,0.20449636641074212,0.2570921985815603,0.21000000000000002,6,6,35
augmentation,hq_plus_f,HQ + F,raw_comparison,per_family_2,2 groups per family,xgb1,repeat_07_fold_03,7,3,0.22674418604651161,0.29545454545454547,0.19917553919692477,0.23780487804878048,0.6400000000000001,6,6,35
augmentation,hq_plus_f,HQ + F,grouped_route,per_family_2,2 groups per family,logistic,repeat_07_fold_03,7,3,0.2702702702702703,0.22727272727272727,0.20247206685477245,0.2604166666666667,0.2,6,2,31
augmentation,hq_plus_f,HQ + F,grouped_route,per_family_2,2 groups per family,xgb1,repeat_07_fold_03,7,3,0.25,0.30303030303030304,0.20238054419134072,0.25906735751295334,0.6500000000000001,6,2,31
augmentation,hq_plus_f,HQ + F,raw_comparison,per_family_3,3 groups per family,logistic,repeat_07_fold_03,7,3,0.26851851851851855,0.2196969696969697,0.20449636641074212,0.2570921985815603,0.21000000000000002,6,6,35
augmentation,hq_plus_f,HQ + F,raw_comparison,per_family_3,3 groups per family,xgb1,repeat_07_fold_03,7,3,0.22674418604651161,0.29545454545454547,0.19917553919692477,0.23780487804878048,0.6400000000000001,6,6,35
augmentation,hq_plus_f,HQ + F,grouped_route,per_family_3,3 groups per family,logistic,repeat_07_fold_03,7,3,0.28888888888888886,0.19696969696969696,0.20132987174905215,0.26422764227642276,0.23000000000000004,6,3,32
augmentation,hq_plus_f,HQ + F,grouped_route,per_family_3,3 groups per family,xgb1,repeat_07_fold_03,7,3,0.22702702702702704,0.3181818181818182,0.19971973241050917,0.2408256880733945,0.6300000000000001,6,3,32
augmentation,hq_plus_a_b_c_d_e,HQ + A+B+C+D+E,raw_comparison,per_family_2,2 groups per family,logistic,repeat_07_fold_03,7,3,0.3458646616541353,0.3484848484848485,0.2817334315879924,0.3463855421686747,0.24000000000000005,15,15,44
augmentation,hq_plus_a_b_c_d_e,HQ + A+B+C+D+E,raw_comparison,per_family_2,2 groups per family,xgb1,repeat_07_fold_03,7,3,0.3430232558139535,0.44696969696969696,0.2824199141464834,0.3597560975609756,0.6800000000000002,15,15,44
augmentation,hq_plus_a_b_c_d_e,HQ + A+B+C+D+E,grouped_route,per_family_2,2 groups per family,logistic,repeat_07_fold_03,7,3,0.4166666666666667,0.30303030303030304,0.27645477226099036,0.3875968992248062,0.31000000000000005,15,10,39
augmentation,hq_plus_a_b_c_d_e,HQ + A+B+C+D+E,grouped_route,per_family_2,2 groups per family,xgb1,repeat_07_fold_03,7,3,0.35,0.3712121212121212,0.27786520371687606,0.3540462427745665,0.7100000000000002,15,10,39
augmentation,hq_plus_a_b_c_d_e,HQ + A+B+C+D+E,raw_comparison,per_family_3,3 groups per family,logistic,repeat_07_fold_03,7,3,0.3458646616541353,0.3484848484848485,0.2817334315879924,0.3463855421686747,0.24000000000000005,15,15,44
augmentation,hq_plus_a_b_c_d_e,HQ + A+B+C+D+E,raw_comparison,per_family_3,3 groups per family,xgb1,repeat_07_fold_03,7,3,0.3430232558139535,0.44696969696969696,0.2824199141464834,0.3597560975609756,0.6800000000000002,15,15,44
augmentation,hq_plus_a_b_c_d_e,HQ + A+B+C+D+E,grouped_route,per_family_3,3 groups per family,logistic,repeat_07_fold_03,7,3,0.39655172413793105,0.3484848484848485,0.28533500983828963,0.3859060402684564,0.26000000000000006,15,13,42
augmentation,hq_plus_a_b_c_d_e,HQ + A+B+C+D+E,grouped_route,per_family_3,3 groups per family,xgb1,repeat_07_fold_03,7,3,0.37719298245614036,0.32575757575757575,0.2843049775147385,0.3656462585034014,0.7500000000000002,15,13,42
augmentation,hq_plus_b_c_d_e_f,HQ + B+C+D+E+F,raw_comparison,per_family_2,2 groups per family,logistic,repeat_07_fold_03,7,3,0.3333333333333333,0.22727272727272727,0.22715685445312603,0.3048780487804878,0.25000000000000006,16,16,45
augmentation,hq_plus_b_c_d_e_f,HQ + B+C+D+E+F,raw_comparison,per_family_2,2 groups per family,xgb1,repeat_07_fold_03,7,3,0.28703703703703703,0.23484848484848486,0.21226641653118414,0.274822695035461,0.6900000000000002,16,16,45
augmentation,hq_plus_b_c_d_e_f,HQ + B+C+D+E+F,grouped_route,per_family_2,2 groups per family,logistic,repeat_07_fold_03,7,3,0.3373493975903614,0.21212121212121213,0.2255800122592938,0.3017241379310345,0.25000000000000006,16,10,39
augmentation,hq_plus_b_c_d_e_f,HQ + B+C+D+E+F,grouped_route,per_family_2,2 groups per family,xgb1,repeat_07_fold_03,7,3,0.3118279569892473,0.2196969696969697,0.21122855619412406,0.2876984126984127,0.7100000000000002,16,10,39
augmentation,hq_plus_b_c_d_e_f,HQ + B+C+D+E+F,raw_comparison,per_family_3,3 groups per family,logistic,repeat_07_fold_03,7,3,0.3333333333333333,0.22727272727272727,0.22715685445312603,0.3048780487804878,0.25000000000000006,16,16,45
augmentation,hq_plus_b_c_d_e_f,HQ + B+C+D+E+F,raw_comparison,per_family_3,3 groups per family,xgb1,repeat_07_fold_03,7,3,0.28703703703703703,0.23484848484848486,0.21226641653118414,0.274822695035461,0.6900000000000002,16,16,45
augmentation,hq_plus_b_c_d_e_f,HQ + B+C+D+E+F,grouped_route,per_family_3,3 groups per family,logistic,repeat_07_fold_03,7,3,0.3493975903614458,0.2196969696969697,0.22482573457929875,0.3125,0.25000000000000006,16,13,42
augmentation,hq_plus_b_c_d_e_f,HQ + B+C+D+E+F,grouped_route,per_family_3,3 groups per family,xgb1,repeat_07_fold_03,7,3,0.30097087378640774,0.23484848484848486,0.21125271190902342,0.2849264705882353,0.7000000000000002,16,13,42
competition,hq_only,HQ,raw_comparison,total_groups_6,6 total groups,logistic,repeat_07_fold_03,7,3,0.2872340425531915,0.20454545454545456,0.1891586588014245,0.265748031496063,0.22000000000000003,29,29,29
competition,hq_only,HQ,raw_comparison,total_groups_6,6 total groups,xgb1,repeat_07_fold_03,7,3,0.24203821656050956,0.2878787878787879,0.19758224002426483,0.25,0.6600000000000001,29,29,29
competition,hq_only,HQ,grouped_route,total_groups_6,6 total groups,logistic,repeat_07_fold_03,7,3,0.23008849557522124,0.19696969696969696,0.19058457097392192,0.2226027397260274,0.17000000000000004,29,6,6
competition,hq_only,HQ,grouped_route,total_groups_6,6 total groups,xgb1,repeat_07_fold_03,7,3,0.25,0.19696969696969696,0.18490963086506268,0.23722627737226276,0.6800000000000002,29,6,6
competition,hq_plus_a,HQ + A,raw_comparison,total_groups_6,6 total groups,logistic,repeat_07_fold_03,7,3,0.35454545454545455,0.29545454545454547,0.2644848115434428,0.3409090909090909,0.25000000000000006,34,34,34
competition,hq_plus_a,HQ + A,raw_comparison,total_groups_6,6 total groups,xgb1,repeat_07_fold_03,7,3,0.34965034965034963,0.3787878787878788,0.28181062535631224,0.35511363636363635,0.7100000000000002,34,34,34
competition,hq_plus_a,HQ + A,grouped_route,total_groups_6,6 total groups,logistic,repeat_07_fold_03,7,3,0.34265734265734266,0.3712121212121212,0.25940846991166366,0.34801136363636365,0.2,34,6,6
competition,hq_plus_a,HQ + A,grouped_route,total_groups_6,6 total groups,xgb1,repeat_07_fold_03,7,3,0.2857142857142857,0.4090909090909091,0.2703800161640104,0.30405405405405406,0.6800000000000002,34,6,6
competition,hq_plus_f,HQ + F,raw_comparison,total_groups_6,6 total groups,logistic,repeat_07_fold_03,7,3,0.26851851851851855,0.2196969696969697,0.20449636641074212,0.2570921985815603,0.21000000000000002,35,35,35
competition,hq_plus_f,HQ + F,raw_comparison,total_groups_6,6 total groups,xgb1,repeat_07_fold_03,7,3,0.22674418604651161,0.29545454545454547,0.19917553919692477,0.23780487804878048,0.6400000000000001,35,35,35
competition,hq_plus_f,HQ + F,grouped_route,total_groups_6,6 total groups,logistic,repeat_07_fold_03,7,3,0.23636363636363636,0.19696969696969696,0.19006050216105413,0.22727272727272727,0.17000000000000004,35,6,6
competition,hq_plus_f,HQ + F,grouped_route,total_groups_6,6 total groups,xgb1,repeat_07_fold_03,7,3,0.29292929292929293,0.2196969696969697,0.19232888199569026,0.2746212121212121,0.6800000000000002,35,6,6
competition,hq_plus_a_b_c_d_e,HQ + A+B+C+D+E,raw_comparison,total_groups_6,6 total groups,logistic,repeat_07_fold_03,7,3,0.3458646616541353,0.3484848484848485,0.2817334315879924,0.3463855421686747,0.24000000000000005,44,44,44
competition,hq_plus_a_b_c_d_e,HQ + A+B+C+D+E,raw_comparison,total_groups_6,6 total groups,xgb1,repeat_07_fold_03,7,3,0.3430232558139535,0.44696969696969696,0.2824199141464834,0.3597560975609756,0.6800000000000002,44,44,44
competition,hq_plus_a_b_c_d_e,HQ + A+B+C+D+E,grouped_route,total_groups_6,6 total groups,logistic,repeat_07_fold_03,7,3,0.3790322580645161,0.3560606060606061,0.2567260314246578,0.37420382165605093,0.2,44,6,6
competition,hq_plus_a_b_c_d_e,HQ + A+B+C+D+E,grouped_route,total_groups_6,6 total groups,xgb1,repeat_07_fold_03,7,3,0.4230769230769231,0.3333333333333333,0.26813094598680154,0.40145985401459855,0.7700000000000002,44,6,6
competition,hq_plus_b_c_d_e_f,HQ + B+C+D+E+F,raw_comparison,total_groups_6,6 total groups,logistic,repeat_07_fold_03,7,3,0.3333333333333333,0.22727272727272727,0.22715685445312603,0.3048780487804878,0.25000000000000006,45,45,45
competition,hq_plus_b_c_d_e_f,HQ + B+C+D+E+F,raw_comparison,total_groups_6,6 total groups,xgb1,repeat_07_fold_03,7,3,0.28703703703703703,0.23484848484848486,0.21226641653118414,0.274822695035461,0.6900000000000002,45,45,45
competition,hq_plus_b_c_d_e_f,HQ + B+C+D+E+F,grouped_route,total_groups_6,6 total groups,logistic,repeat_07_fold_03,7,3,0.3561643835616438,0.19696969696969696,0.196267036288134,0.30660377358490565,0.21000000000000002,45,6,6
competition,hq_plus_b_c_d_e_f,HQ + B+C+D+E+F,grouped_route,total_groups_6,6 total groups,xgb1,repeat_07_fold_03,7,3,0.3146067415730337,0.21212121212121213,0.19376058524807208,0.28688524590163933,0.7100000000000002,45,6,6
augmentation,hq_plus_a,HQ + A,raw_comparison,per_family_2,2 groups per family,logistic,repeat_08_fold_01,8,1,0.27848101265822783,0.3333333333333333,0.25048480418021973,0.2879581151832461,0.2,5,5,34
augmentation,hq_plus_a,HQ + A,raw_comparison,per_family_2,2 groups per family,xgb1,repeat_08_fold_01,8,1,0.28654970760233917,0.3712121212121212,0.25248964389664713,0.3002450980392157,0.6600000000000001,5,5,34
augmentation,hq_plus_a,HQ + A,grouped_route,per_family_2,2 groups per family,logistic,repeat_08_fold_01,8,1,0.32558139534883723,0.3181818181818182,0.24313971319993843,0.32407407407407407,0.22000000000000003,5,2,31
augmentation,hq_plus_a,HQ + A,grouped_route,per_family_2,2 groups per family,xgb1,repeat_08_fold_01,8,1,0.28289473684210525,0.32575757575757575,0.2435776371037875,0.2905405405405405,0.6800000000000002,5,2,31
augmentation,hq_plus_a,HQ + A,raw_comparison,per_family_3,3 groups per family,logistic,repeat_08_fold_01,8,1,0.27848101265822783,0.3333333333333333,0.25048480418021973,0.2879581151832461,0.2,5,5,34
augmentation,hq_plus_a,HQ + A,raw_comparison,per_family_3,3 groups per family,xgb1,repeat_08_fold_01,8,1,0.28654970760233917,0.3712121212121212,0.25248964389664713,0.3002450980392157,0.6600000000000001,5,5,34
augmentation,hq_plus_a,HQ + A,grouped_route,per_family_3,3 groups per family,logistic,repeat_08_fold_01,8,1,0.3448275862068966,0.30303030303030304,0.24929990918042821,0.33557046979865773,0.25000000000000006,5,3,32
augmentation,hq_plus_a,HQ + A,grouped_route,per_family_3,3 groups per family,xgb1,repeat_08_fold_01,8,1,0.2883435582822086,0.3560606060606061,0.25112017933556974,0.2997448979591837,0.6700000000000002,5,3,32
augmentation,hq_plus_f,HQ + F,raw_comparison,per_family_2,2 groups per family,logistic,repeat_08_fold_01,8,1,0.24358974358974358,0.14393939393939395,0.18076926062199516,0.21396396396396397,0.22000000000000003,6,6,35
augmentation,hq_plus_f,HQ + F,raw_comparison,per_family_2,2 groups per family,xgb1,repeat_08_fold_01,8,1,0.21641791044776118,0.2196969696969697,0.18170781581710388,0.21706586826347304,0.6500000000000001,6,6,35
augmentation,hq_plus_f,HQ + F,grouped_route,per_family_2,2 groups per family,logistic,repeat_08_fold_01,8,1,0.22857142857142856,0.12121212121212122,0.1809998511627624,0.1941747572815534,0.23000000000000004,6,2,31
augmentation,hq_plus_f,HQ + F,grouped_route,per_family_2,2 groups per family,xgb1,repeat_08_fold_01,8,1,0.2608695652173913,0.18181818181818182,0.18370440633595533,0.24,0.6800000000000002,6,2,31
augmentation,hq_plus_f,HQ + F,raw_comparison,per_family_3,3 groups per family,logistic,repeat_08_fold_01,8,1,0.24358974358974358,0.14393939393939395,0.18076926062199516,0.21396396396396397,0.22000000000000003,6,6,35
augmentation,hq_plus_f,HQ + F,raw_comparison,per_family_3,3 groups per family,xgb1,repeat_08_fold_01,8,1,0.21641791044776118,0.2196969696969697,0.18170781581710388,0.21706586826347304,0.6500000000000001,6,6,35
augmentation,hq_plus_f,HQ + F,grouped_route,per_family_3,3 groups per family,logistic,repeat_08_fold_01,8,1,0.25757575757575757,0.12878787878787878,0.18274016242871152,0.21464646464646464,0.23000000000000004,6,3,32
augmentation,hq_plus_f,HQ + F,grouped_route,per_family_3,3 groups per family,xgb1,repeat_08_fold_01,8,1,0.25333333333333335,0.14393939393939395,0.1827604215984032,0.2199074074074074,0.7000000000000002,6,3,32
augmentation,hq_plus_a_b_c_d_e,HQ + A+B+C+D+E,raw_comparison,per_family_2,2 groups per family,logistic,repeat_08_fold_01,8,1,0.34965034965034963,0.3787878787878788,0.2678000085114563,0.35511363636363635,0.23000000000000004,15,15,44
augmentation,hq_plus_a_b_c_d_e,HQ + A+B+C+D+E,raw_comparison,per_family_2,2 groups per family,xgb1,repeat_08_fold_01,8,1,0.2945205479452055,0.32575757575757575,0.25274926370176215,0.30027932960893855,0.6900000000000002,15,15,44
augmentation,hq_plus_a_b_c_d_e,HQ + A+B+C+D+E,grouped_route,per_family_2,2 groups per family,logistic,repeat_08_fold_01,8,1,0.4069767441860465,0.26515151515151514,0.2658855900567029,0.36764705882352944,0.29000000000000004,15,10,39
augmentation,hq_plus_a_b_c_d_e,HQ + A+B+C+D+E,grouped_route,per_family_2,2 groups per family,xgb1,repeat_08_fold_01,8,1,0.2937062937062937,0.3181818181818182,0.2448791796892191,0.29829545454545453,0.6900000000000002,15,10,39
augmentation,hq_plus_a_b_c_d_e,HQ + A+B+C+D+E,raw_comparison,per_family_3,3 groups per family,logistic,repeat_08_fold_01,8,1,0.34965034965034963,0.3787878787878788,0.2678000085114563,0.35511363636363635,0.23000000000000004,15,15,44
augmentation,hq_plus_a_b_c_d_e,HQ + A+B+C+D+E,raw_comparison,per_family_3,3 groups per family,xgb1,repeat_08_fold_01,8,1,0.2945205479452055,0.32575757575757575,0.25274926370176215,0.30027932960893855,0.6900000000000002,15,15,44
augmentation,hq_plus_a_b_c_d_e,HQ + A+B+C+D+E,grouped_route,per_family_3,3 groups per family,logistic,repeat_08_fold_01,8,1,0.3356164383561644,0.3712121212121212,0.26666763513168446,0.34217877094972066,0.22000000000000003,15,13,42
augmentation,hq_plus_a_b_c_d_e,HQ + A+B+C+D+E,grouped_route,per_family_3,3 groups per family,xgb1,repeat_08_fold_01,8,1,0.2967741935483871,0.3484848484848485,0.2510892269007536,0.3058510638297872,0.6800000000000002,15,13,42
augmentation,hq_plus_b_c_d_e_f,HQ + B+C+D+E+F,raw_comparison,per_family_2,2 groups per family,logistic,repeat_08_fold_01,8,1,0.2608695652173913,0.18181818181818182,0.19308802085766077,0.24,0.23000000000000004,16,16,45
augmentation,hq_plus_b_c_d_e_f,HQ + B+C+D+E+F,raw_comparison,per_family_2,2 groups per family,xgb1,repeat_08_fold_01,8,1,0.2755102040816326,0.20454545454545456,0.1925382201241743,0.25763358778625955,0.6700000000000002,16,16,45
augmentation,hq_plus_b_c_d_e_f,HQ + B+C+D+E+F,grouped_route,per_family_2,2 groups per family,logistic,repeat_08_fold_01,8,1,0.24793388429752067,0.22727272727272727,0.19517941069616784,0.2435064935064935,0.2,16,10,39
augmentation,hq_plus_b_c_d_e_f,HQ + B+C+D+E+F,grouped_route,per_family_2,2 groups per family,xgb1,repeat_08_fold_01,8,1,0.2215568862275449,0.2803030303030303,0.19324448626237098,0.23125,0.6200000000000001,16,10,39
augmentation,hq_plus_b_c_d_e_f,HQ + B+C+D+E+F,raw_comparison,per_family_3,3 groups per family,logistic,repeat_08_fold_01,8,1,0.2608695652173913,0.18181818181818182,0.19308802085766077,0.24,0.23000000000000004,16,16,45
augmentation,hq_plus_b_c_d_e_f,HQ + B+C+D+E+F,raw_comparison,per_family_3,3 groups per family,xgb1,repeat_08_fold_01,8,1,0.2755102040816326,0.20454545454545456,0.1925382201241743,0.25763358778625955,0.6700000000000002,16,16,45
augmentation,hq_plus_b_c_d_e_f,HQ + B+C+D+E+F,grouped_route,per_family_3,3 groups per family,logistic,repeat_08_fold_01,8,1,0.2891566265060241,0.18181818181818182,0.19671111989743717,0.25862068965517243,0.23000000000000004,16,13,42
augmentation,hq_plus_b_c_d_e_f,HQ + B+C+D+E+F,grouped_route,per_family_3,3 groups per family,xgb1,repeat_08_fold_01,8,1,0.26548672566371684,0.22727272727272727,0.191657738577187,0.2568493150684932,0.6600000000000001,16,13,42
competition,hq_only,HQ,raw_comparison,total_groups_6,6 total groups,logistic,repeat_08_fold_01,8,1,0.24691358024691357,0.15151515151515152,0.17690954624929014,0.21929824561403508,0.21000000000000002,29,29,29
competition,hq_only,HQ,raw_comparison,total_groups_6,6 total groups,xgb1,repeat_08_fold_01,8,1,0.2682926829268293,0.08333333333333333,0.17928099535867476,0.1858108108108108,0.7800000000000001,29,29,29
competition,hq_only,HQ,grouped_route,total_groups_6,6 total groups,logistic,repeat_08_fold_01,8,1,0.26666666666666666,0.12121212121212122,0.18075103400306736,0.21505376344086022,0.18000000000000005,29,6,6
competition,hq_only,HQ,grouped_route,total_groups_6,6 total groups,xgb1,repeat_08_fold_01,8,1,0.3142857142857143,0.08333333333333333,0.18136974053090738,0.20220588235294118,0.8000000000000002,29,6,6
competition,hq_plus_a,HQ + A,raw_comparison,total_groups_6,6 total groups,logistic,repeat_08_fold_01,8,1,0.27848101265822783,0.3333333333333333,0.25048480418021973,0.2879581151832461,0.2,34,34,34
competition,hq_plus_a,HQ + A,raw_comparison,total_groups_6,6 total groups,xgb1,repeat_08_fold_01,8,1,0.28654970760233917,0.3712121212121212,0.25248964389664713,0.3002450980392157,0.6600000000000001,34,34,34
competition,hq_plus_a,HQ + A,grouped_route,total_groups_6,6 total groups,logistic,repeat_08_fold_01,8,1,0.3391304347826087,0.29545454545454547,0.24433675619561085,0.3293918918918919,0.21000000000000002,34,6,6
competition,hq_plus_a,HQ + A,grouped_route,total_groups_6,6 total groups,xgb1,repeat_08_fold_01,8,1,0.3014705882352941,0.3106060606060606,0.24649607664405845,0.3032544378698225,0.7200000000000002,34,6,6
competition,hq_plus_f,HQ + F,raw_comparison,total_groups_6,6 total groups,logistic,repeat_08_fold_01,8,1,0.24358974358974358,0.14393939393939395,0.18076926062199516,0.21396396396396397,0.22000000000000003,35,35,35
competition,hq_plus_f,HQ + F,raw_comparison,total_groups_6,6 total groups,xgb1,repeat_08_fold_01,8,1,0.21641791044776118,0.2196969696969697,0.18170781581710388,0.21706586826347304,0.6500000000000001,35,35,35
competition,hq_plus_f,HQ + F,grouped_route,total_groups_6,6 total groups,logistic,repeat_08_fold_01,8,1,0.24271844660194175,0.1893939393939394,0.1806667072065139,0.22977941176470587,0.16000000000000003,35,6,6
competition,hq_plus_f,HQ + F,grouped_route,total_groups_6,6 total groups,xgb1,repeat_08_fold_01,8,1,0.3076923076923077,0.12121212121212122,0.18420171259246623,0.23529411764705882,0.7300000000000002,35,6,6
competition,hq_plus_a_b_c_d_e,HQ + A+B+C+D+E,raw_comparison,total_groups_6,6 total groups,logistic,repeat_08_fold_01,8,1,0.34965034965034963,0.3787878787878788,0.2678000085114563,0.35511363636363635,0.23000000000000004,44,44,44
competition,hq_plus_a_b_c_d_e,HQ + A+B+C+D+E,raw_comparison,total_groups_6,6 total groups,xgb1,repeat_08_fold_01,8,1,0.2945205479452055,0.32575757575757575,0.25274926370176215,0.30027932960893855,0.6900000000000002,44,44,44
competition,hq_plus_a_b_c_d_e,HQ + A+B+C+D+E,grouped_route,total_groups_6,6 total groups,logistic,repeat_08_fold_01,8,1,0.35294117647058826,0.22727272727272727,0.22982256200375628,0.3177966101694915,0.21000000000000002,44,6,6
competition,hq_plus_a_b_c_d_e,HQ + A+B+C+D+E,grouped_route,total_groups_6,6 total groups,xgb1,repeat_08_fold_01,8,1,0.3253968253968254,0.3106060606060606,0.23775846275469315,0.3223270440251572,0.7300000000000002,44,6,6
competition,hq_plus_b_c_d_e_f,HQ + B+C+D+E+F,raw_comparison,total_groups_6,6 total groups,logistic,repeat_08_fold_01,8,1,0.2608695652173913,0.18181818181818182,0.19308802085766077,0.24,0.23000000000000004,45,45,45
competition,hq_plus_b_c_d_e_f,HQ + B+C+D+E+F,raw_comparison,total_groups_6,6 total groups,xgb1,repeat_08_fold_01,8,1,0.2755102040816326,0.20454545454545456,0.1925382201241743,0.25763358778625955,0.6700000000000002,45,45,45
competition,hq_plus_b_c_d_e_f,HQ + B+C+D+E+F,grouped_route,total_groups_6,6 total groups,logistic,repeat_08_fold_01,8,1,0.25,0.21212121212121213,0.1816887003795355,0.2413793103448276,0.17000000000000004,45,6,6
competition,hq_plus_b_c_d_e_f,HQ + B+C+D+E+F,grouped_route,total_groups_6,6 total groups,xgb1,repeat_08_fold_01,8,1,0.2605042016806723,0.23484848484848486,0.18664757426199488,0.25493421052631576,0.6700000000000002,45,6,6
augmentation,hq_plus_a,HQ + A,raw_comparison,per_family_2,2 groups per family,logistic,repeat_08_fold_02,8,2,0.28776978417266186,0.30303030303030304,0.22483755036198927,0.29069767441860467,0.23000000000000004,5,5,34
augmentation,hq_plus_a,HQ + A,raw_comparison,per_family_2,2 groups per family,xgb1,repeat_08_fold_02,8,2,0.31007751937984496,0.30303030303030304,0.23035470845191616,0.30864197530864196,0.7000000000000002,5,5,34
augmentation,hq_plus_a,HQ + A,grouped_route,per_family_2,2 groups per family,logistic,repeat_08_fold_02,8,2,0.2777777777777778,0.22727272727272727,0.20522314783000106,0.26595744680851063,0.26000000000000006,5,2,31
augmentation,hq_plus_a,HQ + A,grouped_route,per_family_2,2 groups per family,xgb1,repeat_08_fold_02,8,2,0.2980769230769231,0.23484848484848486,0.22458430782350494,0.28284671532846717,0.7500000000000002,5,2,31
augmentation,hq_plus_a,HQ + A,raw_comparison,per_family_3,3 groups per family,logistic,repeat_08_fold_02,8,2,0.28776978417266186,0.30303030303030304,0.22483755036198927,0.29069767441860467,0.23000000000000004,5,5,34
augmentation,hq_plus_a,HQ + A,raw_comparison,per_family_3,3 groups per family,xgb1,repeat_08_fold_02,8,2,0.31007751937984496,0.30303030303030304,0.23035470845191616,0.30864197530864196,0.7000000000000002,5,5,34
augmentation,hq_plus_a,HQ + A,grouped_route,per_family_3,3 groups per family,logistic,repeat_08_fold_02,8,2,0.29,0.2196969696969697,0.22635170464615434,0.2725563909774436,0.29000000000000004,5,3,32
augmentation,hq_plus_a,HQ + A,grouped_route,per_family_3,3 groups per family,xgb1,repeat_08_fold_02,8,2,0.2875,0.3484848484848485,0.229805199942485,0.2979274611398964,0.6500000000000001,5,3,32
augmentation,hq_plus_f,HQ + F,raw_comparison,per_family_2,2 groups per family,logistic,repeat_08_fold_02,8,2,0.22580645161290322,0.1590909090909091,0.16984754288290788,0.20833333333333334,0.23000000000000004,6,6,35
augmentation,hq_plus_f,HQ + F,raw_comparison,per_family_2,2 groups per family,xgb1,repeat_08_fold_02,8,2,0.18487394957983194,0.16666666666666666,0.1573449747696818,0.18092105263157895,0.6800000000000002,6,6,35
augmentation,hq_plus_f,HQ + F,grouped_route,per_family_2,2 groups per family,logistic,repeat_08_fold_02,8,2,0.2222222222222222,0.15151515151515152,0.16249612128943924,0.2032520325203252,0.22000000000000003,6,2,31
augmentation,hq_plus_f,HQ + F,grouped_route,per_family_2,2 groups per family,xgb1,repeat_08_fold_02,8,2,0.1935483870967742,0.18181818181818182,0.15930185984401055,0.1910828025477707,0.6800000000000002,6,2,31
augmentation,hq_plus_f,HQ + F,raw_comparison,per_family_3,3 groups per family,logistic,repeat_08_fold_02,8,2,0.22580645161290322,0.1590909090909091,0.16984754288290788,0.20833333333333334,0.23000000000000004,6,6,35
augmentation,hq_plus_f,HQ + F,raw_comparison,per_family_3,3 groups per family,xgb1,repeat_08_fold_02,8,2,0.18487394957983194,0.16666666666666666,0.1573449747696818,0.18092105263157895,0.6800000000000002,6,6,35
augmentation,hq_plus_f,HQ + F,grouped_route,per_family_3,3 groups per family,logistic,repeat_08_fold_02,8,2,0.21978021978021978,0.15151515151515152,0.16187447002483737,0.20161290322580644,0.22000000000000003,6,3,32
augmentation,hq_plus_f,HQ + F,grouped_route,per_family_3,3 groups per family,xgb1,repeat_08_fold_02,8,2,0.19548872180451127,0.19696969696969696,0.15889728731937458,0.19578313253012047,0.6600000000000001,6,3,32
augmentation,hq_plus_a_b_c_d_e,HQ + A+B+C+D+E,raw_comparison,per_family_2,2 groups per family,logistic,repeat_08_fold_02,8,2,0.3037974683544304,0.36363636363636365,0.22710468399138625,0.31413612565445026,0.22000000000000003,15,15,44
augmentation,hq_plus_a_b_c_d_e,HQ + A+B+C+D+E,raw_comparison,per_family_2,2 groups per family,xgb1,repeat_08_fold_02,8,2,0.31386861313868614,0.32575757575757575,0.23080888212129586,0.3161764705882353,0.6800000000000002,15,15,44
augmentation,hq_plus_a_b_c_d_e,HQ + A+B+C+D+E,grouped_route,per_family_2,2 groups per family,logistic,repeat_08_fold_02,8,2,0.3119266055045872,0.25757575757575757,0.2160038737004278,0.2992957746478873,0.29000000000000004,15,10,39
augmentation,hq_plus_a_b_c_d_e,HQ + A+B+C+D+E,grouped_route,per_family_2,2 groups per family,xgb1,repeat_08_fold_02,8,2,0.28688524590163933,0.26515151515151514,0.22421843466202515,0.28225806451612906,0.7200000000000002,15,10,39
augmentation,hq_plus_a_b_c_d_e,HQ + A+B+C+D+E,raw_comparison,per_family_3,3 groups per family,logistic,repeat_08_fold_02,8,2,0.3037974683544304,0.36363636363636365,0.22710468399138625,0.31413612565445026,0.22000000000000003,15,15,44
augmentation,hq_plus_a_b_c_d_e,HQ + A+B+C+D+E,raw_comparison,per_family_3,3 groups per family,xgb1,repeat_08_fold_02,8,2,0.31386861313868614,0.32575757575757575,0.23080888212129586,0.3161764705882353,0.6800000000000002,15,15,44
augmentation,hq_plus_a_b_c_d_e,HQ + A+B+C+D+E,grouped_route,per_family_3,3 groups per family,logistic,repeat_08_fold_02,8,2,0.29927007299270075,0.3106060606060606,0.22842615981779774,0.3014705882352941,0.25000000000000006,15,13,42
augmentation,hq_plus_a_b_c_d_e,HQ + A+B+C+D+E,grouped_route,per_family_3,3 groups per family,xgb1,repeat_08_fold_02,8,2,0.2838709677419355,0.3333333333333333,0.23148375871167823,0.2925531914893617,0.6500000000000001,15,13,42
augmentation,hq_plus_b_c_d_e_f,HQ + B+C+D+E+F,raw_comparison,per_family_2,2 groups per family,logistic,repeat_08_fold_02,8,2,0.2823529411764706,0.18181818181818182,0.18089212605421395,0.2542372881355932,0.28,16,16,45
augmentation,hq_plus_b_c_d_e_f,HQ + B+C+D+E+F,raw_comparison,per_family_2,2 groups per family,xgb1,repeat_08_fold_02,8,2,0.2235294117647059,0.14393939393939395,0.16482860422787754,0.20127118644067796,0.7200000000000002,16,16,45
augmentation,hq_plus_b_c_d_e_f,HQ + B+C+D+E+F,grouped_route,per_family_2,2 groups per family,logistic,repeat_08_fold_02,8,2,0.28205128205128205,0.16666666666666666,0.17483807768469684,0.24774774774774774,0.28,16,10,39
augmentation,hq_plus_b_c_d_e_f,HQ + B+C+D+E+F,grouped_route,per_family_2,2 groups per family,xgb1,repeat_08_fold_02,8,2,0.21649484536082475,0.1590909090909091,0.166745074581942,0.20192307692307693,0.7000000000000002,16,10,39
augmentation,hq_plus_b_c_d_e_f,HQ + B+C+D+E+F,raw_comparison,per_family_3,3 groups per family,logistic,repeat_08_fold_02,8,2,0.2823529411764706,0.18181818181818182,0.18089212605421395,0.2542372881355932,0.28,16,16,45
augmentation,hq_plus_b_c_d_e_f,HQ + B+C+D+E+F,raw_comparison,per_family_3,3 groups per family,xgb1,repeat_08_fold_02,8,2,0.2235294117647059,0.14393939393939395,0.16482860422787754,0.20127118644067796,0.7200000000000002,16,16,45
augmentation,hq_plus_b_c_d_e_f,HQ + B+C+D+E+F,grouped_route,per_family_3,3 groups per family,logistic,repeat_08_fold_02,8,2,0.25757575757575757,0.12878787878787878,0.1720688582457871,0.21464646464646464,0.32000000000000006,16,13,42
augmentation,hq_plus_b_c_d_e_f,HQ + B+C+D+E+F,grouped_route,per_family_3,3 groups per family,xgb1,repeat_08_fold_02,8,2,0.21782178217821782,0.16666666666666666,0.16643345449902142,0.20522388059701493,0.7000000000000002,16,13,42
competition,hq_only,HQ,raw_comparison,total_groups_6,6 total groups,logistic,repeat_08_fold_02,8,2,0.19672131147540983,0.09090909090909091,0.15781304941501698,0.1595744680851064,0.29000000000000004,29,29,29
competition,hq_only,HQ,raw_comparison,total_groups_6,6 total groups,xgb1,repeat_08_fold_02,8,2,0.2073170731707317,0.12878787878787878,0.16007209447826198,0.18478260869565216,0.7200000000000002,29,29,29
competition,hq_only,HQ,grouped_route,total_groups_6,6 total groups,logistic,repeat_08_fold_02,8,2,0.22727272727272727,0.11363636363636363,0.14991766917926305,0.1893939393939394,0.25000000000000006,29,6,6
competition,hq_only,HQ,grouped_route,total_groups_6,6 total groups,xgb1,repeat_08_fold_02,8,2,0.2222222222222222,0.10606060606060606,0.14838709955379786,0.18229166666666666,0.7600000000000002,29,6,6
competition,hq_plus_a,HQ + A,raw_comparison,total_groups_6,6 total groups,logistic,repeat_08_fold_02,8,2,0.28776978417266186,0.30303030303030304,0.22483755036198927,0.29069767441860467,0.23000000000000004,34,34,34
competition,hq_plus_a,HQ + A,raw_comparison,total_groups_6,6 total groups,xgb1,repeat_08_fold_02,8,2,0.31007751937984496,0.30303030303030304,0.23035470845191616,0.30864197530864196,0.7000000000000002,34,34,34
competition,hq_plus_a,HQ + A,grouped_route,total_groups_6,6 total groups,logistic,repeat_08_fold_02,8,2,0.2727272727272727,0.2727272727272727,0.1993117075012127,0.2727272727272727,0.19,34,6,6
competition,hq_plus_a,HQ + A,grouped_route,total_groups_6,6 total groups,xgb1,repeat_08_fold_02,8,2,0.3333333333333333,0.2878787878787879,0.21653893380960226,0.3231292517006803,0.7500000000000002,34,6,6
competition,hq_plus_f,HQ + F,raw_comparison,total_groups_6,6 total groups,logistic,repeat_08_fold_02,8,2,0.22580645161290322,0.1590909090909091,0.16984754288290788,0.20833333333333334,0.23000000000000004,35,35,35
competition,hq_plus_f,HQ + F,raw_comparison,total_groups_6,6 total groups,xgb1,repeat_08_fold_02,8,2,0.18487394957983194,0.16666666666666666,0.1573449747696818,0.18092105263157895,0.6800000000000002,35,35,35
competition,hq_plus_f,HQ + F,grouped_route,total_groups_6,6 total groups,logistic,repeat_08_fold_02,8,2,0.20652173913043478,0.14393939393939395,0.1500000911891172,0.19,0.2,35,6,6
competition,hq_plus_f,HQ + F,grouped_route,total_groups_6,6 total groups,xgb1,repeat_08_fold_02,8,2,0.16111111111111112,0.2196969696969697,0.15463030861912203,0.17018779342723006,0.6300000000000001,35,6,6
competition,hq_plus_a_b_c_d_e,HQ + A+B+C+D+E,raw_comparison,total_groups_6,6 total groups,logistic,repeat_08_fold_02,8,2,0.3037974683544304,0.36363636363636365,0.22710468399138625,0.31413612565445026,0.22000000000000003,44,44,44
competition,hq_plus_a_b_c_d_e,HQ + A+B+C+D+E,raw_comparison,total_groups_6,6 total groups,xgb1,repeat_08_fold_02,8,2,0.31386861313868614,0.32575757575757575,0.23080888212129586,0.3161764705882353,0.6800000000000002,44,44,44
competition,hq_plus_a_b_c_d_e,HQ + A+B+C+D+E,grouped_route,total_groups_6,6 total groups,logistic,repeat_08_fold_02,8,2,0.21311475409836064,0.19696969696969696,0.16361615670891327,0.20967741935483872,0.17000000000000004,44,6,6
competition,hq_plus_a_b_c_d_e,HQ + A+B+C+D+E,grouped_route,total_groups_6,6 total groups,xgb1,repeat_08_fold_02,8,2,0.24271844660194175,0.1893939393939394,0.18376486249211574,0.22977941176470587,0.7200000000000002,44,6,6
competition,hq_plus_b_c_d_e_f,HQ + B+C+D+E+F,raw_comparison,total_groups_6,6 total groups,logistic,repeat_08_fold_02,8,2,0.2823529411764706,0.18181818181818182,0.18089212605421395,0.2542372881355932,0.28,45,45,45
competition,hq_plus_b_c_d_e_f,HQ + B+C+D+E+F,raw_comparison,total_groups_6,6 total groups,xgb1,repeat_08_fold_02,8,2,0.2235294117647059,0.14393939393939395,0.16482860422787754,0.20127118644067796,0.7200000000000002,45,45,45
competition,hq_plus_b_c_d_e_f,HQ + B+C+D+E+F,grouped_route,total_groups_6,6 total groups,logistic,repeat_08_fold_02,8,2,0.18269230769230768,0.14393939393939395,0.1495042999924668,0.17335766423357665,0.18000000000000005,45,6,6
competition,hq_plus_b_c_d_e_f,HQ + B+C+D+E+F,grouped_route,total_groups_6,6 total groups,xgb1,repeat_08_fold_02,8,2,0.21739130434782608,0.15151515151515152,0.1509225250252782,0.2,0.7000000000000002,45,6,6
augmentation,hq_plus_a,HQ + A,raw_comparison,per_family_2,2 groups per family,logistic,repeat_08_fold_03,8,3,0.28735632183908044,0.1893939393939394,0.2082720772115838,0.2604166666666667,0.36000000000000004,5,5,34
augmentation,hq_plus_a,HQ + A,raw_comparison,per_family_2,2 groups per family,xgb1,repeat_08_fold_03,8,3,0.3008130081300813,0.2803030303030303,0.22542334816860785,0.296474358974359,0.7200000000000002,5,5,34
augmentation,hq_plus_a,HQ + A,grouped_route,per_family_2,2 groups per family,logistic,repeat_08_fold_03,8,3,0.3076923076923077,0.24242424242424243,0.2061179006181393,0.291970802919708,0.31000000000000005,5,2,31
augmentation,hq_plus_a,HQ + A,grouped_route,per_family_2,2 groups per family,xgb1,repeat_08_fold_03,8,3,0.3409090909090909,0.22727272727272727,0.22136311040230028,0.30991735537190085,0.7900000000000001,5,2,31
augmentation,hq_plus_a,HQ + A,raw_comparison,per_family_3,3 groups per family,logistic,repeat_08_fold_03,8,3,0.28735632183908044,0.1893939393939394,0.2082720772115838,0.2604166666666667,0.36000000000000004,5,5,34
augmentation,hq_plus_a,HQ + A,raw_comparison,per_family_3,3 groups per family,xgb1,repeat_08_fold_03,8,3,0.3008130081300813,0.2803030303030303,0.22542334816860785,0.296474358974359,0.7200000000000002,5,5,34
augmentation,hq_plus_a,HQ + A,grouped_route,per_family_3,3 groups per family,logistic,repeat_08_fold_03,8,3,0.3238095238095238,0.25757575757575757,0.20689716051057083,0.3079710144927536,0.31000000000000005,5,3,32
augmentation,hq_plus_a,HQ + A,grouped_route,per_family_3,3 groups per family,xgb1,repeat_08_fold_03,8,3,0.2692307692307692,0.4772727272727273,0.22399372399796255,0.2949438202247191,0.6200000000000001,5,3,32
augmentation,hq_plus_f,HQ + F,raw_comparison,per_family_2,2 groups per family,logistic,repeat_08_fold_03,8,3,0.1981981981981982,0.3333333333333333,0.1839980061102465,0.21568627450980393,0.15000000000000002,6,6,35
augmentation,hq_plus_f,HQ + F,raw_comparison,per_family_2,2 groups per family,xgb1,repeat_08_fold_03,8,3,0.28169014084507044,0.15151515151515152,0.17530995161449317,0.2403846153846154,0.7600000000000002,6,6,35
augmentation,hq_plus_f,HQ + F,grouped_route,per_family_2,2 groups per family,logistic,repeat_08_fold_03,8,3,0.20207253886010362,0.29545454545454547,0.1796369731991159,0.2157079646017699,0.16000000000000003,6,2,31
augmentation,hq_plus_f,HQ + F,grouped_route,per_family_2,2 groups per family,xgb1,repeat_08_fold_03,8,3,0.28169014084507044,0.15151515151515152,0.17623090508307282,0.2403846153846154,0.7600000000000002,6,2,31
augmentation,hq_plus_f,HQ + F,raw_comparison,per_family_3,3 groups per family,logistic,repeat_08_fold_03,8,3,0.1981981981981982,0.3333333333333333,0.1839980061102465,0.21568627450980393,0.15000000000000002,6,6,35
augmentation,hq_plus_f,HQ + F,raw_comparison,per_family_3,3 groups per family,xgb1,repeat_08_fold_03,8,3,0.28169014084507044,0.15151515151515152,0.17530995161449317,0.2403846153846154,0.7600000000000002,6,6,35
augmentation,hq_plus_f,HQ + F,grouped_route,per_family_3,3 groups per family,logistic,repeat_08_fold_03,8,3,0.1872146118721461,0.3106060606060606,0.179715127718112,0.20337301587301587,0.15000000000000002,6,3,32
augmentation,hq_plus_f,HQ + F,grouped_route,per_family_3,3 groups per family,xgb1,repeat_08_fold_03,8,3,0.22448979591836735,0.25,0.17481833917897804,0.22916666666666666,0.6600000000000001,6,3,32
augmentation,hq_plus_a_b_c_d_e,HQ + A+B+C+D+E,raw_comparison,per_family_2,2 groups per family,logistic,repeat_08_fold_03,8,3,0.296,0.2803030303030303,0.21336455725560616,0.2927215189873418,0.28,15,15,44
augmentation,hq_plus_a_b_c_d_e,HQ + A+B+C+D+E,raw_comparison,per_family_2,2 groups per family,xgb1,repeat_08_fold_03,8,3,0.3053435114503817,0.30303030303030304,0.2209646845568682,0.3048780487804878,0.7100000000000002,15,15,44
augmentation,hq_plus_a_b_c_d_e,HQ + A+B+C+D+E,grouped_route,per_family_2,2 groups per family,logistic,repeat_08_fold_03,8,3,0.3173076923076923,0.25,0.20969055053536345,0.3010948905109489,0.31000000000000005,15,10,39
augmentation,hq_plus_a_b_c_d_e,HQ + A+B+C+D+E,grouped_route,per_family_2,2 groups per family,xgb1,repeat_08_fold_03,8,3,0.28402366863905326,0.36363636363636365,0.21719413504767984,0.297029702970297,0.6700000000000002,15,10,39
augmentation,hq_plus_a_b_c_d_e,HQ + A+B+C+D+E,raw_comparison,per_family_3,3 groups per family,logistic,repeat_08_fold_03,8,3,0.296,0.2803030303030303,0.21336455725560616,0.2927215189873418,0.28,15,15,44
augmentation,hq_plus_a_b_c_d_e,HQ + A+B+C+D+E,raw_comparison,per_family_3,3 groups per family,xgb1,repeat_08_fold_03,8,3,0.3053435114503817,0.30303030303030304,0.2209646845568682,0.3048780487804878,0.7100000000000002,15,15,44
augmentation,hq_plus_a_b_c_d_e,HQ + A+B+C+D+E,grouped_route,per_family_3,3 groups per family,logistic,repeat_08_fold_03,8,3,0.29411764705882354,0.26515151515151514,0.2115227444706796,0.2878289473684211,0.30000000000000004,15,13,42
augmentation,hq_plus_a_b_c_d_e,HQ + A+B+C+D+E,grouped_route,per_family_3,3 groups per family,xgb1,repeat_08_fold_03,8,3,0.304,0.2878787878787879,0.22037289738704163,0.30063291139240506,0.7200000000000002,15,13,42
augmentation,hq_plus_b_c_d_e_f,HQ + B+C+D+E+F,raw_comparison,per_family_2,2 groups per family,logistic,repeat_08_fold_03,8,3,0.2926829268292683,0.2727272727272727,0.2024374549526453,0.28846153846153844,0.22000000000000003,16,16,45
augmentation,hq_plus_b_c_d_e_f,HQ + B+C+D+E+F,raw_comparison,per_family_2,2 groups per family,xgb1,repeat_08_fold_03,8,3,0.26666666666666666,0.18181818181818182,0.179698374381141,0.24390243902439024,0.7200000000000002,16,16,45
augmentation,hq_plus_b_c_d_e_f,HQ + B+C+D+E+F,grouped_route,per_family_2,2 groups per family,logistic,repeat_08_fold_03,8,3,0.31896551724137934,0.2803030303030303,0.19606168253202053,0.3104026845637584,0.22000000000000003,16,10,39
augmentation,hq_plus_b_c_d_e_f,HQ + B+C+D+E+F,grouped_route,per_family_2,2 groups per family,xgb1,repeat_08_fold_03,8,3,0.2698412698412698,0.25757575757575757,0.1830145064467948,0.2672955974842767,0.6800000000000002,16,10,39
augmentation,hq_plus_b_c_d_e_f,HQ + B+C+D+E+F,raw_comparison,per_family_3,3 groups per family,logistic,repeat_08_fold_03,8,3,0.2926829268292683,0.2727272727272727,0.2024374549526453,0.28846153846153844,0.22000000000000003,16,16,45
augmentation,hq_plus_b_c_d_e_f,HQ + B+C+D+E+F,raw_comparison,per_family_3,3 groups per family,xgb1,repeat_08_fold_03,8,3,0.26666666666666666,0.18181818181818182,0.179698374381141,0.24390243902439024,0.7200000000000002,16,16,45
augmentation,hq_plus_b_c_d_e_f,HQ + B+C+D+E+F,grouped_route,per_family_3,3 groups per family,logistic,repeat_08_fold_03,8,3,0.25301204819277107,0.3181818181818182,0.1980864738244591,0.2638190954773869,0.19,16,13,42
augmentation,hq_plus_b_c_d_e_f,HQ + B+C+D+E+F,grouped_route,per_family_3,3 groups per family,xgb1,repeat_08_fold_03,8,3,0.2682926829268293,0.16666666666666666,0.1803109089874178,0.2391304347826087,0.7300000000000002,16,13,42
competition,hq_only,HQ,raw_comparison,total_groups_6,6 total groups,logistic,repeat_08_fold_03,8,3,0.296875,0.14393939393939395,0.17221109312442628,0.24484536082474226,0.29000000000000004,29,29,29
competition,hq_only,HQ,raw_comparison,total_groups_6,6 total groups,xgb1,repeat_08_fold_03,8,3,0.17993079584775087,0.3939393939393939,0.17392965893821616,0.20186335403726707,0.5700000000000002,29,29,29
competition,hq_only,HQ,grouped_route,total_groups_6,6 total groups,logistic,repeat_08_fold_03,8,3,0.2839506172839506,0.17424242424242425,0.1677977331855256,0.25219298245614036,0.2,29,6,6
competition,hq_only,HQ,grouped_route,total_groups_6,6 total groups,xgb1,repeat_08_fold_03,8,3,0.24060150375939848,0.24242424242424243,0.16429616202737737,0.24096385542168675,0.6800000000000002,29,6,6
competition,hq_plus_a,HQ + A,raw_comparison,total_groups_6,6 total groups,logistic,repeat_08_fold_03,8,3,0.28735632183908044,0.1893939393939394,0.2082720772115838,0.2604166666666667,0.36000000000000004,34,34,34
competition,hq_plus_a,HQ + A,raw_comparison,total_groups_6,6 total groups,xgb1,repeat_08_fold_03,8,3,0.3008130081300813,0.2803030303030303,0.22542334816860785,0.296474358974359,0.7200000000000002,34,34,34
competition,hq_plus_a,HQ + A,grouped_route,total_groups_6,6 total groups,logistic,repeat_08_fold_03,8,3,0.3617021276595745,0.25757575757575757,0.204929651238631,0.3346456692913386,0.26000000000000006,34,6,6
competition,hq_plus_a,HQ + A,grouped_route,total_groups_6,6 total groups,xgb1,repeat_08_fold_03,8,3,0.2553191489361702,0.2727272727272727,0.20709053785290354,0.25862068965517243,0.7400000000000002,34,6,6
competition,hq_plus_f,HQ + F,raw_comparison,total_groups_6,6 total groups,logistic,repeat_08_fold_03,8,3,0.1981981981981982,0.3333333333333333,0.1839980061102465,0.21568627450980393,0.15000000000000002,35,35,35
competition,hq_plus_f,HQ + F,raw_comparison,total_groups_6,6 total groups,xgb1,repeat_08_fold_03,8,3,0.28169014084507044,0.15151515151515152,0.17530995161449317,0.2403846153846154,0.7600000000000002,35,35,35
competition,hq_plus_f,HQ + F,grouped_route,total_groups_6,6 total groups,logistic,repeat_08_fold_03,8,3,0.20212765957446807,0.2878787878787879,0.1669412057550658,0.2149321266968326,0.14,35,6,6
competition,hq_plus_f,HQ + F,grouped_route,total_groups_6,6 total groups,xgb1,repeat_08_fold_03,8,3,0.27380952380952384,0.17424242424242425,0.1701728910440198,0.24572649572649571,0.7500000000000002,35,6,6
competition,hq_plus_a_b_c_d_e,HQ + A+B+C+D+E,raw_comparison,total_groups_6,6 total groups,logistic,repeat_08_fold_03,8,3,0.296,0.2803030303030303,0.21336455725560616,0.2927215189873418,0.28,44,44,44
competition,hq_plus_a_b_c_d_e,HQ + A+B+C+D+E,raw_comparison,total_groups_6,6 total groups,xgb1,repeat_08_fold_03,8,3,0.3053435114503817,0.30303030303030304,0.2209646845568682,0.3048780487804878,0.7100000000000002,44,44,44
competition,hq_plus_a_b_c_d_e,HQ + A+B+C+D+E,grouped_route,total_groups_6,6 total groups,logistic,repeat_08_fold_03,8,3,0.2857142857142857,0.36363636363636365,0.20989776977773494,0.29850746268656714,0.18000000000000005,44,6,6
competition,hq_plus_a_b_c_d_e,HQ + A+B+C+D+E,grouped_route,total_groups_6,6 total groups,xgb1,repeat_08_fold_03,8,3,0.2912621359223301,0.22727272727272727,0.21000045334942374,0.2757352941176471,0.7900000000000001,44,6,6
competition,hq_plus_b_c_d_e_f,HQ + B+C+D+E+F,raw_comparison,total_groups_6,6 total groups,logistic,repeat_08_fold_03,8,3,0.2926829268292683,0.2727272727272727,0.2024374549526453,0.28846153846153844,0.22000000000000003,45,45,45
competition,hq_plus_b_c_d_e_f,HQ + B+C+D+E+F,raw_comparison,total_groups_6,6 total groups,xgb1,repeat_08_fold_03,8,3,0.26666666666666666,0.18181818181818182,0.179698374381141,0.24390243902439024,0.7200000000000002,45,45,45
competition,hq_plus_b_c_d_e_f,HQ + B+C+D+E+F,grouped_route,total_groups_6,6 total groups,logistic,repeat_08_fold_03,8,3,0.21621621621621623,0.30303030303030304,0.16815250603305093,0.22935779816513763,0.14,45,6,6
competition,hq_plus_b_c_d_e_f,HQ + B+C+D+E+F,grouped_route,total_groups_6,6 total groups,xgb1,repeat_08_fold_03,8,3,0.275,0.16666666666666666,0.16598454553870964,0.24336283185840707,0.7500000000000002,45,6,6
augmentation,hq_plus_a,HQ + A,raw_comparison,per_family_2,2 groups per family,logistic,repeat_09_fold_01,9,1,0.2569444444444444,0.2803030303030303,0.20417607806002944,0.2612994350282486,0.22000000000000003,5,5,34
augmentation,hq_plus_a,HQ + A,raw_comparison,per_family_2,2 groups per family,xgb1,repeat_09_fold_01,9,1,0.26666666666666666,0.18181818181818182,0.20738353401040496,0.24390243902439024,0.7800000000000001,5,5,34
augmentation,hq_plus_a,HQ + A,grouped_route,per_family_2,2 groups per family,logistic,repeat_09_fold_01,9,1,0.2620689655172414,0.2878787878787879,0.19502257891973218,0.26685393258426965,0.2,5,2,31
augmentation,hq_plus_a,HQ + A,grouped_route,per_family_2,2 groups per family,xgb1,repeat_09_fold_01,9,1,0.26851851851851855,0.2196969696969697,0.19985960961531304,0.2570921985815603,0.7400000000000002,5,2,31
augmentation,hq_plus_a,HQ + A,raw_comparison,per_family_3,3 groups per family,logistic,repeat_09_fold_01,9,1,0.2569444444444444,0.2803030303030303,0.20417607806002944,0.2612994350282486,0.22000000000000003,5,5,34
augmentation,hq_plus_a,HQ + A,raw_comparison,per_family_3,3 groups per family,xgb1,repeat_09_fold_01,9,1,0.26666666666666666,0.18181818181818182,0.20738353401040496,0.24390243902439024,0.7800000000000001,5,5,34
augmentation,hq_plus_a,HQ + A,grouped_route,per_family_3,3 groups per family,logistic,repeat_09_fold_01,9,1,0.2692307692307692,0.21212121212121213,0.20640148980085746,0.25547445255474455,0.28,5,3,32
augmentation,hq_plus_a,HQ + A,grouped_route,per_family_3,3 groups per family,xgb1,repeat_09_fold_01,9,1,0.28440366972477066,0.23484848484848486,0.20912011770489353,0.272887323943662,0.7400000000000002,5,3,32
augmentation,hq_plus_f,HQ + F,raw_comparison,per_family_2,2 groups per family,logistic,repeat_09_fold_01,9,1,0.25471698113207547,0.20454545454545456,0.16809144690101652,0.24280575539568344,0.2,6,6,35
augmentation,hq_plus_f,HQ + F,raw_comparison,per_family_2,2 groups per family,xgb1,repeat_09_fold_01,9,1,0.20754716981132076,0.08333333333333333,0.1569925220242141,0.15988372093023256,0.7800000000000001,6,6,35
augmentation,hq_plus_f,HQ + F,grouped_route,per_family_2,2 groups per family,logistic,repeat_09_fold_01,9,1,0.22666666666666666,0.12878787878787878,0.158746998803697,0.19675925925925927,0.23000000000000004,6,2,31
augmentation,hq_plus_f,HQ + F,grouped_route,per_family_2,2 groups per family,xgb1,repeat_09_fold_01,9,1,0.22413793103448276,0.09848484848484848,0.1608973906372314,0.17857142857142858,0.7800000000000001,6,2,31
augmentation,hq_plus_f,HQ + F,raw_comparison,per_family_3,3 groups per family,logistic,repeat_09_fold_01,9,1,0.25471698113207547,0.20454545454545456,0.16809144690101652,0.24280575539568344,0.2,6,6,35
augmentation,hq_plus_f,HQ + F,raw_comparison,per_family_3,3 groups per family,xgb1,repeat_09_fold_01,9,1,0.20754716981132076,0.08333333333333333,0.1569925220242141,0.15988372093023256,0.7800000000000001,6,6,35
augmentation,hq_plus_f,HQ + F,grouped_route,per_family_3,3 groups per family,logistic,repeat_09_fold_01,9,1,0.22077922077922077,0.12878787878787878,0.15875988543243047,0.19318181818181818,0.23000000000000004,6,3,32
augmentation,hq_plus_f,HQ + F,grouped_route,per_family_3,3 groups per family,xgb1,repeat_09_fold_01,9,1,0.22413793103448276,0.09848484848484848,0.1607098025168728,0.17857142857142858,0.7800000000000001,6,3,32
augmentation,hq_plus_a_b_c_d_e,HQ + A+B+C+D+E,raw_comparison,per_family_2,2 groups per family,logistic,repeat_09_fold_01,9,1,0.2956521739130435,0.25757575757575757,0.21588313476108514,0.28716216216216217,0.28,15,15,44
augmentation,hq_plus_a_b_c_d_e,HQ + A+B+C+D+E,raw_comparison,per_family_2,2 groups per family,xgb1,repeat_09_fold_01,9,1,0.26506024096385544,0.16666666666666666,0.2086522132268478,0.23706896551724138,0.7900000000000001,15,15,44
augmentation,hq_plus_a_b_c_d_e,HQ + A+B+C+D+E,grouped_route,per_family_2,2 groups per family,logistic,repeat_09_fold_01,9,1,0.3090909090909091,0.25757575757575757,0.21267772987338235,0.2972027972027972,0.26000000000000006,15,10,39
augmentation,hq_plus_a_b_c_d_e,HQ + A+B+C+D+E,grouped_route,per_family_2,2 groups per family,xgb1,repeat_09_fold_01,9,1,0.2894736842105263,0.16666666666666666,0.2001419837134465,0.25229357798165136,0.8000000000000002,15,10,39
augmentation,hq_plus_a_b_c_d_e,HQ + A+B+C+D+E,raw_comparison,per_family_3,3 groups per family,logistic,repeat_09_fold_01,9,1,0.2956521739130435,0.25757575757575757,0.21588313476108514,0.28716216216216217,0.28,15,15,44
augmentation,hq_plus_a_b_c_d_e,HQ + A+B+C+D+E,raw_comparison,per_family_3,3 groups per family,xgb1,repeat_09_fold_01,9,1,0.26506024096385544,0.16666666666666666,0.2086522132268478,0.23706896551724138,0.7900000000000001,15,15,44
augmentation,hq_plus_a_b_c_d_e,HQ + A+B+C+D+E,grouped_route,per_family_3,3 groups per family,logistic,repeat_09_fold_01,9,1,0.3069306930693069,0.23484848484848486,0.2184724056611478,0.2891791044776119,0.30000000000000004,15,13,42
augmentation,hq_plus_a_b_c_d_e,HQ + A+B+C+D+E,grouped_route,per_family_3,3 groups per family,xgb1,repeat_09_fold_01,9,1,0.28431372549019607,0.2196969696969697,0.20914546876824713,0.26851851851851855,0.7500000000000002,15,13,42
augmentation,hq_plus_b_c_d_e_f,HQ + B+C+D+E+F,raw_comparison,per_family_2,2 groups per family,logistic,repeat_09_fold_01,9,1,0.21935483870967742,0.25757575757575757,0.1805817164565296,0.22606382978723405,0.18000000000000005,16,16,45
augmentation,hq_plus_b_c_d_e_f,HQ + B+C+D+E+F,raw_comparison,per_family_2,2 groups per family,xgb1,repeat_09_fold_01,9,1,0.25,0.08333333333333333,0.15803612450828053,0.17857142857142858,0.8100000000000002,16,16,45
augmentation,hq_plus_b_c_d_e_f,HQ + B+C+D+E+F,grouped_route,per_family_2,2 groups per family,logistic,repeat_09_fold_01,9,1,0.2625,0.1590909090909091,0.17235792419874066,0.2323008849557522,0.26000000000000006,16,10,39
augmentation,hq_plus_b_c_d_e_f,HQ + B+C+D+E+F,grouped_route,per_family_2,2 groups per family,xgb1,repeat_09_fold_01,9,1,0.21428571428571427,0.18181818181818182,0.16151240387761207,0.20689655172413793,0.6800000000000002,16,10,39
augmentation,hq_plus_b_c_d_e_f,HQ + B+C+D+E+F,raw_comparison,per_family_3,3 groups per family,logistic,repeat_09_fold_01,9,1,0.21935483870967742,0.25757575757575757,0.1805817164565296,0.22606382978723405,0.18000000000000005,16,16,45
augmentation,hq_plus_b_c_d_e_f,HQ + B+C+D+E+F,raw_comparison,per_family_3,3 groups per family,xgb1,repeat_09_fold_01,9,1,0.25,0.08333333333333333,0.15803612450828053,0.17857142857142858,0.8100000000000002,16,16,45
augmentation,hq_plus_b_c_d_e_f,HQ + B+C+D+E+F,grouped_route,per_family_3,3 groups per family,logistic,repeat_09_fold_01,9,1,0.23529411764705882,0.12121212121212122,0.17222610968393406,0.19801980198019803,0.29000000000000004,16,13,42
augmentation,hq_plus_b_c_d_e_f,HQ + B+C+D+E+F,grouped_route,per_family_3,3 groups per family,xgb1,repeat_09_fold_01,9,1,0.20652173913043478,0.14393939393939395,0.16163199030294512,0.19,0.7100000000000002,16,13,42
competition,hq_only,HQ,raw_comparison,total_groups_6,6 total groups,logistic,repeat_09_fold_01,9,1,0.24489795918367346,0.09090909090909091,0.15239154909085056,0.18292682926829268,0.30000000000000004,29,29,29
competition,hq_only,HQ,raw_comparison,total_groups_6,6 total groups,xgb1,repeat_09_fold_01,9,1,0.23214285714285715,0.09848484848484848,0.1572613234298331,0.18258426966292135,0.7700000000000002,29,29,29
competition,hq_only,HQ,grouped_route,total_groups_6,6 total groups,logistic,repeat_09_fold_01,9,1,0.25396825396825395,0.12121212121212122,0.14723777524660886,0.20833333333333334,0.21000000000000002,29,6,6
competition,hq_only,HQ,grouped_route,total_groups_6,6 total groups,xgb1,repeat_09_fold_01,9,1,0.25,0.09090909090909091,0.14523926962186037,0.18518518518518517,0.7800000000000001,29,6,6
competition,hq_plus_a,HQ + A,raw_comparison,total_groups_6,6 total groups,logistic,repeat_09_fold_01,9,1,0.2569444444444444,0.2803030303030303,0.20417607806002944,0.2612994350282486,0.22000000000000003,34,34,34
competition,hq_plus_a,HQ + A,raw_comparison,total_groups_6,6 total groups,xgb1,repeat_09_fold_01,9,1,0.26666666666666666,0.18181818181818182,0.20738353401040496,0.24390243902439024,0.7800000000000001,34,34,34
competition,hq_plus_a,HQ + A,grouped_route,total_groups_6,6 total groups,logistic,repeat_09_fold_01,9,1,0.25203252032520324,0.23484848484848486,0.16211704333915591,0.2483974358974359,0.18000000000000005,34,6,6
competition,hq_plus_a,HQ + A,grouped_route,total_groups_6,6 total groups,xgb1,repeat_09_fold_01,9,1,0.26262626262626265,0.19696969696969696,0.18152450263407785,0.24621212121212122,0.7400000000000002,34,6,6
competition,hq_plus_f,HQ + F,raw_comparison,total_groups_6,6 total groups,logistic,repeat_09_fold_01,9,1,0.25471698113207547,0.20454545454545456,0.16809144690101652,0.24280575539568344,0.2,35,35,35
competition,hq_plus_f,HQ + F,raw_comparison,total_groups_6,6 total groups,xgb1,repeat_09_fold_01,9,1,0.20754716981132076,0.08333333333333333,0.1569925220242141,0.15988372093023256,0.7800000000000001,35,35,35
competition,hq_plus_f,HQ + F,grouped_route,total_groups_6,6 total groups,logistic,repeat_09_fold_01,9,1,0.22058823529411764,0.11363636363636363,0.14425953610695813,0.18564356435643564,0.21000000000000002,35,6,6
competition,hq_plus_f,HQ + F,grouped_route,total_groups_6,6 total groups,xgb1,repeat_09_fold_01,9,1,0.17647058823529413,0.11363636363636363,0.1553137857367186,0.15889830508474576,0.7100000000000002,35,6,6
competition,hq_plus_a_b_c_d_e,HQ + A+B+C+D+E,raw_comparison,total_groups_6,6 total groups,logistic,repeat_09_fold_01,9,1,0.2956521739130435,0.25757575757575757,0.21588313476108514,0.28716216216216217,0.28,44,44,44
competition,hq_plus_a_b_c_d_e,HQ + A+B+C+D+E,raw_comparison,total_groups_6,6 total groups,xgb1,repeat_09_fold_01,9,1,0.26506024096385544,0.16666666666666666,0.2086522132268478,0.23706896551724138,0.7900000000000001,44,44,44
competition,hq_plus_a_b_c_d_e,HQ + A+B+C+D+E,grouped_route,total_groups_6,6 total groups,logistic,repeat_09_fold_01,9,1,0.22727272727272727,0.15151515151515152,0.14805826358896307,0.2066115702479339,0.2,44,6,6
competition,hq_plus_a_b_c_d_e,HQ + A+B+C+D+E,grouped_route,total_groups_6,6 total groups,xgb1,repeat_09_fold_01,9,1,0.23300970873786409,0.18181818181818182,0.16567766585138935,0.22058823529411764,0.7500000000000002,44,6,6
competition,hq_plus_b_c_d_e_f,HQ + B+C+D+E+F,raw_comparison,total_groups_6,6 total groups,logistic,repeat_09_fold_01,9,1,0.21935483870967742,0.25757575757575757,0.1805817164565296,0.22606382978723405,0.18000000000000005,45,45,45
competition,hq_plus_b_c_d_e_f,HQ + B+C+D+E+F,raw_comparison,total_groups_6,6 total groups,xgb1,repeat_09_fold_01,9,1,0.25,0.08333333333333333,0.15803612450828053,0.17857142857142858,0.8100000000000002,45,45,45
competition,hq_plus_b_c_d_e_f,HQ + B+C+D+E+F,grouped_route,total_groups_6,6 total groups,logistic,repeat_09_fold_01,9,1,0.22580645161290322,0.1590909090909091,0.14432618328557734,0.20833333333333334,0.18000000000000005,45,6,6
competition,hq_plus_b_c_d_e_f,HQ + B+C+D+E+F,grouped_route,total_groups_6,6 total groups,xgb1,repeat_09_fold_01,9,1,0.20967741935483872,0.09848484848484848,0.14184110749834217,0.17105263157894737,0.7500000000000002,45,6,6
augmentation,hq_plus_a,HQ + A,raw_comparison,per_family_2,2 groups per family,logistic,repeat_09_fold_02,9,2,0.36,0.3409090909090909,0.2558623417665674,0.3560126582278481,0.24000000000000005,5,5,34
augmentation,hq_plus_a,HQ + A,raw_comparison,per_family_2,2 groups per family,xgb1,repeat_09_fold_02,9,2,0.3130434782608696,0.5454545454545454,0.2825377215667542,0.34220532319391633,0.6100000000000001,5,5,34
augmentation,hq_plus_a,HQ + A,grouped_route,per_family_2,2 groups per family,logistic,repeat_09_fold_02,9,2,0.3259668508287293,0.44696969696969696,0.25522339454247195,0.3446261682242991,0.19,5,2,31
augmentation,hq_plus_a,HQ + A,grouped_route,per_family_2,2 groups per family,xgb1,repeat_09_fold_02,9,2,0.3251231527093596,0.5,0.2757831760791456,0.3495762711864407,0.6300000000000001,5,2,31
augmentation,hq_plus_a,HQ + A,raw_comparison,per_family_3,3 groups per family,logistic,repeat_09_fold_02,9,2,0.36,0.3409090909090909,0.2558623417665674,0.3560126582278481,0.24000000000000005,5,5,34
augmentation,hq_plus_a,HQ + A,raw_comparison,per_family_3,3 groups per family,xgb1,repeat_09_fold_02,9,2,0.3130434782608696,0.5454545454545454,0.2825377215667542,0.34220532319391633,0.6100000000000001,5,5,34
augmentation,hq_plus_a,HQ + A,grouped_route,per_family_3,3 groups per family,logistic,repeat_09_fold_02,9,2,0.35714285714285715,0.3787878787878788,0.2604729438258212,0.36127167630057805,0.22000000000000003,5,3,32
augmentation,hq_plus_a,HQ + A,grouped_route,per_family_3,3 groups per family,xgb1,repeat_09_fold_02,9,2,0.3238095238095238,0.5151515151515151,0.2810109755999161,0.3497942386831276,0.6200000000000001,5,3,32
augmentation,hq_plus_f,HQ + F,raw_comparison,per_family_2,2 groups per family,logistic,repeat_09_fold_02,9,2,0.27,0.20454545454545456,0.18601299398375057,0.25375939849624063,0.21000000000000002,6,6,35
augmentation,hq_plus_f,HQ + F,raw_comparison,per_family_2,2 groups per family,xgb1,repeat_09_fold_02,9,2,0.21621621621621623,0.18181818181818182,0.18850245907292335,0.20833333333333334,0.6700000000000002,6,6,35
augmentation,hq_plus_f,HQ + F,grouped_route,per_family_2,2 groups per family,logistic,repeat_09_fold_02,9,2,0.26881720430107525,0.1893939393939394,0.18165714332747873,0.24801587301587302,0.22000000000000003,6,2,31
augmentation,hq_plus_f,HQ + F,grouped_route,per_family_2,2 groups per family,xgb1,repeat_09_fold_02,9,2,0.2169811320754717,0.17424242424242425,0.18793734034298534,0.2068345323741007,0.6700000000000002,6,2,31
augmentation,hq_plus_f,HQ + F,raw_comparison,per_family_3,3 groups per family,logistic,repeat_09_fold_02,9,2,0.27,0.20454545454545456,0.18601299398375057,0.25375939849624063,0.21000000000000002,6,6,35
augmentation,hq_plus_f,HQ + F,raw_comparison,per_family_3,3 groups per family,xgb1,repeat_09_fold_02,9,2,0.21621621621621623,0.18181818181818182,0.18850245907292335,0.20833333333333334,0.6700000000000002,6,6,35
augmentation,hq_plus_f,HQ + F,grouped_route,per_family_3,3 groups per family,logistic,repeat_09_fold_02,9,2,0.27,0.20454545454545456,0.18198480278277102,0.25375939849624063,0.21000000000000002,6,3,32
augmentation,hq_plus_f,HQ + F,grouped_route,per_family_3,3 groups per family,xgb1,repeat_09_fold_02,9,2,0.25,0.21212121212121213,0.1891742301937691,0.2413793103448276,0.6700000000000002,6,3,32
augmentation,hq_plus_a_b_c_d_e,HQ + A+B+C+D+E,raw_comparison,per_family_2,2 groups per family,logistic,repeat_09_fold_02,9,2,0.375,0.3409090909090909,0.26608229496972013,0.36764705882352944,0.26000000000000006,15,15,44
augmentation,hq_plus_a_b_c_d_e,HQ + A+B+C+D+E,raw_comparison,per_family_2,2 groups per family,xgb1,repeat_09_fold_02,9,2,0.31140350877192985,0.5378787878787878,0.28298907119454514,0.3400383141762452,0.6100000000000001,15,15,44
augmentation,hq_plus_a_b_c_d_e,HQ + A+B+C+D+E,grouped_route,per_family_2,2 groups per family,logistic,repeat_09_fold_02,9,2,0.41237113402061853,0.30303030303030304,0.2735644026345392,0.38461538461538464,0.30000000000000004,15,10,39
augmentation,hq_plus_a_b_c_d_e,HQ + A+B+C+D+E,grouped_route,per_family_2,2 groups per family,xgb1,repeat_09_fold_02,9,2,0.3170731707317073,0.49242424242424243,0.2772513347843368,0.34138655462184875,0.6200000000000001,15,10,39
augmentation,hq_plus_a_b_c_d_e,HQ + A+B+C+D+E,raw_comparison,per_family_3,3 groups per family,logistic,repeat_09_fold_02,9,2,0.375,0.3409090909090909,0.26608229496972013,0.36764705882352944,0.26000000000000006,15,15,44
augmentation,hq_plus_a_b_c_d_e,HQ + A+B+C+D+E,raw_comparison,per_family_3,3 groups per family,xgb1,repeat_09_fold_02,9,2,0.31140350877192985,0.5378787878787878,0.28298907119454514,0.3400383141762452,0.6100000000000001,15,15,44
augmentation,hq_plus_a_b_c_d_e,HQ + A+B+C+D+E,grouped_route,per_family_3,3 groups per family,logistic,repeat_09_fold_02,9,2,0.375,0.3409090909090909,0.27074576405254364,0.36764705882352944,0.26000000000000006,15,13,42
augmentation,hq_plus_a_b_c_d_e,HQ + A+B+C+D+E,grouped_route,per_family_3,3 groups per family,xgb1,repeat_09_fold_02,9,2,0.323943661971831,0.5227272727272727,0.28387861777639684,0.35060975609756095,0.6200000000000001,15,13,42
augmentation,hq_plus_b_c_d_e_f,HQ + B+C+D+E+F,raw_comparison,per_family_2,2 groups per family,logistic,repeat_09_fold_02,9,2,0.31868131868131866,0.2196969696969697,0.20893832333735346,0.2923387096774194,0.24000000000000005,16,16,45
augmentation,hq_plus_b_c_d_e_f,HQ + B+C+D+E+F,raw_comparison,per_family_2,2 groups per family,xgb1,repeat_09_fold_02,9,2,0.22702702702702704,0.3181818181818182,0.19762819361844694,0.2408256880733945,0.6100000000000001,16,16,45
augmentation,hq_plus_b_c_d_e_f,HQ + B+C+D+E+F,grouped_route,per_family_2,2 groups per family,logistic,repeat_09_fold_02,9,2,0.2833333333333333,0.25757575757575757,0.20738955011237797,0.2777777777777778,0.2,16,10,39
augmentation,hq_plus_b_c_d_e_f,HQ + B+C+D+E+F,grouped_route,per_family_2,2 groups per family,xgb1,repeat_09_fold_02,9,2,0.2621359223300971,0.20454545454545456,0.19689028079867948,0.24816176470588236,0.6700000000000002,16,10,39
augmentation,hq_plus_b_c_d_e_f,HQ + B+C+D+E+F,raw_comparison,per_family_3,3 groups per family,logistic,repeat_09_fold_02,9,2,0.31868131868131866,0.2196969696969697,0.20893832333735346,0.2923387096774194,0.24000000000000005,16,16,45
augmentation,hq_plus_b_c_d_e_f,HQ + B+C+D+E+F,raw_comparison,per_family_3,3 groups per family,xgb1,repeat_09_fold_02,9,2,0.22702702702702704,0.3181818181818182,0.19762819361844694,0.2408256880733945,0.6100000000000001,16,16,45
augmentation,hq_plus_b_c_d_e_f,HQ + B+C+D+E+F,grouped_route,per_family_3,3 groups per family,logistic,repeat_09_fold_02,9,2,0.27522935779816515,0.22727272727272727,0.2041576207756148,0.2640845070422535,0.21000000000000002,16,13,42
augmentation,hq_plus_b_c_d_e_f,HQ + B+C+D+E+F,grouped_route,per_family_3,3 groups per family,xgb1,repeat_09_fold_02,9,2,0.22072072072072071,0.3712121212121212,0.19860855725145607,0.24019607843137256,0.5900000000000002,16,13,42
competition,hq_only,HQ,raw_comparison,total_groups_6,6 total groups,logistic,repeat_09_fold_02,9,2,0.24193548387096775,0.22727272727272727,0.17868943458668543,0.23885350318471338,0.19,29,29,29
competition,hq_only,HQ,raw_comparison,total_groups_6,6 total groups,xgb1,repeat_09_fold_02,9,2,0.2147239263803681,0.26515151515151514,0.18869510987517496,0.22321428571428573,0.6300000000000001,29,29,29
competition,hq_only,HQ,grouped_route,total_groups_6,6 total groups,logistic,repeat_09_fold_02,9,2,0.1991869918699187,0.3712121212121212,0.17720933641746928,0.21953405017921146,0.12000000000000001,29,6,6
competition,hq_only,HQ,grouped_route,total_groups_6,6 total groups,xgb1,repeat_09_fold_02,9,2,0.3076923076923077,0.12121212121212122,0.18214039343590926,0.23529411764705882,0.7700000000000002,29,6,6
competition,hq_plus_a,HQ + A,raw_comparison,total_groups_6,6 total groups,logistic,repeat_09_fold_02,9,2,0.36,0.3409090909090909,0.2558623417665674,0.3560126582278481,0.24000000000000005,34,34,34
competition,hq_plus_a,HQ + A,raw_comparison,total_groups_6,6 total groups,xgb1,repeat_09_fold_02,9,2,0.3130434782608696,0.5454545454545454,0.2825377215667542,0.34220532319391633,0.6100000000000001,34,34,34
competition,hq_plus_a,HQ + A,grouped_route,total_groups_6,6 total groups,logistic,repeat_09_fold_02,9,2,0.3359375,0.32575757575757575,0.2392962291693445,0.3338509316770186,0.21000000000000002,34,6,6
competition,hq_plus_a,HQ + A,grouped_route,total_groups_6,6 total groups,xgb1,repeat_09_fold_02,9,2,0.38738738738738737,0.32575757575757575,0.24334229957461725,0.3732638888888889,0.7500000000000002,34,6,6
competition,hq_plus_f,HQ + F,raw_comparison,total_groups_6,6 total groups,logistic,repeat_09_fold_02,9,2,0.27,0.20454545454545456,0.18601299398375057,0.25375939849624063,0.21000000000000002,35,35,35
competition,hq_plus_f,HQ + F,raw_comparison,total_groups_6,6 total groups,xgb1,repeat_09_fold_02,9,2,0.21621621621621623,0.18181818181818182,0.18850245907292335,0.20833333333333334,0.6700000000000002,35,35,35
competition,hq_plus_f,HQ + F,grouped_route,total_groups_6,6 total groups,logistic,repeat_09_fold_02,9,2,0.21428571428571427,0.25,0.17030105595522016,0.22058823529411764,0.15000000000000002,35,6,6
competition,hq_plus_f,HQ + F,grouped_route,total_groups_6,6 total groups,xgb1,repeat_09_fold_02,9,2,0.20348837209302326,0.26515151515151514,0.18091639998133918,0.21341463414634146,0.6200000000000001,35,6,6
competition,hq_plus_a_b_c_d_e,HQ + A+B+C+D+E,raw_comparison,total_groups_6,6 total groups,logistic,repeat_09_fold_02,9,2,0.375,0.3409090909090909,0.26608229496972013,0.36764705882352944,0.26000000000000006,44,44,44
competition,hq_plus_a_b_c_d_e,HQ + A+B+C+D+E,raw_comparison,total_groups_6,6 total groups,xgb1,repeat_09_fold_02,9,2,0.31140350877192985,0.5378787878787878,0.28298907119454514,0.3400383141762452,0.6100000000000001,44,44,44
competition,hq_plus_a_b_c_d_e,HQ + A+B+C+D+E,grouped_route,total_groups_6,6 total groups,logistic,repeat_09_fold_02,9,2,0.3333333333333333,0.3484848484848485,0.24361079580113482,0.3362573099415205,0.21000000000000002,44,6,6
competition,hq_plus_a_b_c_d_e,HQ + A+B+C+D+E,grouped_route,total_groups_6,6 total groups,xgb1,repeat_09_fold_02,9,2,0.3089887640449438,0.4166666666666667,0.2503368520570755,0.32582938388625593,0.6900000000000002,44,6,6
competition,hq_plus_b_c_d_e_f,HQ + B+C+D+E+F,raw_comparison,total_groups_6,6 total groups,logistic,repeat_09_fold_02,9,2,0.31868131868131866,0.2196969696969697,0.20893832333735346,0.2923387096774194,0.24000000000000005,45,45,45
competition,hq_plus_b_c_d_e_f,HQ + B+C+D+E+F,raw_comparison,total_groups_6,6 total groups,xgb1,repeat_09_fold_02,9,2,0.22702702702702704,0.3181818181818182,0.19762819361844694,0.2408256880733945,0.6100000000000001,45,45,45
competition,hq_plus_b_c_d_e_f,HQ + B+C+D+E+F,grouped_route,total_groups_6,6 total groups,logistic,repeat_09_fold_02,9,2,0.23148148148148148,0.1893939393939394,0.17031384163054636,0.22163120567375885,0.17000000000000004,45,6,6
competition,hq_plus_b_c_d_e_f,HQ + B+C+D+E+F,grouped_route,total_groups_6,6 total groups,xgb1,repeat_09_fold_02,9,2,0.20238095238095238,0.25757575757575757,0.17907667334008945,0.21144278606965175,0.6300000000000001,45,6,6
augmentation,hq_plus_a,HQ + A,raw_comparison,per_family_2,2 groups per family,logistic,repeat_09_fold_03,9,3,0.3130434782608696,0.2727272727272727,0.22046313135800333,0.30405405405405406,0.28,5,5,34
augmentation,hq_plus_a,HQ + A,raw_comparison,per_family_2,2 groups per family,xgb1,repeat_09_fold_03,9,3,0.273224043715847,0.3787878787878788,0.22572336378645075,0.28935185185185186,0.6600000000000001,5,5,34
augmentation,hq_plus_a,HQ + A,grouped_route,per_family_2,2 groups per family,logistic,repeat_09_fold_03,9,3,0.2605042016806723,0.23484848484848486,0.2073868728200462,0.25493421052631576,0.26000000000000006,5,2,31
augmentation,hq_plus_a,HQ + A,grouped_route,per_family_2,2 groups per family,xgb1,repeat_09_fold_03,9,3,0.3064516129032258,0.2878787878787879,0.22334665760453143,0.30254777070063693,0.7200000000000002,5,2,31
augmentation,hq_plus_a,HQ + A,raw_comparison,per_family_3,3 groups per family,logistic,repeat_09_fold_03,9,3,0.3130434782608696,0.2727272727272727,0.22046313135800333,0.30405405405405406,0.28,5,5,34
augmentation,hq_plus_a,HQ + A,raw_comparison,per_family_3,3 groups per family,xgb1,repeat_09_fold_03,9,3,0.273224043715847,0.3787878787878788,0.22572336378645075,0.28935185185185186,0.6600000000000001,5,5,34
augmentation,hq_plus_a,HQ + A,grouped_route,per_family_3,3 groups per family,logistic,repeat_09_fold_03,9,3,0.29914529914529914,0.26515151515151514,0.22074993538185778,0.2916666666666667,0.27,5,3,32
augmentation,hq_plus_a,HQ + A,grouped_route,per_family_3,3 groups per family,xgb1,repeat_09_fold_03,9,3,0.2900763358778626,0.2878787878787879,0.22333726886288877,0.2896341463414634,0.7200000000000002,5,3,32
augmentation,hq_plus_f,HQ + F,raw_comparison,per_family_2,2 groups per family,logistic,repeat_09_fold_03,9,3,0.23170731707317074,0.14393939393939395,0.19050133124577884,0.20652173913043478,0.25000000000000006,6,6,35
augmentation,hq_plus_f,HQ + F,raw_comparison,per_family_2,2 groups per family,xgb1,repeat_09_fold_03,9,3,0.22727272727272727,0.1893939393939394,0.1840288280072237,0.21853146853146854,0.6900000000000002,6,6,35
augmentation,hq_plus_f,HQ + F,grouped_route,per_family_2,2 groups per family,logistic,repeat_09_fold_03,9,3,0.2682926829268293,0.16666666666666666,0.18899918390914694,0.2391304347826087,0.24000000000000005,6,2,31
augmentation,hq_plus_f,HQ + F,grouped_route,per_family_2,2 groups per family,xgb1,repeat_09_fold_03,9,3,0.23214285714285715,0.19696969696969696,0.18362526939181031,0.22413793103448276,0.6900000000000002,6,2,31
augmentation,hq_plus_f,HQ + F,raw_comparison,per_family_3,3 groups per family,logistic,repeat_09_fold_03,9,3,0.23170731707317074,0.14393939393939395,0.19050133124577884,0.20652173913043478,0.25000000000000006,6,6,35
augmentation,hq_plus_f,HQ + F,raw_comparison,per_family_3,3 groups per family,xgb1,repeat_09_fold_03,9,3,0.22727272727272727,0.1893939393939394,0.1840288280072237,0.21853146853146854,0.6900000000000002,6,6,35
augmentation,hq_plus_f,HQ + F,grouped_route,per_family_3,3 groups per family,logistic,repeat_09_fold_03,9,3,0.2804878048780488,0.17424242424242425,0.18999967400499287,0.25,0.24000000000000005,6,3,32
augmentation,hq_plus_f,HQ + F,grouped_route,per_family_3,3 groups per family,xgb1,repeat_09_fold_03,9,3,0.22123893805309736,0.1893939393939394,0.1831926243803966,0.21404109589041095,0.6800000000000002,6,3,32
augmentation,hq_plus_a_b_c_d_e,HQ + A+B+C+D+E,raw_comparison,per_family_2,2 groups per family,logistic,repeat_09_fold_03,9,3,0.26811594202898553,0.2803030303030303,0.22187749379679061,0.27046783625730997,0.26000000000000006,15,15,44
augmentation,hq_plus_a_b_c_d_e,HQ + A+B+C+D+E,raw_comparison,per_family_2,2 groups per family,xgb1,repeat_09_fold_03,9,3,0.2767857142857143,0.23484848484848486,0.22393610007271192,0.2672413793103448,0.7400000000000002,15,15,44
augmentation,hq_plus_a_b_c_d_e,HQ + A+B+C+D+E,grouped_route,per_family_2,2 groups per family,logistic,repeat_09_fold_03,9,3,0.30952380952380953,0.29545454545454547,0.21348105195585057,0.30660377358490565,0.27,15,10,39
augmentation,hq_plus_a_b_c_d_e,HQ + A+B+C+D+E,grouped_route,per_family_2,2 groups per family,xgb1,repeat_09_fold_03,9,3,0.29523809523809524,0.23484848484848486,0.2220508320726753,0.2807971014492754,0.7400000000000002,15,10,39
augmentation,hq_plus_a_b_c_d_e,HQ + A+B+C+D+E,raw_comparison,per_family_3,3 groups per family,logistic,repeat_09_fold_03,9,3,0.26811594202898553,0.2803030303030303,0.22187749379679061,0.27046783625730997,0.26000000000000006,15,15,44
augmentation,hq_plus_a_b_c_d_e,HQ + A+B+C+D+E,raw_comparison,per_family_3,3 groups per family,xgb1,repeat_09_fold_03,9,3,0.2767857142857143,0.23484848484848486,0.22393610007271192,0.2672413793103448,0.7400000000000002,15,15,44
augmentation,hq_plus_a_b_c_d_e,HQ + A+B+C+D+E,grouped_route,per_family_3,3 groups per family,logistic,repeat_09_fold_03,9,3,0.27007299270072993,0.2803030303030303,0.22269845022531032,0.27205882352941174,0.26000000000000006,15,13,42
augmentation,hq_plus_a_b_c_d_e,HQ + A+B+C+D+E,grouped_route,per_family_3,3 groups per family,xgb1,repeat_09_fold_03,9,3,0.2975206611570248,0.2727272727272727,0.22200200166363038,0.2922077922077922,0.7300000000000002,15,13,42
augmentation,hq_plus_b_c_d_e_f,HQ + B+C+D+E+F,raw_comparison,per_family_2,2 groups per family,logistic,repeat_09_fold_03,9,3,0.2878787878787879,0.14393939393939395,0.19159678057217316,0.2398989898989899,0.33,16,16,45
augmentation,hq_plus_b_c_d_e_f,HQ + B+C+D+E+F,raw_comparison,per_family_2,2 groups per family,xgb1,repeat_09_fold_03,9,3,0.24719101123595505,0.16666666666666666,0.19042175977898287,0.22540983606557377,0.7100000000000002,16,16,45
augmentation,hq_plus_b_c_d_e_f,HQ + B+C+D+E+F,grouped_route,per_family_2,2 groups per family,logistic,repeat_09_fold_03,9,3,0.26153846153846155,0.25757575757575757,0.19018261934524594,0.2607361963190184,0.21000000000000002,16,10,39
augmentation,hq_plus_b_c_d_e_f,HQ + B+C+D+E+F,grouped_route,per_family_2,2 groups per family,xgb1,repeat_09_fold_03,9,3,0.26548672566371684,0.22727272727272727,0.18998481358487618,0.2568493150684932,0.6700000000000002,16,10,39
augmentation,hq_plus_b_c_d_e_f,HQ + B+C+D+E+F,raw_comparison,per_family_3,3 groups per family,logistic,repeat_09_fold_03,9,3,0.2878787878787879,0.14393939393939395,0.19159678057217316,0.2398989898989899,0.33,16,16,45
augmentation,hq_plus_b_c_d_e_f,HQ + B+C+D+E+F,raw_comparison,per_family_3,3 groups per family,xgb1,repeat_09_fold_03,9,3,0.24719101123595505,0.16666666666666666,0.19042175977898287,0.22540983606557377,0.7100000000000002,16,16,45
augmentation,hq_plus_b_c_d_e_f,HQ + B+C+D+E+F,grouped_route,per_family_3,3 groups per family,logistic,repeat_09_fold_03,9,3,0.26229508196721313,0.24242424242424243,0.191262266757699,0.25806451612903225,0.22000000000000003,16,13,42
augmentation,hq_plus_b_c_d_e_f,HQ + B+C+D+E+F,grouped_route,per_family_3,3 groups per family,xgb1,repeat_09_fold_03,9,3,0.25252525252525254,0.1893939393939394,0.19010981841422453,0.23674242424242425,0.6900000000000002,16,13,42
competition,hq_only,HQ,raw_comparison,total_groups_6,6 total groups,logistic,repeat_09_fold_03,9,3,0.26865671641791045,0.13636363636363635,0.1830211075260395,0.225,0.25000000000000006,29,29,29
competition,hq_only,HQ,raw_comparison,total_groups_6,6 total groups,xgb1,repeat_09_fold_03,9,3,0.24742268041237114,0.18181818181818182,0.1796516634554546,0.23076923076923078,0.7100000000000002,29,29,29
competition,hq_only,HQ,grouped_route,total_groups_6,6 total groups,logistic,repeat_09_fold_03,9,3,0.27941176470588236,0.14393939393939395,0.1835847883635954,0.23514851485148514,0.2,29,6,6
competition,hq_only,HQ,grouped_route,total_groups_6,6 total groups,xgb1,repeat_09_fold_03,9,3,0.24489795918367346,0.18181818181818182,0.173197812156546,0.22900763358778625,0.6700000000000002,29,6,6
competition,hq_plus_a,HQ + A,raw_comparison,total_groups_6,6 total groups,logistic,repeat_09_fold_03,9,3,0.3130434782608696,0.2727272727272727,0.22046313135800333,0.30405405405405406,0.28,34,34,34
competition,hq_plus_a,HQ + A,raw_comparison,total_groups_6,6 total groups,xgb1,repeat_09_fold_03,9,3,0.273224043715847,0.3787878787878788,0.22572336378645075,0.28935185185185186,0.6600000000000001,34,34,34
competition,hq_plus_a,HQ + A,grouped_route,total_groups_6,6 total groups,logistic,repeat_09_fold_03,9,3,0.29914529914529914,0.26515151515151514,0.20669285080401786,0.2916666666666667,0.22000000000000003,34,6,6
competition,hq_plus_a,HQ + A,grouped_route,total_groups_6,6 total groups,xgb1,repeat_09_fold_03,9,3,0.25210084033613445,0.22727272727272727,0.19804360180966216,0.24671052631578946,0.7700000000000002,34,6,6
competition,hq_plus_f,HQ + F,raw_comparison,total_groups_6,6 total groups,logistic,repeat_09_fold_03,9,3,0.23170731707317074,0.14393939393939395,0.19050133124577884,0.20652173913043478,0.25000000000000006,35,35,35
competition,hq_plus_f,HQ + F,raw_comparison,total_groups_6,6 total groups,xgb1,repeat_09_fold_03,9,3,0.22727272727272727,0.1893939393939394,0.1840288280072237,0.21853146853146854,0.6900000000000002,35,35,35
competition,hq_plus_f,HQ + F,grouped_route,total_groups_6,6 total groups,logistic,repeat_09_fold_03,9,3,0.24271844660194175,0.1893939393939394,0.1820134727981285,0.22977941176470587,0.17000000000000004,35,6,6
competition,hq_plus_f,HQ + F,grouped_route,total_groups_6,6 total groups,xgb1,repeat_09_fold_03,9,3,0.23655913978494625,0.16666666666666666,0.17522537667318042,0.21825396825396826,0.7000000000000002,35,6,6
competition,hq_plus_a_b_c_d_e,HQ + A+B+C+D+E,raw_comparison,total_groups_6,6 total groups,logistic,repeat_09_fold_03,9,3,0.26811594202898553,0.2803030303030303,0.22187749379679061,0.27046783625730997,0.26000000000000006,44,44,44
competition,hq_plus_a_b_c_d_e,HQ + A+B+C+D+E,raw_comparison,total_groups_6,6 total groups,xgb1,repeat_09_fold_03,9,3,0.2767857142857143,0.23484848484848486,0.22393610007271192,0.2672413793103448,0.7400000000000002,44,44,44
competition,hq_plus_a_b_c_d_e,HQ + A+B+C+D+E,grouped_route,total_groups_6,6 total groups,logistic,repeat_09_fold_03,9,3,0.31313131313131315,0.23484848484848486,0.2043828193754635,0.2935606060606061,0.21000000000000002,44,6,6
competition,hq_plus_a_b_c_d_e,HQ + A+B+C+D+E,grouped_route,total_groups_6,6 total groups,xgb1,repeat_09_fold_03,9,3,0.25984251968503935,0.25,0.2009811094183957,0.2578125,0.7100000000000002,44,6,6
competition,hq_plus_b_c_d_e_f,HQ + B+C+D+E+F,raw_comparison,total_groups_6,6 total groups,logistic,repeat_09_fold_03,9,3,0.2878787878787879,0.14393939393939395,0.19159678057217316,0.2398989898989899,0.33,45,45,45
competition,hq_plus_b_c_d_e_f,HQ + B+C+D+E+F,raw_comparison,total_groups_6,6 total groups,xgb1,repeat_09_fold_03,9,3,0.24719101123595505,0.16666666666666666,0.19042175977898287,0.22540983606557377,0.7100000000000002,45,45,45
competition,hq_plus_b_c_d_e_f,HQ + B+C+D+E+F,grouped_route,total_groups_6,6 total groups,logistic,repeat_09_fold_03,9,3,0.23076923076923078,0.11363636363636363,0.19211714219919312,0.1913265306122449,0.22000000000000003,45,6,6
competition,hq_plus_b_c_d_e_f,HQ + B+C+D+E+F,grouped_route,total_groups_6,6 total groups,xgb1,repeat_09_fold_03,9,3,0.2702702702702703,0.15151515151515152,0.18776955105456364,0.2336448598130841,0.7400000000000002,45,6,6
augmentation,hq_plus_a,HQ + A,raw_comparison,per_family_2,2 groups per family,logistic,repeat_10_fold_01,10,1,0.2125,0.12878787878787878,0.21475012942773136,0.18805309734513273,0.33,5,5,34
augmentation,hq_plus_a,HQ + A,raw_comparison,per_family_2,2 groups per family,xgb1,repeat_10_fold_01,10,1,0.3103448275862069,0.2727272727272727,0.21927323447871683,0.30201342281879195,0.7300000000000002,5,5,34
augmentation,hq_plus_a,HQ + A,grouped_route,per_family_2,2 groups per family,logistic,repeat_10_fold_01,10,1,0.27586206896551724,0.18181818181818182,0.20445566911164834,0.25,0.32000000000000006,5,2,31
augmentation,hq_plus_a,HQ + A,grouped_route,per_family_2,2 groups per family,xgb1,repeat_10_fold_01,10,1,0.29464285714285715,0.25,0.21610168344551955,0.28448275862068967,0.7300000000000002,5,2,31
augmentation,hq_plus_a,HQ + A,raw_comparison,per_family_3,3 groups per family,logistic,repeat_10_fold_01,10,1,0.2125,0.12878787878787878,0.21475012942773136,0.18805309734513273,0.33,5,5,34
augmentation,hq_plus_a,HQ + A,raw_comparison,per_family_3,3 groups per family,xgb1,repeat_10_fold_01,10,1,0.3103448275862069,0.2727272727272727,0.21927323447871683,0.30201342281879195,0.7300000000000002,5,5,34
augmentation,hq_plus_a,HQ + A,grouped_route,per_family_3,3 groups per family,logistic,repeat_10_fold_01,10,1,0.2796610169491525,0.25,0.21485265307839505,0.2731788079470199,0.26000000000000006,5,3,32
augmentation,hq_plus_a,HQ + A,grouped_route,per_family_3,3 groups per family,xgb1,repeat_10_fold_01,10,1,0.3047619047619048,0.24242424242424243,0.2201659630416044,0.2898550724637681,0.7400000000000002,5,3,32
augmentation,hq_plus_f,HQ + F,raw_comparison,per_family_2,2 groups per family,logistic,repeat_10_fold_01,10,1,0.23853211009174313,0.19696969696969696,0.1682920898755937,0.22887323943661972,0.23000000000000004,6,6,35
augmentation,hq_plus_f,HQ + F,raw_comparison,per_family_2,2 groups per family,xgb1,repeat_10_fold_01,10,1,0.23076923076923078,0.18181818181818182,0.15399140132417094,0.21897810218978103,0.7200000000000002,6,6,35
augmentation,hq_plus_f,HQ + F,grouped_route,per_family_2,2 groups per family,logistic,repeat_10_fold_01,10,1,0.23655913978494625,0.16666666666666666,0.1650589578681987,0.21825396825396826,0.25000000000000006,6,2,31
augmentation,hq_plus_f,HQ + F,grouped_route,per_family_2,2 groups per family,xgb1,repeat_10_fold_01,10,1,0.2028985507246377,0.10606060606060606,0.15424663592651916,0.1715686274509804,0.7600000000000002,6,2,31
augmentation,hq_plus_f,HQ + F,raw_comparison,per_family_3,3 groups per family,logistic,repeat_10_fold_01,10,1,0.23853211009174313,0.19696969696969696,0.1682920898755937,0.22887323943661972,0.23000000000000004,6,6,35
augmentation,hq_plus_f,HQ + F,raw_comparison,per_family_3,3 groups per family,xgb1,repeat_10_fold_01,10,1,0.23076923076923078,0.18181818181818182,0.15399140132417094,0.21897810218978103,0.7200000000000002,6,6,35
augmentation,hq_plus_f,HQ + F,grouped_route,per_family_3,3 groups per family,logistic,repeat_10_fold_01,10,1,0.23958333333333334,0.17424242424242425,0.16547402767757116,0.22286821705426357,0.24000000000000005,6,3,32
augmentation,hq_plus_f,HQ + F,grouped_route,per_family_3,3 groups per family,xgb1,repeat_10_fold_01,10,1,0.2191780821917808,0.12121212121212122,0.15354292075139558,0.18867924528301888,0.7600000000000002,6,3,32
augmentation,hq_plus_a_b_c_d_e,HQ + A+B+C+D+E,raw_comparison,per_family_2,2 groups per family,logistic,repeat_10_fold_01,10,1,0.3,0.20454545454545456,0.22540583316812302,0.27439024390243905,0.35000000000000003,15,15,44
augmentation,hq_plus_a_b_c_d_e,HQ + A+B+C+D+E,raw_comparison,per_family_2,2 groups per family,xgb1,repeat_10_fold_01,10,1,0.2962962962962963,0.24242424242424243,0.21717785411530788,0.28368794326241137,0.7400000000000002,15,15,44
augmentation,hq_plus_a_b_c_d_e,HQ + A+B+C+D+E,grouped_route,per_family_2,2 groups per family,logistic,repeat_10_fold_01,10,1,0.29523809523809524,0.23484848484848486,0.22069764616448276,0.2807971014492754,0.30000000000000004,15,10,39
augmentation,hq_plus_a_b_c_d_e,HQ + A+B+C+D+E,grouped_route,per_family_2,2 groups per family,xgb1,repeat_10_fold_01,10,1,0.3025210084033613,0.2727272727272727,0.2186832475830974,0.29605263157894735,0.7200000000000002,15,10,39
augmentation,hq_plus_a_b_c_d_e,HQ + A+B+C+D+E,raw_comparison,per_family_3,3 groups per family,logistic,repeat_10_fold_01,10,1,0.3,0.20454545454545456,0.22540583316812302,0.27439024390243905,0.35000000000000003,15,15,44
augmentation,hq_plus_a_b_c_d_e,HQ + A+B+C+D+E,raw_comparison,per_family_3,3 groups per family,xgb1,repeat_10_fold_01,10,1,0.2962962962962963,0.24242424242424243,0.21717785411530788,0.28368794326241137,0.7400000000000002,15,15,44
augmentation,hq_plus_a_b_c_d_e,HQ + A+B+C+D+E,grouped_route,per_family_3,3 groups per family,logistic,repeat_10_fold_01,10,1,0.2978723404255319,0.21212121212121213,0.22566881387149587,0.2755905511811024,0.34,15,13,42
augmentation,hq_plus_a_b_c_d_e,HQ + A+B+C+D+E,grouped_route,per_family_3,3 groups per family,xgb1,repeat_10_fold_01,10,1,0.3185840707964602,0.2727272727272727,0.22017091219902732,0.3082191780821918,0.7300000000000002,15,13,42
augmentation,hq_plus_b_c_d_e_f,HQ + B+C+D+E+F,raw_comparison,per_family_2,2 groups per family,logistic,repeat_10_fold_01,10,1,0.23125,0.2803030303030303,0.1795666459515627,0.23963730569948186,0.2,16,16,45
augmentation,hq_plus_b_c_d_e_f,HQ + B+C+D+E+F,raw_comparison,per_family_2,2 groups per family,xgb1,repeat_10_fold_01,10,1,0.2222222222222222,0.13636363636363635,0.15665069554273175,0.19736842105263158,0.7400000000000002,16,16,45
augmentation,hq_plus_b_c_d_e_f,HQ + B+C+D+E+F,grouped_route,per_family_2,2 groups per family,logistic,repeat_10_fold_01,10,1,0.23776223776223776,0.25757575757575757,0.1758429943302394,0.24147727272727273,0.21000000000000002,16,10,39
augmentation,hq_plus_b_c_d_e_f,HQ + B+C+D+E+F,grouped_route,per_family_2,2 groups per family,xgb1,repeat_10_fold_01,10,1,0.22666666666666666,0.12878787878787878,0.15904601818078767,0.19675925925925927,0.7400000000000002,16,10,39
augmentation,hq_plus_b_c_d_e_f,HQ + B+C+D+E+F,raw_comparison,per_family_3,3 groups per family,logistic,repeat_10_fold_01,10,1,0.23125,0.2803030303030303,0.1795666459515627,0.23963730569948186,0.2,16,16,45
augmentation,hq_plus_b_c_d_e_f,HQ + B+C+D+E+F,raw_comparison,per_family_3,3 groups per family,xgb1,repeat_10_fold_01,10,1,0.2222222222222222,0.13636363636363635,0.15665069554273175,0.19736842105263158,0.7400000000000002,16,16,45
augmentation,hq_plus_b_c_d_e_f,HQ + B+C+D+E+F,grouped_route,per_family_3,3 groups per family,logistic,repeat_10_fold_01,10,1,0.2251655629139073,0.25757575757575757,0.17727656850246432,0.23097826086956522,0.2,16,13,42
augmentation,hq_plus_b_c_d_e_f,HQ + B+C+D+E+F,grouped_route,per_family_3,3 groups per family,xgb1,repeat_10_fold_01,10,1,0.2127659574468085,0.22727272727272727,0.15935563892491,0.21551724137931033,0.6700000000000002,16,13,42
competition,hq_only,HQ,raw_comparison,total_groups_6,6 total groups,logistic,repeat_10_fold_01,10,1,0.2465753424657534,0.13636363636363635,0.1593747242971067,0.21226415094339623,0.28,29,29,29
competition,hq_only,HQ,raw_comparison,total_groups_6,6 total groups,xgb1,repeat_10_fold_01,10,1,0.22784810126582278,0.13636363636363635,0.15194646793807698,0.20089285714285715,0.7500000000000002,29,29,29
competition,hq_only,HQ,grouped_route,total_groups_6,6 total groups,logistic,repeat_10_fold_01,10,1,0.22522522522522523,0.1893939393939394,0.14949563539873237,0.2170138888888889,0.19,29,6,6
competition,hq_only,HQ,grouped_route,total_groups_6,6 total groups,xgb1,repeat_10_fold_01,10,1,0.18867924528301888,0.15151515151515152,0.14440118261859064,0.17985611510791366,0.7200000000000002,29,6,6
competition,hq_plus_a,HQ + A,raw_comparison,total_groups_6,6 total groups,logistic,repeat_10_fold_01,10,1,0.2125,0.12878787878787878,0.21475012942773136,0.18805309734513273,0.33,34,34,34
competition,hq_plus_a,HQ + A,raw_comparison,total_groups_6,6 total groups,xgb1,repeat_10_fold_01,10,1,0.3103448275862069,0.2727272727272727,0.21927323447871683,0.30201342281879195,0.7300000000000002,34,34,34
competition,hq_plus_a,HQ + A,grouped_route,total_groups_6,6 total groups,logistic,repeat_10_fold_01,10,1,0.3090909090909091,0.25757575757575757,0.1964021038340526,0.2972027972027972,0.24000000000000005,34,6,6
competition,hq_plus_a,HQ + A,grouped_route,total_groups_6,6 total groups,xgb1,repeat_10_fold_01,10,1,0.30526315789473685,0.2196969696969697,0.19805896771324596,0.283203125,0.7900000000000001,34,6,6
competition,hq_plus_f,HQ + F,raw_comparison,total_groups_6,6 total groups,logistic,repeat_10_fold_01,10,1,0.23853211009174313,0.19696969696969696,0.1682920898755937,0.22887323943661972,0.23000000000000004,35,35,35
competition,hq_plus_f,HQ + F,raw_comparison,total_groups_6,6 total groups,xgb1,repeat_10_fold_01,10,1,0.23076923076923078,0.18181818181818182,0.15399140132417094,0.21897810218978103,0.7200000000000002,35,35,35
competition,hq_plus_f,HQ + F,grouped_route,total_groups_6,6 total groups,logistic,repeat_10_fold_01,10,1,0.2028985507246377,0.21212121212121213,0.14710331665657975,0.2046783625730994,0.17000000000000004,35,6,6
competition,hq_plus_f,HQ + F,grouped_route,total_groups_6,6 total groups,xgb1,repeat_10_fold_01,10,1,0.20512820512820512,0.12121212121212122,0.14499259561832406,0.18018018018018017,0.7500000000000002,35,6,6
competition,hq_plus_a_b_c_d_e,HQ + A+B+C+D+E,raw_comparison,total_groups_6,6 total groups,logistic,repeat_10_fold_01,10,1,0.3,0.20454545454545456,0.22540583316812302,0.27439024390243905,0.35000000000000003,44,44,44
competition,hq_plus_a_b_c_d_e,HQ + A+B+C+D+E,raw_comparison,total_groups_6,6 total groups,xgb1,repeat_10_fold_01,10,1,0.2962962962962963,0.24242424242424243,0.21717785411530788,0.28368794326241137,0.7400000000000002,44,44,44
competition,hq_plus_a_b_c_d_e,HQ + A+B+C+D+E,grouped_route,total_groups_6,6 total groups,logistic,repeat_10_fold_01,10,1,0.21182266009852216,0.32575757575757575,0.17449803772815045,0.2277542372881356,0.16000000000000003,44,6,6
competition,hq_plus_a_b_c_d_e,HQ + A+B+C+D+E,grouped_route,total_groups_6,6 total groups,xgb1,repeat_10_fold_01,10,1,0.2765957446808511,0.19696969696969696,0.18289718493629112,0.2559055118110236,0.7700000000000002,44,6,6
competition,hq_plus_b_c_d_e_f,HQ + B+C+D+E+F,raw_comparison,total_groups_6,6 total groups,logistic,repeat_10_fold_01,10,1,0.23125,0.2803030303030303,0.1795666459515627,0.23963730569948186,0.2,45,45,45
competition,hq_plus_b_c_d_e_f,HQ + B+C+D+E+F,raw_comparison,total_groups_6,6 total groups,xgb1,repeat_10_fold_01,10,1,0.2222222222222222,0.13636363636363635,0.15665069554273175,0.19736842105263158,0.7400000000000002,45,45,45
competition,hq_plus_b_c_d_e_f,HQ + B+C+D+E+F,grouped_route,total_groups_6,6 total groups,logistic,repeat_10_fold_01,10,1,0.22826086956521738,0.1590909090909091,0.15046583247540532,0.21,0.23000000000000004,45,6,6
competition,hq_plus_b_c_d_e_f,HQ + B+C+D+E+F,grouped_route,total_groups_6,6 total groups,xgb1,repeat_10_fold_01,10,1,0.19811320754716982,0.1590909090909091,0.14665986755932633,0.18884892086330934,0.7200000000000002,45,6,6
augmentation,hq_plus_a,HQ + A,raw_comparison,per_family_2,2 groups per family,logistic,repeat_10_fold_02,10,2,0.32673267326732675,0.25,0.2140410897360033,0.30783582089552236,0.28,5,5,34
augmentation,hq_plus_a,HQ + A,raw_comparison,per_family_2,2 groups per family,xgb1,repeat_10_fold_02,10,2,0.29347826086956524,0.20454545454545456,0.2423208285809309,0.27,0.7700000000000002,5,5,34
augmentation,hq_plus_a,HQ + A,grouped_route,per_family_2,2 groups per family,logistic,repeat_10_fold_02,10,2,0.29591836734693877,0.2196969696969697,0.19318568193809832,0.2767175572519084,0.25000000000000006,5,2,31
augmentation,hq_plus_a,HQ + A,grouped_route,per_family_2,2 groups per family,xgb1,repeat_10_fold_02,10,2,0.29069767441860467,0.1893939393939394,0.23488926867214874,0.26260504201680673,0.7700000000000002,5,2,31
augmentation,hq_plus_a,HQ + A,raw_comparison,per_family_3,3 groups per family,logistic,repeat_10_fold_02,10,2,0.32673267326732675,0.25,0.2140410897360033,0.30783582089552236,0.28,5,5,34
augmentation,hq_plus_a,HQ + A,raw_comparison,per_family_3,3 groups per family,xgb1,repeat_10_fold_02,10,2,0.29347826086956524,0.20454545454545456,0.2423208285809309,0.27,0.7700000000000002,5,5,34
augmentation,hq_plus_a,HQ + A,grouped_route,per_family_3,3 groups per family,logistic,repeat_10_fold_02,10,2,0.34234234234234234,0.2878787878787879,0.21322673498685077,0.3298611111111111,0.26000000000000006,5,3,32
augmentation,hq_plus_a,HQ + A,grouped_route,per_family_3,3 groups per family,xgb1,repeat_10_fold_02,10,2,0.34959349593495936,0.32575757575757575,0.24254629356079266,0.34455128205128205,0.7000000000000002,5,3,32
augmentation,hq_plus_f,HQ + F,raw_comparison,per_family_2,2 groups per family,logistic,repeat_10_fold_02,10,2,0.16393442622950818,0.07575757575757576,0.15084401595109884,0.13297872340425532,0.27,6,6,35
augmentation,hq_plus_f,HQ + F,raw_comparison,per_family_2,2 groups per family,xgb1,repeat_10_fold_02,10,2,0.21568627450980393,0.08333333333333333,0.160064749529494,0.1636904761904762,0.7400000000000002,6,6,35
augmentation,hq_plus_f,HQ + F,grouped_route,per_family_2,2 groups per family,logistic,repeat_10_fold_02,10,2,0.16279069767441862,0.05303030303030303,0.1469541912596538,0.11513157894736842,0.4700000000000001,6,2,31
augmentation,hq_plus_f,HQ + F,grouped_route,per_family_2,2 groups per family,xgb1,repeat_10_fold_02,10,2,0.1875,0.06818181818181818,0.15885883335106243,0.1388888888888889,0.7500000000000002,6,2,31
augmentation,hq_plus_f,HQ + F,raw_comparison,per_family_3,3 groups per family,logistic,repeat_10_fold_02,10,2,0.16393442622950818,0.07575757575757576,0.15084401595109884,0.13297872340425532,0.27,6,6,35
augmentation,hq_plus_f,HQ + F,raw_comparison,per_family_3,3 groups per family,xgb1,repeat_10_fold_02,10,2,0.21568627450980393,0.08333333333333333,0.160064749529494,0.1636904761904762,0.7400000000000002,6,6,35
augmentation,hq_plus_f,HQ + F,grouped_route,per_family_3,3 groups per family,logistic,repeat_10_fold_02,10,2,0.16279069767441862,0.05303030303030303,0.14744938225983367,0.11513157894736842,0.4800000000000001,6,3,32
augmentation,hq_plus_f,HQ + F,grouped_route,per_family_3,3 groups per family,xgb1,repeat_10_fold_02,10,2,0.19148936170212766,0.06818181818181818,0.16037472549124282,0.140625,0.7500000000000002,6,3,32
augmentation,hq_plus_a_b_c_d_e,HQ + A+B+C+D+E,raw_comparison,per_family_2,2 groups per family,logistic,repeat_10_fold_02,10,2,0.29927007299270075,0.3106060606060606,0.2204577692553454,0.3014705882352941,0.22000000000000003,15,15,44
augmentation,hq_plus_a_b_c_d_e,HQ + A+B+C+D+E,raw_comparison,per_family_2,2 groups per family,xgb1,repeat_10_fold_02,10,2,0.31958762886597936,0.23484848484848486,0.24185232009460297,0.2980769230769231,0.7500000000000002,15,15,44
augmentation,hq_plus_a_b_c_d_e,HQ + A+B+C+D+E,grouped_route,per_family_2,2 groups per family,logistic,repeat_10_fold_02,10,2,0.3153153153153153,0.26515151515151514,0.20367843133210195,0.3038194444444444,0.25000000000000006,15,10,39
augmentation,hq_plus_a_b_c_d_e,HQ + A+B+C+D+E,grouped_route,per_family_2,2 groups per family,xgb1,repeat_10_fold_02,10,2,0.3191489361702128,0.22727272727272727,0.23585807465596942,0.2952755905511811,0.7500000000000002,15,10,39
augmentation,hq_plus_a_b_c_d_e,HQ + A+B+C+D+E,raw_comparison,per_family_3,3 groups per family,logistic,repeat_10_fold_02,10,2,0.29927007299270075,0.3106060606060606,0.2204577692553454,0.3014705882352941,0.22000000000000003,15,15,44
augmentation,hq_plus_a_b_c_d_e,HQ + A+B+C+D+E,raw_comparison,per_family_3,3 groups per family,xgb1,repeat_10_fold_02,10,2,0.31958762886597936,0.23484848484848486,0.24185232009460297,0.2980769230769231,0.7500000000000002,15,15,44
augmentation,hq_plus_a_b_c_d_e,HQ + A+B+C+D+E,grouped_route,per_family_3,3 groups per family,logistic,repeat_10_fold_02,10,2,0.3140495867768595,0.2878787878787879,0.21832911632500593,0.30844155844155846,0.24000000000000005,15,13,42
augmentation,hq_plus_a_b_c_d_e,HQ + A+B+C+D+E,grouped_route,per_family_3,3 groups per family,xgb1,repeat_10_fold_02,10,2,0.32989690721649484,0.24242424242424243,0.2430414664315252,0.3076923076923077,0.7400000000000002,15,13,42
augmentation,hq_plus_b_c_d_e_f,HQ + B+C+D+E+F,raw_comparison,per_family_2,2 groups per family,logistic,repeat_10_fold_02,10,2,0.23529411764705882,0.15151515151515152,0.16583290875781848,0.211864406779661,0.26000000000000006,16,16,45
augmentation,hq_plus_b_c_d_e_f,HQ + B+C+D+E+F,raw_comparison,per_family_2,2 groups per family,xgb1,repeat_10_fold_02,10,2,0.22,0.08333333333333333,0.16802012617878168,0.16566265060240964,0.7600000000000002,16,16,45
augmentation,hq_plus_b_c_d_e_f,HQ + B+C+D+E+F,grouped_route,per_family_2,2 groups per family,logistic,repeat_10_fold_02,10,2,0.24,0.13636363636363635,0.1619913930835719,0.20833333333333334,0.26000000000000006,16,10,39
augmentation,hq_plus_b_c_d_e_f,HQ + B+C+D+E+F,grouped_route,per_family_2,2 groups per family,xgb1,repeat_10_fold_02,10,2,0.23684210526315788,0.13636363636363635,0.1689602705841265,0.20642201834862386,0.6900000000000002,16,10,39
augmentation,hq_plus_b_c_d_e_f,HQ + B+C+D+E+F,raw_comparison,per_family_3,3 groups per family,logistic,repeat_10_fold_02,10,2,0.23529411764705882,0.15151515151515152,0.16583290875781848,0.211864406779661,0.26000000000000006,16,16,45
augmentation,hq_plus_b_c_d_e_f,HQ + B+C+D+E+F,raw_comparison,per_family_3,3 groups per family,xgb1,repeat_10_fold_02,10,2,0.22,0.08333333333333333,0.16802012617878168,0.16566265060240964,0.7600000000000002,16,16,45
augmentation,hq_plus_b_c_d_e_f,HQ + B+C+D+E+F,grouped_route,per_family_3,3 groups per family,logistic,repeat_10_fold_02,10,2,0.2289156626506024,0.14393939393939395,0.16238873138982451,0.20474137931034483,0.25000000000000006,16,13,42
augmentation,hq_plus_b_c_d_e_f,HQ + B+C+D+E+F,grouped_route,per_family_3,3 groups per family,xgb1,repeat_10_fold_02,10,2,0.19148936170212766,0.06818181818181818,0.1677339799444551,0.140625,0.7600000000000002,16,13,42
competition,hq_only,HQ,raw_comparison,total_groups_6,6 total groups,logistic,repeat_10_fold_02,10,2,0.16279069767441862,0.05303030303030303,0.13643356995147005,0.11513157894736842,0.4700000000000001,29,29,29
competition,hq_only,HQ,raw_comparison,total_groups_6,6 total groups,xgb1,repeat_10_fold_02,10,2,0.19696969696969696,0.09848484848484848,0.15251806048939498,0.16414141414141414,0.7100000000000002,29,29,29
competition,hq_only,HQ,grouped_route,total_groups_6,6 total groups,logistic,repeat_10_fold_02,10,2,0.23333333333333334,0.10606060606060606,0.14890501052301308,0.1881720430107527,0.19,29,6,6
competition,hq_only,HQ,grouped_route,total_groups_6,6 total groups,xgb1,repeat_10_fold_02,10,2,0.16279069767441862,0.05303030303030303,0.14064336971716382,0.11513157894736842,0.8300000000000002,29,6,6
competition,hq_plus_a,HQ + A,raw_comparison,total_groups_6,6 total groups,logistic,repeat_10_fold_02,10,2,0.32673267326732675,0.25,0.2140410897360033,0.30783582089552236,0.28,34,34,34
competition,hq_plus_a,HQ + A,raw_comparison,total_groups_6,6 total groups,xgb1,repeat_10_fold_02,10,2,0.29347826086956524,0.20454545454545456,0.2423208285809309,0.27,0.7700000000000002,34,34,34
competition,hq_plus_a,HQ + A,grouped_route,total_groups_6,6 total groups,logistic,repeat_10_fold_02,10,2,0.34065934065934067,0.23484848484848486,0.20916994375313205,0.3125,0.24000000000000005,34,6,6
competition,hq_plus_a,HQ + A,grouped_route,total_groups_6,6 total groups,xgb1,repeat_10_fold_02,10,2,0.3404255319148936,0.24242424242424243,0.2258106291821032,0.31496062992125984,0.7700000000000002,34,6,6
competition,hq_plus_f,HQ + F,raw_comparison,total_groups_6,6 total groups,logistic,repeat_10_fold_02,10,2,0.16393442622950818,0.07575757575757576,0.15084401595109884,0.13297872340425532,0.27,35,35,35
competition,hq_plus_f,HQ + F,raw_comparison,total_groups_6,6 total groups,xgb1,repeat_10_fold_02,10,2,0.21568627450980393,0.08333333333333333,0.160064749529494,0.1636904761904762,0.7400000000000002,35,35,35
competition,hq_plus_f,HQ + F,grouped_route,total_groups_6,6 total groups,logistic,repeat_10_fold_02,10,2,0.1590909090909091,0.05303030303030303,0.1623372347256195,0.11363636363636363,0.26000000000000006,35,6,6
competition,hq_plus_f,HQ + F,grouped_route,total_groups_6,6 total groups,xgb1,repeat_10_fold_02,10,2,0.17777777777777778,0.06060606060606061,0.1547772305388158,0.1282051282051282,0.7900000000000001,35,6,6
competition,hq_plus_a_b_c_d_e,HQ + A+B+C+D+E,raw_comparison,total_groups_6,6 total groups,logistic,repeat_10_fold_02,10,2,0.29927007299270075,0.3106060606060606,0.2204577692553454,0.3014705882352941,0.22000000000000003,44,44,44
competition,hq_plus_a_b_c_d_e,HQ + A+B+C+D+E,raw_comparison,total_groups_6,6 total groups,xgb1,repeat_10_fold_02,10,2,0.31958762886597936,0.23484848484848486,0.24185232009460297,0.2980769230769231,0.7500000000000002,44,44,44
competition,hq_plus_a_b_c_d_e,HQ + A+B+C+D+E,grouped_route,total_groups_6,6 total groups,logistic,repeat_10_fold_02,10,2,0.32323232323232326,0.24242424242424243,0.192043749509466,0.30303030303030304,0.2,44,6,6
competition,hq_plus_a_b_c_d_e,HQ + A+B+C+D+E,grouped_route,total_groups_6,6 total groups,xgb1,repeat_10_fold_02,10,2,0.3333333333333333,0.29545454545454547,0.20533751595978883,0.325,0.7200000000000002,44,6,6
competition,hq_plus_b_c_d_e_f,HQ + B+C+D+E+F,raw_comparison,total_groups_6,6 total groups,logistic,repeat_10_fold_02,10,2,0.23529411764705882,0.15151515151515152,0.16583290875781848,0.211864406779661,0.26000000000000006,45,45,45
competition,hq_plus_b_c_d_e_f,HQ + B+C+D+E+F,raw_comparison,total_groups_6,6 total groups,xgb1,repeat_10_fold_02,10,2,0.22,0.08333333333333333,0.16802012617878168,0.16566265060240964,0.7600000000000002,45,45,45
competition,hq_plus_b_c_d_e_f,HQ + B+C+D+E+F,grouped_route,total_groups_6,6 total groups,logistic,repeat_10_fold_02,10,2,0.2619047619047619,0.16666666666666666,0.16715911480505966,0.23504273504273504,0.19,45,6,6
competition,hq_plus_b_c_d_e_f,HQ + B+C+D+E+F,grouped_route,total_groups_6,6 total groups,xgb1,repeat_10_fold_02,10,2,0.21212121212121213,0.26515151515151514,0.1634437736773004,0.22095959595959597,0.6500000000000001,45,6,6
augmentation,hq_plus_a,HQ + A,raw_comparison,per_family_2,2 groups per family,logistic,repeat_10_fold_03,10,3,0.39,0.29545454545454547,0.2580199206216272,0.36654135338345867,0.30000000000000004,5,5,34
augmentation,hq_plus_a,HQ + A,raw_comparison,per_family_2,2 groups per family,xgb1,repeat_10_fold_03,10,3,0.2556818181818182,0.3409090909090909,0.24313246495398705,0.26913875598086123,0.6500000000000001,5,5,34
augmentation,hq_plus_a,HQ + A,grouped_route,per_family_2,2 groups per family,logistic,repeat_10_fold_03,10,3,0.37142857142857144,0.29545454545454547,0.264420281807206,0.3532608695652174,0.27,5,2,31
augmentation,hq_plus_a,HQ + A,grouped_route,per_family_2,2 groups per family,xgb1,repeat_10_fold_03,10,3,0.2594594594594595,0.36363636363636365,0.24076963143472832,0.27522935779816515,0.6500000000000001,5,2,31
augmentation,hq_plus_a,HQ + A,raw_comparison,per_family_3,3 groups per family,logistic,repeat_10_fold_03,10,3,0.39,0.29545454545454547,0.2580199206216272,0.36654135338345867,0.30000000000000004,5,5,34
augmentation,hq_plus_a,HQ + A,raw_comparison,per_family_3,3 groups per family,xgb1,repeat_10_fold_03,10,3,0.2556818181818182,0.3409090909090909,0.24313246495398705,0.26913875598086123,0.6500000000000001,5,5,34
augmentation,hq_plus_a,HQ + A,grouped_route,per_family_3,3 groups per family,logistic,repeat_10_fold_03,10,3,0.35036496350364965,0.36363636363636365,0.2592139089238813,0.35294117647058826,0.23000000000000004,5,3,32
augmentation,hq_plus_a,HQ + A,grouped_route,per_family_3,3 groups per family,xgb1,repeat_10_fold_03,10,3,0.2524752475247525,0.38636363636363635,0.24145350246117805,0.2712765957446808,0.6300000000000001,5,3,32
augmentation,hq_plus_f,HQ + F,raw_comparison,per_family_2,2 groups per family,logistic,repeat_10_fold_03,10,3,0.345679012345679,0.21212121212121213,0.2203086362748006,0.30701754385964913,0.23000000000000004,6,6,35
augmentation,hq_plus_f,HQ + F,raw_comparison,per_family_2,2 groups per family,xgb1,repeat_10_fold_03,10,3,0.272,0.25757575757575757,0.2095424909135693,0.2689873417721519,0.6700000000000002,6,6,35
augmentation,hq_plus_f,HQ + F,grouped_route,per_family_2,2 groups per family,logistic,repeat_10_fold_03,10,3,0.35443037974683544,0.21212121212121213,0.21778794824360181,0.3125,0.23000000000000004,6,2,31
augmentation,hq_plus_f,HQ + F,grouped_route,per_family_2,2 groups per family,xgb1,repeat_10_fold_03,10,3,0.2872340425531915,0.20454545454545456,0.20853394950796417,0.265748031496063,0.7100000000000002,6,2,31
augmentation,hq_plus_f,HQ + F,raw_comparison,per_family_3,3 groups per family,logistic,repeat_10_fold_03,10,3,0.345679012345679,0.21212121212121213,0.2203086362748006,0.30701754385964913,0.23000000000000004,6,6,35
augmentation,hq_plus_f,HQ + F,raw_comparison,per_family_3,3 groups per family,xgb1,repeat_10_fold_03,10,3,0.272,0.25757575757575757,0.2095424909135693,0.2689873417721519,0.6700000000000002,6,6,35
augmentation,hq_plus_f,HQ + F,grouped_route,per_family_3,3 groups per family,logistic,repeat_10_fold_03,10,3,0.35,0.21212121212121213,0.21677688108385826,0.30973451327433627,0.23000000000000004,6,3,32
augmentation,hq_plus_f,HQ + F,grouped_route,per_family_3,3 groups per family,xgb1,repeat_10_fold_03,10,3,0.3132530120481928,0.19696969696969696,0.21029207041570389,0.2801724137931034,0.7200000000000002,6,3,32
augmentation,hq_plus_a_b_c_d_e,HQ + A+B+C+D+E,raw_comparison,per_family_2,2 groups per family,logistic,repeat_10_fold_03,10,3,0.3357664233576642,0.3484848484848485,0.26750699446525883,0.3382352941176471,0.26000000000000006,15,15,44
augmentation,hq_plus_a_b_c_d_e,HQ + A+B+C+D+E,raw_comparison,per_family_2,2 groups per family,xgb1,repeat_10_fold_03,10,3,0.2867647058823529,0.29545454545454547,0.24086041694628518,0.28846153846153844,0.6900000000000002,15,15,44
augmentation,hq_plus_a_b_c_d_e,HQ + A+B+C+D+E,grouped_route,per_family_2,2 groups per family,logistic,repeat_10_fold_03,10,3,0.43373493975903615,0.2727272727272727,0.2745384555478459,0.3879310344827586,0.33,15,10,39
augmentation,hq_plus_a_b_c_d_e,HQ + A+B+C+D+E,grouped_route,per_family_2,2 groups per family,xgb1,repeat_10_fold_03,10,3,0.2721518987341772,0.32575757575757575,0.23982559393796016,0.281413612565445,0.6700000000000002,15,10,39
augmentation,hq_plus_a_b_c_d_e,HQ + A+B+C+D+E,raw_comparison,per_family_3,3 groups per family,logistic,repeat_10_fold_03,10,3,0.3357664233576642,0.3484848484848485,0.26750699446525883,0.3382352941176471,0.26000000000000006,15,15,44
augmentation,hq_plus_a_b_c_d_e,HQ + A+B+C+D+E,raw_comparison,per_family_3,3 groups per family,xgb1,repeat_10_fold_03,10,3,0.2867647058823529,0.29545454545454547,0.24086041694628518,0.28846153846153844,0.6900000000000002,15,15,44
augmentation,hq_plus_a_b_c_d_e,HQ + A+B+C+D+E,grouped_route,per_family_3,3 groups per family,logistic,repeat_10_fold_03,10,3,0.3559322033898305,0.3181818181818182,0.2698309795510343,0.347682119205298,0.27,15,13,42
augmentation,hq_plus_a_b_c_d_e,HQ + A+B+C+D+E,grouped_route,per_family_3,3 groups per family,xgb1,repeat_10_fold_03,10,3,0.2625,0.3181818181818182,0.2402896892572193,0.27202072538860106,0.6700000000000002,15,13,42
augmentation,hq_plus_b_c_d_e_f,HQ + B+C+D+E+F,raw_comparison,per_family_2,2 groups per family,logistic,repeat_10_fold_03,10,3,0.3283582089552239,0.16666666666666666,0.2284361692894591,0.275,0.30000000000000004,16,16,45
augmentation,hq_plus_b_c_d_e_f,HQ + B+C+D+E+F,raw_comparison,per_family_2,2 groups per family,xgb1,repeat_10_fold_03,10,3,0.2215568862275449,0.2803030303030303,0.20362676214308706,0.23125,0.6300000000000001,16,16,45
augmentation,hq_plus_b_c_d_e_f,HQ + B+C+D+E+F,grouped_route,per_family_2,2 groups per family,logistic,repeat_10_fold_03,10,3,0.3,0.2727272727272727,0.22482636487247531,0.29411764705882354,0.22000000000000003,16,10,39
augmentation,hq_plus_b_c_d_e_f,HQ + B+C+D+E+F,grouped_route,per_family_2,2 groups per family,xgb1,repeat_10_fold_03,10,3,0.23353293413173654,0.29545454545454547,0.20724245637579208,0.24375,0.6300000000000001,16,10,39
augmentation,hq_plus_b_c_d_e_f,HQ + B+C+D+E+F,raw_comparison,per_family_3,3 groups per family,logistic,repeat_10_fold_03,10,3,0.3283582089552239,0.16666666666666666,0.2284361692894591,0.275,0.30000000000000004,16,16,45
augmentation,hq_plus_b_c_d_e_f,HQ + B+C+D+E+F,raw_comparison,per_family_3,3 groups per family,xgb1,repeat_10_fold_03,10,3,0.2215568862275449,0.2803030303030303,0.20362676214308706,0.23125,0.6300000000000001,16,16,45
augmentation,hq_plus_b_c_d_e_f,HQ + B+C+D+E+F,grouped_route,per_family_3,3 groups per family,logistic,repeat_10_fold_03,10,3,0.3235294117647059,0.16666666666666666,0.2242269952490345,0.2722772277227723,0.30000000000000004,16,13,42
augmentation,hq_plus_b_c_d_e_f,HQ + B+C+D+E+F,grouped_route,per_family_3,3 groups per family,xgb1,repeat_10_fold_03,10,3,0.2235294117647059,0.2878787878787879,0.2059816112285988,0.23399014778325122,0.6300000000000001,16,13,42
competition,hq_only,HQ,raw_comparison,total_groups_6,6 total groups,logistic,repeat_10_fold_03,10,3,0.40476190476190477,0.12878787878787878,0.20716130281590953,0.2833333333333333,0.39000000000000007,29,29,29
competition,hq_only,HQ,raw_comparison,total_groups_6,6 total groups,xgb1,repeat_10_fold_03,10,3,0.23728813559322035,0.3181818181818182,0.20974313129908417,0.25,0.6400000000000001,29,29,29
competition,hq_only,HQ,grouped_route,total_groups_6,6 total groups,logistic,repeat_10_fold_03,10,3,0.2215909090909091,0.29545454545454547,0.20832464431782843,0.2332535885167464,0.14,29,6,6
competition,hq_only,HQ,grouped_route,total_groups_6,6 total groups,xgb1,repeat_10_fold_03,10,3,0.2840909090909091,0.1893939393939394,0.2057536828789518,0.25826446280991733,0.6900000000000002,29,6,6
competition,hq_plus_a,HQ + A,raw_comparison,total_groups_6,6 total groups,logistic,repeat_10_fold_03,10,3,0.39,0.29545454545454547,0.2580199206216272,0.36654135338345867,0.30000000000000004,34,34,34
competition,hq_plus_a,HQ + A,raw_comparison,total_groups_6,6 total groups,xgb1,repeat_10_fold_03,10,3,0.2556818181818182,0.3409090909090909,0.24313246495398705,0.26913875598086123,0.6500000000000001,34,34,34
competition,hq_plus_a,HQ + A,grouped_route,total_groups_6,6 total groups,logistic,repeat_10_fold_03,10,3,0.3763440860215054,0.26515151515151514,0.2560938536963456,0.3472222222222222,0.22000000000000003,34,6,6
competition,hq_plus_a,HQ + A,grouped_route,total_groups_6,6 total groups,xgb1,repeat_10_fold_03,10,3,0.3723404255319149,0.26515151515151514,0.25649681250013545,0.34448818897637795,0.7800000000000001,34,6,6
competition,hq_plus_f,HQ + F,raw_comparison,total_groups_6,6 total groups,logistic,repeat_10_fold_03,10,3,0.345679012345679,0.21212121212121213,0.2203086362748006,0.30701754385964913,0.23000000000000004,35,35,35
competition,hq_plus_f,HQ + F,raw_comparison,total_groups_6,6 total groups,xgb1,repeat_10_fold_03,10,3,0.272,0.25757575757575757,0.2095424909135693,0.2689873417721519,0.6700000000000002,35,35,35
competition,hq_plus_f,HQ + F,grouped_route,total_groups_6,6 total groups,logistic,repeat_10_fold_03,10,3,0.29133858267716534,0.2803030303030303,0.21872964614591628,0.2890625,0.17000000000000004,35,6,6
competition,hq_plus_f,HQ + F,grouped_route,total_groups_6,6 total groups,xgb1,repeat_10_fold_03,10,3,0.24836601307189543,0.2878787878787879,0.2116153910920433,0.2553763440860215,0.6500000000000001,35,6,6
competition,hq_plus_a_b_c_d_e,HQ + A+B+C+D+E,raw_comparison,total_groups_6,6 total groups,logistic,repeat_10_fold_03,10,3,0.3357664233576642,0.3484848484848485,0.26750699446525883,0.3382352941176471,0.26000000000000006,44,44,44
competition,hq_plus_a_b_c_d_e,HQ + A+B+C+D+E,raw_comparison,total_groups_6,6 total groups,xgb1,repeat_10_fold_03,10,3,0.2867647058823529,0.29545454545454547,0.24086041694628518,0.28846153846153844,0.6900000000000002,44,44,44
competition,hq_plus_a_b_c_d_e,HQ + A+B+C+D+E,grouped_route,total_groups_6,6 total groups,logistic,repeat_10_fold_03,10,3,0.34782608695652173,0.24242424242424243,0.23637977111792463,0.32,0.19,44,6,6
competition,hq_plus_a_b_c_d_e,HQ + A+B+C+D+E,grouped_route,total_groups_6,6 total groups,xgb1,repeat_10_fold_03,10,3,0.3153153153153153,0.26515151515151514,0.23977299215879688,0.3038194444444444,0.7200000000000002,44,6,6
competition,hq_plus_b_c_d_e_f,HQ + B+C+D+E+F,raw_comparison,total_groups_6,6 total groups,logistic,repeat_10_fold_03,10,3,0.3283582089552239,0.16666666666666666,0.2284361692894591,0.275,0.30000000000000004,45,45,45
competition,hq_plus_b_c_d_e_f,HQ + B+C+D+E+F,raw_comparison,total_groups_6,6 total groups,xgb1,repeat_10_fold_03,10,3,0.2215568862275449,0.2803030303030303,0.20362676214308706,0.23125,0.6300000000000001,45,45,45
competition,hq_plus_b_c_d_e_f,HQ + B+C+D+E+F,grouped_route,total_groups_6,6 total groups,logistic,repeat_10_fold_03,10,3,0.22413793103448276,0.29545454545454547,0.21180361333769412,0.23550724637681159,0.14,45,6,6
competition,hq_plus_b_c_d_e_f,HQ + B+C+D+E+F,grouped_route,total_groups_6,6 total groups,xgb1,repeat_10_fold_03,10,3,0.3142857142857143,0.16666666666666666,0.21183917195977212,0.2669902912621359,0.7500000000000002,45,6,6
augmentation,hq_plus_a,HQ + A,raw_comparison,per_family_2,2 groups per family,logistic,repeat_11_fold_01,11,1,0.27941176470588236,0.2878787878787879,0.20911929532295737,0.28106508875739644,0.28,5,5,34
augmentation,hq_plus_a,HQ + A,raw_comparison,per_family_2,2 groups per family,xgb1,repeat_11_fold_01,11,1,0.30597014925373134,0.3106060606060606,0.22811026344108387,0.3068862275449102,0.7200000000000002,5,5,34
augmentation,hq_plus_a,HQ + A,grouped_route,per_family_2,2 groups per family,logistic,repeat_11_fold_01,11,1,0.28846153846153844,0.22727272727272727,0.21061013751036384,0.2737226277372263,0.31000000000000005,5,2,31
augmentation,hq_plus_a,HQ + A,grouped_route,per_family_2,2 groups per family,xgb1,repeat_11_fold_01,11,1,0.3119266055045872,0.25757575757575757,0.23165621032793418,0.2992957746478873,0.7800000000000001,5,2,31
augmentation,hq_plus_a,HQ + A,raw_comparison,per_family_3,3 groups per family,logistic,repeat_11_fold_01,11,1,0.27941176470588236,0.2878787878787879,0.20911929532295737,0.28106508875739644,0.28,5,5,34
augmentation,hq_plus_a,HQ + A,raw_comparison,per_family_3,3 groups per family,xgb1,repeat_11_fold_01,11,1,0.30597014925373134,0.3106060606060606,0.22811026344108387,0.3068862275449102,0.7200000000000002,5,5,34
augmentation,hq_plus_a,HQ + A,grouped_route,per_family_3,3 groups per family,logistic,repeat_11_fold_01,11,1,0.2846153846153846,0.2803030303030303,0.21083098874210857,0.2837423312883436,0.29000000000000004,5,3,32
augmentation,hq_plus_a,HQ + A,grouped_route,per_family_3,3 groups per family,xgb1,repeat_11_fold_01,11,1,0.3114754098360656,0.2878787878787879,0.2301028210058422,0.3064516129032258,0.7400000000000002,5,3,32
augmentation,hq_plus_f,HQ + F,raw_comparison,per_family_2,2 groups per family,logistic,repeat_11_fold_01,11,1,0.2717391304347826,0.1893939393939394,0.17832661115209245,0.25,0.23000000000000004,6,6,35
augmentation,hq_plus_f,HQ + F,raw_comparison,per_family_2,2 groups per family,xgb1,repeat_11_fold_01,11,1,0.2786885245901639,0.12878787878787878,0.17456451558292477,0.22606382978723405,0.7600000000000002,6,6,35
augmentation,hq_plus_f,HQ + F,grouped_route,per_family_2,2 groups per family,logistic,repeat_11_fold_01,11,1,0.24742268041237114,0.18181818181818182,0.17027967837303454,0.23076923076923078,0.23000000000000004,6,2,31
augmentation,hq_plus_f,HQ + F,grouped_route,per_family_2,2 groups per family,xgb1,repeat_11_fold_01,11,1,0.2647058823529412,0.13636363636363635,0.17509492303659185,0.22277227722772278,0.7500000000000002,6,2,31
augmentation,hq_plus_f,HQ + F,raw_comparison,per_family_3,3 groups per family,logistic,repeat_11_fold_01,11,1,0.2717391304347826,0.1893939393939394,0.17832661115209245,0.25,0.23000000000000004,6,6,35
augmentation,hq_plus_f,HQ + F,raw_comparison,per_family_3,3 groups per family,xgb1,repeat_11_fold_01,11,1,0.2786885245901639,0.12878787878787878,0.17456451558292477,0.22606382978723405,0.7600000000000002,6,6,35
augmentation,hq_plus_f,HQ + F,grouped_route,per_family_3,3 groups per family,logistic,repeat_11_fold_01,11,1,0.24742268041237114,0.18181818181818182,0.1703013526529797,0.23076923076923078,0.23000000000000004,6,3,32
augmentation,hq_plus_f,HQ + F,grouped_route,per_family_3,3 groups per family,xgb1,repeat_11_fold_01,11,1,0.2833333333333333,0.12878787878787878,0.176115597503614,0.22849462365591397,0.7600000000000002,6,3,32
augmentation,hq_plus_a_b_c_d_e,HQ + A+B+C+D+E,raw_comparison,per_family_2,2 groups per family,logistic,repeat_11_fold_01,11,1,0.2619047619047619,0.3333333333333333,0.2065314940865731,0.2736318407960199,0.23000000000000004,15,15,44
augmentation,hq_plus_a_b_c_d_e,HQ + A+B+C+D+E,raw_comparison,per_family_2,2 groups per family,xgb1,repeat_11_fold_01,11,1,0.29285714285714287,0.3106060606060606,0.22464252012093167,0.29624277456647397,0.7100000000000002,15,15,44
augmentation,hq_plus_a_b_c_d_e,HQ + A+B+C+D+E,grouped_route,per_family_2,2 groups per family,logistic,repeat_11_fold_01,11,1,0.26666666666666666,0.30303030303030304,0.20401375331917188,0.273224043715847,0.25000000000000006,15,10,39
augmentation,hq_plus_a_b_c_d_e,HQ + A+B+C+D+E,grouped_route,per_family_2,2 groups per family,xgb1,repeat_11_fold_01,11,1,0.288135593220339,0.25757575757575757,0.22634037754026098,0.2814569536423841,0.7500000000000002,15,10,39
augmentation,hq_plus_a_b_c_d_e,HQ + A+B+C+D+E,raw_comparison,per_family_3,3 groups per family,logistic,repeat_11_fold_01,11,1,0.2619047619047619,0.3333333333333333,0.2065314940865731,0.2736318407960199,0.23000000000000004,15,15,44
augmentation,hq_plus_a_b_c_d_e,HQ + A+B+C+D+E,raw_comparison,per_family_3,3 groups per family,xgb1,repeat_11_fold_01,11,1,0.29285714285714287,0.3106060606060606,0.22464252012093167,0.29624277456647397,0.7100000000000002,15,15,44
augmentation,hq_plus_a_b_c_d_e,HQ + A+B+C+D+E,grouped_route,per_family_3,3 groups per family,logistic,repeat_11_fold_01,11,1,0.2711864406779661,0.36363636363636365,0.20558879437093877,0.2857142857142857,0.22000000000000003,15,13,42
augmentation,hq_plus_a_b_c_d_e,HQ + A+B+C+D+E,grouped_route,per_family_3,3 groups per family,xgb1,repeat_11_fold_01,11,1,0.3,0.22727272727272727,0.2248074595761823,0.2819548872180451,0.7800000000000001,15,13,42
augmentation,hq_plus_b_c_d_e_f,HQ + B+C+D+E+F,raw_comparison,per_family_2,2 groups per family,logistic,repeat_11_fold_01,11,1,0.22727272727272727,0.11363636363636363,0.18688059508119373,0.1893939393939394,0.35000000000000003,16,16,45
augmentation,hq_plus_b_c_d_e_f,HQ + B+C+D+E+F,raw_comparison,per_family_2,2 groups per family,xgb1,repeat_11_fold_01,11,1,0.296875,0.14393939393939395,0.18575350906149202,0.24484536082474226,0.7500000000000002,16,16,45
augmentation,hq_plus_b_c_d_e_f,HQ + B+C+D+E+F,grouped_route,per_family_2,2 groups per family,logistic,repeat_11_fold_01,11,1,0.21875,0.10606060606060606,0.17819637616948547,0.18041237113402062,0.36000000000000004,16,10,39
augmentation,hq_plus_b_c_d_e_f,HQ + B+C+D+E+F,grouped_route,per_family_2,2 groups per family,xgb1,repeat_11_fold_01,11,1,0.2857142857142857,0.15151515151515152,0.18572969286738988,0.24271844660194175,0.7400000000000002,16,10,39
augmentation,hq_plus_b_c_d_e_f,HQ + B+C+D+E+F,raw_comparison,per_family_3,3 groups per family,logistic,repeat_11_fold_01,11,1,0.22727272727272727,0.11363636363636363,0.18688059508119373,0.1893939393939394,0.35000000000000003,16,16,45
augmentation,hq_plus_b_c_d_e_f,HQ + B+C+D+E+F,raw_comparison,per_family_3,3 groups per family,xgb1,repeat_11_fold_01,11,1,0.296875,0.14393939393939395,0.18575350906149202,0.24484536082474226,0.7500000000000002,16,16,45
augmentation,hq_plus_b_c_d_e_f,HQ + B+C+D+E+F,grouped_route,per_family_3,3 groups per family,logistic,repeat_11_fold_01,11,1,0.2222222222222222,0.10606060606060606,0.17910050853120596,0.18229166666666666,0.36000000000000004,16,13,42
augmentation,hq_plus_b_c_d_e_f,HQ + B+C+D+E+F,grouped_route,per_family_3,3 groups per family,xgb1,repeat_11_fold_01,11,1,0.2857142857142857,0.16666666666666666,0.18595816043618477,0.25,0.7300000000000002,16,13,42
competition,hq_only,HQ,raw_comparison,total_groups_6,6 total groups,logistic,repeat_11_fold_01,11,1,0.23076923076923078,0.13636363636363635,0.16570793798501213,0.20270270270270271,0.25000000000000006,29,29,29
competition,hq_only,HQ,raw_comparison,total_groups_6,6 total groups,xgb1,repeat_11_fold_01,11,1,0.25806451612903225,0.12121212121212122,0.17574406386853864,0.21052631578947367,0.7600000000000002,29,29,29
competition,hq_only,HQ,grouped_route,total_groups_6,6 total groups,logistic,repeat_11_fold_01,11,1,0.26136363636363635,0.17424242424242425,0.16372340572907923,0.23760330578512398,0.19,29,6,6
competition,hq_only,HQ,grouped_route,total_groups_6,6 total groups,xgb1,repeat_11_fold_01,11,1,0.1968503937007874,0.1893939393939394,0.16187018903018258,0.1953125,0.6600000000000001,29,6,6
competition,hq_plus_a,HQ + A,raw_comparison,total_groups_6,6 total groups,logistic,repeat_11_fold_01,11,1,0.27941176470588236,0.2878787878787879,0.20911929532295737,0.28106508875739644,0.28,34,34,34
competition,hq_plus_a,HQ + A,raw_comparison,total_groups_6,6 total groups,xgb1,repeat_11_fold_01,11,1,0.30597014925373134,0.3106060606060606,0.22811026344108387,0.3068862275449102,0.7200000000000002,34,34,34
competition,hq_plus_a,HQ + A,grouped_route,total_groups_6,6 total groups,logistic,repeat_11_fold_01,11,1,0.2903225806451613,0.20454545454545456,0.2105698737117618,0.26785714285714285,0.32000000000000006,34,6,6
competition,hq_plus_a,HQ + A,grouped_route,total_groups_6,6 total groups,xgb1,repeat_11_fold_01,11,1,0.2830188679245283,0.22727272727272727,0.20952655908972906,0.2697841726618705,0.7900000000000001,34,6,6
competition,hq_plus_f,HQ + F,raw_comparison,total_groups_6,6 total groups,logistic,repeat_11_fold_01,11,1,0.2717391304347826,0.1893939393939394,0.17832661115209245,0.25,0.23000000000000004,35,35,35
competition,hq_plus_f,HQ + F,raw_comparison,total_groups_6,6 total groups,xgb1,repeat_11_fold_01,11,1,0.2786885245901639,0.12878787878787878,0.17456451558292477,0.22606382978723405,0.7600000000000002,35,35,35
competition,hq_plus_f,HQ + F,grouped_route,total_groups_6,6 total groups,logistic,repeat_11_fold_01,11,1,0.23684210526315788,0.13636363636363635,0.15958269124714547,0.20642201834862386,0.22000000000000003,35,6,6
competition,hq_plus_f,HQ + F,grouped_route,total_groups_6,6 total groups,xgb1,repeat_11_fold_01,11,1,0.2835820895522388,0.14393939393939395,0.17015335615667915,0.2375,0.7400000000000002,35,6,6
competition,hq_plus_a_b_c_d_e,HQ + A+B+C+D+E,raw_comparison,total_groups_6,6 total groups,logistic,repeat_11_fold_01,11,1,0.2619047619047619,0.3333333333333333,0.2065314940865731,0.2736318407960199,0.23000000000000004,44,44,44
competition,hq_plus_a_b_c_d_e,HQ + A+B+C+D+E,raw_comparison,total_groups_6,6 total groups,xgb1,repeat_11_fold_01,11,1,0.29285714285714287,0.3106060606060606,0.22464252012093167,0.29624277456647397,0.7100000000000002,44,44,44
competition,hq_plus_a_b_c_d_e,HQ + A+B+C+D+E,grouped_route,total_groups_6,6 total groups,logistic,repeat_11_fold_01,11,1,0.21428571428571427,0.13636363636363635,0.15925303898159035,0.19230769230769232,0.26000000000000006,44,6,6
competition,hq_plus_a_b_c_d_e,HQ + A+B+C+D+E,grouped_route,total_groups_6,6 total groups,xgb1,repeat_11_fold_01,11,1,0.23655913978494625,0.16666666666666666,0.16367799790750956,0.21825396825396826,0.7300000000000002,44,6,6
competition,hq_plus_b_c_d_e_f,HQ + B+C+D+E+F,raw_comparison,total_groups_6,6 total groups,logistic,repeat_11_fold_01,11,1,0.22727272727272727,0.11363636363636363,0.18688059508119373,0.1893939393939394,0.35000000000000003,45,45,45
competition,hq_plus_b_c_d_e_f,HQ + B+C+D+E+F,raw_comparison,total_groups_6,6 total groups,xgb1,repeat_11_fold_01,11,1,0.296875,0.14393939393939395,0.18575350906149202,0.24484536082474226,0.7500000000000002,45,45,45
competition,hq_plus_b_c_d_e_f,HQ + B+C+D+E+F,grouped_route,total_groups_6,6 total groups,logistic,repeat_11_fold_01,11,1,0.23529411764705882,0.12121212121212122,0.15781058046415053,0.19801980198019803,0.23000000000000004,45,6,6
competition,hq_plus_b_c_d_e_f,HQ + B+C+D+E+F,grouped_route,total_groups_6,6 total groups,xgb1,repeat_11_fold_01,11,1,0.273972602739726,0.15151515151515152,0.16046285056957663,0.2358490566037736,0.7200000000000002,45,6,6
augmentation,hq_plus_a,HQ + A,raw_comparison,per_family_2,2 groups per family,logistic,repeat_11_fold_02,11,2,0.3522727272727273,0.23484848484848486,0.24067544327054727,0.3202479338842975,0.27,5,5,34
augmentation,hq_plus_a,HQ + A,raw_comparison,per_family_2,2 groups per family,xgb1,repeat_11_fold_02,11,2,0.3412698412698413,0.32575757575757575,0.25176053945433274,0.3380503144654088,0.6900000000000002,5,5,34
augmentation,hq_plus_a,HQ + A,grouped_route,per_family_2,2 groups per family,logistic,repeat_11_fold_02,11,2,0.3142857142857143,0.25,0.21894394600837433,0.29891304347826086,0.23000000000000004,5,2,31
augmentation,hq_plus_a,HQ + A,grouped_route,per_family_2,2 groups per family,xgb1,repeat_11_fold_02,11,2,0.3305785123966942,0.30303030303030304,0.24564040587135033,0.3246753246753247,0.6800000000000002,5,2,31
augmentation,hq_plus_a,HQ + A,raw_comparison,per_family_3,3 groups per family,logistic,repeat_11_fold_02,11,2,0.3522727272727273,0.23484848484848486,0.24067544327054727,0.3202479338842975,0.27,5,5,34
augmentation,hq_plus_a,HQ + A,raw_comparison,per_family_3,3 groups per family,xgb1,repeat_11_fold_02,11,2,0.3412698412698413,0.32575757575757575,0.25176053945433274,0.3380503144654088,0.6900000000000002,5,5,34
augmentation,hq_plus_a,HQ + A,grouped_route,per_family_3,3 groups per family,logistic,repeat_11_fold_02,11,2,0.36363636363636365,0.24242424242424243,0.23937040944535448,0.3305785123966942,0.27,5,3,32
augmentation,hq_plus_a,HQ + A,grouped_route,per_family_3,3 groups per family,xgb1,repeat_11_fold_02,11,2,0.2922077922077922,0.3409090909090909,0.2519758931637476,0.30080213903743314,0.6600000000000001,5,3,32
augmentation,hq_plus_f,HQ + F,raw_comparison,per_family_2,2 groups per family,logistic,repeat_11_fold_02,11,2,0.25471698113207547,0.20454545454545456,0.17856192695412743,0.24280575539568344,0.2,6,6,35
augmentation,hq_plus_f,HQ + F,raw_comparison,per_family_2,2 groups per family,xgb1,repeat_11_fold_02,11,2,0.23076923076923078,0.13636363636363635,0.17550494336234854,0.20270270270270271,0.7200000000000002,6,6,35
augmentation,hq_plus_f,HQ + F,grouped_route,per_family_2,2 groups per family,logistic,repeat_11_fold_02,11,2,0.24271844660194175,0.1893939393939394,0.17510757886076767,0.22977941176470587,0.2,6,2,31
augmentation,hq_plus_f,HQ + F,grouped_route,per_family_2,2 groups per family,xgb1,repeat_11_fold_02,11,2,0.2602739726027397,0.14393939393939395,0.17881933230145036,0.2240566037735849,0.7300000000000002,6,2,31
augmentation,hq_plus_f,HQ + F,raw_comparison,per_family_3,3 groups per family,logistic,repeat_11_fold_02,11,2,0.25471698113207547,0.20454545454545456,0.17856192695412743,0.24280575539568344,0.2,6,6,35
augmentation,hq_plus_f,HQ + F,raw_comparison,per_family_3,3 groups per family,xgb1,repeat_11_fold_02,11,2,0.23076923076923078,0.13636363636363635,0.17550494336234854,0.20270270270270271,0.7200000000000002,6,6,35
augmentation,hq_plus_f,HQ + F,grouped_route,per_family_3,3 groups per family,logistic,repeat_11_fold_02,11,2,0.2403846153846154,0.1893939393939394,0.17496845918270304,0.2281021897810219,0.2,6,3,32
augmentation,hq_plus_f,HQ + F,grouped_route,per_family_3,3 groups per family,xgb1,repeat_11_fold_02,11,2,0.24175824175824176,0.16666666666666666,0.17803465637572302,0.2217741935483871,0.7000000000000002,6,3,32
augmentation,hq_plus_a_b_c_d_e,HQ + A+B+C+D+E,raw_comparison,per_family_2,2 groups per family,logistic,repeat_11_fold_02,11,2,0.35514018691588783,0.2878787878787879,0.2527612709479536,0.3392857142857143,0.26000000000000006,15,15,44
augmentation,hq_plus_a_b_c_d_e,HQ + A+B+C+D+E,raw_comparison,per_family_2,2 groups per family,xgb1,repeat_11_fold_02,11,2,0.34146341463414637,0.3181818181818182,0.25362920643950976,0.33653846153846156,0.6900000000000002,15,15,44
augmentation,hq_plus_a_b_c_d_e,HQ + A+B+C+D+E,grouped_route,per_family_2,2 groups per family,logistic,repeat_11_fold_02,11,2,0.36764705882352944,0.1893939393939394,0.23998591752294487,0.3094059405940594,0.32000000000000006,15,10,39
augmentation,hq_plus_a_b_c_d_e,HQ + A+B+C+D+E,grouped_route,per_family_2,2 groups per family,xgb1,repeat_11_fold_02,11,2,0.32786885245901637,0.30303030303030304,0.24735752795869037,0.3225806451612903,0.6800000000000002,15,10,39
augmentation,hq_plus_a_b_c_d_e,HQ + A+B+C+D+E,raw_comparison,per_family_3,3 groups per family,logistic,repeat_11_fold_02,11,2,0.35514018691588783,0.2878787878787879,0.2527612709479536,0.3392857142857143,0.26000000000000006,15,15,44
augmentation,hq_plus_a_b_c_d_e,HQ + A+B+C+D+E,raw_comparison,per_family_3,3 groups per family,xgb1,repeat_11_fold_02,11,2,0.34146341463414637,0.3181818181818182,0.25362920643950976,0.33653846153846156,0.6900000000000002,15,15,44
augmentation,hq_plus_a_b_c_d_e,HQ + A+B+C+D+E,grouped_route,per_family_3,3 groups per family,logistic,repeat_11_fold_02,11,2,0.3409090909090909,0.22727272727272727,0.2520936218307215,0.30991735537190085,0.29000000000000004,15,13,42
augmentation,hq_plus_a_b_c_d_e,HQ + A+B+C+D+E,grouped_route,per_family_3,3 groups per family,xgb1,repeat_11_fold_02,11,2,0.3252032520325203,0.30303030303030304,0.2523911388123962,0.32051282051282054,0.6900000000000002,15,13,42
augmentation,hq_plus_b_c_d_e_f,HQ + B+C+D+E+F,raw_comparison,per_family_2,2 groups per family,logistic,repeat_11_fold_02,11,2,0.27184466019417475,0.21212121212121213,0.19115901081670927,0.25735294117647056,0.22000000000000003,16,16,45
augmentation,hq_plus_b_c_d_e_f,HQ + B+C+D+E+F,raw_comparison,per_family_2,2 groups per family,xgb1,repeat_11_fold_02,11,2,0.2391304347826087,0.16666666666666666,0.1804100490246512,0.22,0.6800000000000002,16,16,45
augmentation,hq_plus_b_c_d_e_f,HQ + B+C+D+E+F,grouped_route,per_family_2,2 groups per family,logistic,repeat_11_fold_02,11,2,0.20754716981132076,0.25,0.1859830490988345,0.21484375,0.17000000000000004,16,10,39
augmentation,hq_plus_b_c_d_e_f,HQ + B+C+D+E+F,grouped_route,per_family_2,2 groups per family,xgb1,repeat_11_fold_02,11,2,0.19718309859154928,0.21212121212121213,0.18132947983594988,0.2,0.6400000000000001,16,10,39
augmentation,hq_plus_b_c_d_e_f,HQ + B+C+D+E+F,raw_comparison,per_family_3,3 groups per family,logistic,repeat_11_fold_02,11,2,0.27184466019417475,0.21212121212121213,0.19115901081670927,0.25735294117647056,0.22000000000000003,16,16,45
augmentation,hq_plus_b_c_d_e_f,HQ + B+C+D+E+F,raw_comparison,per_family_3,3 groups per family,xgb1,repeat_11_fold_02,11,2,0.2391304347826087,0.16666666666666666,0.1804100490246512,0.22,0.6800000000000002,16,16,45
augmentation,hq_plus_b_c_d_e_f,HQ + B+C+D+E+F,grouped_route,per_family_3,3 groups per family,logistic,repeat_11_fold_02,11,2,0.27358490566037735,0.2196969696969697,0.18497701655025572,0.2607913669064748,0.21000000000000002,16,13,42
augmentation,hq_plus_b_c_d_e_f,HQ + B+C+D+E+F,grouped_route,per_family_3,3 groups per family,xgb1,repeat_11_fold_02,11,2,0.21296296296296297,0.17424242424242425,0.18176743592303968,0.20390070921985815,0.6700000000000002,16,13,42
competition,hq_only,HQ,raw_comparison,total_groups_6,6 total groups,logistic,repeat_11_fold_02,11,2,0.20149253731343283,0.20454545454545456,0.16893476398377455,0.20209580838323354,0.17000000000000004,29,29,29
competition,hq_only,HQ,raw_comparison,total_groups_6,6 total groups,xgb1,repeat_11_fold_02,11,2,0.20909090909090908,0.17424242424242425,0.17512307513649755,0.20104895104895104,0.6800000000000002,29,29,29
competition,hq_only,HQ,grouped_route,total_groups_6,6 total groups,logistic,repeat_11_fold_02,11,2,0.21830985915492956,0.23484848484848486,0.18408364966756297,0.22142857142857142,0.15000000000000002,29,6,6
competition,hq_only,HQ,grouped_route,total_groups_6,6 total groups,xgb1,repeat_11_fold_02,11,2,0.2116788321167883,0.2196969696969697,0.1719037202432639,0.21323529411764705,0.6500000000000001,29,6,6
competition,hq_plus_a,HQ + A,raw_comparison,total_groups_6,6 total groups,logistic,repeat_11_fold_02,11,2,0.3522727272727273,0.23484848484848486,0.24067544327054727,0.3202479338842975,0.27,34,34,34
competition,hq_plus_a,HQ + A,raw_comparison,total_groups_6,6 total groups,xgb1,repeat_11_fold_02,11,2,0.3412698412698413,0.32575757575757575,0.25176053945433274,0.3380503144654088,0.6900000000000002,34,34,34
competition,hq_plus_a,HQ + A,grouped_route,total_groups_6,6 total groups,logistic,repeat_11_fold_02,11,2,0.28654970760233917,0.3712121212121212,0.211783225119207,0.3002450980392157,0.16000000000000003,34,6,6
competition,hq_plus_a,HQ + A,grouped_route,total_groups_6,6 total groups,xgb1,repeat_11_fold_02,11,2,0.35398230088495575,0.30303030303030304,0.24345749057665117,0.3424657534246575,0.7100000000000002,34,6,6
competition,hq_plus_f,HQ + F,raw_comparison,total_groups_6,6 total groups,logistic,repeat_11_fold_02,11,2,0.25471698113207547,0.20454545454545456,0.17856192695412743,0.24280575539568344,0.2,35,35,35
competition,hq_plus_f,HQ + F,raw_comparison,total_groups_6,6 total groups,xgb1,repeat_11_fold_02,11,2,0.23076923076923078,0.13636363636363635,0.17550494336234854,0.20270270270270271,0.7200000000000002,35,35,35
competition,hq_plus_f,HQ + F,grouped_route,total_groups_6,6 total groups,logistic,repeat_11_fold_02,11,2,0.20437956204379562,0.21212121212121213,0.17396144542067,0.20588235294117646,0.15000000000000002,35,6,6
competition,hq_plus_f,HQ + F,grouped_route,total_groups_6,6 total groups,xgb1,repeat_11_fold_02,11,2,0.2,0.32575757575757575,0.18477856233525258,0.21673387096774194,0.6100000000000001,35,6,6
competition,hq_plus_a_b_c_d_e,HQ + A+B+C+D+E,raw_comparison,total_groups_6,6 total groups,logistic,repeat_11_fold_02,11,2,0.35514018691588783,0.2878787878787879,0.2527612709479536,0.3392857142857143,0.26000000000000006,44,44,44
competition,hq_plus_a_b_c_d_e,HQ + A+B+C+D+E,raw_comparison,total_groups_6,6 total groups,xgb1,repeat_11_fold_02,11,2,0.34146341463414637,0.3181818181818182,0.25362920643950976,0.33653846153846156,0.6900000000000002,44,44,44
competition,hq_plus_a_b_c_d_e,HQ + A+B+C+D+E,grouped_route,total_groups_6,6 total groups,logistic,repeat_11_fold_02,11,2,0.2125,0.25757575757575757,0.17855178367760124,0.22020725388601037,0.15000000000000002,44,6,6
competition,hq_plus_a_b_c_d_e,HQ + A+B+C+D+E,grouped_route,total_groups_6,6 total groups,xgb1,repeat_11_fold_02,11,2,0.2597402597402597,0.15151515151515152,0.19482487760757944,0.22727272727272727,0.7500000000000002,44,6,6
competition,hq_plus_b_c_d_e_f,HQ + B+C+D+E+F,raw_comparison,total_groups_6,6 total groups,logistic,repeat_11_fold_02,11,2,0.27184466019417475,0.21212121212121213,0.19115901081670927,0.25735294117647056,0.22000000000000003,45,45,45
competition,hq_plus_b_c_d_e_f,HQ + B+C+D+E+F,raw_comparison,total_groups_6,6 total groups,xgb1,repeat_11_fold_02,11,2,0.2391304347826087,0.16666666666666666,0.1804100490246512,0.22,0.6800000000000002,45,45,45
competition,hq_plus_b_c_d_e_f,HQ + B+C+D+E+F,grouped_route,total_groups_6,6 total groups,logistic,repeat_11_fold_02,11,2,0.24705882352941178,0.1590909090909091,0.1723488639817315,0.22245762711864406,0.18000000000000005,45,6,6
competition,hq_plus_b_c_d_e_f,HQ + B+C+D+E+F,grouped_route,total_groups_6,6 total groups,xgb1,repeat_11_fold_02,11,2,0.23275862068965517,0.20454545454545456,0.17368542563444,0.22651006711409397,0.6800000000000002,45,6,6
augmentation,hq_plus_a,HQ + A,raw_comparison,per_family_2,2 groups per family,logistic,repeat_11_fold_03,11,3,0.3235294117647059,0.25,0.2224756209468081,0.3055555555555556,0.29000000000000004,5,5,34
augmentation,hq_plus_a,HQ + A,raw_comparison,per_family_2,2 groups per family,xgb1,repeat_11_fold_03,11,3,0.3053435114503817,0.30303030303030304,0.2173444523806139,0.3048780487804878,0.7300000000000002,5,5,34
augmentation,hq_plus_a,HQ + A,grouped_route,per_family_2,2 groups per family,logistic,repeat_11_fold_03,11,3,0.2809917355371901,0.25757575757575757,0.20987228334920183,0.275974025974026,0.23000000000000004,5,2,31
augmentation,hq_plus_a,HQ + A,grouped_route,per_family_2,2 groups per family,xgb1,repeat_11_fold_03,11,3,0.30597014925373134,0.3106060606060606,0.2151680167366696,0.3068862275449102,0.7200000000000002,5,2,31
augmentation,hq_plus_a,HQ + A,raw_comparison,per_family_3,3 groups per family,logistic,repeat_11_fold_03,11,3,0.3235294117647059,0.25,0.2224756209468081,0.3055555555555556,0.29000000000000004,5,5,34
augmentation,hq_plus_a,HQ + A,raw_comparison,per_family_3,3 groups per family,xgb1,repeat_11_fold_03,11,3,0.3053435114503817,0.30303030303030304,0.2173444523806139,0.3048780487804878,0.7300000000000002,5,5,34
augmentation,hq_plus_a,HQ + A,grouped_route,per_family_3,3 groups per family,logistic,repeat_11_fold_03,11,3,0.30275229357798167,0.25,0.2216115027814756,0.2904929577464789,0.26000000000000006,5,3,32
augmentation,hq_plus_a,HQ + A,grouped_route,per_family_3,3 groups per family,xgb1,repeat_11_fold_03,11,3,0.30344827586206896,0.3333333333333333,0.2187600341518627,0.3089887640449438,0.7100000000000002,5,3,32
augmentation,hq_plus_f,HQ + F,raw_comparison,per_family_2,2 groups per family,logistic,repeat_11_fold_03,11,3,0.21367521367521367,0.1893939393939394,0.1672681545185551,0.20833333333333334,0.2,6,6,35
augmentation,hq_plus_f,HQ + F,raw_comparison,per_family_2,2 groups per family,xgb1,repeat_11_fold_03,11,3,0.19327731092436976,0.17424242424242425,0.15513741521751662,0.18914473684210525,0.6700000000000002,6,6,35
augmentation,hq_plus_f,HQ + F,grouped_route,per_family_2,2 groups per family,logistic,repeat_11_fold_03,11,3,0.21428571428571427,0.1590909090909091,0.16437196275836444,0.20038167938931298,0.21000000000000002,6,2,31
augmentation,hq_plus_f,HQ + F,grouped_route,per_family_2,2 groups per family,xgb1,repeat_11_fold_03,11,3,0.21153846153846154,0.16666666666666666,0.15793085158297152,0.20072992700729927,0.6800000000000002,6,2,31
augmentation,hq_plus_f,HQ + F,raw_comparison,per_family_3,3 groups per family,logistic,repeat_11_fold_03,11,3,0.21367521367521367,0.1893939393939394,0.1672681545185551,0.20833333333333334,0.2,6,6,35
augmentation,hq_plus_f,HQ + F,raw_comparison,per_family_3,3 groups per family,xgb1,repeat_11_fold_03,11,3,0.19327731092436976,0.17424242424242425,0.15513741521751662,0.18914473684210525,0.6700000000000002,6,6,35
augmentation,hq_plus_f,HQ + F,grouped_route,per_family_3,3 groups per family,logistic,repeat_11_fold_03,11,3,0.20618556701030927,0.15151515151515152,0.16421454216266315,0.19230769230769232,0.21000000000000002,6,3,32
augmentation,hq_plus_f,HQ + F,grouped_route,per_family_3,3 groups per family,xgb1,repeat_11_fold_03,11,3,0.2037037037037037,0.16666666666666666,0.15615904961146124,0.1950354609929078,0.6800000000000002,6,3,32
augmentation,hq_plus_a_b_c_d_e,HQ + A+B+C+D+E,raw_comparison,per_family_2,2 groups per family,logistic,repeat_11_fold_03,11,3,0.3211009174311927,0.26515151515151514,0.23536944905276275,0.30809859154929575,0.28,15,15,44
augmentation,hq_plus_a_b_c_d_e,HQ + A+B+C+D+E,raw_comparison,per_family_2,2 groups per family,xgb1,repeat_11_fold_03,11,3,0.2786885245901639,0.38636363636363635,0.21470053925704913,0.2951388888888889,0.6500000000000001,15,15,44
augmentation,hq_plus_a_b_c_d_e,HQ + A+B+C+D+E,grouped_route,per_family_2,2 groups per family,logistic,repeat_11_fold_03,11,3,0.35714285714285715,0.26515151515151514,0.22907293595260633,0.33396946564885494,0.30000000000000004,15,10,39
augmentation,hq_plus_a_b_c_d_e,HQ + A+B+C+D+E,grouped_route,per_family_2,2 groups per family,xgb1,repeat_11_fold_03,11,3,0.2923076923076923,0.2878787878787879,0.21208424552908692,0.29141104294478526,0.7200000000000002,15,10,39
augmentation,hq_plus_a_b_c_d_e,HQ + A+B+C+D+E,raw_comparison,per_family_3,3 groups per family,logistic,repeat_11_fold_03,11,3,0.3211009174311927,0.26515151515151514,0.23536944905276275,0.30809859154929575,0.28,15,15,44
augmentation,hq_plus_a_b_c_d_e,HQ + A+B+C+D+E,raw_comparison,per_family_3,3 groups per family,xgb1,repeat_11_fold_03,11,3,0.2786885245901639,0.38636363636363635,0.21470053925704913,0.2951388888888889,0.6500000000000001,15,15,44
augmentation,hq_plus_a_b_c_d_e,HQ + A+B+C+D+E,grouped_route,per_family_3,3 groups per family,logistic,repeat_11_fold_03,11,3,0.33035714285714285,0.2803030303030303,0.233896885524659,0.31896551724137934,0.27,15,13,42
augmentation,hq_plus_a_b_c_d_e,HQ + A+B+C+D+E,grouped_route,per_family_3,3 groups per family,xgb1,repeat_11_fold_03,11,3,0.296875,0.2878787878787879,0.2173726936015519,0.2950310559006211,0.7300000000000002,15,13,42
augmentation,hq_plus_b_c_d_e_f,HQ + B+C+D+E+F,raw_comparison,per_family_2,2 groups per family,logistic,repeat_11_fold_03,11,3,0.25,0.20454545454545456,0.1762188878855607,0.2393617021276596,0.24000000000000005,16,16,45
augmentation,hq_plus_b_c_d_e_f,HQ + B+C+D+E+F,raw_comparison,per_family_2,2 groups per family,xgb1,repeat_11_fold_03,11,3,0.175,0.1590909090909091,0.15876925686304807,0.1715686274509804,0.6700000000000002,16,16,45
augmentation,hq_plus_b_c_d_e_f,HQ + B+C+D+E+F,grouped_route,per_family_2,2 groups per family,logistic,repeat_11_fold_03,11,3,0.23404255319148937,0.16666666666666666,0.17241973456646856,0.21653543307086615,0.25000000000000006,16,10,39
augmentation,hq_plus_b_c_d_e_f,HQ + B+C+D+E+F,grouped_route,per_family_2,2 groups per family,xgb1,repeat_11_fold_03,11,3,0.20652173913043478,0.14393939393939395,0.1595381718934556,0.19,0.7000000000000002,16,10,39
augmentation,hq_plus_b_c_d_e_f,HQ + B+C+D+E+F,raw_comparison,per_family_3,3 groups per family,logistic,repeat_11_fold_03,11,3,0.25,0.20454545454545456,0.1762188878855607,0.2393617021276596,0.24000000000000005,16,16,45
augmentation,hq_plus_b_c_d_e_f,HQ + B+C+D+E+F,raw_comparison,per_family_3,3 groups per family,xgb1,repeat_11_fold_03,11,3,0.175,0.1590909090909091,0.15876925686304807,0.1715686274509804,0.6700000000000002,16,16,45
augmentation,hq_plus_b_c_d_e_f,HQ + B+C+D+E+F,grouped_route,per_family_3,3 groups per family,logistic,repeat_11_fold_03,11,3,0.22131147540983606,0.20454545454545456,0.173596154924393,0.21774193548387097,0.21000000000000002,16,13,42
augmentation,hq_plus_b_c_d_e_f,HQ + B+C+D+E+F,grouped_route,per_family_3,3 groups per family,xgb1,repeat_11_fold_03,11,3,0.17777777777777778,0.18181818181818182,0.15835443140601058,0.17857142857142858,0.6600000000000001,16,13,42
competition,hq_only,HQ,raw_comparison,total_groups_6,6 total groups,logistic,repeat_11_fold_03,11,3,0.19540229885057472,0.12878787878787878,0.16022641662447495,0.17708333333333334,0.22000000000000003,29,29,29
competition,hq_only,HQ,raw_comparison,total_groups_6,6 total groups,xgb1,repeat_11_fold_03,11,3,0.2222222222222222,0.12121212121212122,0.16137012228217323,0.19047619047619047,0.7400000000000002,29,29,29
competition,hq_only,HQ,grouped_route,total_groups_6,6 total groups,logistic,repeat_11_fold_03,11,3,0.25757575757575757,0.12878787878787878,0.15524073494672802,0.21464646464646464,0.21000000000000002,29,6,6
competition,hq_only,HQ,grouped_route,total_groups_6,6 total groups,xgb1,repeat_11_fold_03,11,3,0.2087912087912088,0.14393939393939395,0.1525159687998363,0.19153225806451613,0.6800000000000002,29,6,6
competition,hq_plus_a,HQ + A,raw_comparison,total_groups_6,6 total groups,logistic,repeat_11_fold_03,11,3,0.3235294117647059,0.25,0.2224756209468081,0.3055555555555556,0.29000000000000004,34,34,34
competition,hq_plus_a,HQ + A,raw_comparison,total_groups_6,6 total groups,xgb1,repeat_11_fold_03,11,3,0.3053435114503817,0.30303030303030304,0.2173444523806139,0.3048780487804878,0.7300000000000002,34,34,34
competition,hq_plus_a,HQ + A,grouped_route,total_groups_6,6 total groups,logistic,repeat_11_fold_03,11,3,0.3023255813953488,0.29545454545454547,0.2098667934977383,0.30092592592592593,0.19,34,6,6
competition,hq_plus_a,HQ + A,grouped_route,total_groups_6,6 total groups,xgb1,repeat_11_fold_03,11,3,0.2980769230769231,0.23484848484848486,0.20276128507575958,0.28284671532846717,0.7800000000000001,34,6,6
competition,hq_plus_f,HQ + F,raw_comparison,total_groups_6,6 total groups,logistic,repeat_11_fold_03,11,3,0.21367521367521367,0.1893939393939394,0.1672681545185551,0.20833333333333334,0.2,35,35,35
competition,hq_plus_f,HQ + F,raw_comparison,total_groups_6,6 total groups,xgb1,repeat_11_fold_03,11,3,0.19327731092436976,0.17424242424242425,0.15513741521751662,0.18914473684210525,0.6700000000000002,35,35,35
competition,hq_plus_f,HQ + F,grouped_route,total_groups_6,6 total groups,logistic,repeat_11_fold_03,11,3,0.20567375886524822,0.2196969696969697,0.15937246730032908,0.20833333333333334,0.16000000000000003,35,6,6
competition,hq_plus_f,HQ + F,grouped_route,total_groups_6,6 total groups,xgb1,repeat_11_fold_03,11,3,0.2014388489208633,0.21212121212121213,0.160189890131041,0.20348837209302326,0.6800000000000002,35,6,6
competition,hq_plus_a_b_c_d_e,HQ + A+B+C+D+E,raw_comparison,total_groups_6,6 total groups,logistic,repeat_11_fold_03,11,3,0.3211009174311927,0.26515151515151514,0.23536944905276275,0.30809859154929575,0.28,44,44,44
competition,hq_plus_a_b_c_d_e,HQ + A+B+C+D+E,raw_comparison,total_groups_6,6 total groups,xgb1,repeat_11_fold_03,11,3,0.2786885245901639,0.38636363636363635,0.21470053925704913,0.2951388888888889,0.6500000000000001,44,44,44
competition,hq_plus_a_b_c_d_e,HQ + A+B+C+D+E,grouped_route,total_groups_6,6 total groups,logistic,repeat_11_fold_03,11,3,0.2235294117647059,0.14393939393939395,0.17025729251153823,0.20127118644067796,0.2,44,6,6
competition,hq_plus_a_b_c_d_e,HQ + A+B+C+D+E,grouped_route,total_groups_6,6 total groups,xgb1,repeat_11_fold_03,11,3,0.25742574257425743,0.19696969696969696,0.16577995607060414,0.24253731343283583,0.7500000000000002,44,6,6
competition,hq_plus_b_c_d_e_f,HQ + B+C+D+E+F,raw_comparison,total_groups_6,6 total groups,logistic,repeat_11_fold_03,11,3,0.25,0.20454545454545456,0.1762188878855607,0.2393617021276596,0.24000000000000005,45,45,45
competition,hq_plus_b_c_d_e_f,HQ + B+C+D+E+F,raw_comparison,total_groups_6,6 total groups,xgb1,repeat_11_fold_03,11,3,0.175,0.1590909090909091,0.15876925686304807,0.1715686274509804,0.6700000000000002,45,45,45
competition,hq_plus_b_c_d_e_f,HQ + B+C+D+E+F,grouped_route,total_groups_6,6 total groups,logistic,repeat_11_fold_03,11,3,0.19469026548672566,0.16666666666666666,0.15385179067008042,0.18835616438356165,0.16000000000000003,45,6,6
competition,hq_plus_b_c_d_e_f,HQ + B+C+D+E+F,grouped_route,total_groups_6,6 total groups,xgb1,repeat_11_fold_03,11,3,0.21505376344086022,0.15151515151515152,0.15271494306643602,0.1984126984126984,0.7100000000000002,45,6,6
augmentation,hq_plus_a,HQ + A,raw_comparison,per_family_2,2 groups per family,logistic,repeat_12_fold_01,12,1,0.33076923076923076,0.32575757575757575,0.2286738188726897,0.32975460122699385,0.26000000000000006,5,5,34
augmentation,hq_plus_a,HQ + A,raw_comparison,per_family_2,2 groups per family,xgb1,repeat_12_fold_01,12,1,0.29906542056074764,0.24242424242424243,0.242134780929531,0.2857142857142857,0.7400000000000002,5,5,34
augmentation,hq_plus_a,HQ + A,grouped_route,per_family_2,2 groups per family,logistic,repeat_12_fold_01,12,1,0.2900763358778626,0.2878787878787879,0.22012673009591716,0.2896341463414634,0.23000000000000004,5,2,31
augmentation,hq_plus_a,HQ + A,grouped_route,per_family_2,2 groups per family,xgb1,repeat_12_fold_01,12,1,0.3333333333333333,0.25757575757575757,0.24522450115487443,0.3148148148148148,0.7400000000000002,5,2,31
augmentation,hq_plus_a,HQ + A,raw_comparison,per_family_3,3 groups per family,logistic,repeat_12_fold_01,12,1,0.33076923076923076,0.32575757575757575,0.2286738188726897,0.32975460122699385,0.26000000000000006,5,5,34
augmentation,hq_plus_a,HQ + A,raw_comparison,per_family_3,3 groups per family,xgb1,repeat_12_fold_01,12,1,0.29906542056074764,0.24242424242424243,0.242134780929531,0.2857142857142857,0.7400000000000002,5,5,34
augmentation,hq_plus_a,HQ + A,grouped_route,per_family_3,3 groups per family,logistic,repeat_12_fold_01,12,1,0.336734693877551,0.25,0.2279214981913569,0.3148854961832061,0.32000000000000006,5,3,32
augmentation,hq_plus_a,HQ + A,grouped_route,per_family_3,3 groups per family,xgb1,repeat_12_fold_01,12,1,0.3469387755102041,0.25757575757575757,0.24585949420850423,0.3244274809160305,0.7500000000000002,5,3,32
augmentation,hq_plus_f,HQ + F,raw_comparison,per_family_2,2 groups per family,logistic,repeat_12_fold_01,12,1,0.22857142857142856,0.18181818181818182,0.16939889430945038,0.21739130434782608,0.23000000000000004,6,6,35
augmentation,hq_plus_f,HQ + F,raw_comparison,per_family_2,2 groups per family,xgb1,repeat_12_fold_01,12,1,0.23076923076923078,0.13636363636363635,0.16829973126314757,0.20270270270270271,0.7600000000000002,6,6,35
augmentation,hq_plus_f,HQ + F,grouped_route,per_family_2,2 groups per family,logistic,repeat_12_fold_01,12,1,0.2702702702702703,0.15151515151515152,0.16617961751849364,0.2336448598130841,0.25000000000000006,6,2,31
augmentation,hq_plus_f,HQ + F,grouped_route,per_family_2,2 groups per family,xgb1,repeat_12_fold_01,12,1,0.21978021978021978,0.15151515151515152,0.168667726515175,0.20161290322580644,0.7300000000000002,6,2,31
augmentation,hq_plus_f,HQ + F,raw_comparison,per_family_3,3 groups per family,logistic,repeat_12_fold_01,12,1,0.22857142857142856,0.18181818181818182,0.16939889430945038,0.21739130434782608,0.23000000000000004,6,6,35
augmentation,hq_plus_f,HQ + F,raw_comparison,per_family_3,3 groups per family,xgb1,repeat_12_fold_01,12,1,0.23076923076923078,0.13636363636363635,0.16829973126314757,0.20270270270270271,0.7600000000000002,6,6,35
augmentation,hq_plus_f,HQ + F,grouped_route,per_family_3,3 groups per family,logistic,repeat_12_fold_01,12,1,0.26666666666666666,0.15151515151515152,0.16639608343531914,0.23148148148148148,0.25000000000000006,6,3,32
augmentation,hq_plus_f,HQ + F,grouped_route,per_family_3,3 groups per family,xgb1,repeat_12_fold_01,12,1,0.22077922077922077,0.12878787878787878,0.16917649474483268,0.19318181818181818,0.7600000000000002,6,3,32
augmentation,hq_plus_a_b_c_d_e,HQ + A+B+C+D+E,raw_comparison,per_family_2,2 groups per family,logistic,repeat_12_fold_01,12,1,0.3300970873786408,0.25757575757575757,0.24136916384237406,0.3125,0.31000000000000005,15,15,44
augmentation,hq_plus_a_b_c_d_e,HQ + A+B+C+D+E,raw_comparison,per_family_2,2 groups per family,xgb1,repeat_12_fold_01,12,1,0.29896907216494845,0.2196969696969697,0.2416088753396046,0.27884615384615385,0.7500000000000002,15,15,44
augmentation,hq_plus_a_b_c_d_e,HQ + A+B+C+D+E,grouped_route,per_family_2,2 groups per family,logistic,repeat_12_fold_01,12,1,0.3404255319148936,0.24242424242424243,0.234842615631446,0.31496062992125984,0.31000000000000005,15,10,39
augmentation,hq_plus_a_b_c_d_e,HQ + A+B+C+D+E,grouped_route,per_family_2,2 groups per family,xgb1,repeat_12_fold_01,12,1,0.32967032967032966,0.22727272727272727,0.24678403116112396,0.3024193548387097,0.7500000000000002,15,10,39
augmentation,hq_plus_a_b_c_d_e,HQ + A+B+C+D+E,raw_comparison,per_family_3,3 groups per family,logistic,repeat_12_fold_01,12,1,0.3300970873786408,0.25757575757575757,0.24136916384237406,0.3125,0.31000000000000005,15,15,44
augmentation,hq_plus_a_b_c_d_e,HQ + A+B+C+D+E,raw_comparison,per_family_3,3 groups per family,xgb1,repeat_12_fold_01,12,1,0.29896907216494845,0.2196969696969697,0.2416088753396046,0.27884615384615385,0.7500000000000002,15,15,44
augmentation,hq_plus_a_b_c_d_e,HQ + A+B+C+D+E,grouped_route,per_family_3,3 groups per family,logistic,repeat_12_fold_01,12,1,0.312,0.29545454545454547,0.2390893281421324,0.30854430379746833,0.27,15,13,42
augmentation,hq_plus_a_b_c_d_e,HQ + A+B+C+D+E,grouped_route,per_family_3,3 groups per family,xgb1,repeat_12_fold_01,12,1,0.34408602150537637,0.24242424242424243,0.2460764384627549,0.31746031746031744,0.7500000000000002,15,13,42
augmentation,hq_plus_b_c_d_e_f,HQ + B+C+D+E+F,raw_comparison,per_family_2,2 groups per family,logistic,repeat_12_fold_01,12,1,0.2426470588235294,0.25,0.18553668696357273,0.2440828402366864,0.2,16,16,45
augmentation,hq_plus_b_c_d_e_f,HQ + B+C+D+E+F,raw_comparison,per_family_2,2 groups per family,xgb1,repeat_12_fold_01,12,1,0.23863636363636365,0.1590909090909091,0.173878848321878,0.21694214876033058,0.7200000000000002,16,16,45
augmentation,hq_plus_b_c_d_e_f,HQ + B+C+D+E+F,grouped_route,per_family_2,2 groups per family,logistic,repeat_12_fold_01,12,1,0.26,0.19696969696969696,0.1819279674446269,0.24436090225563908,0.23000000000000004,16,10,39
augmentation,hq_plus_b_c_d_e_f,HQ + B+C+D+E+F,grouped_route,per_family_2,2 groups per family,xgb1,repeat_12_fold_01,12,1,0.24324324324324326,0.13636363636363635,0.17446308046258008,0.2102803738317757,0.7500000000000002,16,10,39
augmentation,hq_plus_b_c_d_e_f,HQ + B+C+D+E+F,raw_comparison,per_family_3,3 groups per family,logistic,repeat_12_fold_01,12,1,0.2426470588235294,0.25,0.18553668696357273,0.2440828402366864,0.2,16,16,45
augmentation,hq_plus_b_c_d_e_f,HQ + B+C+D+E+F,raw_comparison,per_family_3,3 groups per family,xgb1,repeat_12_fold_01,12,1,0.23863636363636365,0.1590909090909091,0.173878848321878,0.21694214876033058,0.7200000000000002,16,16,45
augmentation,hq_plus_b_c_d_e_f,HQ + B+C+D+E+F,grouped_route,per_family_3,3 groups per family,logistic,repeat_12_fold_01,12,1,0.2549019607843137,0.19696969696969696,0.18197255894231268,0.24074074074074073,0.23000000000000004,16,13,42
augmentation,hq_plus_b_c_d_e_f,HQ + B+C+D+E+F,grouped_route,per_family_3,3 groups per family,xgb1,repeat_12_fold_01,12,1,0.25,0.18181818181818182,0.17332050099080898,0.23255813953488372,0.7200000000000002,16,13,42
competition,hq_only,HQ,raw_comparison,total_groups_6,6 total groups,logistic,repeat_12_fold_01,12,1,0.24,0.13636363636363635,0.16030563652066293,0.20833333333333334,0.26000000000000006,29,29,29
competition,hq_only,HQ,raw_comparison,total_groups_6,6 total groups,xgb1,repeat_12_fold_01,12,1,0.288135593220339,0.12878787878787878,0.16681678077997844,0.23097826086956522,0.8000000000000002,29,29,29
competition,hq_only,HQ,grouped_route,total_groups_6,6 total groups,logistic,repeat_12_fold_01,12,1,0.265625,0.12878787878787878,0.16849154566952856,0.2190721649484536,0.24000000000000005,29,6,6
competition,hq_only,HQ,grouped_route,total_groups_6,6 total groups,xgb1,repeat_12_fold_01,12,1,0.23255813953488372,0.15151515151515152,0.16622477724758694,0.21008403361344538,0.7200000000000002,29,6,6
competition,hq_plus_a,HQ + A,raw_comparison,total_groups_6,6 total groups,logistic,repeat_12_fold_01,12,1,0.33076923076923076,0.32575757575757575,0.2286738188726897,0.32975460122699385,0.26000000000000006,34,34,34
competition,hq_plus_a,HQ + A,raw_comparison,total_groups_6,6 total groups,xgb1,repeat_12_fold_01,12,1,0.29906542056074764,0.24242424242424243,0.242134780929531,0.2857142857142857,0.7400000000000002,34,34,34
competition,hq_plus_a,HQ + A,grouped_route,total_groups_6,6 total groups,logistic,repeat_12_fold_01,12,1,0.3411764705882353,0.2196969696969697,0.23172165663679845,0.3072033898305085,0.27,34,6,6
competition,hq_plus_a,HQ + A,grouped_route,total_groups_6,6 total groups,xgb1,repeat_12_fold_01,12,1,0.325,0.29545454545454547,0.22856486969224477,0.31862745098039214,0.7500000000000002,34,6,6
competition,hq_plus_f,HQ + F,raw_comparison,total_groups_6,6 total groups,logistic,repeat_12_fold_01,12,1,0.22857142857142856,0.18181818181818182,0.16939889430945038,0.21739130434782608,0.23000000000000004,35,35,35
competition,hq_plus_f,HQ + F,raw_comparison,total_groups_6,6 total groups,xgb1,repeat_12_fold_01,12,1,0.23076923076923078,0.13636363636363635,0.16829973126314757,0.20270270270270271,0.7600000000000002,35,35,35
competition,hq_plus_f,HQ + F,grouped_route,total_groups_6,6 total groups,logistic,repeat_12_fold_01,12,1,0.24719101123595505,0.16666666666666666,0.16701774619752738,0.22540983606557377,0.2,35,6,6
competition,hq_plus_f,HQ + F,grouped_route,total_groups_6,6 total groups,xgb1,repeat_12_fold_01,12,1,0.27,0.20454545454545456,0.17332075509360387,0.25375939849624063,0.7100000000000002,35,6,6
competition,hq_plus_a_b_c_d_e,HQ + A+B+C+D+E,raw_comparison,total_groups_6,6 total groups,logistic,repeat_12_fold_01,12,1,0.3300970873786408,0.25757575757575757,0.24136916384237406,0.3125,0.31000000000000005,44,44,44
competition,hq_plus_a_b_c_d_e,HQ + A+B+C+D+E,raw_comparison,total_groups_6,6 total groups,xgb1,repeat_12_fold_01,12,1,0.29896907216494845,0.2196969696969697,0.2416088753396046,0.27884615384615385,0.7500000000000002,44,44,44
competition,hq_plus_a_b_c_d_e,HQ + A+B+C+D+E,grouped_route,total_groups_6,6 total groups,logistic,repeat_12_fold_01,12,1,0.3333333333333333,0.20454545454545456,0.23439399929092425,0.29605263157894735,0.30000000000000004,44,6,6
competition,hq_plus_a_b_c_d_e,HQ + A+B+C+D+E,grouped_route,total_groups_6,6 total groups,xgb1,repeat_12_fold_01,12,1,0.2698412698412698,0.25757575757575757,0.22803056898286791,0.2672955974842767,0.7600000000000002,44,6,6
competition,hq_plus_b_c_d_e_f,HQ + B+C+D+E+F,raw_comparison,total_groups_6,6 total groups,logistic,repeat_12_fold_01,12,1,0.2426470588235294,0.25,0.18553668696357273,0.2440828402366864,0.2,45,45,45
competition,hq_plus_b_c_d_e_f,HQ + B+C+D+E+F,raw_comparison,total_groups_6,6 total groups,xgb1,repeat_12_fold_01,12,1,0.23863636363636365,0.1590909090909091,0.173878848321878,0.21694214876033058,0.7200000000000002,45,45,45
competition,hq_plus_b_c_d_e_f,HQ + B+C+D+E+F,grouped_route,total_groups_6,6 total groups,logistic,repeat_12_fold_01,12,1,0.24175824175824176,0.16666666666666666,0.16458298027424434,0.2217741935483871,0.2,45,6,6
competition,hq_plus_b_c_d_e_f,HQ + B+C+D+E+F,grouped_route,total_groups_6,6 total groups,xgb1,repeat_12_fold_01,12,1,0.2641509433962264,0.10606060606060606,0.16628733105897414,0.20348837209302326,0.7900000000000001,45,6,6
augmentation,hq_plus_a,HQ + A,raw_comparison,per_family_2,2 groups per family,logistic,repeat_12_fold_02,12,2,0.2872340425531915,0.20454545454545456,0.20726156096909823,0.265748031496063,0.28,5,5,34
augmentation,hq_plus_a,HQ + A,raw_comparison,per_family_2,2 groups per family,xgb1,repeat_12_fold_02,12,2,0.28225806451612906,0.26515151515151514,0.20577580515845123,0.2786624203821656,0.7200000000000002,5,5,34
augmentation,hq_plus_a,HQ + A,grouped_route,per_family_2,2 groups per family,logistic,repeat_12_fold_02,12,2,0.26666666666666666,0.3333333333333333,0.1963615097237616,0.2777777777777778,0.19,5,2,31
augmentation,hq_plus_a,HQ + A,grouped_route,per_family_2,2 groups per family,xgb1,repeat_12_fold_02,12,2,0.2698412698412698,0.25757575757575757,0.1996136836036031,0.2672955974842767,0.7300000000000002,5,2,31
augmentation,hq_plus_a,HQ + A,raw_comparison,per_family_3,3 groups per family,logistic,repeat_12_fold_02,12,2,0.2872340425531915,0.20454545454545456,0.20726156096909823,0.265748031496063,0.28,5,5,34
augmentation,hq_plus_a,HQ + A,raw_comparison,per_family_3,3 groups per family,xgb1,repeat_12_fold_02,12,2,0.28225806451612906,0.26515151515151514,0.20577580515845123,0.2786624203821656,0.7200000000000002,5,5,34
augmentation,hq_plus_a,HQ + A,grouped_route,per_family_3,3 groups per family,logistic,repeat_12_fold_02,12,2,0.2891566265060241,0.18181818181818182,0.20689028648824165,0.25862068965517243,0.31000000000000005,5,3,32
augmentation,hq_plus_a,HQ + A,grouped_route,per_family_3,3 groups per family,xgb1,repeat_12_fold_02,12,2,0.25280898876404495,0.3409090909090909,0.2023678497382737,0.2665876777251185,0.6500000000000001,5,3,32
augmentation,hq_plus_f,HQ + F,raw_comparison,per_family_2,2 groups per family,logistic,repeat_12_fold_02,12,2,0.19753086419753085,0.12121212121212122,0.15497210691086263,0.17543859649122806,0.22000000000000003,6,6,35
augmentation,hq_plus_f,HQ + F,raw_comparison,per_family_2,2 groups per family,xgb1,repeat_12_fold_02,12,2,0.13953488372093023,0.045454545454545456,0.15814856987514142,0.09868421052631579,0.7800000000000001,6,6,35
augmentation,hq_plus_f,HQ + F,grouped_route,per_family_2,2 groups per family,logistic,repeat_12_fold_02,12,2,0.21212121212121213,0.10606060606060606,0.15327712476441488,0.17676767676767677,0.24000000000000005,6,2,31
augmentation,hq_plus_f,HQ + F,grouped_route,per_family_2,2 groups per family,xgb1,repeat_12_fold_02,12,2,0.1590909090909091,0.05303030303030303,0.1577620346410385,0.11363636363636363,0.7800000000000001,6,2,31
augmentation,hq_plus_f,HQ + F,raw_comparison,per_family_3,3 groups per family,logistic,repeat_12_fold_02,12,2,0.19753086419753085,0.12121212121212122,0.15497210691086263,0.17543859649122806,0.22000000000000003,6,6,35
augmentation,hq_plus_f,HQ + F,raw_comparison,per_family_3,3 groups per family,xgb1,repeat_12_fold_02,12,2,0.13953488372093023,0.045454545454545456,0.15814856987514142,0.09868421052631579,0.7800000000000001,6,6,35
augmentation,hq_plus_f,HQ + F,grouped_route,per_family_3,3 groups per family,logistic,repeat_12_fold_02,12,2,0.2112676056338028,0.11363636363636363,0.15336748409607912,0.18028846153846154,0.23000000000000004,6,3,32
augmentation,hq_plus_f,HQ + F,grouped_route,per_family_3,3 groups per family,xgb1,repeat_12_fold_02,12,2,0.13953488372093023,0.045454545454545456,0.15840627476788505,0.09868421052631579,0.7900000000000001,6,3,32
augmentation,hq_plus_a_b_c_d_e,HQ + A+B+C+D+E,raw_comparison,per_family_2,2 groups per family,logistic,repeat_12_fold_02,12,2,0.29464285714285715,0.25,0.20393078846577076,0.28448275862068967,0.26000000000000006,15,15,44
augmentation,hq_plus_a_b_c_d_e,HQ + A+B+C+D+E,raw_comparison,per_family_2,2 groups per family,xgb1,repeat_12_fold_02,12,2,0.26515151515151514,0.26515151515151514,0.20331206543827102,0.26515151515151514,0.7100000000000002,15,15,44
augmentation,hq_plus_a_b_c_d_e,HQ + A+B+C+D+E,grouped_route,per_family_2,2 groups per family,logistic,repeat_12_fold_02,12,2,0.3148148148148148,0.25757575757575757,0.19716255513183184,0.30141843971631205,0.27,15,10,39
augmentation,hq_plus_a_b_c_d_e,HQ + A+B+C+D+E,grouped_route,per_family_2,2 groups per family,xgb1,repeat_12_fold_02,12,2,0.2672413793103448,0.23484848484848486,0.19844509428990503,0.2600671140939597,0.7500000000000002,15,10,39
augmentation,hq_plus_a_b_c_d_e,HQ + A+B+C+D+E,raw_comparison,per_family_3,3 groups per family,logistic,repeat_12_fold_02,12,2,0.29464285714285715,0.25,0.20393078846577076,0.28448275862068967,0.26000000000000006,15,15,44
augmentation,hq_plus_a_b_c_d_e,HQ + A+B+C+D+E,raw_comparison,per_family_3,3 groups per family,xgb1,repeat_12_fold_02,12,2,0.26515151515151514,0.26515151515151514,0.20331206543827102,0.26515151515151514,0.7100000000000002,15,15,44
augmentation,hq_plus_a_b_c_d_e,HQ + A+B+C+D+E,grouped_route,per_family_3,3 groups per family,logistic,repeat_12_fold_02,12,2,0.2900763358778626,0.2878787878787879,0.2033337100575988,0.2896341463414634,0.23000000000000004,15,13,42
augmentation,hq_plus_a_b_c_d_e,HQ + A+B+C+D+E,grouped_route,per_family_3,3 groups per family,xgb1,repeat_12_fold_02,12,2,0.2920353982300885,0.25,0.19971026472435244,0.2825342465753425,0.7400000000000002,15,13,42
augmentation,hq_plus_b_c_d_e_f,HQ + B+C+D+E+F,raw_comparison,per_family_2,2 groups per family,logistic,repeat_12_fold_02,12,2,0.21518987341772153,0.12878787878787878,0.15424562927569968,0.18973214285714285,0.26000000000000006,16,16,45
augmentation,hq_plus_b_c_d_e_f,HQ + B+C+D+E+F,raw_comparison,per_family_2,2 groups per family,xgb1,repeat_12_fold_02,12,2,0.19444444444444445,0.10606060606060606,0.16270894963654342,0.16666666666666666,0.7100000000000002,16,16,45
augmentation,hq_plus_b_c_d_e_f,HQ + B+C+D+E+F,grouped_route,per_family_2,2 groups per family,logistic,repeat_12_fold_02,12,2,0.20987654320987653,0.12878787878787878,0.15263790351020914,0.18640350877192982,0.25000000000000006,16,10,39
augmentation,hq_plus_b_c_d_e_f,HQ + B+C+D+E+F,grouped_route,per_family_2,2 groups per family,xgb1,repeat_12_fold_02,12,2,0.1694915254237288,0.07575757575757576,0.16317751251125015,0.1358695652173913,0.7300000000000002,16,10,39
augmentation,hq_plus_b_c_d_e_f,HQ + B+C+D+E+F,raw_comparison,per_family_3,3 groups per family,logistic,repeat_12_fold_02,12,2,0.21518987341772153,0.12878787878787878,0.15424562927569968,0.18973214285714285,0.26000000000000006,16,16,45
augmentation,hq_plus_b_c_d_e_f,HQ + B+C+D+E+F,raw_comparison,per_family_3,3 groups per family,xgb1,repeat_12_fold_02,12,2,0.19444444444444445,0.10606060606060606,0.16270894963654342,0.16666666666666666,0.7100000000000002,16,16,45
augmentation,hq_plus_b_c_d_e_f,HQ + B+C+D+E+F,grouped_route,per_family_3,3 groups per family,logistic,repeat_12_fold_02,12,2,0.19444444444444445,0.10606060606060606,0.15270821760802206,0.16666666666666666,0.27,16,13,42
augmentation,hq_plus_b_c_d_e_f,HQ + B+C+D+E+F,grouped_route,per_family_3,3 groups per family,xgb1,repeat_12_fold_02,12,2,0.18571428571428572,0.09848484848484848,0.1649317841791545,0.15776699029126215,0.7100000000000002,16,13,42
competition,hq_only,HQ,raw_comparison,total_groups_6,6 total groups,logistic,repeat_12_fold_02,12,2,0.14285714285714285,0.05303030303030303,0.1475922182785384,0.10670731707317073,0.26000000000000006,29,29,29
competition,hq_only,HQ,raw_comparison,total_groups_6,6 total groups,xgb1,repeat_12_fold_02,12,2,0.18181818181818182,0.09090909090909091,0.14972592577817195,0.15151515151515152,0.7300000000000002,29,29,29
competition,hq_only,HQ,grouped_route,total_groups_6,6 total groups,logistic,repeat_12_fold_02,12,2,0.17647058823529413,0.06818181818181818,0.14482343793622937,0.13392857142857142,0.2,29,6,6
competition,hq_only,HQ,grouped_route,total_groups_6,6 total groups,xgb1,repeat_12_fold_02,12,2,0.17857142857142858,0.11363636363636363,0.1406192587209992,0.16025641025641027,0.6900000000000002,29,6,6
competition,hq_plus_a,HQ + A,raw_comparison,total_groups_6,6 total groups,logistic,repeat_12_fold_02,12,2,0.2872340425531915,0.20454545454545456,0.20726156096909823,0.265748031496063,0.28,34,34,34
competition,hq_plus_a,HQ + A,raw_comparison,total_groups_6,6 total groups,xgb1,repeat_12_fold_02,12,2,0.28225806451612906,0.26515151515151514,0.20577580515845123,0.2786624203821656,0.7200000000000002,34,34,34
competition,hq_plus_a,HQ + A,grouped_route,total_groups_6,6 total groups,logistic,repeat_12_fold_02,12,2,0.27906976744186046,0.2727272727272727,0.18805753097836014,0.2777777777777778,0.19,34,6,6
competition,hq_plus_a,HQ + A,grouped_route,total_groups_6,6 total groups,xgb1,repeat_12_fold_02,12,2,0.25,0.2196969696969697,0.18825342972174552,0.24328859060402686,0.7600000000000002,34,6,6
competition,hq_plus_f,HQ + F,raw_comparison,total_groups_6,6 total groups,logistic,repeat_12_fold_02,12,2,0.19753086419753085,0.12121212121212122,0.15497210691086263,0.17543859649122806,0.22000000000000003,35,35,35
competition,hq_plus_f,HQ + F,raw_comparison,total_groups_6,6 total groups,xgb1,repeat_12_fold_02,12,2,0.13953488372093023,0.045454545454545456,0.15814856987514142,0.09868421052631579,0.7800000000000001,35,35,35
competition,hq_plus_f,HQ + F,grouped_route,total_groups_6,6 total groups,logistic,repeat_12_fold_02,12,2,0.17073170731707318,0.10606060606060606,0.1454614073476887,0.15217391304347827,0.17000000000000004,35,6,6
competition,hq_plus_f,HQ + F,grouped_route,total_groups_6,6 total groups,xgb1,repeat_12_fold_02,12,2,0.15492957746478872,0.08333333333333333,0.14579394152270853,0.13221153846153846,0.7000000000000002,35,6,6
competition,hq_plus_a_b_c_d_e,HQ + A+B+C+D+E,raw_comparison,total_groups_6,6 total groups,logistic,repeat_12_fold_02,12,2,0.29464285714285715,0.25,0.20393078846577076,0.28448275862068967,0.26000000000000006,44,44,44
competition,hq_plus_a_b_c_d_e,HQ + A+B+C+D+E,raw_comparison,total_groups_6,6 total groups,xgb1,repeat_12_fold_02,12,2,0.26515151515151514,0.26515151515151514,0.20331206543827102,0.26515151515151514,0.7100000000000002,44,44,44
competition,hq_plus_a_b_c_d_e,HQ + A+B+C+D+E,grouped_route,total_groups_6,6 total groups,logistic,repeat_12_fold_02,12,2,0.2708333333333333,0.29545454545454547,0.17544123705502118,0.2754237288135593,0.17000000000000004,44,6,6
competition,hq_plus_a_b_c_d_e,HQ + A+B+C+D+E,grouped_route,total_groups_6,6 total groups,xgb1,repeat_12_fold_02,12,2,0.27956989247311825,0.19696969696969696,0.17877110690188625,0.25793650793650796,0.7900000000000001,44,6,6
competition,hq_plus_b_c_d_e_f,HQ + B+C+D+E+F,raw_comparison,total_groups_6,6 total groups,logistic,repeat_12_fold_02,12,2,0.21518987341772153,0.12878787878787878,0.15424562927569968,0.18973214285714285,0.26000000000000006,45,45,45
competition,hq_plus_b_c_d_e_f,HQ + B+C+D+E+F,raw_comparison,total_groups_6,6 total groups,xgb1,repeat_12_fold_02,12,2,0.19444444444444445,0.10606060606060606,0.16270894963654342,0.16666666666666666,0.7100000000000002,45,45,45
competition,hq_plus_b_c_d_e_f,HQ + B+C+D+E+F,grouped_route,total_groups_6,6 total groups,logistic,repeat_12_fold_02,12,2,0.21153846153846154,0.16666666666666666,0.15174780497283835,0.20072992700729927,0.17000000000000004,45,6,6
competition,hq_plus_b_c_d_e_f,HQ + B+C+D+E+F,grouped_route,total_groups_6,6 total groups,xgb1,repeat_12_fold_02,12,2,0.1791044776119403,0.09090909090909091,0.14762935706909547,0.15,0.7600000000000002,45,6,6
augmentation,hq_plus_a,HQ + A,raw_comparison,per_family_2,2 groups per family,logistic,repeat_12_fold_03,12,3,0.2864583333333333,0.4166666666666667,0.25164356961868556,0.3055555555555556,0.18000000000000005,5,5,34
augmentation,hq_plus_a,HQ + A,raw_comparison,per_family_2,2 groups per family,xgb1,repeat_12_fold_03,12,3,0.3263888888888889,0.3560606060606061,0.25561630677995945,0.3319209039548023,0.7000000000000002,5,5,34
augmentation,hq_plus_a,HQ + A,grouped_route,per_family_2,2 groups per family,logistic,repeat_12_fold_03,12,3,0.3584905660377358,0.2878787878787879,0.23849921128920695,0.34172661870503596,0.26000000000000006,5,2,31
augmentation,hq_plus_a,HQ + A,grouped_route,per_family_2,2 groups per family,xgb1,repeat_12_fold_03,12,3,0.34074074074074073,0.3484848484848485,0.2565390178068754,0.34226190476190477,0.7100000000000002,5,2,31
augmentation,hq_plus_a,HQ + A,raw_comparison,per_family_3,3 groups per family,logistic,repeat_12_fold_03,12,3,0.2864583333333333,0.4166666666666667,0.25164356961868556,0.3055555555555556,0.18000000000000005,5,5,34
augmentation,hq_plus_a,HQ + A,raw_comparison,per_family_3,3 groups per family,xgb1,repeat_12_fold_03,12,3,0.3263888888888889,0.3560606060606061,0.25561630677995945,0.3319209039548023,0.7000000000000002,5,5,34
augmentation,hq_plus_a,HQ + A,grouped_route,per_family_3,3 groups per family,logistic,repeat_12_fold_03,12,3,0.31097560975609756,0.38636363636363635,0.25172797467274083,0.3236040609137056,0.2,5,3,32
augmentation,hq_plus_a,HQ + A,grouped_route,per_family_3,3 groups per family,xgb1,repeat_12_fold_03,12,3,0.344,0.32575757575757575,0.2587594839404419,0.3401898734177215,0.7200000000000002,5,3,32
augmentation,hq_plus_f,HQ + F,raw_comparison,per_family_2,2 groups per family,logistic,repeat_12_fold_03,12,3,0.32323232323232326,0.24242424242424243,0.20980455744141613,0.30303030303030304,0.22000000000000003,6,6,35
augmentation,hq_plus_f,HQ + F,raw_comparison,per_family_2,2 groups per family,xgb1,repeat_12_fold_03,12,3,0.21518987341772153,0.38636363636363635,0.20521416497549852,0.2361111111111111,0.5900000000000002,6,6,35
augmentation,hq_plus_f,HQ + F,grouped_route,per_family_2,2 groups per family,logistic,repeat_12_fold_03,12,3,0.3229166666666667,0.23484848484848486,0.2052977279631202,0.3003875968992248,0.22000000000000003,6,2,31
augmentation,hq_plus_f,HQ + F,grouped_route,per_family_2,2 groups per family,xgb1,repeat_12_fold_03,12,3,0.22807017543859648,0.29545454545454547,0.20327217641115408,0.23897058823529413,0.6300000000000001,6,2,31
augmentation,hq_plus_f,HQ + F,raw_comparison,per_family_3,3 groups per family,logistic,repeat_12_fold_03,12,3,0.32323232323232326,0.24242424242424243,0.20980455744141613,0.30303030303030304,0.22000000000000003,6,6,35
augmentation,hq_plus_f,HQ + F,raw_comparison,per_family_3,3 groups per family,xgb1,repeat_12_fold_03,12,3,0.21518987341772153,0.38636363636363635,0.20521416497549852,0.2361111111111111,0.5900000000000002,6,6,35
augmentation,hq_plus_f,HQ + F,grouped_route,per_family_3,3 groups per family,logistic,repeat_12_fold_03,12,3,0.31,0.23484848484848486,0.2037795683240873,0.29135338345864664,0.22000000000000003,6,3,32
augmentation,hq_plus_f,HQ + F,grouped_route,per_family_3,3 groups per family,xgb1,repeat_12_fold_03,12,3,0.23563218390804597,0.3106060606060606,0.20375513681712412,0.24758454106280192,0.6300000000000001,6,3,32
augmentation,hq_plus_a_b_c_d_e,HQ + A+B+C+D+E,raw_comparison,per_family_2,2 groups per family,logistic,repeat_12_fold_03,12,3,0.31088082901554404,0.45454545454545453,0.26464874747177725,0.33185840707964603,0.19,15,15,44
augmentation,hq_plus_a_b_c_d_e,HQ + A+B+C+D+E,raw_comparison,per_family_2,2 groups per family,xgb1,repeat_12_fold_03,12,3,0.32867132867132864,0.3560606060606061,0.2584436710605613,0.3338068181818182,0.7100000000000002,15,15,44
augmentation,hq_plus_a_b_c_d_e,HQ + A+B+C+D+E,grouped_route,per_family_2,2 groups per family,logistic,repeat_12_fold_03,12,3,0.375,0.2727272727272727,0.2603578905495879,0.3488372093023256,0.32000000000000006,15,10,39
augmentation,hq_plus_a_b_c_d_e,HQ + A+B+C+D+E,grouped_route,per_family_2,2 groups per family,xgb1,repeat_12_fold_03,12,3,0.3284671532846715,0.3409090909090909,0.25841995398808215,0.33088235294117646,0.7100000000000002,15,10,39
augmentation,hq_plus_a_b_c_d_e,HQ + A+B+C+D+E,raw_comparison,per_family_3,3 groups per family,logistic,repeat_12_fold_03,12,3,0.31088082901554404,0.45454545454545453,0.26464874747177725,0.33185840707964603,0.19,15,15,44
augmentation,hq_plus_a_b_c_d_e,HQ + A+B+C+D+E,raw_comparison,per_family_3,3 groups per family,xgb1,repeat_12_fold_03,12,3,0.32867132867132864,0.3560606060606061,0.2584436710605613,0.3338068181818182,0.7100000000000002,15,15,44
augmentation,hq_plus_a_b_c_d_e,HQ + A+B+C+D+E,grouped_route,per_family_3,3 groups per family,logistic,repeat_12_fold_03,12,3,0.3218390804597701,0.42424242424242425,0.2655516700334786,0.33816425120772947,0.2,15,13,42
augmentation,hq_plus_a_b_c_d_e,HQ + A+B+C+D+E,grouped_route,per_family_3,3 groups per family,xgb1,repeat_12_fold_03,12,3,0.3284671532846715,0.3409090909090909,0.25857358924678486,0.33088235294117646,0.7000000000000002,15,13,42
augmentation,hq_plus_b_c_d_e_f,HQ + B+C+D+E+F,raw_comparison,per_family_2,2 groups per family,logistic,repeat_12_fold_03,12,3,0.28859060402684567,0.32575757575757575,0.22484265108819948,0.29532967032967034,0.21000000000000002,16,16,45
augmentation,hq_plus_b_c_d_e_f,HQ + B+C+D+E+F,raw_comparison,per_family_2,2 groups per family,xgb1,repeat_12_fold_03,12,3,0.22488038277511962,0.3560606060606061,0.2047380481098504,0.2427685950413223,0.6100000000000001,16,16,45
augmentation,hq_plus_b_c_d_e_f,HQ + B+C+D+E+F,grouped_route,per_family_2,2 groups per family,logistic,repeat_12_fold_03,12,3,0.3445378151260504,0.3106060606060606,0.22100463770199966,0.3371710526315789,0.23000000000000004,16,10,39
augmentation,hq_plus_b_c_d_e_f,HQ + B+C+D+E+F,grouped_route,per_family_2,2 groups per family,xgb1,repeat_12_fold_03,12,3,0.21777777777777776,0.3712121212121212,0.20645841260536896,0.2374031007751938,0.6000000000000002,16,10,39
augmentation,hq_plus_b_c_d_e_f,HQ + B+C+D+E+F,raw_comparison,per_family_3,3 groups per family,logistic,repeat_12_fold_03,12,3,0.28859060402684567,0.32575757575757575,0.22484265108819948,0.29532967032967034,0.21000000000000002,16,16,45
augmentation,hq_plus_b_c_d_e_f,HQ + B+C+D+E+F,raw_comparison,per_family_3,3 groups per family,xgb1,repeat_12_fold_03,12,3,0.22488038277511962,0.3560606060606061,0.2047380481098504,0.2427685950413223,0.6100000000000001,16,16,45
augmentation,hq_plus_b_c_d_e_f,HQ + B+C+D+E+F,grouped_route,per_family_3,3 groups per family,logistic,repeat_12_fold_03,12,3,0.3028169014084507,0.32575757575757575,0.2203515280568185,0.30714285714285716,0.21000000000000002,16,13,42
augmentation,hq_plus_b_c_d_e_f,HQ + B+C+D+E+F,grouped_route,per_family_3,3 groups per family,xgb1,repeat_12_fold_03,12,3,0.2517985611510791,0.26515151515151514,0.20507758884430588,0.2543604651162791,0.6600000000000001,16,13,42
competition,hq_only,HQ,raw_comparison,total_groups_6,6 total groups,logistic,repeat_12_fold_03,12,3,0.2523364485981308,0.20454545454545456,0.19873384415690232,0.24107142857142858,0.2,29,29,29
competition,hq_only,HQ,raw_comparison,total_groups_6,6 total groups,xgb1,repeat_12_fold_03,12,3,0.2073170731707317,0.38636363636363635,0.19951558980488532,0.22849462365591397,0.5900000000000002,29,29,29
competition,hq_only,HQ,grouped_route,total_groups_6,6 total groups,logistic,repeat_12_fold_03,12,3,0.27184466019417475,0.21212121212121213,0.19345974468733507,0.25735294117647056,0.17000000000000004,29,6,6
competition,hq_only,HQ,grouped_route,total_groups_6,6 total groups,xgb1,repeat_12_fold_03,12,3,0.18803418803418803,0.3333333333333333,0.1880686901423807,0.20599250936329588,0.6000000000000002,29,6,6
competition,hq_plus_a,HQ + A,raw_comparison,total_groups_6,6 total groups,logistic,repeat_12_fold_03,12,3,0.2864583333333333,0.4166666666666667,0.25164356961868556,0.3055555555555556,0.18000000000000005,34,34,34
competition,hq_plus_a,HQ + A,raw_comparison,total_groups_6,6 total groups,xgb1,repeat_12_fold_03,12,3,0.3263888888888889,0.3560606060606061,0.25561630677995945,0.3319209039548023,0.7000000000000002,34,34,34
competition,hq_plus_a,HQ + A,grouped_route,total_groups_6,6 total groups,logistic,repeat_12_fold_03,12,3,0.37373737373737376,0.2803030303030303,0.23325208261075664,0.3503787878787879,0.22000000000000003,34,6,6
competition,hq_plus_a,HQ + A,grouped_route,total_groups_6,6 total groups,xgb1,repeat_12_fold_03,12,3,0.3197278911564626,0.3560606060606061,0.24529837930317389,0.3263888888888889,0.7400000000000002,34,6,6
competition,hq_plus_f,HQ + F,raw_comparison,total_groups_6,6 total groups,logistic,repeat_12_fold_03,12,3,0.32323232323232326,0.24242424242424243,0.20980455744141613,0.30303030303030304,0.22000000000000003,35,35,35
competition,hq_plus_f,HQ + F,raw_comparison,total_groups_6,6 total groups,xgb1,repeat_12_fold_03,12,3,0.21518987341772153,0.38636363636363635,0.20521416497549852,0.2361111111111111,0.5900000000000002,35,35,35
competition,hq_plus_f,HQ + F,grouped_route,total_groups_6,6 total groups,logistic,repeat_12_fold_03,12,3,0.26126126126126126,0.2196969696969697,0.19935609892571668,0.2517361111111111,0.18000000000000005,35,6,6
competition,hq_plus_f,HQ + F,grouped_route,total_groups_6,6 total groups,xgb1,repeat_12_fold_03,12,3,0.26785714285714285,0.22727272727272727,0.20120054160195835,0.25862068965517243,0.6800000000000002,35,6,6
competition,hq_plus_a_b_c_d_e,HQ + A+B+C+D+E,raw_comparison,total_groups_6,6 total groups,logistic,repeat_12_fold_03,12,3,0.31088082901554404,0.45454545454545453,0.26464874747177725,0.33185840707964603,0.19,44,44,44
competition,hq_plus_a_b_c_d_e,HQ + A+B+C+D+E,raw_comparison,total_groups_6,6 total groups,xgb1,repeat_12_fold_03,12,3,0.32867132867132864,0.3560606060606061,0.2584436710605613,0.3338068181818182,0.7100000000000002,44,44,44
competition,hq_plus_a_b_c_d_e,HQ + A+B+C+D+E,grouped_route,total_groups_6,6 total groups,logistic,repeat_12_fold_03,12,3,0.23333333333333334,0.3181818181818182,0.1992537067757688,0.24647887323943662,0.15000000000000002,44,6,6
competition,hq_plus_a_b_c_d_e,HQ + A+B+C+D+E,grouped_route,total_groups_6,6 total groups,xgb1,repeat_12_fold_03,12,3,0.3211009174311927,0.26515151515151514,0.21807285920415023,0.30809859154929575,0.7300000000000002,44,6,6
competition,hq_plus_b_c_d_e_f,HQ + B+C+D+E+F,raw_comparison,total_groups_6,6 total groups,logistic,repeat_12_fold_03,12,3,0.28859060402684567,0.32575757575757575,0.22484265108819948,0.29532967032967034,0.21000000000000002,45,45,45
competition,hq_plus_b_c_d_e_f,HQ + B+C+D+E+F,raw_comparison,total_groups_6,6 total groups,xgb1,repeat_12_fold_03,12,3,0.22488038277511962,0.3560606060606061,0.2047380481098504,0.2427685950413223,0.6100000000000001,45,45,45
competition,hq_plus_b_c_d_e_f,HQ + B+C+D+E+F,grouped_route,total_groups_6,6 total groups,logistic,repeat_12_fold_03,12,3,0.25217391304347825,0.2196969696969697,0.18808286103379676,0.24493243243243243,0.17000000000000004,45,6,6
competition,hq_plus_b_c_d_e_f,HQ + B+C+D+E+F,grouped_route,total_groups_6,6 total groups,xgb1,repeat_12_fold_03,12,3,0.23076923076923078,0.2727272727272727,0.19058136459431224,0.23809523809523808,0.6500000000000001,45,6,6
augmentation,hq_plus_a,HQ + A,raw_comparison,per_family_2,2 groups per family,logistic,repeat_13_fold_01,13,1,0.328,0.3106060606060606,0.23800453416339246,0.32436708860759494,0.26000000000000006,5,5,34
augmentation,hq_plus_a,HQ + A,raw_comparison,per_family_2,2 groups per family,xgb1,repeat_13_fold_01,13,1,0.30201342281879195,0.3409090909090909,0.25241529657299705,0.3090659340659341,0.6800000000000002,5,5,34
augmentation,hq_plus_a,HQ + A,grouped_route,per_family_2,2 groups per family,logistic,repeat_13_fold_01,13,1,0.32978723404255317,0.23484848484848486,0.22330562086698028,0.3051181102362205,0.30000000000000004,5,2,31
augmentation,hq_plus_a,HQ + A,grouped_route,per_family_2,2 groups per family,xgb1,repeat_13_fold_01,13,1,0.2893081761006289,0.3484848484848485,0.25272749234558134,0.2994791666666667,0.6600000000000001,5,2,31
augmentation,hq_plus_a,HQ + A,raw_comparison,per_family_3,3 groups per family,logistic,repeat_13_fold_01,13,1,0.328,0.3106060606060606,0.23800453416339246,0.32436708860759494,0.26000000000000006,5,5,34
augmentation,hq_plus_a,HQ + A,raw_comparison,per_family_3,3 groups per family,xgb1,repeat_13_fold_01,13,1,0.30201342281879195,0.3409090909090909,0.25241529657299705,0.3090659340659341,0.6800000000000002,5,5,34
augmentation,hq_plus_a,HQ + A,grouped_route,per_family_3,3 groups per family,logistic,repeat_13_fold_01,13,1,0.32456140350877194,0.2803030303030303,0.24007515567966564,0.31462585034013607,0.27,5,3,32
augmentation,hq_plus_a,HQ + A,grouped_route,per_family_3,3 groups per family,xgb1,repeat_13_fold_01,13,1,0.2875816993464052,0.3333333333333333,0.25193576853020183,0.2956989247311828,0.6700000000000002,5,3,32
augmentation,hq_plus_f,HQ + F,raw_comparison,per_family_2,2 groups per family,logistic,repeat_13_fold_01,13,1,0.29333333333333333,0.16666666666666666,0.1943875580828261,0.25462962962962965,0.25000000000000006,6,6,35
augmentation,hq_plus_f,HQ + F,raw_comparison,per_family_2,2 groups per family,xgb1,repeat_13_fold_01,13,1,0.3188405797101449,0.16666666666666666,0.1989732974992974,0.2696078431372549,0.7300000000000002,6,6,35
augmentation,hq_plus_f,HQ + F,grouped_route,per_family_2,2 groups per family,logistic,repeat_13_fold_01,13,1,0.2459016393442623,0.22727272727272727,0.1908820242974668,0.24193548387096775,0.19,6,2,31
augmentation,hq_plus_f,HQ + F,grouped_route,per_family_2,2 groups per family,xgb1,repeat_13_fold_01,13,1,0.27956989247311825,0.19696969696969696,0.19890306979313271,0.25793650793650796,0.7000000000000002,6,2,31
augmentation,hq_plus_f,HQ + F,raw_comparison,per_family_3,3 groups per family,logistic,repeat_13_fold_01,13,1,0.29333333333333333,0.16666666666666666,0.1943875580828261,0.25462962962962965,0.25000000000000006,6,6,35
augmentation,hq_plus_f,HQ + F,raw_comparison,per_family_3,3 groups per family,xgb1,repeat_13_fold_01,13,1,0.3188405797101449,0.16666666666666666,0.1989732974992974,0.2696078431372549,0.7300000000000002,6,6,35
augmentation,hq_plus_f,HQ + F,grouped_route,per_family_3,3 groups per family,logistic,repeat_13_fold_01,13,1,0.2894736842105263,0.16666666666666666,0.18961272227386805,0.25229357798165136,0.24000000000000005,6,3,32
augmentation,hq_plus_f,HQ + F,grouped_route,per_family_3,3 groups per family,xgb1,repeat_13_fold_01,13,1,0.3,0.18181818181818182,0.1988262156998544,0.26548672566371684,0.7100000000000002,6,3,32
augmentation,hq_plus_a_b_c_d_e,HQ + A+B+C+D+E,raw_comparison,per_family_2,2 groups per family,logistic,repeat_13_fold_01,13,1,0.32413793103448274,0.3560606060606061,0.24692352920454677,0.3300561797752809,0.26000000000000006,15,15,44
augmentation,hq_plus_a_b_c_d_e,HQ + A+B+C+D+E,raw_comparison,per_family_2,2 groups per family,xgb1,repeat_13_fold_01,13,1,0.2833333333333333,0.38636363636363635,0.25473344429558664,0.2992957746478873,0.6500000000000001,15,15,44
augmentation,hq_plus_a_b_c_d_e,HQ + A+B+C+D+E,grouped_route,per_family_2,2 groups per family,logistic,repeat_13_fold_01,13,1,0.3225806451612903,0.30303030303030304,0.23903717552605183,0.3184713375796178,0.27,15,10,39
augmentation,hq_plus_a_b_c_d_e,HQ + A+B+C+D+E,grouped_route,per_family_2,2 groups per family,xgb1,repeat_13_fold_01,13,1,0.29375,0.3560606060606061,0.2536687983063937,0.30440414507772023,0.6600000000000001,15,10,39
augmentation,hq_plus_a_b_c_d_e,HQ + A+B+C+D+E,raw_comparison,per_family_3,3 groups per family,logistic,repeat_13_fold_01,13,1,0.32413793103448274,0.3560606060606061,0.24692352920454677,0.3300561797752809,0.26000000000000006,15,15,44
augmentation,hq_plus_a_b_c_d_e,HQ + A+B+C+D+E,raw_comparison,per_family_3,3 groups per family,xgb1,repeat_13_fold_01,13,1,0.2833333333333333,0.38636363636363635,0.25473344429558664,0.2992957746478873,0.6500000000000001,15,15,44
augmentation,hq_plus_a_b_c_d_e,HQ + A+B+C+D+E,grouped_route,per_family_3,3 groups per family,logistic,repeat_13_fold_01,13,1,0.3111111111111111,0.3181818181818182,0.24932263914158082,0.3125,0.26000000000000006,15,13,42
augmentation,hq_plus_a_b_c_d_e,HQ + A+B+C+D+E,grouped_route,per_family_3,3 groups per family,xgb1,repeat_13_fold_01,13,1,0.28488372093023256,0.3712121212121212,0.2532362790718127,0.29878048780487804,0.6500000000000001,15,13,42
augmentation,hq_plus_b_c_d_e_f,HQ + B+C+D+E+F,raw_comparison,per_family_2,2 groups per family,logistic,repeat_13_fold_01,13,1,0.3263157894736842,0.23484848484848486,0.209594086248452,0.302734375,0.26000000000000006,16,16,45
augmentation,hq_plus_b_c_d_e_f,HQ + B+C+D+E+F,raw_comparison,per_family_2,2 groups per family,xgb1,repeat_13_fold_01,13,1,0.21910112359550563,0.29545454545454547,0.20091861215979598,0.23104265402843602,0.6300000000000001,16,16,45
augmentation,hq_plus_b_c_d_e_f,HQ + B+C+D+E+F,grouped_route,per_family_2,2 groups per family,logistic,repeat_13_fold_01,13,1,0.3246753246753247,0.1893939393939394,0.20341761054620794,0.2840909090909091,0.29000000000000004,16,10,39
augmentation,hq_plus_b_c_d_e_f,HQ + B+C+D+E+F,grouped_route,per_family_2,2 groups per family,xgb1,repeat_13_fold_01,13,1,0.2261904761904762,0.2878787878787879,0.20011180373839718,0.236318407960199,0.6400000000000001,16,10,39
augmentation,hq_plus_b_c_d_e_f,HQ + B+C+D+E+F,raw_comparison,per_family_3,3 groups per family,logistic,repeat_13_fold_01,13,1,0.3263157894736842,0.23484848484848486,0.209594086248452,0.302734375,0.26000000000000006,16,16,45
augmentation,hq_plus_b_c_d_e_f,HQ + B+C+D+E+F,raw_comparison,per_family_3,3 groups per family,xgb1,repeat_13_fold_01,13,1,0.21910112359550563,0.29545454545454547,0.20091861215979598,0.23104265402843602,0.6300000000000001,16,16,45
augmentation,hq_plus_b_c_d_e_f,HQ + B+C+D+E+F,grouped_route,per_family_3,3 groups per family,logistic,repeat_13_fold_01,13,1,0.32142857142857145,0.20454545454545456,0.20362162379514118,0.28846153846153844,0.28,16,13,42
augmentation,hq_plus_b_c_d_e_f,HQ + B+C+D+E+F,grouped_route,per_family_3,3 groups per family,xgb1,repeat_13_fold_01,13,1,0.24203821656050956,0.2878787878787879,0.20085972569538407,0.25,0.6500000000000001,16,13,42
competition,hq_only,HQ,raw_comparison,total_groups_6,6 total groups,logistic,repeat_13_fold_01,13,1,0.3055555555555556,0.16666666666666666,0.18522454739045846,0.2619047619047619,0.23000000000000004,29,29,29
competition,hq_only,HQ,raw_comparison,total_groups_6,6 total groups,xgb1,repeat_13_fold_01,13,1,0.27848101265822783,0.16666666666666666,0.19405214034966262,0.24553571428571427,0.7200000000000002,29,29,29
competition,hq_only,HQ,grouped_route,total_groups_6,6 total groups,logistic,repeat_13_fold_01,13,1,0.3114754098360656,0.14393939393939395,0.18776505103426416,0.2526595744680851,0.23000000000000004,29,6,6
competition,hq_only,HQ,grouped_route,total_groups_6,6 total groups,xgb1,repeat_13_fold_01,13,1,0.27472527472527475,0.1893939393939394,0.183298347112025,0.25201612903225806,0.7000000000000002,29,6,6
competition,hq_plus_a,HQ + A,raw_comparison,total_groups_6,6 total groups,logistic,repeat_13_fold_01,13,1,0.328,0.3106060606060606,0.23800453416339246,0.32436708860759494,0.26000000000000006,34,34,34
competition,hq_plus_a,HQ + A,raw_comparison,total_groups_6,6 total groups,xgb1,repeat_13_fold_01,13,1,0.30201342281879195,0.3409090909090909,0.25241529657299705,0.3090659340659341,0.6800000000000002,34,34,34
competition,hq_plus_a,HQ + A,grouped_route,total_groups_6,6 total groups,logistic,repeat_13_fold_01,13,1,0.2846715328467153,0.29545454545454547,0.21872167731105477,0.2867647058823529,0.19,34,6,6
competition,hq_plus_a,HQ + A,grouped_route,total_groups_6,6 total groups,xgb1,repeat_13_fold_01,13,1,0.3695652173913043,0.25757575757575757,0.24389680205829573,0.34,0.8000000000000002,34,6,6
competition,hq_plus_f,HQ + F,raw_comparison,total_groups_6,6 total groups,logistic,repeat_13_fold_01,13,1,0.29333333333333333,0.16666666666666666,0.1943875580828261,0.25462962962962965,0.25000000000000006,35,35,35
competition,hq_plus_f,HQ + F,raw_comparison,total_groups_6,6 total groups,xgb1,repeat_13_fold_01,13,1,0.3188405797101449,0.16666666666666666,0.1989732974992974,0.2696078431372549,0.7300000000000002,35,35,35
competition,hq_plus_f,HQ + F,grouped_route,total_groups_6,6 total groups,logistic,repeat_13_fold_01,13,1,0.24444444444444444,0.25,0.18965194222673676,0.24553571428571427,0.16000000000000003,35,6,6
competition,hq_plus_f,HQ + F,grouped_route,total_groups_6,6 total groups,xgb1,repeat_13_fold_01,13,1,0.24812030075187969,0.25,0.19028011141523185,0.24849397590361447,0.6600000000000001,35,6,6
competition,hq_plus_a_b_c_d_e,HQ + A+B+C+D+E,raw_comparison,total_groups_6,6 total groups,logistic,repeat_13_fold_01,13,1,0.32413793103448274,0.3560606060606061,0.24692352920454677,0.3300561797752809,0.26000000000000006,44,44,44
competition,hq_plus_a_b_c_d_e,HQ + A+B+C+D+E,raw_comparison,total_groups_6,6 total groups,xgb1,repeat_13_fold_01,13,1,0.2833333333333333,0.38636363636363635,0.25473344429558664,0.2992957746478873,0.6500000000000001,44,44,44
competition,hq_plus_a_b_c_d_e,HQ + A+B+C+D+E,grouped_route,total_groups_6,6 total groups,logistic,repeat_13_fold_01,13,1,0.23809523809523808,0.30303030303030304,0.1964344412710305,0.24875621890547264,0.16000000000000003,44,6,6
competition,hq_plus_a_b_c_d_e,HQ + A+B+C+D+E,grouped_route,total_groups_6,6 total groups,xgb1,repeat_13_fold_01,13,1,0.26666666666666666,0.30303030303030304,0.21832671187846137,0.273224043715847,0.7000000000000002,44,6,6
competition,hq_plus_b_c_d_e_f,HQ + B+C+D+E+F,raw_comparison,total_groups_6,6 total groups,logistic,repeat_13_fold_01,13,1,0.3263157894736842,0.23484848484848486,0.209594086248452,0.302734375,0.26000000000000006,45,45,45
competition,hq_plus_b_c_d_e_f,HQ + B+C+D+E+F,raw_comparison,total_groups_6,6 total groups,xgb1,repeat_13_fold_01,13,1,0.21910112359550563,0.29545454545454547,0.20091861215979598,0.23104265402843602,0.6300000000000001,45,45,45
competition,hq_plus_b_c_d_e_f,HQ + B+C+D+E+F,grouped_route,total_groups_6,6 total groups,logistic,repeat_13_fold_01,13,1,0.2391304347826087,0.25,0.1850298505147837,0.2412280701754386,0.16000000000000003,45,6,6
competition,hq_plus_b_c_d_e_f,HQ + B+C+D+E+F,grouped_route,total_groups_6,6 total groups,xgb1,repeat_13_fold_01,13,1,0.2366412213740458,0.23484848484848486,0.18050054032492194,0.23628048780487804,0.6900000000000002,45,6,6
augmentation,hq_plus_a,HQ + A,raw_comparison,per_family_2,2 groups per family,logistic,repeat_13_fold_02,13,2,0.25742574257425743,0.19696969696969696,0.18233711240739284,0.24253731343283583,0.28,5,5,34
augmentation,hq_plus_a,HQ + A,raw_comparison,per_family_2,2 groups per family,xgb1,repeat_13_fold_02,13,2,0.24603174603174602,0.23484848484848486,0.19053070517131906,0.24371069182389937,0.7100000000000002,5,5,34
augmentation,hq_plus_a,HQ + A,grouped_route,per_family_2,2 groups per family,logistic,repeat_13_fold_02,13,2,0.19117647058823528,0.09848484848484848,0.18368597866627037,0.1608910891089109,0.36000000000000004,5,2,31
augmentation,hq_plus_a,HQ + A,grouped_route,per_family_2,2 groups per family,xgb1,repeat_13_fold_02,13,2,0.26732673267326734,0.20454545454545456,0.1939600740041225,0.251865671641791,0.7400000000000002,5,2,31
augmentation,hq_plus_a,HQ + A,raw_comparison,per_family_3,3 groups per family,logistic,repeat_13_fold_02,13,2,0.25742574257425743,0.19696969696969696,0.18233711240739284,0.24253731343283583,0.28,5,5,34
augmentation,hq_plus_a,HQ + A,raw_comparison,per_family_3,3 groups per family,xgb1,repeat_13_fold_02,13,2,0.24603174603174602,0.23484848484848486,0.19053070517131906,0.24371069182389937,0.7100000000000002,5,5,34
augmentation,hq_plus_a,HQ + A,grouped_route,per_family_3,3 groups per family,logistic,repeat_13_fold_02,13,2,0.23853211009174313,0.19696969696969696,0.17887675039296258,0.22887323943661972,0.26000000000000006,5,3,32
augmentation,hq_plus_a,HQ + A,grouped_route,per_family_3,3 groups per family,xgb1,repeat_13_fold_02,13,2,0.2542372881355932,0.22727272727272727,0.19113660609086622,0.24834437086092714,0.7200000000000002,5,3,32
augmentation,hq_plus_f,HQ + F,raw_comparison,per_family_2,2 groups per family,logistic,repeat_13_fold_02,13,2,0.10638297872340426,0.03787878787878788,0.14018186304371463,0.078125,0.4100000000000001,6,6,35
augmentation,hq_plus_f,HQ + F,raw_comparison,per_family_2,2 groups per family,xgb1,repeat_13_fold_02,13,2,0.17757009345794392,0.14393939393939395,0.14114744840431587,0.16964285714285715,0.6600000000000001,6,6,35
augmentation,hq_plus_f,HQ + F,grouped_route,per_family_2,2 groups per family,logistic,repeat_13_fold_02,13,2,0.21333333333333335,0.12121212121212122,0.14176514089165415,0.18518518518518517,0.22000000000000003,6,2,31
augmentation,hq_plus_f,HQ + F,grouped_route,per_family_2,2 groups per family,xgb1,repeat_13_fold_02,13,2,0.17,0.12878787878787878,0.1398425178259474,0.15977443609022557,0.6700000000000002,6,2,31
augmentation,hq_plus_f,HQ + F,raw_comparison,per_family_3,3 groups per family,logistic,repeat_13_fold_02,13,2,0.10638297872340426,0.03787878787878788,0.14018186304371463,0.078125,0.4100000000000001,6,6,35
augmentation,hq_plus_f,HQ + F,raw_comparison,per_family_3,3 groups per family,xgb1,repeat_13_fold_02,13,2,0.17757009345794392,0.14393939393939395,0.14114744840431587,0.16964285714285715,0.6600000000000001,6,6,35
augmentation,hq_plus_f,HQ + F,grouped_route,per_family_3,3 groups per family,logistic,repeat_13_fold_02,13,2,0.18032786885245902,0.08333333333333333,0.14135643309691298,0.14627659574468085,0.25000000000000006,6,3,32
augmentation,hq_plus_f,HQ + F,grouped_route,per_family_3,3 groups per family,xgb1,repeat_13_fold_02,13,2,0.16822429906542055,0.13636363636363635,0.1388169190301841,0.16071428571428573,0.6600000000000001,6,3,32
augmentation,hq_plus_a_b_c_d_e,HQ + A+B+C+D+E,raw_comparison,per_family_2,2 groups per family,logistic,repeat_13_fold_02,13,2,0.2524271844660194,0.19696969696969696,0.1913076538647215,0.23897058823529413,0.29000000000000004,15,15,44
augmentation,hq_plus_a_b_c_d_e,HQ + A+B+C+D+E,raw_comparison,per_family_2,2 groups per family,xgb1,repeat_13_fold_02,13,2,0.26495726495726496,0.23484848484848486,0.19089803252095064,0.25833333333333336,0.7200000000000002,15,15,44
augmentation,hq_plus_a_b_c_d_e,HQ + A+B+C+D+E,grouped_route,per_family_2,2 groups per family,logistic,repeat_13_fold_02,13,2,0.2809917355371901,0.25757575757575757,0.19436172488507783,0.275974025974026,0.26000000000000006,15,10,39
augmentation,hq_plus_a_b_c_d_e,HQ + A+B+C+D+E,grouped_route,per_family_2,2 groups per family,xgb1,repeat_13_fold_02,13,2,0.22727272727272727,0.15151515151515152,0.19397864744432564,0.2066115702479339,0.7600000000000002,15,10,39
augmentation,hq_plus_a_b_c_d_e,HQ + A+B+C+D+E,raw_comparison,per_family_3,3 groups per family,logistic,repeat_13_fold_02,13,2,0.2524271844660194,0.19696969696969696,0.1913076538647215,0.23897058823529413,0.29000000000000004,15,15,44
augmentation,hq_plus_a_b_c_d_e,HQ + A+B+C+D+E,raw_comparison,per_family_3,3 groups per family,xgb1,repeat_13_fold_02,13,2,0.26495726495726496,0.23484848484848486,0.19089803252095064,0.25833333333333336,0.7200000000000002,15,15,44
augmentation,hq_plus_a_b_c_d_e,HQ + A+B+C+D+E,grouped_route,per_family_3,3 groups per family,logistic,repeat_13_fold_02,13,2,0.264,0.25,0.1893541703293606,0.2610759493670886,0.25000000000000006,15,13,42
augmentation,hq_plus_a_b_c_d_e,HQ + A+B+C+D+E,grouped_route,per_family_3,3 groups per family,xgb1,repeat_13_fold_02,13,2,0.23529411764705882,0.18181818181818182,0.1908964193453536,0.2222222222222222,0.7400000000000002,15,13,42
augmentation,hq_plus_b_c_d_e_f,HQ + B+C+D+E+F,raw_comparison,per_family_2,2 groups per family,logistic,repeat_13_fold_02,13,2,0.1111111111111111,0.045454545454545456,0.15201418838915237,0.08620689655172414,0.36000000000000004,16,16,45
augmentation,hq_plus_b_c_d_e_f,HQ + B+C+D+E+F,raw_comparison,per_family_2,2 groups per family,xgb1,repeat_13_fold_02,13,2,0.16666666666666666,0.06818181818181818,0.14767893556598924,0.12931034482758622,0.7300000000000002,16,16,45
augmentation,hq_plus_b_c_d_e_f,HQ + B+C+D+E+F,grouped_route,per_family_2,2 groups per family,logistic,repeat_13_fold_02,13,2,0.2,0.08333333333333333,0.15588120811030404,0.15625,0.33,16,10,39
augmentation,hq_plus_b_c_d_e_f,HQ + B+C+D+E+F,grouped_route,per_family_2,2 groups per family,xgb1,repeat_13_fold_02,13,2,0.14814814814814814,0.06060606060606061,0.14623017802537194,0.11494252873563218,0.7300000000000002,16,10,39
augmentation,hq_plus_b_c_d_e_f,HQ + B+C+D+E+F,raw_comparison,per_family_3,3 groups per family,logistic,repeat_13_fold_02,13,2,0.1111111111111111,0.045454545454545456,0.15201418838915237,0.08620689655172414,0.36000000000000004,16,16,45
augmentation,hq_plus_b_c_d_e_f,HQ + B+C+D+E+F,raw_comparison,per_family_3,3 groups per family,xgb1,repeat_13_fold_02,13,2,0.16666666666666666,0.06818181818181818,0.14767893556598924,0.12931034482758622,0.7300000000000002,16,16,45
augmentation,hq_plus_b_c_d_e_f,HQ + B+C+D+E+F,grouped_route,per_family_3,3 groups per family,logistic,repeat_13_fold_02,13,2,0.2033898305084746,0.09090909090909091,0.15347105809257283,0.16304347826086957,0.31000000000000005,16,13,42
augmentation,hq_plus_b_c_d_e_f,HQ + B+C+D+E+F,grouped_route,per_family_3,3 groups per family,xgb1,repeat_13_fold_02,13,2,0.1896551724137931,0.08333333333333333,0.14594320109962705,0.1510989010989011,0.7200000000000002,16,13,42
competition,hq_only,HQ,raw_comparison,total_groups_6,6 total groups,logistic,repeat_13_fold_02,13,2,0.10869565217391304,0.03787878787878788,0.13296082510955043,0.07911392405063292,0.35000000000000003,29,29,29
competition,hq_only,HQ,raw_comparison,total_groups_6,6 total groups,xgb1,repeat_13_fold_02,13,2,0.1810344827586207,0.1590909090909091,0.1353158600952866,0.1761744966442953,0.6600000000000001,29,29,29
competition,hq_only,HQ,grouped_route,total_groups_6,6 total groups,logistic,repeat_13_fold_02,13,2,0.1,0.03787878787878788,0.1371821743777903,0.07530120481927711,0.21000000000000002,29,6,6
competition,hq_only,HQ,grouped_route,total_groups_6,6 total groups,xgb1,repeat_13_fold_02,13,2,0.12962962962962962,0.05303030303030303,0.12819184790438642,0.10057471264367816,0.7200000000000002,29,6,6
competition,hq_plus_a,HQ + A,raw_comparison,total_groups_6,6 total groups,logistic,repeat_13_fold_02,13,2,0.25742574257425743,0.19696969696969696,0.18233711240739284,0.24253731343283583,0.28,34,34,34
competition,hq_plus_a,HQ + A,raw_comparison,total_groups_6,6 total groups,xgb1,repeat_13_fold_02,13,2,0.24603174603174602,0.23484848484848486,0.19053070517131906,0.24371069182389937,0.7100000000000002,34,34,34
competition,hq_plus_a,HQ + A,grouped_route,total_groups_6,6 total groups,logistic,repeat_13_fold_02,13,2,0.2247191011235955,0.15151515151515152,0.172754089236447,0.20491803278688525,0.26000000000000006,34,6,6
competition,hq_plus_a,HQ + A,grouped_route,total_groups_6,6 total groups,xgb1,repeat_13_fold_02,13,2,0.20689655172413793,0.18181818181818182,0.17025249338470355,0.20134228187919462,0.7300000000000002,34,6,6
competition,hq_plus_f,HQ + F,raw_comparison,total_groups_6,6 total groups,logistic,repeat_13_fold_02,13,2,0.10638297872340426,0.03787878787878788,0.14018186304371463,0.078125,0.4100000000000001,35,35,35
competition,hq_plus_f,HQ + F,raw_comparison,total_groups_6,6 total groups,xgb1,repeat_13_fold_02,13,2,0.17757009345794392,0.14393939393939395,0.14114744840431587,0.16964285714285715,0.6600000000000001,35,35,35
competition,hq_plus_f,HQ + F,grouped_route,total_groups_6,6 total groups,logistic,repeat_13_fold_02,13,2,0.12,0.045454545454545456,0.13464637237465185,0.09036144578313253,0.22000000000000003,35,6,6
competition,hq_plus_f,HQ + F,grouped_route,total_groups_6,6 total groups,xgb1,repeat_13_fold_02,13,2,0.10416666666666667,0.03787878787878788,0.13052809864378723,0.07716049382716049,0.7700000000000002,35,6,6
competition,hq_plus_a_b_c_d_e,HQ + A+B+C+D+E,raw_comparison,total_groups_6,6 total groups,logistic,repeat_13_fold_02,13,2,0.2524271844660194,0.19696969696969696,0.1913076538647215,0.23897058823529413,0.29000000000000004,44,44,44
competition,hq_plus_a_b_c_d_e,HQ + A+B+C+D+E,raw_comparison,total_groups_6,6 total groups,xgb1,repeat_13_fold_02,13,2,0.26495726495726496,0.23484848484848486,0.19089803252095064,0.25833333333333336,0.7200000000000002,44,44,44
competition,hq_plus_a_b_c_d_e,HQ + A+B+C+D+E,grouped_route,total_groups_6,6 total groups,logistic,repeat_13_fold_02,13,2,0.23684210526315788,0.13636363636363635,0.1783715648023102,0.20642201834862386,0.30000000000000004,44,6,6
competition,hq_plus_a_b_c_d_e,HQ + A+B+C+D+E,grouped_route,total_groups_6,6 total groups,xgb1,repeat_13_fold_02,13,2,0.19736842105263158,0.11363636363636363,0.16605905083008582,0.1720183486238532,0.8100000000000002,44,6,6
competition,hq_plus_b_c_d_e_f,HQ + B+C+D+E+F,raw_comparison,total_groups_6,6 total groups,logistic,repeat_13_fold_02,13,2,0.1111111111111111,0.045454545454545456,0.15201418838915237,0.08620689655172414,0.36000000000000004,45,45,45
competition,hq_plus_b_c_d_e_f,HQ + B+C+D+E+F,raw_comparison,total_groups_6,6 total groups,xgb1,repeat_13_fold_02,13,2,0.16666666666666666,0.06818181818181818,0.14767893556598924,0.12931034482758622,0.7300000000000002,45,45,45
competition,hq_plus_b_c_d_e_f,HQ + B+C+D+E+F,grouped_route,total_groups_6,6 total groups,logistic,repeat_13_fold_02,13,2,0.16666666666666666,0.12121212121212122,0.1342634145922358,0.15503875968992248,0.17000000000000004,45,6,6
competition,hq_plus_b_c_d_e_f,HQ + B+C+D+E+F,grouped_route,total_groups_6,6 total groups,xgb1,repeat_13_fold_02,13,2,0.15476190476190477,0.09848484848484848,0.12863775262783017,0.1388888888888889,0.6900000000000002,45,6,6
augmentation,hq_plus_a,HQ + A,raw_comparison,per_family_2,2 groups per family,logistic,repeat_13_fold_03,13,3,0.32727272727272727,0.2727272727272727,0.23064137027828724,0.3146853146853147,0.27,5,5,34
augmentation,hq_plus_a,HQ + A,raw_comparison,per_family_2,2 groups per family,xgb1,repeat_13_fold_03,13,3,0.3146853146853147,0.3409090909090909,0.24249345978371437,0.3196022727272727,0.7000000000000002,5,5,34
augmentation,hq_plus_a,HQ + A,grouped_route,per_family_2,2 groups per family,logistic,repeat_13_fold_03,13,3,0.2835820895522388,0.2878787878787879,0.21652616211128134,0.2844311377245509,0.22000000000000003,5,2,31
augmentation,hq_plus_a,HQ + A,grouped_route,per_family_2,2 groups per family,xgb1,repeat_13_fold_03,13,3,0.2774566473988439,0.36363636363636365,0.2323754523319342,0.2912621359223301,0.6800000000000002,5,2,31
augmentation,hq_plus_a,HQ + A,raw_comparison,per_family_3,3 groups per family,logistic,repeat_13_fold_03,13,3,0.32727272727272727,0.2727272727272727,0.23064137027828724,0.3146853146853147,0.27,5,5,34
augmentation,hq_plus_a,HQ + A,raw_comparison,per_family_3,3 groups per family,xgb1,repeat_13_fold_03,13,3,0.3146853146853147,0.3409090909090909,0.24249345978371437,0.3196022727272727,0.7000000000000002,5,5,34
augmentation,hq_plus_a,HQ + A,grouped_route,per_family_3,3 groups per family,logistic,repeat_13_fold_03,13,3,0.2857142857142857,0.3333333333333333,0.2321121142970289,0.29411764705882354,0.21000000000000002,5,3,32
augmentation,hq_plus_a,HQ + A,grouped_route,per_family_3,3 groups per family,xgb1,repeat_13_fold_03,13,3,0.29411764705882354,0.4166666666666667,0.2435701056441804,0.3125,0.6500000000000001,5,3,32
augmentation,hq_plus_f,HQ + F,raw_comparison,per_family_2,2 groups per family,logistic,repeat_13_fold_03,13,3,0.24375,0.29545454545454547,0.18099069718089925,0.25259067357512954,0.18000000000000005,6,6,35
augmentation,hq_plus_f,HQ + F,raw_comparison,per_family_2,2 groups per family,xgb1,repeat_13_fold_03,13,3,0.2037037037037037,0.25,0.17486919303269,0.21153846153846154,0.6500000000000001,6,6,35
augmentation,hq_plus_f,HQ + F,grouped_route,per_family_2,2 groups per family,logistic,repeat_13_fold_03,13,3,0.24806201550387597,0.24242424242424243,0.17944359093454695,0.24691358024691357,0.2,6,2,31
augmentation,hq_plus_f,HQ + F,grouped_route,per_family_2,2 groups per family,xgb1,repeat_13_fold_03,13,3,0.19480519480519481,0.22727272727272727,0.17478935605099186,0.20053475935828877,0.6600000000000001,6,2,31
augmentation,hq_plus_f,HQ + F,raw_comparison,per_family_3,3 groups per family,logistic,repeat_13_fold_03,13,3,0.24375,0.29545454545454547,0.18099069718089925,0.25259067357512954,0.18000000000000005,6,6,35
augmentation,hq_plus_f,HQ + F,raw_comparison,per_family_3,3 groups per family,xgb1,repeat_13_fold_03,13,3,0.2037037037037037,0.25,0.17486919303269,0.21153846153846154,0.6500000000000001,6,6,35
augmentation,hq_plus_f,HQ + F,grouped_route,per_family_3,3 groups per family,logistic,repeat_13_fold_03,13,3,0.25170068027210885,0.2803030303030303,0.1800006678073601,0.2569444444444444,0.19,6,3,32
augmentation,hq_plus_f,HQ + F,grouped_route,per_family_3,3 groups per family,xgb1,repeat_13_fold_03,13,3,0.19736842105263158,0.22727272727272727,0.17438343819779248,0.20270270270270271,0.6600000000000001,6,3,32
augmentation,hq_plus_a_b_c_d_e,HQ + A+B+C+D+E,raw_comparison,per_family_2,2 groups per family,logistic,repeat_13_fold_03,13,3,0.3106060606060606,0.3106060606060606,0.241649172934215,0.3106060606060606,0.24000000000000005,15,15,44
augmentation,hq_plus_a_b_c_d_e,HQ + A+B+C+D+E,raw_comparison,per_family_2,2 groups per family,xgb1,repeat_13_fold_03,13,3,0.3157894736842105,0.3181818181818182,0.2438825709735263,0.31626506024096385,0.7000000000000002,15,15,44
augmentation,hq_plus_a_b_c_d_e,HQ + A+B+C+D+E,grouped_route,per_family_2,2 groups per family,logistic,repeat_13_fold_03,13,3,0.36046511627906974,0.23484848484848486,0.23372967470674583,0.32563025210084034,0.32000000000000006,15,10,39
augmentation,hq_plus_a_b_c_d_e,HQ + A+B+C+D+E,grouped_route,per_family_2,2 groups per family,xgb1,repeat_13_fold_03,13,3,0.2923076923076923,0.2878787878787879,0.23335995580908395,0.29141104294478526,0.7100000000000002,15,10,39
augmentation,hq_plus_a_b_c_d_e,HQ + A+B+C+D+E,raw_comparison,per_family_3,3 groups per family,logistic,repeat_13_fold_03,13,3,0.3106060606060606,0.3106060606060606,0.241649172934215,0.3106060606060606,0.24000000000000005,15,15,44
augmentation,hq_plus_a_b_c_d_e,HQ + A+B+C+D+E,raw_comparison,per_family_3,3 groups per family,xgb1,repeat_13_fold_03,13,3,0.3157894736842105,0.3181818181818182,0.2438825709735263,0.31626506024096385,0.7000000000000002,15,15,44
augmentation,hq_plus_a_b_c_d_e,HQ + A+B+C+D+E,grouped_route,per_family_3,3 groups per family,logistic,repeat_13_fold_03,13,3,0.3333333333333333,0.3106060606060606,0.24445050392352907,0.328525641025641,0.26000000000000006,15,13,42
augmentation,hq_plus_a_b_c_d_e,HQ + A+B+C+D+E,grouped_route,per_family_3,3 groups per family,xgb1,repeat_13_fold_03,13,3,0.30386740331491713,0.4166666666666667,0.24467543615013773,0.3212616822429907,0.6500000000000001,15,13,42
augmentation,hq_plus_b_c_d_e_f,HQ + B+C+D+E+F,raw_comparison,per_family_2,2 groups per family,logistic,repeat_13_fold_03,13,3,0.2585034013605442,0.2878787878787879,0.1948260114436812,0.2638888888888889,0.19,16,16,45
augmentation,hq_plus_b_c_d_e_f,HQ + B+C+D+E+F,raw_comparison,per_family_2,2 groups per family,xgb1,repeat_13_fold_03,13,3,0.25,0.14393939393939395,0.180430340245513,0.21788990825688073,0.7400000000000002,16,16,45
augmentation,hq_plus_b_c_d_e_f,HQ + B+C+D+E+F,grouped_route,per_family_2,2 groups per family,logistic,repeat_13_fold_03,13,3,0.2535211267605634,0.2727272727272727,0.19270569538811236,0.2571428571428571,0.2,16,10,39
augmentation,hq_plus_b_c_d_e_f,HQ + B+C+D+E+F,grouped_route,per_family_2,2 groups per family,xgb1,repeat_13_fold_03,13,3,0.26666666666666666,0.12121212121212122,0.17974912753397787,0.21505376344086022,0.7700000000000002,16,10,39
augmentation,hq_plus_b_c_d_e_f,HQ + B+C+D+E+F,raw_comparison,per_family_3,3 groups per family,logistic,repeat_13_fold_03,13,3,0.2585034013605442,0.2878787878787879,0.1948260114436812,0.2638888888888889,0.19,16,16,45
augmentation,hq_plus_b_c_d_e_f,HQ + B+C+D+E+F,raw_comparison,per_family_3,3 groups per family,xgb1,repeat_13_fold_03,13,3,0.25,0.14393939393939395,0.180430340245513,0.21788990825688073,0.7400000000000002,16,16,45
augmentation,hq_plus_b_c_d_e_f,HQ + B+C+D+E+F,grouped_route,per_family_3,3 groups per family,logistic,repeat_13_fold_03,13,3,0.2647058823529412,0.2727272727272727,0.1945083748226345,0.26627218934911245,0.2,16,13,42
augmentation,hq_plus_b_c_d_e_f,HQ + B+C+D+E+F,grouped_route,per_family_3,3 groups per family,xgb1,repeat_13_fold_03,13,3,0.2711864406779661,0.12121212121212122,0.18104070053540827,0.21739130434782608,0.7700000000000002,16,13,42
competition,hq_only,HQ,raw_comparison,total_groups_6,6 total groups,logistic,repeat_13_fold_03,13,3,0.21348314606741572,0.14393939393939395,0.1693376708615577,0.19467213114754098,0.23000000000000004,29,29,29
competition,hq_only,HQ,raw_comparison,total_groups_6,6 total groups,xgb1,repeat_13_fold_03,13,3,0.19298245614035087,0.25,0.17232512789525567,0.20220588235294118,0.6400000000000001,29,29,29
competition,hq_only,HQ,grouped_route,total_groups_6,6 total groups,logistic,repeat_13_fold_03,13,3,0.1951219512195122,0.24242424242424243,0.16933853727377526,0.20304568527918782,0.15000000000000002,29,6,6
competition,hq_only,HQ,grouped_route,total_groups_6,6 total groups,xgb1,repeat_13_fold_03,13,3,0.23958333333333334,0.17424242424242425,0.17339549244767727,0.22286821705426357,0.7200000000000002,29,6,6
competition,hq_plus_a,HQ + A,raw_comparison,total_groups_6,6 total groups,logistic,repeat_13_fold_03,13,3,0.32727272727272727,0.2727272727272727,0.23064137027828724,0.3146853146853147,0.27,34,34,34
competition,hq_plus_a,HQ + A,raw_comparison,total_groups_6,6 total groups,xgb1,repeat_13_fold_03,13,3,0.3146853146853147,0.3409090909090909,0.24249345978371437,0.3196022727272727,0.7000000000000002,34,34,34
competition,hq_plus_a,HQ + A,grouped_route,total_groups_6,6 total groups,logistic,repeat_13_fold_03,13,3,0.27956989247311825,0.19696969696969696,0.19773529172996684,0.25793650793650796,0.21000000000000002,34,6,6
competition,hq_plus_a,HQ + A,grouped_route,total_groups_6,6 total groups,xgb1,repeat_13_fold_03,13,3,0.30434782608695654,0.3181818181818182,0.22398673385920384,0.30701754385964913,0.7000000000000002,34,6,6
competition,hq_plus_f,HQ + F,raw_comparison,total_groups_6,6 total groups,logistic,repeat_13_fold_03,13,3,0.24375,0.29545454545454547,0.18099069718089925,0.25259067357512954,0.18000000000000005,35,35,35
competition,hq_plus_f,HQ + F,raw_comparison,total_groups_6,6 total groups,xgb1,repeat_13_fold_03,13,3,0.2037037037037037,0.25,0.17486919303269,0.21153846153846154,0.6500000000000001,35,35,35
competition,hq_plus_f,HQ + F,grouped_route,total_groups_6,6 total groups,logistic,repeat_13_fold_03,13,3,0.19140625,0.3712121212121212,0.17446469878279308,0.21193771626297578,0.13,35,6,6
competition,hq_plus_f,HQ + F,grouped_route,total_groups_6,6 total groups,xgb1,repeat_13_fold_03,13,3,0.20915032679738563,0.24242424242424243,0.1812883268703263,0.21505376344086022,0.6600000000000001,35,6,6
competition,hq_plus_a_b_c_d_e,HQ + A+B+C+D+E,raw_comparison,total_groups_6,6 total groups,logistic,repeat_13_fold_03,13,3,0.3106060606060606,0.3106060606060606,0.241649172934215,0.3106060606060606,0.24000000000000005,44,44,44
competition,hq_plus_a_b_c_d_e,HQ + A+B+C+D+E,raw_comparison,total_groups_6,6 total groups,xgb1,repeat_13_fold_03,13,3,0.3157894736842105,0.3181818181818182,0.2438825709735263,0.31626506024096385,0.7000000000000002,44,44,44
competition,hq_plus_a_b_c_d_e,HQ + A+B+C+D+E,grouped_route,total_groups_6,6 total groups,logistic,repeat_13_fold_03,13,3,0.24666666666666667,0.2803030303030303,0.18909474858322756,0.2527322404371585,0.17000000000000004,44,6,6
competition,hq_plus_a_b_c_d_e,HQ + A+B+C+D+E,grouped_route,total_groups_6,6 total groups,xgb1,repeat_13_fold_03,13,3,0.29605263157894735,0.3409090909090909,0.21873753857784492,0.30405405405405406,0.6800000000000002,44,6,6
competition,hq_plus_b_c_d_e_f,HQ + B+C+D+E+F,raw_comparison,total_groups_6,6 total groups,logistic,repeat_13_fold_03,13,3,0.2585034013605442,0.2878787878787879,0.1948260114436812,0.2638888888888889,0.19,45,45,45
competition,hq_plus_b_c_d_e_f,HQ + B+C+D+E+F,raw_comparison,total_groups_6,6 total groups,xgb1,repeat_13_fold_03,13,3,0.25,0.14393939393939395,0.180430340245513,0.21788990825688073,0.7400000000000002,45,45,45
competition,hq_plus_b_c_d_e_f,HQ + B+C+D+E+F,grouped_route,total_groups_6,6 total groups,logistic,repeat_13_fold_03,13,3,0.18316831683168316,0.2803030303030303,0.17466283774056363,0.19680851063829788,0.14,45,6,6
competition,hq_plus_b_c_d_e_f,HQ + B+C+D+E+F,grouped_route,total_groups_6,6 total groups,xgb1,repeat_13_fold_03,13,3,0.2980769230769231,0.23484848484848486,0.19403772817328216,0.28284671532846717,0.7200000000000002,45,6,6
augmentation,hq_plus_a,HQ + A,raw_comparison,per_family_2,2 groups per family,logistic,repeat_14_fold_01,14,1,0.36607142857142855,0.3106060606060606,0.2320348402287304,0.35344827586206895,0.26000000000000006,5,5,34
augmentation,hq_plus_a,HQ + A,raw_comparison,per_family_2,2 groups per family,xgb1,repeat_14_fold_01,14,1,0.28662420382165604,0.3409090909090909,0.23614345223186056,0.29605263157894735,0.6800000000000002,5,5,34
augmentation,hq_plus_a,HQ + A,grouped_route,per_family_2,2 groups per family,logistic,repeat_14_fold_01,14,1,0.30578512396694213,0.2803030303030303,0.22020972532311633,0.3003246753246753,0.22000000000000003,5,2,31
augmentation,hq_plus_a,HQ + A,grouped_route,per_family_2,2 groups per family,xgb1,repeat_14_fold_01,14,1,0.2827586206896552,0.3106060606060606,0.23123806521231074,0.28792134831460675,0.6900000000000002,5,2,31
augmentation,hq_plus_a,HQ + A,raw_comparison,per_family_3,3 groups per family,logistic,repeat_14_fold_01,14,1,0.36607142857142855,0.3106060606060606,0.2320348402287304,0.35344827586206895,0.26000000000000006,5,5,34
augmentation,hq_plus_a,HQ + A,raw_comparison,per_family_3,3 groups per family,xgb1,repeat_14_fold_01,14,1,0.28662420382165604,0.3409090909090909,0.23614345223186056,0.29605263157894735,0.6800000000000002,5,5,34
augmentation,hq_plus_a,HQ + A,grouped_route,per_family_3,3 groups per family,logistic,repeat_14_fold_01,14,1,0.3391304347826087,0.29545454545454547,0.23034391037832094,0.3293918918918919,0.26000000000000006,5,3,32
augmentation,hq_plus_a,HQ + A,grouped_route,per_family_3,3 groups per family,xgb1,repeat_14_fold_01,14,1,0.3140495867768595,0.2878787878787879,0.2382069317170678,0.30844155844155846,0.7200000000000002,5,3,32
augmentation,hq_plus_f,HQ + F,raw_comparison,per_family_2,2 groups per family,logistic,repeat_14_fold_01,14,1,0.29347826086956524,0.20454545454545456,0.19320095840166016,0.27,0.21000000000000002,6,6,35
augmentation,hq_plus_f,HQ + F,raw_comparison,per_family_2,2 groups per family,xgb1,repeat_14_fold_01,14,1,0.26666666666666666,0.12121212121212122,0.17080001116098242,0.21505376344086022,0.7300000000000002,6,6,35
augmentation,hq_plus_f,HQ + F,grouped_route,per_family_2,2 groups per family,logistic,repeat_14_fold_01,14,1,0.2830188679245283,0.22727272727272727,0.18733438286153933,0.2697841726618705,0.2,6,2,31
augmentation,hq_plus_f,HQ + F,grouped_route,per_family_2,2 groups per family,xgb1,repeat_14_fold_01,14,1,0.2361111111111111,0.12878787878787878,0.16782476647178352,0.20238095238095238,0.7200000000000002,6,2,31
augmentation,hq_plus_f,HQ + F,raw_comparison,per_family_3,3 groups per family,logistic,repeat_14_fold_01,14,1,0.29347826086956524,0.20454545454545456,0.19320095840166016,0.27,0.21000000000000002,6,6,35
augmentation,hq_plus_f,HQ + F,raw_comparison,per_family_3,3 groups per family,xgb1,repeat_14_fold_01,14,1,0.26666666666666666,0.12121212121212122,0.17080001116098242,0.21505376344086022,0.7300000000000002,6,6,35
augmentation,hq_plus_f,HQ + F,grouped_route,per_family_3,3 groups per family,logistic,repeat_14_fold_01,14,1,0.2672413793103448,0.23484848484848486,0.18667281610717473,0.2600671140939597,0.19,6,3,32
augmentation,hq_plus_f,HQ + F,grouped_route,per_family_3,3 groups per family,xgb1,repeat_14_fold_01,14,1,0.27586206896551724,0.12121212121212122,0.17120914306621346,0.21978021978021978,0.7400000000000002,6,3,32
augmentation,hq_plus_a_b_c_d_e,HQ + A+B+C+D+E,raw_comparison,per_family_2,2 groups per family,logistic,repeat_14_fold_01,14,1,0.34615384615384615,0.3409090909090909,0.2446676392615704,0.3450920245398773,0.24000000000000005,15,15,44
augmentation,hq_plus_a_b_c_d_e,HQ + A+B+C+D+E,raw_comparison,per_family_2,2 groups per family,xgb1,repeat_14_fold_01,14,1,0.2953020134228188,0.3333333333333333,0.2373129548820544,0.3021978021978022,0.6800000000000002,15,15,44
augmentation,hq_plus_a_b_c_d_e,HQ + A+B+C+D+E,grouped_route,per_family_2,2 groups per family,logistic,repeat_14_fold_01,14,1,0.3565217391304348,0.3106060606060606,0.23479509025630574,0.34628378378378377,0.25000000000000006,15,10,39
augmentation,hq_plus_a_b_c_d_e,HQ + A+B+C+D+E,grouped_route,per_family_2,2 groups per family,xgb1,repeat_14_fold_01,14,1,0.2962962962962963,0.30303030303030304,0.2336089634581748,0.2976190476190476,0.6900000000000002,15,10,39
augmentation,hq_plus_a_b_c_d_e,HQ + A+B+C+D+E,raw_comparison,per_family_3,3 groups per family,logistic,repeat_14_fold_01,14,1,0.34615384615384615,0.3409090909090909,0.2446676392615704,0.3450920245398773,0.24000000000000005,15,15,44
augmentation,hq_plus_a_b_c_d_e,HQ + A+B+C+D+E,raw_comparison,per_family_3,3 groups per family,xgb1,repeat_14_fold_01,14,1,0.2953020134228188,0.3333333333333333,0.2373129548820544,0.3021978021978022,0.6800000000000002,15,15,44
augmentation,hq_plus_a_b_c_d_e,HQ + A+B+C+D+E,grouped_route,per_family_3,3 groups per family,logistic,repeat_14_fold_01,14,1,0.3515625,0.3409090909090909,0.24381601634879085,0.34937888198757766,0.24000000000000005,15,13,42
augmentation,hq_plus_a_b_c_d_e,HQ + A+B+C+D+E,grouped_route,per_family_3,3 groups per family,xgb1,repeat_14_fold_01,14,1,0.3177570093457944,0.25757575757575757,0.2388755830274203,0.30357142857142855,0.7200000000000002,15,13,42
augmentation,hq_plus_b_c_d_e_f,HQ + B+C+D+E+F,raw_comparison,per_family_2,2 groups per family,logistic,repeat_14_fold_01,14,1,0.34513274336283184,0.29545454545454547,0.20945088163576478,0.3339041095890411,0.2,16,16,45
augmentation,hq_plus_b_c_d_e_f,HQ + B+C+D+E+F,raw_comparison,per_family_2,2 groups per family,xgb1,repeat_14_fold_01,14,1,0.22093023255813954,0.14393939393939395,0.17305281184524504,0.19957983193277312,0.6800000000000002,16,16,45
augmentation,hq_plus_b_c_d_e_f,HQ + B+C+D+E+F,grouped_route,per_family_2,2 groups per family,logistic,repeat_14_fold_01,14,1,0.3333333333333333,0.26515151515151514,0.20509117770622537,0.3170289855072464,0.2,16,10,39
augmentation,hq_plus_b_c_d_e_f,HQ + B+C+D+E+F,grouped_route,per_family_2,2 groups per family,xgb1,repeat_14_fold_01,14,1,0.21794871794871795,0.12878787878787878,0.16942905937043834,0.19144144144144143,0.6900000000000002,16,10,39
augmentation,hq_plus_b_c_d_e_f,HQ + B+C+D+E+F,raw_comparison,per_family_3,3 groups per family,logistic,repeat_14_fold_01,14,1,0.34513274336283184,0.29545454545454547,0.20945088163576478,0.3339041095890411,0.2,16,16,45
augmentation,hq_plus_b_c_d_e_f,HQ + B+C+D+E+F,raw_comparison,per_family_3,3 groups per family,xgb1,repeat_14_fold_01,14,1,0.22093023255813954,0.14393939393939395,0.17305281184524504,0.19957983193277312,0.6800000000000002,16,16,45
augmentation,hq_plus_b_c_d_e_f,HQ + B+C+D+E+F,grouped_route,per_family_3,3 groups per family,logistic,repeat_14_fold_01,14,1,0.3333333333333333,0.25,0.20492077295574923,0.3125,0.21000000000000002,16,13,42
augmentation,hq_plus_b_c_d_e_f,HQ + B+C+D+E+F,grouped_route,per_family_3,3 groups per family,xgb1,repeat_14_fold_01,14,1,0.21428571428571427,0.13636363636363635,0.17204108126731962,0.19230769230769232,0.6800000000000002,16,13,42
competition,hq_only,HQ,raw_comparison,total_groups_6,6 total groups,logistic,repeat_14_fold_01,14,1,0.22123893805309736,0.1893939393939394,0.17783835274958784,0.21404109589041095,0.18000000000000005,29,29,29
competition,hq_only,HQ,raw_comparison,total_groups_6,6 total groups,xgb1,repeat_14_fold_01,14,1,0.2631578947368421,0.11363636363636363,0.16780358465557724,0.20833333333333334,0.7400000000000002,29,29,29
competition,hq_only,HQ,grouped_route,total_groups_6,6 total groups,logistic,repeat_14_fold_01,14,1,0.23404255319148937,0.16666666666666666,0.16341967499871857,0.21653543307086615,0.16000000000000003,29,6,6
competition,hq_only,HQ,grouped_route,total_groups_6,6 total groups,xgb1,repeat_14_fold_01,14,1,0.20588235294117646,0.10606060606060606,0.1542066213827902,0.17326732673267325,0.7000000000000002,29,6,6
competition,hq_plus_a,HQ + A,raw_comparison,total_groups_6,6 total groups,logistic,repeat_14_fold_01,14,1,0.36607142857142855,0.3106060606060606,0.2320348402287304,0.35344827586206895,0.26000000000000006,34,34,34
competition,hq_plus_a,HQ + A,raw_comparison,total_groups_6,6 total groups,xgb1,repeat_14_fold_01,14,1,0.28662420382165604,0.3409090909090909,0.23614345223186056,0.29605263157894735,0.6800000000000002,34,34,34
competition,hq_plus_a,HQ + A,grouped_route,total_groups_6,6 total groups,logistic,repeat_14_fold_01,14,1,0.32710280373831774,0.26515151515151514,0.2052920556055072,0.3125,0.19,34,6,6
competition,hq_plus_a,HQ + A,grouped_route,total_groups_6,6 total groups,xgb1,repeat_14_fold_01,14,1,0.31,0.23484848484848486,0.20761394664838828,0.29135338345864664,0.7600000000000002,34,6,6
competition,hq_plus_f,HQ + F,raw_comparison,total_groups_6,6 total groups,logistic,repeat_14_fold_01,14,1,0.29347826086956524,0.20454545454545456,0.19320095840166016,0.27,0.21000000000000002,35,35,35
competition,hq_plus_f,HQ + F,raw_comparison,total_groups_6,6 total groups,xgb1,repeat_14_fold_01,14,1,0.26666666666666666,0.12121212121212122,0.17080001116098242,0.21505376344086022,0.7300000000000002,35,35,35
competition,hq_plus_f,HQ + F,grouped_route,total_groups_6,6 total groups,logistic,repeat_14_fold_01,14,1,0.19642857142857142,0.16666666666666666,0.17028556918545726,0.1896551724137931,0.16000000000000003,35,6,6
competition,hq_plus_f,HQ + F,grouped_route,total_groups_6,6 total groups,xgb1,repeat_14_fold_01,14,1,0.21212121212121213,0.26515151515151514,0.1666550457964238,0.22095959595959597,0.6300000000000001,35,6,6
competition,hq_plus_a_b_c_d_e,HQ + A+B+C+D+E,raw_comparison,total_groups_6,6 total groups,logistic,repeat_14_fold_01,14,1,0.34615384615384615,0.3409090909090909,0.2446676392615704,0.3450920245398773,0.24000000000000005,44,44,44
competition,hq_plus_a_b_c_d_e,HQ + A+B+C+D+E,raw_comparison,total_groups_6,6 total groups,xgb1,repeat_14_fold_01,14,1,0.2953020134228188,0.3333333333333333,0.2373129548820544,0.3021978021978022,0.6800000000000002,44,44,44
competition,hq_plus_a_b_c_d_e,HQ + A+B+C+D+E,grouped_route,total_groups_6,6 total groups,logistic,repeat_14_fold_01,14,1,0.24,0.13636363636363635,0.17591237517229102,0.20833333333333334,0.19,44,6,6
competition,hq_plus_a_b_c_d_e,HQ + A+B+C+D+E,grouped_route,total_groups_6,6 total groups,xgb1,repeat_14_fold_01,14,1,0.28431372549019607,0.2196969696969697,0.18308489509834072,0.26851851851851855,0.7200000000000002,44,6,6
competition,hq_plus_b_c_d_e_f,HQ + B+C+D+E+F,raw_comparison,total_groups_6,6 total groups,logistic,repeat_14_fold_01,14,1,0.34513274336283184,0.29545454545454547,0.20945088163576478,0.3339041095890411,0.2,45,45,45
competition,hq_plus_b_c_d_e_f,HQ + B+C+D+E+F,raw_comparison,total_groups_6,6 total groups,xgb1,repeat_14_fold_01,14,1,0.22093023255813954,0.14393939393939395,0.17305281184524504,0.19957983193277312,0.6800000000000002,45,45,45
competition,hq_plus_b_c_d_e_f,HQ + B+C+D+E+F,grouped_route,total_groups_6,6 total groups,logistic,repeat_14_fold_01,14,1,0.20833333333333334,0.15151515151515152,0.16062058418669792,0.1937984496124031,0.16000000000000003,45,6,6
competition,hq_plus_b_c_d_e_f,HQ + B+C+D+E+F,grouped_route,total_groups_6,6 total groups,xgb1,repeat_14_fold_01,14,1,0.1875,0.22727272727272727,0.16303865437716908,0.19430051813471502,0.6300000000000001,45,6,6
augmentation,hq_plus_a,HQ + A,raw_comparison,per_family_2,2 groups per family,logistic,repeat_14_fold_02,14,2,0.35051546391752575,0.25757575757575757,0.2529866603911285,0.3269230769230769,0.28,5,5,34
augmentation,hq_plus_a,HQ + A,raw_comparison,per_family_2,2 groups per family,xgb1,repeat_14_fold_02,14,2,0.3619047619047619,0.2878787878787879,0.2530109286862726,0.3442028985507246,0.7400000000000002,5,5,34
augmentation,hq_plus_a,HQ + A,grouped_route,per_family_2,2 groups per family,logistic,repeat_14_fold_02,14,2,0.29608938547486036,0.4015151515151515,0.24091410847122613,0.3125,0.17000000000000004,5,2,31
augmentation,hq_plus_a,HQ + A,grouped_route,per_family_2,2 groups per family,xgb1,repeat_14_fold_02,14,2,0.3586206896551724,0.3939393939393939,0.25713520529730627,0.3651685393258427,0.6900000000000002,5,2,31
augmentation,hq_plus_a,HQ + A,raw_comparison,per_family_3,3 groups per family,logistic,repeat_14_fold_02,14,2,0.35051546391752575,0.25757575757575757,0.2529866603911285,0.3269230769230769,0.28,5,5,34
augmentation,hq_plus_a,HQ + A,raw_comparison,per_family_3,3 groups per family,xgb1,repeat_14_fold_02,14,2,0.3619047619047619,0.2878787878787879,0.2530109286862726,0.3442028985507246,0.7400000000000002,5,5,34
augmentation,hq_plus_a,HQ + A,grouped_route,per_family_3,3 groups per family,logistic,repeat_14_fold_02,14,2,0.3763440860215054,0.26515151515151514,0.2554058754312983,0.3472222222222222,0.28,5,3,32
augmentation,hq_plus_a,HQ + A,grouped_route,per_family_3,3 groups per family,xgb1,repeat_14_fold_02,14,2,0.38738738738738737,0.32575757575757575,0.2527939512652757,0.3732638888888889,0.7300000000000002,5,3,32
augmentation,hq_plus_f,HQ + F,raw_comparison,per_family_2,2 groups per family,logistic,repeat_14_fold_02,14,2,0.2571428571428571,0.13636363636363635,0.18730707335934058,0.21844660194174756,0.26000000000000006,6,6,35
augmentation,hq_plus_f,HQ + F,raw_comparison,per_family_2,2 groups per family,xgb1,repeat_14_fold_02,14,2,0.20606060606060606,0.25757575757575757,0.17723436850456692,0.21464646464646464,0.6400000000000001,6,6,35
augmentation,hq_plus_f,HQ + F,grouped_route,per_family_2,2 groups per family,logistic,repeat_14_fold_02,14,2,0.2777777777777778,0.1893939393939394,0.1822353042936491,0.2540650406504065,0.22000000000000003,6,2,31
augmentation,hq_plus_f,HQ + F,grouped_route,per_family_2,2 groups per family,xgb1,repeat_14_fold_02,14,2,0.20666666666666667,0.23484848484848486,0.1777156843572844,0.21174863387978143,0.6500000000000001,6,2,31
augmentation,hq_plus_f,HQ + F,raw_comparison,per_family_3,3 groups per family,logistic,repeat_14_fold_02,14,2,0.2571428571428571,0.13636363636363635,0.18730707335934058,0.21844660194174756,0.26000000000000006,6,6,35
augmentation,hq_plus_f,HQ + F,raw_comparison,per_family_3,3 groups per family,xgb1,repeat_14_fold_02,14,2,0.20606060606060606,0.25757575757575757,0.17723436850456692,0.21464646464646464,0.6400000000000001,6,6,35
augmentation,hq_plus_f,HQ + F,grouped_route,per_family_3,3 groups per family,logistic,repeat_14_fold_02,14,2,0.2696629213483146,0.18181818181818182,0.18211844099672614,0.2459016393442623,0.22000000000000003,6,3,32
augmentation,hq_plus_f,HQ + F,grouped_route,per_family_3,3 groups per family,xgb1,repeat_14_fold_02,14,2,0.20666666666666667,0.23484848484848486,0.17653069569753765,0.21174863387978143,0.6500000000000001,6,3,32
augmentation,hq_plus_a_b_c_d_e,HQ + A+B+C+D+E,raw_comparison,per_family_2,2 groups per family,logistic,repeat_14_fold_02,14,2,0.34951456310679613,0.2727272727272727,0.24754616673704422,0.33088235294117646,0.29000000000000004,15,15,44
augmentation,hq_plus_a_b_c_d_e,HQ + A+B+C+D+E,raw_comparison,per_family_2,2 groups per family,xgb1,repeat_14_fold_02,14,2,0.375,0.2727272727272727,0.2549729813937218,0.3488372093023256,0.7500000000000002,15,15,44
augmentation,hq_plus_a_b_c_d_e,HQ + A+B+C+D+E,grouped_route,per_family_2,2 groups per family,logistic,repeat_14_fold_02,14,2,0.391304347826087,0.2727272727272727,0.23951016540868092,0.36,0.31000000000000005,15,10,39
augmentation,hq_plus_a_b_c_d_e,HQ + A+B+C+D+E,grouped_route,per_family_2,2 groups per family,xgb1,repeat_14_fold_02,14,2,0.37755102040816324,0.2803030303030303,0.25778213650098974,0.3530534351145038,0.7500000000000002,15,10,39
augmentation,hq_plus_a_b_c_d_e,HQ + A+B+C+D+E,raw_comparison,per_family_3,3 groups per family,logistic,repeat_14_fold_02,14,2,0.34951456310679613,0.2727272727272727,0.24754616673704422,0.33088235294117646,0.29000000000000004,15,15,44
augmentation,hq_plus_a_b_c_d_e,HQ + A+B+C+D+E,raw_comparison,per_family_3,3 groups per family,xgb1,repeat_14_fold_02,14,2,0.375,0.2727272727272727,0.2549729813937218,0.3488372093023256,0.7500000000000002,15,15,44
augmentation,hq_plus_a_b_c_d_e,HQ + A+B+C+D+E,grouped_route,per_family_3,3 groups per family,logistic,repeat_14_fold_02,14,2,0.34782608695652173,0.24242424242424243,0.24768039143172604,0.32,0.31000000000000005,15,13,42
augmentation,hq_plus_a_b_c_d_e,HQ + A+B+C+D+E,grouped_route,per_family_3,3 groups per family,xgb1,repeat_14_fold_02,14,2,0.3723404255319149,0.26515151515151514,0.25531614141099107,0.34448818897637795,0.7500000000000002,15,13,42
augmentation,hq_plus_b_c_d_e_f,HQ + B+C+D+E+F,raw_comparison,per_family_2,2 groups per family,logistic,repeat_14_fold_02,14,2,0.26666666666666666,0.18181818181818182,0.1912956301000658,0.24390243902439024,0.26000000000000006,16,16,45
augmentation,hq_plus_b_c_d_e_f,HQ + B+C+D+E+F,raw_comparison,per_family_2,2 groups per family,xgb1,repeat_14_fold_02,14,2,0.2222222222222222,0.25757575757575757,0.17984346121512895,0.22849462365591397,0.6500000000000001,16,16,45
augmentation,hq_plus_b_c_d_e_f,HQ + B+C+D+E+F,grouped_route,per_family_2,2 groups per family,logistic,repeat_14_fold_02,14,2,0.25842696629213485,0.17424242424242425,0.18502558624107654,0.23565573770491804,0.26000000000000006,16,10,39
augmentation,hq_plus_b_c_d_e_f,HQ + B+C+D+E+F,grouped_route,per_family_2,2 groups per family,xgb1,repeat_14_fold_02,14,2,0.22151898734177214,0.26515151515151514,0.18153270293283036,0.22905759162303665,0.6400000000000001,16,10,39
augmentation,hq_plus_b_c_d_e_f,HQ + B+C+D+E+F,raw_comparison,per_family_3,3 groups per family,logistic,repeat_14_fold_02,14,2,0.26666666666666666,0.18181818181818182,0.1912956301000658,0.24390243902439024,0.26000000000000006,16,16,45
augmentation,hq_plus_b_c_d_e_f,HQ + B+C+D+E+F,raw_comparison,per_family_3,3 groups per family,xgb1,repeat_14_fold_02,14,2,0.2222222222222222,0.25757575757575757,0.17984346121512895,0.22849462365591397,0.6500000000000001,16,16,45
augmentation,hq_plus_b_c_d_e_f,HQ + B+C+D+E+F,grouped_route,per_family_3,3 groups per family,logistic,repeat_14_fold_02,14,2,0.26136363636363635,0.17424242424242425,0.18525645915694547,0.23760330578512398,0.26000000000000006,16,13,42
augmentation,hq_plus_b_c_d_e_f,HQ + B+C+D+E+F,grouped_route,per_family_3,3 groups per family,xgb1,repeat_14_fold_02,14,2,0.22131147540983606,0.20454545454545456,0.17933516359292137,0.21774193548387097,0.6800000000000002,16,13,42
competition,hq_only,HQ,raw_comparison,total_groups_6,6 total groups,logistic,repeat_14_fold_02,14,2,0.25,0.18181818181818182,0.17395892983798728,0.23255813953488372,0.2,29,29,29
competition,hq_only,HQ,raw_comparison,total_groups_6,6 total groups,xgb1,repeat_14_fold_02,14,2,0.2152777777777778,0.23484848484848486,0.17690727665387024,0.2189265536723164,0.6600000000000001,29,29,29
competition,hq_only,HQ,grouped_route,total_groups_6,6 total groups,logistic,repeat_14_fold_02,14,2,0.2631578947368421,0.15151515151515152,0.17648038206233643,0.22935779816513763,0.19,29,6,6
competition,hq_only,HQ,grouped_route,total_groups_6,6 total groups,xgb1,repeat_14_fold_02,14,2,0.2463768115942029,0.12878787878787878,0.18273509600304946,0.20833333333333334,0.7300000000000002,29,6,6
competition,hq_plus_a,HQ + A,raw_comparison,total_groups_6,6 total groups,logistic,repeat_14_fold_02,14,2,0.35051546391752575,0.25757575757575757,0.2529866603911285,0.3269230769230769,0.28,34,34,34
competition,hq_plus_a,HQ + A,raw_comparison,total_groups_6,6 total groups,xgb1,repeat_14_fold_02,14,2,0.3619047619047619,0.2878787878787879,0.2530109286862726,0.3442028985507246,0.7400000000000002,34,34,34
competition,hq_plus_a,HQ + A,grouped_route,total_groups_6,6 total groups,logistic,repeat_14_fold_02,14,2,0.40404040404040403,0.30303030303030304,0.24367010307101258,0.3787878787878788,0.22000000000000003,34,6,6
competition,hq_plus_a,HQ + A,grouped_route,total_groups_6,6 total groups,xgb1,repeat_14_fold_02,14,2,0.410958904109589,0.22727272727272727,0.2574120221890446,0.35377358490566035,0.8100000000000002,34,6,6
competition,hq_plus_f,HQ + F,raw_comparison,total_groups_6,6 total groups,logistic,repeat_14_fold_02,14,2,0.2571428571428571,0.13636363636363635,0.18730707335934058,0.21844660194174756,0.26000000000000006,35,35,35
competition,hq_plus_f,HQ + F,raw_comparison,total_groups_6,6 total groups,xgb1,repeat_14_fold_02,14,2,0.20606060606060606,0.25757575757575757,0.17723436850456692,0.21464646464646464,0.6400000000000001,35,35,35
competition,hq_plus_f,HQ + F,grouped_route,total_groups_6,6 total groups,logistic,repeat_14_fold_02,14,2,0.26865671641791045,0.13636363636363635,0.1798274861970544,0.225,0.2,35,6,6
competition,hq_plus_f,HQ + F,grouped_route,total_groups_6,6 total groups,xgb1,repeat_14_fold_02,14,2,0.24468085106382978,0.17424242424242425,0.17731930844455313,0.2263779527559055,0.7100000000000002,35,6,6
competition,hq_plus_a_b_c_d_e,HQ + A+B+C+D+E,raw_comparison,total_groups_6,6 total groups,logistic,repeat_14_fold_02,14,2,0.34951456310679613,0.2727272727272727,0.24754616673704422,0.33088235294117646,0.29000000000000004,44,44,44
competition,hq_plus_a_b_c_d_e,HQ + A+B+C+D+E,raw_comparison,total_groups_6,6 total groups,xgb1,repeat_14_fold_02,14,2,0.375,0.2727272727272727,0.2549729813937218,0.3488372093023256,0.7500000000000002,44,44,44
competition,hq_plus_a_b_c_d_e,HQ + A+B+C+D+E,grouped_route,total_groups_6,6 total groups,logistic,repeat_14_fold_02,14,2,0.375,0.29545454545454547,0.23775003125606087,0.35583941605839414,0.21000000000000002,44,6,6
competition,hq_plus_a_b_c_d_e,HQ + A+B+C+D+E,grouped_route,total_groups_6,6 total groups,xgb1,repeat_14_fold_02,14,2,0.391304347826087,0.3409090909090909,0.2473720110685665,0.38006756756756754,0.7500000000000002,44,6,6
competition,hq_plus_b_c_d_e_f,HQ + B+C+D+E+F,raw_comparison,total_groups_6,6 total groups,logistic,repeat_14_fold_02,14,2,0.26666666666666666,0.18181818181818182,0.1912956301000658,0.24390243902439024,0.26000000000000006,45,45,45
competition,hq_plus_b_c_d_e_f,HQ + B+C+D+E+F,raw_comparison,total_groups_6,6 total groups,xgb1,repeat_14_fold_02,14,2,0.2222222222222222,0.25757575757575757,0.17984346121512895,0.22849462365591397,0.6500000000000001,45,45,45
competition,hq_plus_b_c_d_e_f,HQ + B+C+D+E+F,grouped_route,total_groups_6,6 total groups,logistic,repeat_14_fold_02,14,2,0.2898550724637681,0.15151515151515152,0.19316309029214407,0.24509803921568626,0.24000000000000005,45,6,6
competition,hq_plus_b_c_d_e_f,HQ + B+C+D+E+F,grouped_route,total_groups_6,6 total groups,xgb1,repeat_14_fold_02,14,2,0.28,0.1590909090909091,0.1947782007225985,0.24305555555555555,0.7600000000000002,45,6,6
augmentation,hq_plus_a,HQ + A,raw_comparison,per_family_2,2 groups per family,logistic,repeat_14_fold_03,14,3,0.2677165354330709,0.25757575757575757,0.20538698642069847,0.265625,0.27,5,5,34
augmentation,hq_plus_a,HQ + A,raw_comparison,per_family_2,2 groups per family,xgb1,repeat_14_fold_03,14,3,0.2714285714285714,0.2878787878787879,0.21486168352905077,0.2745664739884393,0.7000000000000002,5,5,34
augmentation,hq_plus_a,HQ + A,grouped_route,per_family_2,2 groups per family,logistic,repeat_14_fold_03,14,3,0.24260355029585798,0.3106060606060606,0.19805680339606804,0.2537128712871287,0.21000000000000002,5,2,31
augmentation,hq_plus_a,HQ + A,grouped_route,per_family_2,2 groups per family,xgb1,repeat_14_fold_03,14,3,0.26515151515151514,0.26515151515151514,0.20992692143899014,0.26515151515151514,0.7300000000000002,5,2,31
augmentation,hq_plus_a,HQ + A,raw_comparison,per_family_3,3 groups per family,logistic,repeat_14_fold_03,14,3,0.2677165354330709,0.25757575757575757,0.20538698642069847,0.265625,0.27,5,5,34
augmentation,hq_plus_a,HQ + A,raw_comparison,per_family_3,3 groups per family,xgb1,repeat_14_fold_03,14,3,0.2714285714285714,0.2878787878787879,0.21486168352905077,0.2745664739884393,0.7000000000000002,5,5,34
augmentation,hq_plus_a,HQ + A,grouped_route,per_family_3,3 groups per family,logistic,repeat_14_fold_03,14,3,0.29292929292929293,0.2196969696969697,0.20473591455852283,0.2746212121212121,0.32000000000000006,5,3,32
augmentation,hq_plus_a,HQ + A,grouped_route,per_family_3,3 groups per family,xgb1,repeat_14_fold_03,14,3,0.27611940298507465,0.2803030303030303,0.21234851561290488,0.27694610778443113,0.7200000000000002,5,3,32
augmentation,hq_plus_f,HQ + F,raw_comparison,per_family_2,2 groups per family,logistic,repeat_14_fold_03,14,3,0.19718309859154928,0.21212121212121213,0.163267699317613,0.2,0.19,6,6,35
augmentation,hq_plus_f,HQ + F,raw_comparison,per_family_2,2 groups per family,xgb1,repeat_14_fold_03,14,3,0.21666666666666667,0.09848484848484848,0.16394074738205122,0.17473118279569894,0.7700000000000002,6,6,35
augmentation,hq_plus_f,HQ + F,grouped_route,per_family_2,2 groups per family,logistic,repeat_14_fold_03,14,3,0.21100917431192662,0.17424242424242425,0.1626511698717228,0.20246478873239437,0.21000000000000002,6,2,31
augmentation,hq_plus_f,HQ + F,grouped_route,per_family_2,2 groups per family,xgb1,repeat_14_fold_03,14,3,0.23076923076923078,0.11363636363636363,0.16482254982884348,0.1913265306122449,0.7500000000000002,6,2,31
augmentation,hq_plus_f,HQ + F,raw_comparison,per_family_3,3 groups per family,logistic,repeat_14_fold_03,14,3,0.19718309859154928,0.21212121212121213,0.163267699317613,0.2,0.19,6,6,35
augmentation,hq_plus_f,HQ + F,raw_comparison,per_family_3,3 groups per family,xgb1,repeat_14_fold_03,14,3,0.21666666666666667,0.09848484848484848,0.16394074738205122,0.17473118279569894,0.7700000000000002,6,6,35
augmentation,hq_plus_f,HQ + F,grouped_route,per_family_3,3 groups per family,logistic,repeat_14_fold_03,14,3,0.21296296296296297,0.17424242424242425,0.16293805607843337,0.20390070921985815,0.21000000000000002,6,3,32
augmentation,hq_plus_f,HQ + F,grouped_route,per_family_3,3 groups per family,xgb1,repeat_14_fold_03,14,3,0.22413793103448276,0.09848484848484848,0.16425321758546446,0.17857142857142858,0.7800000000000001,6,3,32
augmentation,hq_plus_a_b_c_d_e,HQ + A+B+C+D+E,raw_comparison,per_family_2,2 groups per family,logistic,repeat_14_fold_03,14,3,0.27906976744186046,0.2727272727272727,0.224564785419888,0.2777777777777778,0.29000000000000004,15,15,44
augmentation,hq_plus_a_b_c_d_e,HQ + A+B+C+D+E,raw_comparison,per_family_2,2 groups per family,xgb1,repeat_14_fold_03,14,3,0.3017241379310345,0.26515151515151514,0.21319028202260926,0.2936241610738255,0.7300000000000002,15,15,44
augmentation,hq_plus_a_b_c_d_e,HQ + A+B+C+D+E,grouped_route,per_family_2,2 groups per family,logistic,repeat_14_fold_03,14,3,0.2751677852348993,0.3106060606060606,0.22219309973945756,0.2815934065934066,0.24000000000000005,15,10,39
augmentation,hq_plus_a_b_c_d_e,HQ + A+B+C+D+E,grouped_route,per_family_2,2 groups per family,xgb1,repeat_14_fold_03,14,3,0.27049180327868855,0.25,0.20874957238438646,0.2661290322580645,0.7400000000000002,15,10,39
augmentation,hq_plus_a_b_c_d_e,HQ + A+B+C+D+E,raw_comparison,per_family_3,3 groups per family,logistic,repeat_14_fold_03,14,3,0.27906976744186046,0.2727272727272727,0.224564785419888,0.2777777777777778,0.29000000000000004,15,15,44
augmentation,hq_plus_a_b_c_d_e,HQ + A+B+C+D+E,raw_comparison,per_family_3,3 groups per family,xgb1,repeat_14_fold_03,14,3,0.3017241379310345,0.26515151515151514,0.21319028202260926,0.2936241610738255,0.7300000000000002,15,15,44
augmentation,hq_plus_a_b_c_d_e,HQ + A+B+C+D+E,grouped_route,per_family_3,3 groups per family,logistic,repeat_14_fold_03,14,3,0.28169014084507044,0.30303030303030304,0.2251786007007873,0.2857142857142857,0.26000000000000006,15,13,42
augmentation,hq_plus_a_b_c_d_e,HQ + A+B+C+D+E,grouped_route,per_family_3,3 groups per family,xgb1,repeat_14_fold_03,14,3,0.2708333333333333,0.29545454545454547,0.21259106030285535,0.2754237288135593,0.7000000000000002,15,13,42
augmentation,hq_plus_b_c_d_e_f,HQ + B+C+D+E+F,raw_comparison,per_family_2,2 groups per family,logistic,repeat_14_fold_03,14,3,0.2891566265060241,0.18181818181818182,0.18254369395485576,0.25862068965517243,0.28,16,16,45
augmentation,hq_plus_b_c_d_e_f,HQ + B+C+D+E+F,raw_comparison,per_family_2,2 groups per family,xgb1,repeat_14_fold_03,14,3,0.2542372881355932,0.11363636363636363,0.16984735253237696,0.20380434782608695,0.7600000000000002,16,16,45
augmentation,hq_plus_b_c_d_e_f,HQ + B+C+D+E+F,grouped_route,per_family_2,2 groups per family,logistic,repeat_14_fold_03,14,3,0.2727272727272727,0.13636363636363635,0.1837857889283169,0.22727272727272727,0.30000000000000004,16,10,39
augmentation,hq_plus_b_c_d_e_f,HQ + B+C+D+E+F,grouped_route,per_family_2,2 groups per family,xgb1,repeat_14_fold_03,14,3,0.19148936170212766,0.13636363636363635,0.16852184443810303,0.17716535433070865,0.6900000000000002,16,10,39
augmentation,hq_plus_b_c_d_e_f,HQ + B+C+D+E+F,raw_comparison,per_family_3,3 groups per family,logistic,repeat_14_fold_03,14,3,0.2891566265060241,0.18181818181818182,0.18254369395485576,0.25862068965517243,0.28,16,16,45
augmentation,hq_plus_b_c_d_e_f,HQ + B+C+D+E+F,raw_comparison,per_family_3,3 groups per family,xgb1,repeat_14_fold_03,14,3,0.2542372881355932,0.11363636363636363,0.16984735253237696,0.20380434782608695,0.7600000000000002,16,16,45
augmentation,hq_plus_b_c_d_e_f,HQ + B+C+D+E+F,grouped_route,per_family_3,3 groups per family,logistic,repeat_14_fold_03,14,3,0.27692307692307694,0.13636363636363635,0.18468319608575953,0.22959183673469388,0.31000000000000005,16,13,42
augmentation,hq_plus_b_c_d_e_f,HQ + B+C+D+E+F,grouped_route,per_family_3,3 groups per family,xgb1,repeat_14_fold_03,14,3,0.21794871794871795,0.12878787878787878,0.1700891230727217,0.19144144144144143,0.7200000000000002,16,13,42
competition,hq_only,HQ,raw_comparison,total_groups_6,6 total groups,logistic,repeat_14_fold_03,14,3,0.205607476635514,0.16666666666666666,0.15462867567519165,0.19642857142857142,0.2,29,29,29
competition,hq_only,HQ,raw_comparison,total_groups_6,6 total groups,xgb1,repeat_14_fold_03,14,3,0.23232323232323232,0.17424242424242425,0.16117994208049138,0.2178030303030303,0.7000000000000002,29,29,29
competition,hq_only,HQ,grouped_route,total_groups_6,6 total groups,logistic,repeat_14_fold_03,14,3,0.19607843137254902,0.15151515151515152,0.15421373679371397,0.18518518518518517,0.18000000000000005,29,6,6
competition,hq_only,HQ,grouped_route,total_groups_6,6 total groups,xgb1,repeat_14_fold_03,14,3,0.24358974358974358,0.14393939393939395,0.149744944547553,0.21396396396396397,0.7000000000000002,29,6,6
competition,hq_plus_a,HQ + A,raw_comparison,total_groups_6,6 total groups,logistic,repeat_14_fold_03,14,3,0.2677165354330709,0.25757575757575757,0.20538698642069847,0.265625,0.27,34,34,34
competition,hq_plus_a,HQ + A,raw_comparison,total_groups_6,6 total groups,xgb1,repeat_14_fold_03,14,3,0.2714285714285714,0.2878787878787879,0.21486168352905077,0.2745664739884393,0.7000000000000002,34,34,34
competition,hq_plus_a,HQ + A,grouped_route,total_groups_6,6 total groups,logistic,repeat_14_fold_03,14,3,0.25,0.25,0.20396898473123032,0.25,0.23000000000000004,34,6,6
competition,hq_plus_a,HQ + A,grouped_route,total_groups_6,6 total groups,xgb1,repeat_14_fold_03,14,3,0.2727272727272727,0.25,0.20452411163735984,0.26785714285714285,0.7600000000000002,34,6,6
competition,hq_plus_f,HQ + F,raw_comparison,total_groups_6,6 total groups,logistic,repeat_14_fold_03,14,3,0.19718309859154928,0.21212121212121213,0.163267699317613,0.2,0.19,35,35,35
competition,hq_plus_f,HQ + F,raw_comparison,total_groups_6,6 total groups,xgb1,repeat_14_fold_03,14,3,0.21666666666666667,0.09848484848484848,0.16394074738205122,0.17473118279569894,0.7700000000000002,35,35,35
competition,hq_plus_f,HQ + F,grouped_route,total_groups_6,6 total groups,logistic,repeat_14_fold_03,14,3,0.21839080459770116,0.14393939393939395,0.15399426340607747,0.19791666666666666,0.2,35,6,6
competition,hq_plus_f,HQ + F,grouped_route,total_groups_6,6 total groups,xgb1,repeat_14_fold_03,14,3,0.2222222222222222,0.15151515151515152,0.15582218018196353,0.2032520325203252,0.7100000000000002,35,6,6
competition,hq_plus_a_b_c_d_e,HQ + A+B+C+D+E,raw_comparison,total_groups_6,6 total groups,logistic,repeat_14_fold_03,14,3,0.27906976744186046,0.2727272727272727,0.224564785419888,0.2777777777777778,0.29000000000000004,44,44,44
competition,hq_plus_a_b_c_d_e,HQ + A+B+C+D+E,raw_comparison,total_groups_6,6 total groups,xgb1,repeat_14_fold_03,14,3,0.3017241379310345,0.26515151515151514,0.21319028202260926,0.2936241610738255,0.7300000000000002,44,44,44
competition,hq_plus_a_b_c_d_e,HQ + A+B+C+D+E,grouped_route,total_groups_6,6 total groups,logistic,repeat_14_fold_03,14,3,0.2689075630252101,0.24242424242424243,0.19662201591357448,0.2631578947368421,0.22000000000000003,44,6,6
competition,hq_plus_a_b_c_d_e,HQ + A+B+C+D+E,grouped_route,total_groups_6,6 total groups,xgb1,repeat_14_fold_03,14,3,0.2463768115942029,0.25757575757575757,0.20114945413973054,0.24853801169590642,0.7300000000000002,44,6,6
competition,hq_plus_b_c_d_e_f,HQ + B+C+D+E+F,raw_comparison,total_groups_6,6 total groups,logistic,repeat_14_fold_03,14,3,0.2891566265060241,0.18181818181818182,0.18254369395485576,0.25862068965517243,0.28,45,45,45
competition,hq_plus_b_c_d_e_f,HQ + B+C+D+E+F,raw_comparison,total_groups_6,6 total groups,xgb1,repeat_14_fold_03,14,3,0.2542372881355932,0.11363636363636363,0.16984735253237696,0.20380434782608695,0.7600000000000002,45,45,45
competition,hq_plus_b_c_d_e_f,HQ + B+C+D+E+F,grouped_route,total_groups_6,6 total groups,logistic,repeat_14_fold_03,14,3,0.2345679012345679,0.14393939393939395,0.15646700927525192,0.20833333333333334,0.22000000000000003,45,6,6
competition,hq_plus_b_c_d_e_f,HQ + B+C+D+E+F,grouped_route,total_groups_6,6 total groups,xgb1,repeat_14_fold_03,14,3,0.22666666666666666,0.12878787878787878,0.15574904668634196,0.19675925925925927,0.7400000000000002,45,6,6
augmentation,hq_plus_a,HQ + A,raw_comparison,per_family_2,2 groups per family,logistic,repeat_15_fold_01,15,1,0.25190839694656486,0.25,0.19265536935985886,0.25152439024390244,0.28,5,5,34
augmentation,hq_plus_a,HQ + A,raw_comparison,per_family_2,2 groups per family,xgb1,repeat_15_fold_01,15,1,0.2932330827067669,0.29545454545454547,0.21994184773781383,0.2936746987951807,0.7300000000000002,5,5,34
augmentation,hq_plus_a,HQ + A,grouped_route,per_family_2,2 groups per family,logistic,repeat_15_fold_01,15,1,0.2558139534883721,0.16666666666666666,0.1869772873152088,0.23109243697478993,0.34,5,2,31
augmentation,hq_plus_a,HQ + A,grouped_route,per_family_2,2 groups per family,xgb1,repeat_15_fold_01,15,1,0.2679738562091503,0.3106060606060606,0.21572537995423763,0.27553763440860213,0.7000000000000002,5,2,31
augmentation,hq_plus_a,HQ + A,raw_comparison,per_family_3,3 groups per family,logistic,repeat_15_fold_01,15,1,0.25190839694656486,0.25,0.19265536935985886,0.25152439024390244,0.28,5,5,34
augmentation,hq_plus_a,HQ + A,raw_comparison,per_family_3,3 groups per family,xgb1,repeat_15_fold_01,15,1,0.2932330827067669,0.29545454545454547,0.21994184773781383,0.2936746987951807,0.7300000000000002,5,5,34
augmentation,hq_plus_a,HQ + A,grouped_route,per_family_3,3 groups per family,logistic,repeat_15_fold_01,15,1,0.2318840579710145,0.24242424242424243,0.19137471776856502,0.23391812865497075,0.26000000000000006,5,3,32
augmentation,hq_plus_a,HQ + A,grouped_route,per_family_3,3 groups per family,xgb1,repeat_15_fold_01,15,1,0.291044776119403,0.29545454545454547,0.22192063831978825,0.29191616766467066,0.7200000000000002,5,3,32
augmentation,hq_plus_f,HQ + F,raw_comparison,per_family_2,2 groups per family,logistic,repeat_15_fold_01,15,1,0.22105263157894736,0.1590909090909091,0.16801985029209543,0.205078125,0.22000000000000003,6,6,35
augmentation,hq_plus_f,HQ + F,raw_comparison,per_family_2,2 groups per family,xgb1,repeat_15_fold_01,15,1,0.2169811320754717,0.17424242424242425,0.17775154370667118,0.2068345323741007,0.6600000000000001,6,6,35
augmentation,hq_plus_f,HQ + F,grouped_route,per_family_2,2 groups per family,logistic,repeat_15_fold_01,15,1,0.21782178217821782,0.16666666666666666,0.16386093788829703,0.20522388059701493,0.2,6,2,31
augmentation,hq_plus_f,HQ + F,grouped_route,per_family_2,2 groups per family,xgb1,repeat_15_fold_01,15,1,0.225,0.13636363636363635,0.18489267121977823,0.19911504424778761,0.7000000000000002,6,2,31
augmentation,hq_plus_f,HQ + F,raw_comparison,per_family_3,3 groups per family,logistic,repeat_15_fold_01,15,1,0.22105263157894736,0.1590909090909091,0.16801985029209543,0.205078125,0.22000000000000003,6,6,35
augmentation,hq_plus_f,HQ + F,raw_comparison,per_family_3,3 groups per family,xgb1,repeat_15_fold_01,15,1,0.2169811320754717,0.17424242424242425,0.17775154370667118,0.2068345323741007,0.6600000000000001,6,6,35
augmentation,hq_plus_f,HQ + F,grouped_route,per_family_3,3 groups per family,logistic,repeat_15_fold_01,15,1,0.2247191011235955,0.15151515151515152,0.16445601367803095,0.20491803278688525,0.22000000000000003,6,3,32
augmentation,hq_plus_f,HQ + F,grouped_route,per_family_3,3 groups per family,xgb1,repeat_15_fold_01,15,1,0.22,0.25,0.18045741710431856,0.22540983606557377,0.6200000000000001,6,3,32
augmentation,hq_plus_a_b_c_d_e,HQ + A+B+C+D+E,raw_comparison,per_family_2,2 groups per family,logistic,repeat_15_fold_01,15,1,0.28448275862068967,0.25,0.2067751481339988,0.27684563758389263,0.32000000000000006,15,15,44
augmentation,hq_plus_a_b_c_d_e,HQ + A+B+C+D+E,raw_comparison,per_family_2,2 groups per family,xgb1,repeat_15_fold_01,15,1,0.27710843373493976,0.3484848484848485,0.22240422406632343,0.2889447236180904,0.6800000000000002,15,15,44
augmentation,hq_plus_a_b_c_d_e,HQ + A+B+C+D+E,grouped_route,per_family_2,2 groups per family,logistic,repeat_15_fold_01,15,1,0.2827586206896552,0.3106060606060606,0.20423453975189648,0.28792134831460675,0.24000000000000005,15,10,39
augmentation,hq_plus_a_b_c_d_e,HQ + A+B+C+D+E,grouped_route,per_family_2,2 groups per family,xgb1,repeat_15_fold_01,15,1,0.273972602739726,0.30303030303030304,0.21638883109406876,0.27932960893854747,0.7100000000000002,15,10,39
augmentation,hq_plus_a_b_c_d_e,HQ + A+B+C+D+E,raw_comparison,per_family_3,3 groups per family,logistic,repeat_15_fold_01,15,1,0.28448275862068967,0.25,0.2067751481339988,0.27684563758389263,0.32000000000000006,15,15,44
augmentation,hq_plus_a_b_c_d_e,HQ + A+B+C+D+E,raw_comparison,per_family_3,3 groups per family,xgb1,repeat_15_fold_01,15,1,0.27710843373493976,0.3484848484848485,0.22240422406632343,0.2889447236180904,0.6800000000000002,15,15,44
augmentation,hq_plus_a_b_c_d_e,HQ + A+B+C+D+E,grouped_route,per_family_3,3 groups per family,logistic,repeat_15_fold_01,15,1,0.2536231884057971,0.26515151515151514,0.20603710827920238,0.25584795321637427,0.27,15,13,42
augmentation,hq_plus_a_b_c_d_e,HQ + A+B+C+D+E,grouped_route,per_family_3,3 groups per family,xgb1,repeat_15_fold_01,15,1,0.2777777777777778,0.3409090909090909,0.2232941109748799,0.28846153846153844,0.6900000000000002,15,13,42
augmentation,hq_plus_b_c_d_e_f,HQ + B+C+D+E+F,raw_comparison,per_family_2,2 groups per family,logistic,repeat_15_fold_01,15,1,0.24242424242424243,0.18181818181818182,0.17583152880362263,0.22727272727272727,0.24000000000000005,16,16,45
augmentation,hq_plus_b_c_d_e_f,HQ + B+C+D+E+F,raw_comparison,per_family_2,2 groups per family,xgb1,repeat_15_fold_01,15,1,0.20149253731343283,0.20454545454545456,0.18123541000201945,0.20209580838323354,0.6400000000000001,16,16,45
augmentation,hq_plus_b_c_d_e_f,HQ + B+C+D+E+F,grouped_route,per_family_2,2 groups per family,logistic,repeat_15_fold_01,15,1,0.22105263157894736,0.1590909090909091,0.1731344606466744,0.205078125,0.24000000000000005,16,10,39
augmentation,hq_plus_b_c_d_e_f,HQ + B+C+D+E+F,grouped_route,per_family_2,2 groups per family,xgb1,repeat_15_fold_01,15,1,0.20833333333333334,0.1893939393939394,0.1878765284781831,0.2042483660130719,0.6500000000000001,16,10,39
augmentation,hq_plus_b_c_d_e_f,HQ + B+C+D+E+F,raw_comparison,per_family_3,3 groups per family,logistic,repeat_15_fold_01,15,1,0.24242424242424243,0.18181818181818182,0.17583152880362263,0.22727272727272727,0.24000000000000005,16,16,45
augmentation,hq_plus_b_c_d_e_f,HQ + B+C+D+E+F,raw_comparison,per_family_3,3 groups per family,xgb1,repeat_15_fold_01,15,1,0.20149253731343283,0.20454545454545456,0.18123541000201945,0.20209580838323354,0.6400000000000001,16,16,45
augmentation,hq_plus_b_c_d_e_f,HQ + B+C+D+E+F,grouped_route,per_family_3,3 groups per family,logistic,repeat_15_fold_01,15,1,0.22093023255813954,0.14393939393939395,0.17389763718789022,0.19957983193277312,0.26000000000000006,16,13,42
augmentation,hq_plus_b_c_d_e_f,HQ + B+C+D+E+F,grouped_route,per_family_3,3 groups per family,xgb1,repeat_15_fold_01,15,1,0.22875816993464052,0.26515151515151514,0.1820133510424642,0.23521505376344087,0.6300000000000001,16,13,42
competition,hq_only,HQ,raw_comparison,total_groups_6,6 total groups,logistic,repeat_15_fold_01,15,1,0.21739130434782608,0.11363636363636363,0.15243140398062838,0.18382352941176472,0.25000000000000006,29,29,29
competition,hq_only,HQ,raw_comparison,total_groups_6,6 total groups,xgb1,repeat_15_fold_01,15,1,0.21052631578947367,0.15151515151515152,0.1749895098069761,0.1953125,0.6800000000000002,29,29,29
competition,hq_only,HQ,grouped_route,total_groups_6,6 total groups,logistic,repeat_15_fold_01,15,1,0.24050632911392406,0.14393939393939395,0.17870631789921795,0.21205357142857142,0.18000000000000005,29,6,6
competition,hq_only,HQ,grouped_route,total_groups_6,6 total groups,xgb1,repeat_15_fold_01,15,1,0.2116788321167883,0.2196969696969697,0.16979018424941136,0.21323529411764705,0.6300000000000001,29,6,6
competition,hq_plus_a,HQ + A,raw_comparison,total_groups_6,6 total groups,logistic,repeat_15_fold_01,15,1,0.25190839694656486,0.25,0.19265536935985886,0.25152439024390244,0.28,34,34,34
competition,hq_plus_a,HQ + A,raw_comparison,total_groups_6,6 total groups,xgb1,repeat_15_fold_01,15,1,0.2932330827067669,0.29545454545454547,0.21994184773781383,0.2936746987951807,0.7300000000000002,34,34,34
competition,hq_plus_a,HQ + A,grouped_route,total_groups_6,6 total groups,logistic,repeat_15_fold_01,15,1,0.2805755395683453,0.29545454545454547,0.20413314540644575,0.28343023255813954,0.18000000000000005,34,6,6
competition,hq_plus_a,HQ + A,grouped_route,total_groups_6,6 total groups,xgb1,repeat_15_fold_01,15,1,0.28688524590163933,0.26515151515151514,0.2099101218663898,0.28225806451612906,0.7700000000000002,34,6,6
competition,hq_plus_f,HQ + F,raw_comparison,total_groups_6,6 total groups,logistic,repeat_15_fold_01,15,1,0.22105263157894736,0.1590909090909091,0.16801985029209543,0.205078125,0.22000000000000003,35,35,35
competition,hq_plus_f,HQ + F,raw_comparison,total_groups_6,6 total groups,xgb1,repeat_15_fold_01,15,1,0.2169811320754717,0.17424242424242425,0.17775154370667118,0.2068345323741007,0.6600000000000001,35,35,35
competition,hq_plus_f,HQ + F,grouped_route,total_groups_6,6 total groups,logistic,repeat_15_fold_01,15,1,0.19148936170212766,0.13636363636363635,0.17903664395658378,0.17716535433070865,0.17000000000000004,35,6,6
competition,hq_plus_f,HQ + F,grouped_route,total_groups_6,6 total groups,xgb1,repeat_15_fold_01,15,1,0.24675324675324675,0.14393939393939395,0.18642031966472325,0.2159090909090909,0.7200000000000002,35,6,6
competition,hq_plus_a_b_c_d_e,HQ + A+B+C+D+E,raw_comparison,total_groups_6,6 total groups,logistic,repeat_15_fold_01,15,1,0.28448275862068967,0.25,0.2067751481339988,0.27684563758389263,0.32000000000000006,44,44,44
competition,hq_plus_a_b_c_d_e,HQ + A+B+C+D+E,raw_comparison,total_groups_6,6 total groups,xgb1,repeat_15_fold_01,15,1,0.27710843373493976,0.3484848484848485,0.22240422406632343,0.2889447236180904,0.6800000000000002,44,44,44
competition,hq_plus_a_b_c_d_e,HQ + A+B+C+D+E,grouped_route,total_groups_6,6 total groups,logistic,repeat_15_fold_01,15,1,0.23529411764705882,0.21212121212121213,0.18074774195121826,0.23026315789473684,0.17000000000000004,44,6,6
competition,hq_plus_a_b_c_d_e,HQ + A+B+C+D+E,grouped_route,total_groups_6,6 total groups,xgb1,repeat_15_fold_01,15,1,0.2727272727272727,0.2727272727272727,0.19498613441909654,0.2727272727272727,0.7100000000000002,44,6,6
competition,hq_plus_b_c_d_e_f,HQ + B+C+D+E+F,raw_comparison,total_groups_6,6 total groups,logistic,repeat_15_fold_01,15,1,0.24242424242424243,0.18181818181818182,0.17583152880362263,0.22727272727272727,0.24000000000000005,45,45,45
competition,hq_plus_b_c_d_e_f,HQ + B+C+D+E+F,raw_comparison,total_groups_6,6 total groups,xgb1,repeat_15_fold_01,15,1,0.20149253731343283,0.20454545454545456,0.18123541000201945,0.20209580838323354,0.6400000000000001,45,45,45
competition,hq_plus_b_c_d_e_f,HQ + B+C+D+E+F,grouped_route,total_groups_6,6 total groups,logistic,repeat_15_fold_01,15,1,0.22535211267605634,0.12121212121212122,0.17403862788583413,0.19230769230769232,0.2,45,6,6
competition,hq_plus_b_c_d_e_f,HQ + B+C+D+E+F,grouped_route,total_groups_6,6 total groups,xgb1,repeat_15_fold_01,15,1,0.2676056338028169,0.14393939393939395,0.17500498171097337,0.2283653846153846,0.7400000000000002,45,6,6
augmentation,hq_plus_a,HQ + A,raw_comparison,per_family_2,2 groups per family,logistic,repeat_15_fold_02,15,2,0.37623762376237624,0.2878787878787879,0.23163726610750274,0.35447761194029853,0.26000000000000006,5,5,34
augmentation,hq_plus_a,HQ + A,raw_comparison,per_family_2,2 groups per family,xgb1,repeat_15_fold_02,15,2,0.4222222222222222,0.2878787878787879,0.2560909609544182,0.3861788617886179,0.7600000000000002,5,5,34
augmentation,hq_plus_a,HQ + A,grouped_route,per_family_2,2 groups per family,logistic,repeat_15_fold_02,15,2,0.33076923076923076,0.32575757575757575,0.23104747850189622,0.32975460122699385,0.22000000000000003,5,2,31
augmentation,hq_plus_a,HQ + A,grouped_route,per_family_2,2 groups per family,xgb1,repeat_15_fold_02,15,2,0.41025641025641024,0.24242424242424243,0.2509222877321622,0.36036036036036034,0.7900000000000001,5,2,31
augmentation,hq_plus_a,HQ + A,raw_comparison,per_family_3,3 groups per family,logistic,repeat_15_fold_02,15,2,0.37623762376237624,0.2878787878787879,0.23163726610750274,0.35447761194029853,0.26000000000000006,5,5,34
augmentation,hq_plus_a,HQ + A,raw_comparison,per_family_3,3 groups per family,xgb1,repeat_15_fold_02,15,2,0.4222222222222222,0.2878787878787879,0.2560909609544182,0.3861788617886179,0.7600000000000002,5,5,34
augmentation,hq_plus_a,HQ + A,grouped_route,per_family_3,3 groups per family,logistic,repeat_15_fold_02,15,2,0.38144329896907214,0.2803030303030303,0.23306602591601633,0.3557692307692308,0.26000000000000006,5,3,32
augmentation,hq_plus_a,HQ + A,grouped_route,per_family_3,3 groups per family,xgb1,repeat_15_fold_02,15,2,0.41379310344827586,0.2727272727272727,0.25560904470364254,0.375,0.7700000000000002,5,3,32
augmentation,hq_plus_f,HQ + F,raw_comparison,per_family_2,2 groups per family,logistic,repeat_15_fold_02,15,2,0.2696629213483146,0.18181818181818182,0.19251484942997374,0.2459016393442623,0.23000000000000004,6,6,35
augmentation,hq_plus_f,HQ + F,raw_comparison,per_family_2,2 groups per family,xgb1,repeat_15_fold_02,15,2,0.19534883720930232,0.3181818181818182,0.1834415444835919,0.21169354838709678,0.6200000000000001,6,6,35
augmentation,hq_plus_f,HQ + F,grouped_route,per_family_2,2 groups per family,logistic,repeat_15_fold_02,15,2,0.23711340206185566,0.17424242424242425,0.1907194077474952,0.22115384615384615,0.22000000000000003,6,2,31
augmentation,hq_plus_f,HQ + F,grouped_route,per_family_2,2 groups per family,xgb1,repeat_15_fold_02,15,2,0.19333333333333333,0.2196969696969697,0.18413928109031288,0.19808743169398907,0.6600000000000001,6,2,31
augmentation,hq_plus_f,HQ + F,raw_comparison,per_family_3,3 groups per family,logistic,repeat_15_fold_02,15,2,0.2696629213483146,0.18181818181818182,0.19251484942997374,0.2459016393442623,0.23000000000000004,6,6,35
augmentation,hq_plus_f,HQ + F,raw_comparison,per_family_3,3 groups per family,xgb1,repeat_15_fold_02,15,2,0.19534883720930232,0.3181818181818182,0.1834415444835919,0.21169354838709678,0.6200000000000001,6,6,35
augmentation,hq_plus_f,HQ + F,grouped_route,per_family_3,3 groups per family,logistic,repeat_15_fold_02,15,2,0.23469387755102042,0.17424242424242425,0.1915340902784074,0.21946564885496184,0.22000000000000003,6,3,32
augmentation,hq_plus_f,HQ + F,grouped_route,per_family_3,3 groups per family,xgb1,repeat_15_fold_02,15,2,0.2073732718894009,0.3409090909090909,0.18392320110220725,0.225,0.6200000000000001,6,3,32
augmentation,hq_plus_a_b_c_d_e,HQ + A+B+C+D+E,raw_comparison,per_family_2,2 groups per family,logistic,repeat_15_fold_02,15,2,0.2926829268292683,0.36363636363636365,0.23452713542245668,0.30456852791878175,0.2,15,15,44
augmentation,hq_plus_a_b_c_d_e,HQ + A+B+C+D+E,raw_comparison,per_family_2,2 groups per family,xgb1,repeat_15_fold_02,15,2,0.30434782608695654,0.3712121212121212,0.250350783706618,0.31572164948453607,0.6600000000000001,15,15,44
augmentation,hq_plus_a_b_c_d_e,HQ + A+B+C+D+E,grouped_route,per_family_2,2 groups per family,logistic,repeat_15_fold_02,15,2,0.3262411347517731,0.3484848484848485,0.2320253352948713,0.33045977011494254,0.22000000000000003,15,10,39
augmentation,hq_plus_a_b_c_d_e,HQ + A+B+C+D+E,grouped_route,per_family_2,2 groups per family,xgb1,repeat_15_fold_02,15,2,0.2631578947368421,0.45454545454545453,0.2459710575313429,0.28735632183908044,0.6000000000000002,15,10,39
augmentation,hq_plus_a_b_c_d_e,HQ + A+B+C+D+E,raw_comparison,per_family_3,3 groups per family,logistic,repeat_15_fold_02,15,2,0.2926829268292683,0.36363636363636365,0.23452713542245668,0.30456852791878175,0.2,15,15,44
augmentation,hq_plus_a_b_c_d_e,HQ + A+B+C+D+E,raw_comparison,per_family_3,3 groups per family,xgb1,repeat_15_fold_02,15,2,0.30434782608695654,0.3712121212121212,0.250350783706618,0.31572164948453607,0.6600000000000001,15,15,44
augmentation,hq_plus_a_b_c_d_e,HQ + A+B+C+D+E,grouped_route,per_family_3,3 groups per family,logistic,repeat_15_fold_02,15,2,0.3108108108108108,0.3484848484848485,0.23354115132723272,0.31767955801104975,0.21000000000000002,15,13,42
augmentation,hq_plus_a_b_c_d_e,HQ + A+B+C+D+E,grouped_route,per_family_3,3 groups per family,xgb1,repeat_15_fold_02,15,2,0.28169014084507044,0.45454545454545453,0.2512946988721657,0.3048780487804878,0.6100000000000001,15,13,42
augmentation,hq_plus_b_c_d_e_f,HQ + B+C+D+E+F,raw_comparison,per_family_2,2 groups per family,logistic,repeat_15_fold_02,15,2,0.3191489361702128,0.22727272727272727,0.20860665323165883,0.2952755905511811,0.25000000000000006,16,16,45
augmentation,hq_plus_b_c_d_e_f,HQ + B+C+D+E+F,raw_comparison,per_family_2,2 groups per family,xgb1,repeat_15_fold_02,15,2,0.19704433497536947,0.30303030303030304,0.18812096571423187,0.211864406779661,0.6200000000000001,16,16,45
augmentation,hq_plus_b_c_d_e_f,HQ + B+C+D+E+F,grouped_route,per_family_2,2 groups per family,logistic,repeat_15_fold_02,15,2,0.2982456140350877,0.12878787878787878,0.20472173626538398,0.2361111111111111,0.32000000000000006,16,10,39
augmentation,hq_plus_b_c_d_e_f,HQ + B+C+D+E+F,grouped_route,per_family_2,2 groups per family,xgb1,repeat_15_fold_02,15,2,0.21296296296296297,0.3484848484848485,0.19044289033159542,0.23092369477911648,0.6100000000000001,16,10,39
augmentation,hq_plus_b_c_d_e_f,HQ + B+C+D+E+F,raw_comparison,per_family_3,3 groups per family,logistic,repeat_15_fold_02,15,2,0.3191489361702128,0.22727272727272727,0.20860665323165883,0.2952755905511811,0.25000000000000006,16,16,45
augmentation,hq_plus_b_c_d_e_f,HQ + B+C+D+E+F,raw_comparison,per_family_3,3 groups per family,xgb1,repeat_15_fold_02,15,2,0.19704433497536947,0.30303030303030304,0.18812096571423187,0.211864406779661,0.6200000000000001,16,16,45
augmentation,hq_plus_b_c_d_e_f,HQ + B+C+D+E+F,grouped_route,per_family_3,3 groups per family,logistic,repeat_15_fold_02,15,2,0.29896907216494845,0.2196969696969697,0.20617496906541702,0.27884615384615385,0.24000000000000005,16,13,42
augmentation,hq_plus_b_c_d_e_f,HQ + B+C+D+E+F,grouped_route,per_family_3,3 groups per family,xgb1,repeat_15_fold_02,15,2,0.2119815668202765,0.3484848484848485,0.1897104463642697,0.23,0.6100000000000001,16,13,42
competition,hq_only,HQ,raw_comparison,total_groups_6,6 total groups,logistic,repeat_15_fold_02,15,2,0.2032520325203252,0.1893939393939394,0.17773365559555762,0.20032051282051283,0.19,29,29,29
competition,hq_only,HQ,raw_comparison,total_groups_6,6 total groups,xgb1,repeat_15_fold_02,15,2,0.20833333333333334,0.3787878787878788,0.18265113433868246,0.22893772893772893,0.6100000000000001,29,29,29
competition,hq_only,HQ,grouped_route,total_groups_6,6 total groups,logistic,repeat_15_fold_02,15,2,0.21929824561403508,0.1893939393939394,0.17366401938783008,0.21258503401360543,0.17000000000000004,29,6,6
competition,hq_only,HQ,grouped_route,total_groups_6,6 total groups,xgb1,repeat_15_fold_02,15,2,0.2833333333333333,0.12878787878787878,0.17201273923277105,0.22849462365591397,0.7400000000000002,29,6,6
competition,hq_plus_a,HQ + A,raw_comparison,total_groups_6,6 total groups,logistic,repeat_15_fold_02,15,2,0.37623762376237624,0.2878787878787879,0.23163726610750274,0.35447761194029853,0.26000000000000006,34,34,34
competition,hq_plus_a,HQ + A,raw_comparison,total_groups_6,6 total groups,xgb1,repeat_15_fold_02,15,2,0.4222222222222222,0.2878787878787879,0.2560909609544182,0.3861788617886179,0.7600000000000002,34,34,34
competition,hq_plus_a,HQ + A,grouped_route,total_groups_6,6 total groups,logistic,repeat_15_fold_02,15,2,0.37383177570093457,0.30303030303030304,0.2377348464826527,0.35714285714285715,0.23000000000000004,34,6,6
competition,hq_plus_a,HQ + A,grouped_route,total_groups_6,6 total groups,xgb1,repeat_15_fold_02,15,2,0.3333333333333333,0.2803030303030303,0.23838845868629266,0.3211805555555556,0.7500000000000002,34,6,6
competition,hq_plus_f,HQ + F,raw_comparison,total_groups_6,6 total groups,logistic,repeat_15_fold_02,15,2,0.2696629213483146,0.18181818181818182,0.19251484942997374,0.2459016393442623,0.23000000000000004,35,35,35
competition,hq_plus_f,HQ + F,raw_comparison,total_groups_6,6 total groups,xgb1,repeat_15_fold_02,15,2,0.19534883720930232,0.3181818181818182,0.1834415444835919,0.21169354838709678,0.6200000000000001,35,35,35
competition,hq_plus_f,HQ + F,grouped_route,total_groups_6,6 total groups,logistic,repeat_15_fold_02,15,2,0.23333333333333334,0.1590909090909091,0.17636154309734017,0.21341463414634146,0.19,35,6,6
competition,hq_plus_f,HQ + F,grouped_route,total_groups_6,6 total groups,xgb1,repeat_15_fold_02,15,2,0.30158730158730157,0.14393939393939395,0.17473027053655937,0.24739583333333334,0.7400000000000002,35,6,6
competition,hq_plus_a_b_c_d_e,HQ + A+B+C+D+E,raw_comparison,total_groups_6,6 total groups,logistic,repeat_15_fold_02,15,2,0.2926829268292683,0.36363636363636365,0.23452713542245668,0.30456852791878175,0.2,44,44,44
competition,hq_plus_a_b_c_d_e,HQ + A+B+C+D+E,raw_comparison,total_groups_6,6 total groups,xgb1,repeat_15_fold_02,15,2,0.30434782608695654,0.3712121212121212,0.250350783706618,0.31572164948453607,0.6600000000000001,44,44,44
competition,hq_plus_a_b_c_d_e,HQ + A+B+C+D+E,grouped_route,total_groups_6,6 total groups,logistic,repeat_15_fold_02,15,2,0.3434343434343434,0.25757575757575757,0.23152868208633634,0.32196969696969696,0.27,44,6,6
competition,hq_plus_a_b_c_d_e,HQ + A+B+C+D+E,grouped_route,total_groups_6,6 total groups,xgb1,repeat_15_fold_02,15,2,0.34513274336283184,0.29545454545454547,0.23253381324433797,0.3339041095890411,0.7600000000000002,44,6,6
competition,hq_plus_b_c_d_e_f,HQ + B+C+D+E+F,raw_comparison,total_groups_6,6 total groups,logistic,repeat_15_fold_02,15,2,0.3191489361702128,0.22727272727272727,0.20860665323165883,0.2952755905511811,0.25000000000000006,45,45,45
competition,hq_plus_b_c_d_e_f,HQ + B+C+D+E+F,raw_comparison,total_groups_6,6 total groups,xgb1,repeat_15_fold_02,15,2,0.19704433497536947,0.30303030303030304,0.18812096571423187,0.211864406779661,0.6200000000000001,45,45,45
competition,hq_plus_b_c_d_e_f,HQ + B+C+D+E+F,grouped_route,total_groups_6,6 total groups,logistic,repeat_15_fold_02,15,2,0.2152777777777778,0.23484848484848486,0.1743003912359222,0.2189265536723164,0.16000000000000003,45,6,6
competition,hq_plus_b_c_d_e_f,HQ + B+C+D+E+F,grouped_route,total_groups_6,6 total groups,xgb1,repeat_15_fold_02,15,2,0.25,0.16666666666666666,0.17330930907865857,0.22727272727272727,0.7000000000000002,45,6,6
augmentation,hq_plus_a,HQ + A,raw_comparison,per_family_2,2 groups per family,logistic,repeat_15_fold_03,15,3,0.29931972789115646,0.3333333333333333,0.23304647860957375,0.3055555555555556,0.22000000000000003,5,5,34
augmentation,hq_plus_a,HQ + A,raw_comparison,per_family_2,2 groups per family,xgb1,repeat_15_fold_03,15,3,0.3211009174311927,0.26515151515151514,0.23281753159845886,0.30809859154929575,0.7500000000000002,5,5,34
augmentation,hq_plus_a,HQ + A,grouped_route,per_family_2,2 groups per family,logistic,repeat_15_fold_03,15,3,0.26490066225165565,0.30303030303030304,0.21344029497732156,0.2717391304347826,0.21000000000000002,5,2,31
augmentation,hq_plus_a,HQ + A,grouped_route,per_family_2,2 groups per family,xgb1,repeat_15_fold_03,15,3,0.31654676258992803,0.3333333333333333,0.226153231668298,0.31976744186046513,0.7000000000000002,5,2,31
augmentation,hq_plus_a,HQ + A,raw_comparison,per_family_3,3 groups per family,logistic,repeat_15_fold_03,15,3,0.29931972789115646,0.3333333333333333,0.23304647860957375,0.3055555555555556,0.22000000000000003,5,5,34
augmentation,hq_plus_a,HQ + A,raw_comparison,per_family_3,3 groups per family,xgb1,repeat_15_fold_03,15,3,0.3211009174311927,0.26515151515151514,0.23281753159845886,0.30809859154929575,0.7500000000000002,5,5,34
augmentation,hq_plus_a,HQ + A,grouped_route,per_family_3,3 groups per family,logistic,repeat_15_fold_03,15,3,0.3252032520325203,0.30303030303030304,0.23466385318073862,0.32051282051282054,0.25000000000000006,5,3,32
augmentation,hq_plus_a,HQ + A,grouped_route,per_family_3,3 groups per family,xgb1,repeat_15_fold_03,15,3,0.3108108108108108,0.3484848484848485,0.22891423186438836,0.31767955801104975,0.7000000000000002,5,3,32
augmentation,hq_plus_f,HQ + F,raw_comparison,per_family_2,2 groups per family,logistic,repeat_15_fold_03,15,3,0.19736842105263158,0.22727272727272727,0.15146187338163988,0.20270270270270271,0.18000000000000005,6,6,35
augmentation,hq_plus_f,HQ + F,raw_comparison,per_family_2,2 groups per family,xgb1,repeat_15_fold_03,15,3,0.2978723404255319,0.10606060606060606,0.16090989273875145,0.21875,0.8000000000000002,6,6,35
augmentation,hq_plus_f,HQ + F,grouped_route,per_family_2,2 groups per family,logistic,repeat_15_fold_03,15,3,0.23958333333333334,0.17424242424242425,0.14879697561694696,0.22286821705426357,0.23000000000000004,6,2,31
augmentation,hq_plus_f,HQ + F,grouped_route,per_family_2,2 groups per family,xgb1,repeat_15_fold_03,15,3,0.2857142857142857,0.10606060606060606,0.16023471266805386,0.21341463414634146,0.7900000000000001,6,2,31
augmentation,hq_plus_f,HQ + F,raw_comparison,per_family_3,3 groups per family,logistic,repeat_15_fold_03,15,3,0.19736842105263158,0.22727272727272727,0.15146187338163988,0.20270270270270271,0.18000000000000005,6,6,35
augmentation,hq_plus_f,HQ + F,raw_comparison,per_family_3,3 groups per family,xgb1,repeat_15_fold_03,15,3,0.2978723404255319,0.10606060606060606,0.16090989273875145,0.21875,0.8000000000000002,6,6,35
augmentation,hq_plus_f,HQ + F,grouped_route,per_family_3,3 groups per family,logistic,repeat_15_fold_03,15,3,0.23469387755102042,0.17424242424242425,0.14811546784725171,0.21946564885496184,0.23000000000000004,6,3,32
augmentation,hq_plus_f,HQ + F,grouped_route,per_family_3,3 groups per family,xgb1,repeat_15_fold_03,15,3,0.2916666666666667,0.10606060606060606,0.16054977996952957,0.21604938271604937,0.7900000000000001,6,3,32
augmentation,hq_plus_a_b_c_d_e,HQ + A+B+C+D+E,raw_comparison,per_family_2,2 groups per family,logistic,repeat_15_fold_03,15,3,0.34558823529411764,0.3560606060606061,0.232418872190324,0.34763313609467456,0.25000000000000006,15,15,44
augmentation,hq_plus_a_b_c_d_e,HQ + A+B+C+D+E,raw_comparison,per_family_2,2 groups per family,xgb1,repeat_15_fold_03,15,3,0.31654676258992803,0.3333333333333333,0.2300336219830102,0.31976744186046513,0.7000000000000002,15,15,44
augmentation,hq_plus_a_b_c_d_e,HQ + A+B+C+D+E,grouped_route,per_family_2,2 groups per family,logistic,repeat_15_fold_03,15,3,0.3357142857142857,0.3560606060606061,0.22668562334199888,0.33959537572254334,0.24000000000000005,15,10,39
augmentation,hq_plus_a_b_c_d_e,HQ + A+B+C+D+E,grouped_route,per_family_2,2 groups per family,xgb1,repeat_15_fold_03,15,3,0.3120567375886525,0.3333333333333333,0.2253093217502487,0.3160919540229885,0.6900000000000002,15,10,39
augmentation,hq_plus_a_b_c_d_e,HQ + A+B+C+D+E,raw_comparison,per_family_3,3 groups per family,logistic,repeat_15_fold_03,15,3,0.34558823529411764,0.3560606060606061,0.232418872190324,0.34763313609467456,0.25000000000000006,15,15,44
augmentation,hq_plus_a_b_c_d_e,HQ + A+B+C+D+E,raw_comparison,per_family_3,3 groups per family,xgb1,repeat_15_fold_03,15,3,0.31654676258992803,0.3333333333333333,0.2300336219830102,0.31976744186046513,0.7000000000000002,15,15,44
augmentation,hq_plus_a_b_c_d_e,HQ + A+B+C+D+E,grouped_route,per_family_3,3 groups per family,logistic,repeat_15_fold_03,15,3,0.34959349593495936,0.32575757575757575,0.23500712898695653,0.34455128205128205,0.27,15,13,42
augmentation,hq_plus_a_b_c_d_e,HQ + A+B+C+D+E,grouped_route,per_family_3,3 groups per family,xgb1,repeat_15_fold_03,15,3,0.32710280373831774,0.26515151515151514,0.2288393119858853,0.3125,0.7500000000000002,15,13,42
augmentation,hq_plus_b_c_d_e_f,HQ + B+C+D+E+F,raw_comparison,per_family_2,2 groups per family,logistic,repeat_15_fold_03,15,3,0.24271844660194175,0.1893939393939394,0.1615447815654423,0.22977941176470587,0.25000000000000006,16,16,45
augmentation,hq_plus_b_c_d_e_f,HQ + B+C+D+E+F,raw_comparison,per_family_2,2 groups per family,xgb1,repeat_15_fold_03,15,3,0.24719101123595505,0.16666666666666666,0.16479378392661828,0.22540983606557377,0.7100000000000002,16,16,45
augmentation,hq_plus_b_c_d_e_f,HQ + B+C+D+E+F,grouped_route,per_family_2,2 groups per family,logistic,repeat_15_fold_03,15,3,0.26732673267326734,0.20454545454545456,0.16170473259935292,0.251865671641791,0.25000000000000006,16,10,39
augmentation,hq_plus_b_c_d_e_f,HQ + B+C+D+E+F,grouped_route,per_family_2,2 groups per family,xgb1,repeat_15_fold_03,15,3,0.2692307692307692,0.1590909090909091,0.16322585471721118,0.23648648648648649,0.7200000000000002,16,10,39
augmentation,hq_plus_b_c_d_e_f,HQ + B+C+D+E+F,raw_comparison,per_family_3,3 groups per family,logistic,repeat_15_fold_03,15,3,0.24271844660194175,0.1893939393939394,0.1615447815654423,0.22977941176470587,0.25000000000000006,16,16,45
augmentation,hq_plus_b_c_d_e_f,HQ + B+C+D+E+F,raw_comparison,per_family_3,3 groups per family,xgb1,repeat_15_fold_03,15,3,0.24719101123595505,0.16666666666666666,0.16479378392661828,0.22540983606557377,0.7100000000000002,16,16,45
augmentation,hq_plus_b_c_d_e_f,HQ + B+C+D+E+F,grouped_route,per_family_3,3 groups per family,logistic,repeat_15_fold_03,15,3,0.26136363636363635,0.17424242424242425,0.16084350075907763,0.23760330578512398,0.26000000000000006,16,13,42
augmentation,hq_plus_b_c_d_e_f,HQ + B+C+D+E+F,grouped_route,per_family_3,3 groups per family,xgb1,repeat_15_fold_03,15,3,0.2857142857142857,0.15151515151515152,0.16391087956803144,0.24271844660194175,0.7300000000000002,16,13,42
competition,hq_only,HQ,raw_comparison,total_groups_6,6 total groups,logistic,repeat_15_fold_03,15,3,0.1949685534591195,0.23484848484848486,0.1532934692068517,0.20182291666666666,0.17000000000000004,29,29,29
competition,hq_only,HQ,raw_comparison,total_groups_6,6 total groups,xgb1,repeat_15_fold_03,15,3,0.26666666666666666,0.12121212121212122,0.15709039192288074,0.21505376344086022,0.7700000000000002,29,29,29
competition,hq_only,HQ,grouped_route,total_groups_6,6 total groups,logistic,repeat_15_fold_03,15,3,0.16818181818181818,0.2803030303030303,0.14752798749347418,0.18280632411067194,0.13,29,6,6
competition,hq_only,HQ,grouped_route,total_groups_6,6 total groups,xgb1,repeat_15_fold_03,15,3,0.176056338028169,0.1893939393939394,0.14698756952230924,0.17857142857142858,0.6900000000000002,29,6,6
competition,hq_plus_a,HQ + A,raw_comparison,total_groups_6,6 total groups,logistic,repeat_15_fold_03,15,3,0.29931972789115646,0.3333333333333333,0.23304647860957375,0.3055555555555556,0.22000000000000003,34,34,34
competition,hq_plus_a,HQ + A,raw_comparison,total_groups_6,6 total groups,xgb1,repeat_15_fold_03,15,3,0.3211009174311927,0.26515151515151514,0.23281753159845886,0.30809859154929575,0.7500000000000002,34,34,34
competition,hq_plus_a,HQ + A,grouped_route,total_groups_6,6 total groups,logistic,repeat_15_fold_03,15,3,0.32653061224489793,0.24242424242424243,0.2113233749232885,0.3053435114503817,0.22000000000000003,34,6,6
competition,hq_plus_a,HQ + A,grouped_route,total_groups_6,6 total groups,xgb1,repeat_15_fold_03,15,3,0.3333333333333333,0.2196969696969697,0.21302143566454632,0.3020833333333333,0.7900000000000001,34,6,6
competition,hq_plus_f,HQ + F,raw_comparison,total_groups_6,6 total groups,logistic,repeat_15_fold_03,15,3,0.19736842105263158,0.22727272727272727,0.15146187338163988,0.20270270270270271,0.18000000000000005,35,35,35
competition,hq_plus_f,HQ + F,raw_comparison,total_groups_6,6 total groups,xgb1,repeat_15_fold_03,15,3,0.2978723404255319,0.10606060606060606,0.16090989273875145,0.21875,0.8000000000000002,35,35,35
competition,hq_plus_f,HQ + F,grouped_route,total_groups_6,6 total groups,logistic,repeat_15_fold_03,15,3,0.2,0.17424242424242425,0.1464515907204531,0.19425675675675674,0.17000000000000004,35,6,6
competition,hq_plus_f,HQ + F,grouped_route,total_groups_6,6 total groups,xgb1,repeat_15_fold_03,15,3,0.17525773195876287,0.12878787878787878,0.14227881460302688,0.16346153846153846,0.7000000000000002,35,6,6
competition,hq_plus_a_b_c_d_e,HQ + A+B+C+D+E,raw_comparison,total_groups_6,6 total groups,logistic,repeat_15_fold_03,15,3,0.34558823529411764,0.3560606060606061,0.232418872190324,0.34763313609467456,0.25000000000000006,44,44,44
competition,hq_plus_a_b_c_d_e,HQ + A+B+C+D+E,raw_comparison,total_groups_6,6 total groups,xgb1,repeat_15_fold_03,15,3,0.31654676258992803,0.3333333333333333,0.2300336219830102,0.31976744186046513,0.7000000000000002,44,44,44
competition,hq_plus_a_b_c_d_e,HQ + A+B+C+D+E,grouped_route,total_groups_6,6 total groups,logistic,repeat_15_fold_03,15,3,0.2426470588235294,0.25,0.1784038463430887,0.2440828402366864,0.17000000000000004,44,6,6
competition,hq_plus_a_b_c_d_e,HQ + A+B+C+D+E,grouped_route,total_groups_6,6 total groups,xgb1,repeat_15_fold_03,15,3,0.2644628099173554,0.24242424242424243,0.1885727666525621,0.2597402597402597,0.7200000000000002,44,6,6
competition,hq_plus_b_c_d_e_f,HQ + B+C+D+E+F,raw_comparison,total_groups_6,6 total groups,logistic,repeat_15_fold_03,15,3,0.24271844660194175,0.1893939393939394,0.1615447815654423,0.22977941176470587,0.25000000000000006,45,45,45
competition,hq_plus_b_c_d_e_f,HQ + B+C+D+E+F,raw_comparison,total_groups_6,6 total groups,xgb1,repeat_15_fold_03,15,3,0.24719101123595505,0.16666666666666666,0.16479378392661828,0.22540983606557377,0.7100000000000002,45,45,45
competition,hq_plus_b_c_d_e_f,HQ + B+C+D+E+F,grouped_route,total_groups_6,6 total groups,logistic,repeat_15_fold_03,15,3,0.2537313432835821,0.12878787878787878,0.1492293474373638,0.2125,0.25000000000000006,45,6,6
competition,hq_plus_b_c_d_e_f,HQ + B+C+D+E+F,grouped_route,total_groups_6,6 total groups,xgb1,repeat_15_fold_03,15,3,0.24096385542168675,0.15151515151515152,0.14243557221069214,0.21551724137931033,0.7700000000000002,45,6,6
augmentation,hq_plus_a,HQ + A,raw_comparison,per_family_2,2 groups per family,logistic,repeat_16_fold_01,16,1,0.30337078651685395,0.20454545454545456,0.2239006670130237,0.2766393442622951,0.29000000000000004,5,5,34
augmentation,hq_plus_a,HQ + A,raw_comparison,per_family_2,2 groups per family,xgb1,repeat_16_fold_01,16,1,0.3411764705882353,0.2196969696969697,0.24274979114862485,0.3072033898305085,0.7600000000000002,5,5,34
augmentation,hq_plus_a,HQ + A,grouped_route,per_family_2,2 groups per family,logistic,repeat_16_fold_01,16,1,0.3150684931506849,0.17424242424242425,0.2229649933616602,0.27122641509433965,0.32000000000000006,5,2,31
augmentation,hq_plus_a,HQ + A,grouped_route,per_family_2,2 groups per family,xgb1,repeat_16_fold_01,16,1,0.3431372549019608,0.26515151515151514,0.24656740418501688,0.32407407407407407,0.7300000000000002,5,2,31
augmentation,hq_plus_a,HQ + A,raw_comparison,per_family_3,3 groups per family,logistic,repeat_16_fold_01,16,1,0.30337078651685395,0.20454545454545456,0.2239006670130237,0.2766393442622951,0.29000000000000004,5,5,34
augmentation,hq_plus_a,HQ + A,raw_comparison,per_family_3,3 groups per family,xgb1,repeat_16_fold_01,16,1,0.3411764705882353,0.2196969696969697,0.24274979114862485,0.3072033898305085,0.7600000000000002,5,5,34
augmentation,hq_plus_a,HQ + A,grouped_route,per_family_3,3 groups per family,logistic,repeat_16_fold_01,16,1,0.2926829268292683,0.36363636363636365,0.22605634176813255,0.30456852791878175,0.18000000000000005,5,3,32
augmentation,hq_plus_a,HQ + A,grouped_route,per_family_3,3 groups per family,xgb1,repeat_16_fold_01,16,1,0.3486238532110092,0.2878787878787879,0.24771646696400862,0.3345070422535211,0.7100000000000002,5,3,32
augmentation,hq_plus_f,HQ + F,raw_comparison,per_family_2,2 groups per family,logistic,repeat_16_fold_01,16,1,0.22727272727272727,0.1893939393939394,0.16252153251207016,0.21853146853146854,0.21000000000000002,6,6,35
augmentation,hq_plus_f,HQ + F,raw_comparison,per_family_2,2 groups per family,xgb1,repeat_16_fold_01,16,1,0.2,0.09090909090909091,0.15227016370287152,0.16129032258064516,0.7800000000000001,6,6,35
augmentation,hq_plus_f,HQ + F,grouped_route,per_family_2,2 groups per family,logistic,repeat_16_fold_01,16,1,0.208955223880597,0.10606060606060606,0.1590834303678051,0.175,0.27,6,2,31
augmentation,hq_plus_f,HQ + F,grouped_route,per_family_2,2 groups per family,xgb1,repeat_16_fold_01,16,1,0.1896551724137931,0.08333333333333333,0.1532701856328688,0.1510989010989011,0.7900000000000001,6,2,31
augmentation,hq_plus_f,HQ + F,raw_comparison,per_family_3,3 groups per family,logistic,repeat_16_fold_01,16,1,0.22727272727272727,0.1893939393939394,0.16252153251207016,0.21853146853146854,0.21000000000000002,6,6,35
augmentation,hq_plus_f,HQ + F,raw_comparison,per_family_3,3 groups per family,xgb1,repeat_16_fold_01,16,1,0.2,0.09090909090909091,0.15227016370287152,0.16129032258064516,0.7800000000000001,6,6,35
augmentation,hq_plus_f,HQ + F,grouped_route,per_family_3,3 groups per family,logistic,repeat_16_fold_01,16,1,0.22093023255813954,0.14393939393939395,0.15936300421059166,0.19957983193277312,0.23000000000000004,6,3,32
augmentation,hq_plus_f,HQ + F,grouped_route,per_family_3,3 groups per family,xgb1,repeat_16_fold_01,16,1,0.21428571428571427,0.11363636363636363,0.1528478515421535,0.1820388349514563,0.7600000000000002,6,3,32
augmentation,hq_plus_a_b_c_d_e,HQ + A+B+C+D+E,raw_comparison,per_family_2,2 groups per family,logistic,repeat_16_fold_01,16,1,0.2857142857142857,0.22727272727272727,0.24409373736473644,0.2717391304347826,0.26000000000000006,15,15,44
augmentation,hq_plus_a_b_c_d_e,HQ + A+B+C+D+E,raw_comparison,per_family_2,2 groups per family,xgb1,repeat_16_fold_01,16,1,0.3384615384615385,0.3333333333333333,0.24225176260006173,0.3374233128834356,0.6800000000000002,15,15,44
augmentation,hq_plus_a_b_c_d_e,HQ + A+B+C+D+E,grouped_route,per_family_2,2 groups per family,logistic,repeat_16_fold_01,16,1,0.3465346534653465,0.26515151515151514,0.24215424050960044,0.32649253731343286,0.26000000000000006,15,10,39
augmentation,hq_plus_a_b_c_d_e,HQ + A+B+C+D+E,grouped_route,per_family_2,2 groups per family,xgb1,repeat_16_fold_01,16,1,0.37037037037037035,0.30303030303030304,0.2459453859604614,0.3546099290780142,0.7200000000000002,15,10,39
augmentation,hq_plus_a_b_c_d_e,HQ + A+B+C+D+E,raw_comparison,per_family_3,3 groups per family,logistic,repeat_16_fold_01,16,1,0.2857142857142857,0.22727272727272727,0.24409373736473644,0.2717391304347826,0.26000000000000006,15,15,44
augmentation,hq_plus_a_b_c_d_e,HQ + A+B+C+D+E,raw_comparison,per_family_3,3 groups per family,xgb1,repeat_16_fold_01,16,1,0.3384615384615385,0.3333333333333333,0.24225176260006173,0.3374233128834356,0.6800000000000002,15,15,44
augmentation,hq_plus_a_b_c_d_e,HQ + A+B+C+D+E,grouped_route,per_family_3,3 groups per family,logistic,repeat_16_fold_01,16,1,0.3111111111111111,0.21212121212121213,0.2464788180107423,0.2845528455284553,0.29000000000000004,15,13,42
augmentation,hq_plus_a_b_c_d_e,HQ + A+B+C+D+E,grouped_route,per_family_3,3 groups per family,xgb1,repeat_16_fold_01,16,1,0.3516483516483517,0.24242424242424243,0.2462349204532177,0.3225806451612903,0.7400000000000002,15,13,42
augmentation,hq_plus_b_c_d_e_f,HQ + B+C+D+E+F,raw_comparison,per_family_2,2 groups per family,logistic,repeat_16_fold_01,16,1,0.21052631578947367,0.12121212121212122,0.18316451510652532,0.1834862385321101,0.27,16,16,45
augmentation,hq_plus_b_c_d_e_f,HQ + B+C+D+E+F,raw_comparison,per_family_2,2 groups per family,xgb1,repeat_16_fold_01,16,1,0.22807017543859648,0.19696969696969696,0.15890654494893985,0.22108843537414966,0.6700000000000002,16,16,45
augmentation,hq_plus_b_c_d_e_f,HQ + B+C+D+E+F,grouped_route,per_family_2,2 groups per family,logistic,repeat_16_fold_01,16,1,0.2191780821917808,0.12121212121212122,0.17860158511399307,0.18867924528301888,0.27,16,10,39
augmentation,hq_plus_b_c_d_e_f,HQ + B+C+D+E+F,grouped_route,per_family_2,2 groups per family,xgb1,repeat_16_fold_01,16,1,0.20863309352517986,0.2196969696969697,0.1607023331731186,0.21075581395348839,0.6400000000000001,16,10,39
augmentation,hq_plus_b_c_d_e_f,HQ + B+C+D+E+F,raw_comparison,per_family_3,3 groups per family,logistic,repeat_16_fold_01,16,1,0.21052631578947367,0.12121212121212122,0.18316451510652532,0.1834862385321101,0.27,16,16,45
augmentation,hq_plus_b_c_d_e_f,HQ + B+C+D+E+F,raw_comparison,per_family_3,3 groups per family,xgb1,repeat_16_fold_01,16,1,0.22807017543859648,0.19696969696969696,0.15890654494893985,0.22108843537414966,0.6700000000000002,16,16,45
augmentation,hq_plus_b_c_d_e_f,HQ + B+C+D+E+F,grouped_route,per_family_3,3 groups per family,logistic,repeat_16_fold_01,16,1,0.2028985507246377,0.10606060606060606,0.1808135460480088,0.1715686274509804,0.28,16,13,42
augmentation,hq_plus_b_c_d_e_f,HQ + B+C+D+E+F,grouped_route,per_family_3,3 groups per family,xgb1,repeat_16_fold_01,16,1,0.21705426356589147,0.21212121212121213,0.15983220084729474,0.21604938271604937,0.6500000000000001,16,13,42
competition,hq_only,HQ,raw_comparison,total_groups_6,6 total groups,logistic,repeat_16_fold_01,16,1,0.19696969696969696,0.09848484848484848,0.15747021209466514,0.16414141414141414,0.25000000000000006,29,29,29
competition,hq_only,HQ,raw_comparison,total_groups_6,6 total groups,xgb1,repeat_16_fold_01,16,1,0.2112676056338028,0.11363636363636363,0.1524638463872916,0.18028846153846154,0.7400000000000002,29,29,29
competition,hq_only,HQ,grouped_route,total_groups_6,6 total groups,logistic,repeat_16_fold_01,16,1,0.1919191919191919,0.14393939393939395,0.14797648700481927,0.17992424242424243,0.17000000000000004,29,6,6
competition,hq_only,HQ,grouped_route,total_groups_6,6 total groups,xgb1,repeat_16_fold_01,16,1,0.2054794520547945,0.11363636363636363,0.14465449660406626,0.17688679245283018,0.7100000000000002,29,6,6
competition,hq_plus_a,HQ + A,raw_comparison,total_groups_6,6 total groups,logistic,repeat_16_fold_01,16,1,0.30337078651685395,0.20454545454545456,0.2239006670130237,0.2766393442622951,0.29000000000000004,34,34,34
competition,hq_plus_a,HQ + A,raw_comparison,total_groups_6,6 total groups,xgb1,repeat_16_fold_01,16,1,0.3411764705882353,0.2196969696969697,0.24274979114862485,0.3072033898305085,0.7600000000000002,34,34,34
competition,hq_plus_a,HQ + A,grouped_route,total_groups_6,6 total groups,logistic,repeat_16_fold_01,16,1,0.3764705882352941,0.24242424242424243,0.21529362303283658,0.3389830508474576,0.27,34,6,6
competition,hq_plus_a,HQ + A,grouped_route,total_groups_6,6 total groups,xgb1,repeat_16_fold_01,16,1,0.3473684210526316,0.25,0.21799222791663034,0.322265625,0.7500000000000002,34,6,6
competition,hq_plus_f,HQ + F,raw_comparison,total_groups_6,6 total groups,logistic,repeat_16_fold_01,16,1,0.22727272727272727,0.1893939393939394,0.16252153251207016,0.21853146853146854,0.21000000000000002,35,35,35
competition,hq_plus_f,HQ + F,raw_comparison,total_groups_6,6 total groups,xgb1,repeat_16_fold_01,16,1,0.2,0.09090909090909091,0.15227016370287152,0.16129032258064516,0.7800000000000001,35,35,35
competition,hq_plus_f,HQ + F,grouped_route,total_groups_6,6 total groups,logistic,repeat_16_fold_01,16,1,0.19090909090909092,0.1590909090909091,0.1460416655451795,0.18356643356643357,0.17000000000000004,35,6,6
competition,hq_plus_f,HQ + F,grouped_route,total_groups_6,6 total groups,xgb1,repeat_16_fold_01,16,1,0.19186046511627908,0.25,0.1482029881618109,0.20121951219512196,0.6300000000000001,35,6,6
competition,hq_plus_a_b_c_d_e,HQ + A+B+C+D+E,raw_comparison,total_groups_6,6 total groups,logistic,repeat_16_fold_01,16,1,0.2857142857142857,0.22727272727272727,0.24409373736473644,0.2717391304347826,0.26000000000000006,44,44,44
competition,hq_plus_a_b_c_d_e,HQ + A+B+C+D+E,raw_comparison,total_groups_6,6 total groups,xgb1,repeat_16_fold_01,16,1,0.3384615384615385,0.3333333333333333,0.24225176260006173,0.3374233128834356,0.6800000000000002,44,44,44
competition,hq_plus_a_b_c_d_e,HQ + A+B+C+D+E,grouped_route,total_groups_6,6 total groups,logistic,repeat_16_fold_01,16,1,0.3482142857142857,0.29545454545454547,0.2195033189635595,0.33620689655172414,0.22000000000000003,44,6,6
competition,hq_plus_a_b_c_d_e,HQ + A+B+C+D+E,grouped_route,total_groups_6,6 total groups,xgb1,repeat_16_fold_01,16,1,0.3291139240506329,0.19696969696969696,0.22106429996707772,0.29017857142857145,0.8000000000000002,44,6,6
competition,hq_plus_b_c_d_e_f,HQ + B+C+D+E+F,raw_comparison,total_groups_6,6 total groups,logistic,repeat_16_fold_01,16,1,0.21052631578947367,0.12121212121212122,0.18316451510652532,0.1834862385321101,0.27,45,45,45
competition,hq_plus_b_c_d_e_f,HQ + B+C+D+E+F,raw_comparison,total_groups_6,6 total groups,xgb1,repeat_16_fold_01,16,1,0.22807017543859648,0.19696969696969696,0.15890654494893985,0.22108843537414966,0.6700000000000002,45,45,45
competition,hq_plus_b_c_d_e_f,HQ + B+C+D+E+F,grouped_route,total_groups_6,6 total groups,logistic,repeat_16_fold_01,16,1,0.18681318681318682,0.12878787878787878,0.1462694639955569,0.17137096774193547,0.18000000000000005,45,6,6
competition,hq_plus_b_c_d_e_f,HQ + B+C+D+E+F,grouped_route,total_groups_6,6 total groups,xgb1,repeat_16_fold_01,16,1,0.19672131147540983,0.18181818181818182,0.14558370534166598,0.1935483870967742,0.6700000000000002,45,6,6
augmentation,hq_plus_a,HQ + A,raw_comparison,per_family_2,2 groups per family,logistic,repeat_16_fold_02,16,2,0.3220338983050847,0.2878787878787879,0.23660884573296345,0.31456953642384106,0.31000000000000005,5,5,34
augmentation,hq_plus_a,HQ + A,raw_comparison,per_family_2,2 groups per family,xgb1,repeat_16_fold_02,16,2,0.2670157068062827,0.38636363636363635,0.2451429379771386,0.2845982142857143,0.6700000000000002,5,5,34
augmentation,hq_plus_a,HQ + A,grouped_route,per_family_2,2 groups per family,logistic,repeat_16_fold_02,16,2,0.2830188679245283,0.3409090909090909,0.22897965561626119,0.29296875,0.23000000000000004,5,2,31
augmentation,hq_plus_a,HQ + A,grouped_route,per_family_2,2 groups per family,xgb1,repeat_16_fold_02,16,2,0.26063829787234044,0.3712121212121212,0.24520718979491612,0.27714932126696834,0.6800000000000002,5,2,31
augmentation,hq_plus_a,HQ + A,raw_comparison,per_family_3,3 groups per family,logistic,repeat_16_fold_02,16,2,0.3220338983050847,0.2878787878787879,0.23660884573296345,0.31456953642384106,0.31000000000000005,5,5,34
augmentation,hq_plus_a,HQ + A,raw_comparison,per_family_3,3 groups per family,xgb1,repeat_16_fold_02,16,2,0.2670157068062827,0.38636363636363635,0.2451429379771386,0.2845982142857143,0.6700000000000002,5,5,34
augmentation,hq_plus_a,HQ + A,grouped_route,per_family_3,3 groups per family,logistic,repeat_16_fold_02,16,2,0.31451612903225806,0.29545454545454547,0.23785342935230952,0.3105095541401274,0.30000000000000004,5,3,32
augmentation,hq_plus_a,HQ + A,grouped_route,per_family_3,3 groups per family,xgb1,repeat_16_fold_02,16,2,0.28104575163398693,0.32575757575757575,0.2457024793236126,0.28897849462365593,0.7200000000000002,5,3,32
augmentation,hq_plus_f,HQ + F,raw_comparison,per_family_2,2 groups per family,logistic,repeat_16_fold_02,16,2,0.3137254901960784,0.24242424242424243,0.21180029973399117,0.2962962962962963,0.21000000000000002,6,6,35
augmentation,hq_plus_f,HQ + F,raw_comparison,per_family_2,2 groups per family,xgb1,repeat_16_fold_02,16,2,0.25824175824175827,0.3560606060606061,0.22655960051884017,0.27325581395348836,0.6100000000000001,6,6,35
augmentation,hq_plus_f,HQ + F,grouped_route,per_family_2,2 groups per family,logistic,repeat_16_fold_02,16,2,0.34146341463414637,0.21212121212121213,0.20756549451317108,0.30434782608695654,0.23000000000000004,6,2,31
augmentation,hq_plus_f,HQ + F,grouped_route,per_family_2,2 groups per family,xgb1,repeat_16_fold_02,16,2,0.24378109452736318,0.3712121212121212,0.22842312945388146,0.26175213675213677,0.6000000000000002,6,2,31
augmentation,hq_plus_f,HQ + F,raw_comparison,per_family_3,3 groups per family,logistic,repeat_16_fold_02,16,2,0.3137254901960784,0.24242424242424243,0.21180029973399117,0.2962962962962963,0.21000000000000002,6,6,35
augmentation,hq_plus_f,HQ + F,raw_comparison,per_family_3,3 groups per family,xgb1,repeat_16_fold_02,16,2,0.25824175824175827,0.3560606060606061,0.22655960051884017,0.27325581395348836,0.6100000000000001,6,6,35
augmentation,hq_plus_f,HQ + F,grouped_route,per_family_3,3 groups per family,logistic,repeat_16_fold_02,16,2,0.3373493975903614,0.21212121212121213,0.20865339257418694,0.3017241379310345,0.23000000000000004,6,3,32
augmentation,hq_plus_f,HQ + F,grouped_route,per_family_3,3 groups per family,xgb1,repeat_16_fold_02,16,2,0.25824175824175827,0.3560606060606061,0.22761677562407143,0.27325581395348836,0.6100000000000001,6,3,32
augmentation,hq_plus_a_b_c_d_e,HQ + A+B+C+D+E,raw_comparison,per_family_2,2 groups per family,logistic,repeat_16_fold_02,16,2,0.2847682119205298,0.32575757575757575,0.23836023336522844,0.2921195652173913,0.26000000000000006,15,15,44
augmentation,hq_plus_a_b_c_d_e,HQ + A+B+C+D+E,raw_comparison,per_family_2,2 groups per family,xgb1,repeat_16_fold_02,16,2,0.2823529411764706,0.36363636363636365,0.2463076095930242,0.2955665024630542,0.7000000000000002,15,15,44
augmentation,hq_plus_a_b_c_d_e,HQ + A+B+C+D+E,grouped_route,per_family_2,2 groups per family,logistic,repeat_16_fold_02,16,2,0.2867132867132867,0.3106060606060606,0.23411863329492988,0.2911931818181818,0.27,15,10,39
augmentation,hq_plus_a_b_c_d_e,HQ + A+B+C+D+E,grouped_route,per_family_2,2 groups per family,xgb1,repeat_16_fold_02,16,2,0.27672955974842767,0.3333333333333333,0.24663476644488772,0.2864583333333333,0.7100000000000002,15,10,39
augmentation,hq_plus_a_b_c_d_e,HQ + A+B+C+D+E,raw_comparison,per_family_3,3 groups per family,logistic,repeat_16_fold_02,16,2,0.2847682119205298,0.32575757575757575,0.23836023336522844,0.2921195652173913,0.26000000000000006,15,15,44
augmentation,hq_plus_a_b_c_d_e,HQ + A+B+C+D+E,raw_comparison,per_family_3,3 groups per family,xgb1,repeat_16_fold_02,16,2,0.2823529411764706,0.36363636363636365,0.2463076095930242,0.2955665024630542,0.7000000000000002,15,15,44
augmentation,hq_plus_a_b_c_d_e,HQ + A+B+C+D+E,grouped_route,per_family_3,3 groups per family,logistic,repeat_16_fold_02,16,2,0.27607361963190186,0.3409090909090909,0.23784068421010682,0.2869897959183674,0.25000000000000006,15,13,42
augmentation,hq_plus_a_b_c_d_e,HQ + A+B+C+D+E,grouped_route,per_family_3,3 groups per family,xgb1,repeat_16_fold_02,16,2,0.27564102564102566,0.32575757575757575,0.2461032254817179,0.2843915343915344,0.7100000000000002,15,13,42
augmentation,hq_plus_b_c_d_e_f,HQ + B+C+D+E+F,raw_comparison,per_family_2,2 groups per family,logistic,repeat_16_fold_02,16,2,0.35064935064935066,0.20454545454545456,0.2062108274890173,0.3068181818181818,0.31000000000000005,16,16,45
augmentation,hq_plus_b_c_d_e_f,HQ + B+C+D+E+F,raw_comparison,per_family_2,2 groups per family,xgb1,repeat_16_fold_02,16,2,0.2330508474576271,0.4166666666666667,0.23012974074357337,0.2555762081784387,0.5800000000000002,16,16,45
augmentation,hq_plus_b_c_d_e_f,HQ + B+C+D+E+F,grouped_route,per_family_2,2 groups per family,logistic,repeat_16_fold_02,16,2,0.3,0.2727272727272727,0.20193075062653373,0.29411764705882354,0.22000000000000003,16,10,39
augmentation,hq_plus_b_c_d_e_f,HQ + B+C+D+E+F,grouped_route,per_family_2,2 groups per family,xgb1,repeat_16_fold_02,16,2,0.27631578947368424,0.3181818181818182,0.22918355999053022,0.28378378378378377,0.6200000000000001,16,10,39
augmentation,hq_plus_b_c_d_e_f,HQ + B+C+D+E+F,raw_comparison,per_family_3,3 groups per family,logistic,repeat_16_fold_02,16,2,0.35064935064935066,0.20454545454545456,0.2062108274890173,0.3068181818181818,0.31000000000000005,16,16,45
augmentation,hq_plus_b_c_d_e_f,HQ + B+C+D+E+F,raw_comparison,per_family_3,3 groups per family,xgb1,repeat_16_fold_02,16,2,0.2330508474576271,0.4166666666666667,0.23012974074357337,0.2555762081784387,0.5800000000000002,16,16,45
augmentation,hq_plus_b_c_d_e_f,HQ + B+C+D+E+F,grouped_route,per_family_3,3 groups per family,logistic,repeat_16_fold_02,16,2,0.32653061224489793,0.24242424242424243,0.20369877733395236,0.3053435114503817,0.24000000000000005,16,13,42
augmentation,hq_plus_b_c_d_e_f,HQ + B+C+D+E+F,grouped_route,per_family_3,3 groups per family,xgb1,repeat_16_fold_02,16,2,0.2781456953642384,0.3181818181818182,0.22807080532142723,0.28532608695652173,0.6200000000000001,16,13,42
competition,hq_only,HQ,raw_comparison,total_groups_6,6 total groups,logistic,repeat_16_fold_02,16,2,0.34065934065934067,0.23484848484848486,0.20283233582429305,0.3125,0.2,29,29,29
competition,hq_only,HQ,raw_comparison,total_groups_6,6 total groups,xgb1,repeat_16_fold_02,16,2,0.29,0.2196969696969697,0.21741977733649986,0.2725563909774436,0.6700000000000002,29,29,29
competition,hq_only,HQ,grouped_route,total_groups_6,6 total groups,logistic,repeat_16_fold_02,16,2,0.2571428571428571,0.2727272727272727,0.20717334277785532,0.26011560693641617,0.15000000000000002,29,6,6
competition,hq_only,HQ,grouped_route,total_groups_6,6 total groups,xgb1,repeat_16_fold_02,16,2,0.3670886075949367,0.2196969696969697,0.21470541207838767,0.3236607142857143,0.6900000000000002,29,6,6
competition,hq_plus_a,HQ + A,raw_comparison,total_groups_6,6 total groups,logistic,repeat_16_fold_02,16,2,0.3220338983050847,0.2878787878787879,0.23660884573296345,0.31456953642384106,0.31000000000000005,34,34,34
competition,hq_plus_a,HQ + A,raw_comparison,total_groups_6,6 total groups,xgb1,repeat_16_fold_02,16,2,0.2670157068062827,0.38636363636363635,0.2451429379771386,0.2845982142857143,0.6700000000000002,34,34,34
competition,hq_plus_a,HQ + A,grouped_route,total_groups_6,6 total groups,logistic,repeat_16_fold_02,16,2,0.28104575163398693,0.32575757575757575,0.2282492117356174,0.28897849462365593,0.18000000000000005,34,6,6
competition,hq_plus_a,HQ + A,grouped_route,total_groups_6,6 total groups,xgb1,repeat_16_fold_02,16,2,0.27011494252873564,0.3560606060606061,0.23182755763936158,0.28381642512077293,0.7200000000000002,34,6,6
competition,hq_plus_f,HQ + F,raw_comparison,total_groups_6,6 total groups,logistic,repeat_16_fold_02,16,2,0.3137254901960784,0.24242424242424243,0.21180029973399117,0.2962962962962963,0.21000000000000002,35,35,35
competition,hq_plus_f,HQ + F,raw_comparison,total_groups_6,6 total groups,xgb1,repeat_16_fold_02,16,2,0.25824175824175827,0.3560606060606061,0.22655960051884017,0.27325581395348836,0.6100000000000001,35,35,35
competition,hq_plus_f,HQ + F,grouped_route,total_groups_6,6 total groups,logistic,repeat_16_fold_02,16,2,0.22797927461139897,0.3333333333333333,0.20769552515150252,0.24336283185840707,0.14,35,6,6
competition,hq_plus_f,HQ + F,grouped_route,total_groups_6,6 total groups,xgb1,repeat_16_fold_02,16,2,0.35526315789473684,0.20454545454545456,0.22546794973613704,0.30963302752293576,0.7200000000000002,35,6,6
competition,hq_plus_a_b_c_d_e,HQ + A+B+C+D+E,raw_comparison,total_groups_6,6 total groups,logistic,repeat_16_fold_02,16,2,0.2847682119205298,0.32575757575757575,0.23836023336522844,0.2921195652173913,0.26000000000000006,44,44,44
competition,hq_plus_a_b_c_d_e,HQ + A+B+C+D+E,raw_comparison,total_groups_6,6 total groups,xgb1,repeat_16_fold_02,16,2,0.2823529411764706,0.36363636363636365,0.2463076095930242,0.2955665024630542,0.7000000000000002,44,44,44
competition,hq_plus_a_b_c_d_e,HQ + A+B+C+D+E,grouped_route,total_groups_6,6 total groups,logistic,repeat_16_fold_02,16,2,0.2655367231638418,0.3560606060606061,0.21684504626880535,0.27976190476190477,0.15000000000000002,44,6,6
competition,hq_plus_a_b_c_d_e,HQ + A+B+C+D+E,grouped_route,total_groups_6,6 total groups,xgb1,repeat_16_fold_02,16,2,0.31386861313868614,0.32575757575757575,0.23254538692358648,0.3161764705882353,0.7200000000000002,44,6,6
competition,hq_plus_b_c_d_e_f,HQ + B+C+D+E+F,raw_comparison,total_groups_6,6 total groups,logistic,repeat_16_fold_02,16,2,0.35064935064935066,0.20454545454545456,0.2062108274890173,0.3068181818181818,0.31000000000000005,45,45,45
competition,hq_plus_b_c_d_e_f,HQ + B+C+D+E+F,raw_comparison,total_groups_6,6 total groups,xgb1,repeat_16_fold_02,16,2,0.2330508474576271,0.4166666666666667,0.23012974074357337,0.2555762081784387,0.5800000000000002,45,45,45
competition,hq_plus_b_c_d_e_f,HQ + B+C+D+E+F,grouped_route,total_groups_6,6 total groups,logistic,repeat_16_fold_02,16,2,0.21818181818181817,0.36363636363636365,0.20704631136513751,0.23715415019762845,0.13,45,6,6
competition,hq_plus_b_c_d_e_f,HQ + B+C+D+E+F,grouped_route,total_groups_6,6 total groups,xgb1,repeat_16_fold_02,16,2,0.3103448275862069,0.20454545454545456,0.21335007168619596,0.28125,0.7100000000000002,45,6,6
augmentation,hq_plus_a,HQ + A,raw_comparison,per_family_2,2 groups per family,logistic,repeat_16_fold_03,16,3,0.34375,0.25,0.21870617346723764,0.31976744186046513,0.30000000000000004,5,5,34
augmentation,hq_plus_a,HQ + A,raw_comparison,per_family_2,2 groups per family,xgb1,repeat_16_fold_03,16,3,0.2711864406779661,0.12121212121212122,0.21920496786176194,0.21739130434782608,0.8200000000000002,5,5,34
augmentation,hq_plus_a,HQ + A,grouped_route,per_family_2,2 groups per family,logistic,repeat_16_fold_03,16,3,0.27586206896551724,0.18181818181818182,0.20366765988073374,0.25,0.29000000000000004,5,2,31
augmentation,hq_plus_a,HQ + A,grouped_route,per_family_2,2 groups per family,xgb1,repeat_16_fold_03,16,3,0.2898550724637681,0.30303030303030304,0.2158220023689204,0.29239766081871343,0.6900000000000002,5,2,31
augmentation,hq_plus_a,HQ + A,raw_comparison,per_family_3,3 groups per family,logistic,repeat_16_fold_03,16,3,0.34375,0.25,0.21870617346723764,0.31976744186046513,0.30000000000000004,5,5,34
augmentation,hq_plus_a,HQ + A,raw_comparison,per_family_3,3 groups per family,xgb1,repeat_16_fold_03,16,3,0.2711864406779661,0.12121212121212122,0.21920496786176194,0.21739130434782608,0.8200000000000002,5,5,34
augmentation,hq_plus_a,HQ + A,grouped_route,per_family_3,3 groups per family,logistic,repeat_16_fold_03,16,3,0.3333333333333333,0.23484848484848486,0.22007216197829021,0.30753968253968256,0.30000000000000004,5,3,32
augmentation,hq_plus_a,HQ + A,grouped_route,per_family_3,3 groups per family,xgb1,repeat_16_fold_03,16,3,0.2887323943661972,0.3106060606060606,0.2182010776025781,0.29285714285714287,0.6900000000000002,5,3,32
augmentation,hq_plus_f,HQ + F,raw_comparison,per_family_2,2 groups per family,logistic,repeat_16_fold_03,16,3,0.224,0.21212121212121213,0.16354461021991132,0.22151898734177214,0.21000000000000002,6,6,35
augmentation,hq_plus_f,HQ + F,raw_comparison,per_family_2,2 groups per family,xgb1,repeat_16_fold_03,16,3,0.19047619047619047,0.09090909090909091,0.1438928158214037,0.15625,0.7700000000000002,6,6,35
augmentation,hq_plus_f,HQ + F,grouped_route,per_family_2,2 groups per family,logistic,repeat_16_fold_03,16,3,0.25773195876288657,0.1893939393939394,0.1593575245597738,0.2403846153846154,0.24000000000000005,6,2,31
augmentation,hq_plus_f,HQ + F,grouped_route,per_family_2,2 groups per family,xgb1,repeat_16_fold_03,16,3,0.19230769230769232,0.11363636363636363,0.14257761143631928,0.16891891891891891,0.7500000000000002,6,2,31
augmentation,hq_plus_f,HQ + F,raw_comparison,per_family_3,3 groups per family,logistic,repeat_16_fold_03,16,3,0.224,0.21212121212121213,0.16354461021991132,0.22151898734177214,0.21000000000000002,6,6,35
augmentation,hq_plus_f,HQ + F,raw_comparison,per_family_3,3 groups per family,xgb1,repeat_16_fold_03,16,3,0.19047619047619047,0.09090909090909091,0.1438928158214037,0.15625,0.7700000000000002,6,6,35
augmentation,hq_plus_f,HQ + F,grouped_route,per_family_3,3 groups per family,logistic,repeat_16_fold_03,16,3,0.2631578947368421,0.1893939393939394,0.15977700896353686,0.244140625,0.24000000000000005,6,3,32
augmentation,hq_plus_f,HQ + F,grouped_route,per_family_3,3 groups per family,xgb1,repeat_16_fold_03,16,3,0.18666666666666668,0.10606060606060606,0.14411645709626503,0.16203703703703703,0.7500000000000002,6,3,32
augmentation,hq_plus_a_b_c_d_e,HQ + A+B+C+D+E,raw_comparison,per_family_2,2 groups per family,logistic,repeat_16_fold_03,16,3,0.3088235294117647,0.1590909090909091,0.23634105311054887,0.2599009900990099,0.42000000000000004,15,15,44
augmentation,hq_plus_a_b_c_d_e,HQ + A+B+C+D+E,raw_comparison,per_family_2,2 groups per family,xgb1,repeat_16_fold_03,16,3,0.29577464788732394,0.1590909090909091,0.219101386390499,0.25240384615384615,0.7800000000000001,15,15,44
augmentation,hq_plus_a_b_c_d_e,HQ + A+B+C+D+E,grouped_route,per_family_2,2 groups per family,logistic,repeat_16_fold_03,16,3,0.3488372093023256,0.22727272727272727,0.2291667754358484,0.31512605042016806,0.32000000000000006,15,10,39
augmentation,hq_plus_a_b_c_d_e,HQ + A+B+C+D+E,grouped_route,per_family_2,2 groups per family,xgb1,repeat_16_fold_03,16,3,0.2789115646258503,0.3106060606060606,0.21579178714514655,0.2847222222222222,0.6800000000000002,15,10,39
augmentation,hq_plus_a_b_c_d_e,HQ + A+B+C+D+E,raw_comparison,per_family_3,3 groups per family,logistic,repeat_16_fold_03,16,3,0.3088235294117647,0.1590909090909091,0.23634105311054887,0.2599009900990099,0.42000000000000004,15,15,44
augmentation,hq_plus_a_b_c_d_e,HQ + A+B+C+D+E,raw_comparison,per_family_3,3 groups per family,xgb1,repeat_16_fold_03,16,3,0.29577464788732394,0.1590909090909091,0.219101386390499,0.25240384615384615,0.7800000000000001,15,15,44
augmentation,hq_plus_a_b_c_d_e,HQ + A+B+C+D+E,grouped_route,per_family_3,3 groups per family,logistic,repeat_16_fold_03,16,3,0.33,0.25,0.2369187991870993,0.3101503759398496,0.28,15,13,42
augmentation,hq_plus_a_b_c_d_e,HQ + A+B+C+D+E,grouped_route,per_family_3,3 groups per family,xgb1,repeat_16_fold_03,16,3,0.2679738562091503,0.3106060606060606,0.21781535873636335,0.27553763440860213,0.6800000000000002,15,13,42
augmentation,hq_plus_b_c_d_e_f,HQ + B+C+D+E+F,raw_comparison,per_family_2,2 groups per family,logistic,repeat_16_fold_03,16,3,0.2411764705882353,0.3106060606060606,0.18840443792848915,0.2524630541871921,0.18000000000000005,16,16,45
augmentation,hq_plus_b_c_d_e_f,HQ + B+C+D+E+F,raw_comparison,per_family_2,2 groups per family,xgb1,repeat_16_fold_03,16,3,0.20952380952380953,0.16666666666666666,0.15145877157030285,0.19927536231884058,0.7200000000000002,16,16,45
augmentation,hq_plus_b_c_d_e_f,HQ + B+C+D+E+F,grouped_route,per_family_2,2 groups per family,logistic,repeat_16_fold_03,16,3,0.211340206185567,0.3106060606060606,0.18107139094117464,0.22577092511013216,0.17000000000000004,16,10,39
augmentation,hq_plus_b_c_d_e_f,HQ + B+C+D+E+F,grouped_route,per_family_2,2 groups per family,xgb1,repeat_16_fold_03,16,3,0.1935483870967742,0.18181818181818182,0.15046423941517556,0.1910828025477707,0.7000000000000002,16,10,39
augmentation,hq_plus_b_c_d_e_f,HQ + B+C+D+E+F,raw_comparison,per_family_3,3 groups per family,logistic,repeat_16_fold_03,16,3,0.2411764705882353,0.3106060606060606,0.18840443792848915,0.2524630541871921,0.18000000000000005,16,16,45
augmentation,hq_plus_b_c_d_e_f,HQ + B+C+D+E+F,raw_comparison,per_family_3,3 groups per family,xgb1,repeat_16_fold_03,16,3,0.20952380952380953,0.16666666666666666,0.15145877157030285,0.19927536231884058,0.7200000000000002,16,16,45
augmentation,hq_plus_b_c_d_e_f,HQ + B+C+D+E+F,grouped_route,per_family_3,3 groups per family,logistic,repeat_16_fold_03,16,3,0.29577464788732394,0.1590909090909091,0.18439244345505043,0.25240384615384615,0.30000000000000004,16,13,42
augmentation,hq_plus_b_c_d_e_f,HQ + B+C+D+E+F,grouped_route,per_family_3,3 groups per family,xgb1,repeat_16_fold_03,16,3,0.17391304347826086,0.24242424242424243,0.15107595880647018,0.18433179723502305,0.6400000000000001,16,13,42
competition,hq_only,HQ,raw_comparison,total_groups_6,6 total groups,logistic,repeat_16_fold_03,16,3,0.18478260869565216,0.25757575757575757,0.1495957766338471,0.195852534562212,0.16000000000000003,29,29,29
competition,hq_only,HQ,raw_comparison,total_groups_6,6 total groups,xgb1,repeat_16_fold_03,16,3,0.171875,0.08333333333333333,0.14333329591775096,0.14175257731958762,0.7800000000000001,29,29,29
competition,hq_only,HQ,grouped_route,total_groups_6,6 total groups,logistic,repeat_16_fold_03,16,3,0.20833333333333334,0.11363636363636363,0.14562454924251456,0.17857142857142858,0.21000000000000002,29,6,6
competition,hq_only,HQ,grouped_route,total_groups_6,6 total groups,xgb1,repeat_16_fold_03,16,3,0.21739130434782608,0.07575757575757576,0.14451268409385734,0.15822784810126583,0.7800000000000001,29,6,6
competition,hq_plus_a,HQ + A,raw_comparison,total_groups_6,6 total groups,logistic,repeat_16_fold_03,16,3,0.34375,0.25,0.21870617346723764,0.31976744186046513,0.30000000000000004,34,34,34
competition,hq_plus_a,HQ + A,raw_comparison,total_groups_6,6 total groups,xgb1,repeat_16_fold_03,16,3,0.2711864406779661,0.12121212121212122,0.21920496786176194,0.21739130434782608,0.8200000000000002,34,34,34
competition,hq_plus_a,HQ + A,grouped_route,total_groups_6,6 total groups,logistic,repeat_16_fold_03,16,3,0.29069767441860467,0.1893939393939394,0.1991146435838231,0.26260504201680673,0.26000000000000006,34,6,6
competition,hq_plus_a,HQ + A,grouped_route,total_groups_6,6 total groups,xgb1,repeat_16_fold_03,16,3,0.3125,0.1893939393939394,0.2119620865454524,0.27654867256637167,0.7900000000000001,34,6,6
competition,hq_plus_f,HQ + F,raw_comparison,total_groups_6,6 total groups,logistic,repeat_16_fold_03,16,3,0.224,0.21212121212121213,0.16354461021991132,0.22151898734177214,0.21000000000000002,35,35,35
competition,hq_plus_f,HQ + F,raw_comparison,total_groups_6,6 total groups,xgb1,repeat_16_fold_03,16,3,0.19047619047619047,0.09090909090909091,0.1438928158214037,0.15625,0.7700000000000002,35,35,35
competition,hq_plus_f,HQ + F,grouped_route,total_groups_6,6 total groups,logistic,repeat_16_fold_03,16,3,0.18571428571428572,0.09848484848484848,0.14976421950918428,0.15776699029126215,0.22000000000000003,35,6,6
competition,hq_plus_f,HQ + F,grouped_route,total_groups_6,6 total groups,xgb1,repeat_16_fold_03,16,3,0.22448979591836735,0.08333333333333333,0.15659788123975787,0.1676829268292683,0.7900000000000001,35,6,6
competition,hq_plus_a_b_c_d_e,HQ + A+B+C+D+E,raw_comparison,total_groups_6,6 total groups,logistic,repeat_16_fold_03,16,3,0.3088235294117647,0.1590909090909091,0.23634105311054887,0.2599009900990099,0.42000000000000004,44,44,44
competition,hq_plus_a_b_c_d_e,HQ + A+B+C+D+E,raw_comparison,total_groups_6,6 total groups,xgb1,repeat_16_fold_03,16,3,0.29577464788732394,0.1590909090909091,0.219101386390499,0.25240384615384615,0.7800000000000001,44,44,44
competition,hq_plus_a_b_c_d_e,HQ + A+B+C+D+E,grouped_route,total_groups_6,6 total groups,logistic,repeat_16_fold_03,16,3,0.22033898305084745,0.19696969696969696,0.1702502754311782,0.2152317880794702,0.19,44,6,6
competition,hq_plus_a_b_c_d_e,HQ + A+B+C+D+E,grouped_route,total_groups_6,6 total groups,xgb1,repeat_16_fold_03,16,3,0.3,0.22727272727272727,0.18742245330813045,0.2819548872180451,0.7300000000000002,44,6,6
competition,hq_plus_b_c_d_e_f,HQ + B+C+D+E+F,raw_comparison,total_groups_6,6 total groups,logistic,repeat_16_fold_03,16,3,0.2411764705882353,0.3106060606060606,0.18840443792848915,0.2524630541871921,0.18000000000000005,45,45,45
competition,hq_plus_b_c_d_e_f,HQ + B+C+D+E+F,raw_comparison,total_groups_6,6 total groups,xgb1,repeat_16_fold_03,16,3,0.20952380952380953,0.16666666666666666,0.15145877157030285,0.19927536231884058,0.7200000000000002,45,45,45
competition,hq_plus_b_c_d_e_f,HQ + B+C+D+E+F,grouped_route,total_groups_6,6 total groups,logistic,repeat_16_fold_03,16,3,0.21495327102803738,0.17424242424242425,0.14755126768461618,0.20535714285714285,0.18000000000000005,45,6,6
competition,hq_plus_b_c_d_e_f,HQ + B+C+D+E+F,grouped_route,total_groups_6,6 total groups,xgb1,repeat_16_fold_03,16,3,0.21052631578947367,0.12121212121212122,0.14732375365455122,0.1834862385321101,0.7400000000000002,45,6,6
