track,feature_set_id,feature_set_label,grouping_spec_id,grouping_spec_label,grouping_scope_id,grouping_scope_label,feature_a,feature_b,same_cluster_frequency,split_count,expected_split_count
augmentation,hq_plus_a,HQ + A,per_family_2,2 groups per family,reasoning_A,A,A_career_coherence,A_evidence_support_rating,1.0,48,48
augmentation,hq_plus_a,HQ + A,per_family_2,2 groups per family,reasoning_A,A,A_career_coherence,A_ownership_signal,0.0,48,48
augmentation,hq_plus_a,HQ + A,per_family_2,2 groups per family,reasoning_A,A,A_career_coherence,A_scrappiness,0.0,48,48
augmentation,hq_plus_a,HQ + A,per_family_2,2 groups per family,reasoning_A,A,A_career_coherence,A_trajectory_strength,1.0,48,48
augmentation,hq_plus_a,HQ + A,per_family_2,2 groups per family,reasoning_A,A,A_evidence_support_rating,A_ownership_signal,0.0,48,48
augmentation,hq_plus_a,HQ + A,per_family_2,2 groups per family,reasoning_A,A,A_evidence_support_rating,A_scrappiness,0.0,48,48
augmentation,hq_plus_a,HQ + A,per_family_2,2 groups per family,reasoning_A,A,A_evidence_support_rating,A_trajectory_strength,1.0,48,48
augmentation,hq_plus_a,HQ + A,per_family_2,2 groups per family,reasoning_A,A,A_ownership_signal,A_scrappiness,1.0,48,48
augmentation,hq_plus_a,HQ + A,per_family_2,2 groups per family,reasoning_A,A,A_ownership_signal,A_trajectory_strength,0.0,48,48
augmentation,hq_plus_a,HQ + A,per_family_2,2 groups per family,reasoning_A,A,A_scrappiness,A_trajectory_strength,0.0,48,48
augmentation,hq_plus_a,HQ + A,per_family_3,3 groups per family,reasoning_A,A,A_career_coherence,A_evidence_support_rating,0.0,48,48
augmentation,hq_plus_a,HQ + A,per_family_3,3 groups per family,reasoning_A,A,A_career_coherence,A_ownership_signal,0.0,48,48
augmentation,hq_plus_a,HQ + A,per_family_3,3 groups per family,reasoning_A,A,A_career_coherence,A_scrappiness,0.0,48,48
augmentation,hq_plus_a,HQ + A,per_family_3,3 groups per family,reasoning_A,A,A_career_coherence,A_trajectory_strength,1.0,48,48
augmentation,hq_plus_a,HQ + A,per_family_3,3 groups per family,reasoning_A,A,A_evidence_support_rating,A_ownership_signal,0.0,48,48
augmentation,hq_plus_a,HQ + A,per_family_3,3 groups per family,reasoning_A,A,A_evidence_support_rating,A_scrappiness,0.0,48,48
augmentation,hq_plus_a,HQ + A,per_family_3,3 groups per family,reasoning_A,A,A_evidence_support_rating,A_trajectory_strength,0.0,48,48
augmentation,hq_plus_a,HQ + A,per_family_3,3 groups per family,reasoning_A,A,A_ownership_signal,A_scrappiness,1.0,48,48
augmentation,hq_plus_a,HQ + A,per_family_3,3 groups per family,reasoning_A,A,A_ownership_signal,A_trajectory_strength,0.0,48,48
augmentation,hq_plus_a,HQ + A,per_family_3,3 groups per family,reasoning_A,A,A_scrappiness,A_trajectory_strength,0.0,48,48
augmentation,hq_plus_a_b_c_d_e,HQ + A+B+C+D+E,per_family_2,2 groups per family,reasoning_A,A,A_career_coherence,A_evidence_support_rating,1.0,48,48
augmentation,hq_plus_a_b_c_d_e,HQ + A+B+C+D+E,per_family_2,2 groups per family,reasoning_A,A,A_career_coherence,A_ownership_signal,0.0,48,48
augmentation,hq_plus_a_b_c_d_e,HQ + A+B+C+D+E,per_family_2,2 groups per family,reasoning_A,A,A_career_coherence,A_scrappiness,0.0,48,48
augmentation,hq_plus_a_b_c_d_e,HQ + A+B+C+D+E,per_family_2,2 groups per family,reasoning_A,A,A_career_coherence,A_trajectory_strength,1.0,48,48
augmentation,hq_plus_a_b_c_d_e,HQ + A+B+C+D+E,per_family_2,2 groups per family,reasoning_A,A,A_evidence_support_rating,A_ownership_signal,0.0,48,48
augmentation,hq_plus_a_b_c_d_e,HQ + A+B+C+D+E,per_family_2,2 groups per family,reasoning_A,A,A_evidence_support_rating,A_scrappiness,0.0,48,48
augmentation,hq_plus_a_b_c_d_e,HQ + A+B+C+D+E,per_family_2,2 groups per family,reasoning_A,A,A_evidence_support_rating,A_trajectory_strength,1.0,48,48
augmentation,hq_plus_a_b_c_d_e,HQ + A+B+C+D+E,per_family_2,2 groups per family,reasoning_A,A,A_ownership_signal,A_scrappiness,1.0,48,48
augmentation,hq_plus_a_b_c_d_e,HQ + A+B+C+D+E,per_family_2,2 groups per family,reasoning_A,A,A_ownership_signal,A_trajectory_strength,0.0,48,48
augmentation,hq_plus_a_b_c_d_e,HQ + A+B+C+D+E,per_family_2,2 groups per family,reasoning_A,A,A_scrappiness,A_trajectory_strength,0.0,48,48
augmentation,hq_plus_a_b_c_d_e,HQ + A+B+C+D+E,per_family_2,2 groups per family,reasoning_B,B,B_evidence_support_rating,B_rubric_score,0.0,48,48
augmentation,hq_plus_a_b_c_d_e,HQ + A+B+C+D+E,per_family_2,2 groups per family,reasoning_C,C,C_evidence_support_rating,C_latent_risk,0.0,48,48
augmentation,hq_plus_a_b_c_d_e,HQ + A+B+C+D+E,per_family_2,2 groups per family,reasoning_C,C,C_evidence_support_rating,C_latent_strength,1.0,48,48
augmentation,hq_plus_a_b_c_d_e,HQ + A+B+C+D+E,per_family_2,2 groups per family,reasoning_C,C,C_latent_risk,C_latent_strength,0.0,48,48
augmentation,hq_plus_a_b_c_d_e,HQ + A+B+C+D+E,per_family_2,2 groups per family,reasoning_D,D,D_evidence_support_rating,D_overall_founder_quality,0.0,48,48
augmentation,hq_plus_a_b_c_d_e,HQ + A+B+C+D+E,per_family_2,2 groups per family,reasoning_E,E,E_evidence_support_rating,E_hidden_risk,0.0,48,48
augmentation,hq_plus_a_b_c_d_e,HQ + A+B+C+D+E,per_family_2,2 groups per family,reasoning_E,E,E_evidence_support_rating,E_hidden_upside,1.0,48,48
augmentation,hq_plus_a_b_c_d_e,HQ + A+B+C+D+E,per_family_2,2 groups per family,reasoning_E,E,E_hidden_risk,E_hidden_upside,0.0,48,48
augmentation,hq_plus_a_b_c_d_e,HQ + A+B+C+D+E,per_family_3,3 groups per family,reasoning_A,A,A_career_coherence,A_evidence_support_rating,0.0,48,48
augmentation,hq_plus_a_b_c_d_e,HQ + A+B+C+D+E,per_family_3,3 groups per family,reasoning_A,A,A_career_coherence,A_ownership_signal,0.0,48,48
augmentation,hq_plus_a_b_c_d_e,HQ + A+B+C+D+E,per_family_3,3 groups per family,reasoning_A,A,A_career_coherence,A_scrappiness,0.0,48,48
augmentation,hq_plus_a_b_c_d_e,HQ + A+B+C+D+E,per_family_3,3 groups per family,reasoning_A,A,A_career_coherence,A_trajectory_strength,1.0,48,48
augmentation,hq_plus_a_b_c_d_e,HQ + A+B+C+D+E,per_family_3,3 groups per family,reasoning_A,A,A_evidence_support_rating,A_ownership_signal,0.0,48,48
augmentation,hq_plus_a_b_c_d_e,HQ + A+B+C+D+E,per_family_3,3 groups per family,reasoning_A,A,A_evidence_support_rating,A_scrappiness,0.0,48,48
augmentation,hq_plus_a_b_c_d_e,HQ + A+B+C+D+E,per_family_3,3 groups per family,reasoning_A,A,A_evidence_support_rating,A_trajectory_strength,0.0,48,48
augmentation,hq_plus_a_b_c_d_e,HQ + A+B+C+D+E,per_family_3,3 groups per family,reasoning_A,A,A_ownership_signal,A_scrappiness,1.0,48,48
augmentation,hq_plus_a_b_c_d_e,HQ + A+B+C+D+E,per_family_3,3 groups per family,reasoning_A,A,A_ownership_signal,A_trajectory_strength,0.0,48,48
augmentation,hq_plus_a_b_c_d_e,HQ + A+B+C+D+E,per_family_3,3 groups per family,reasoning_A,A,A_scrappiness,A_trajectory_strength,0.0,48,48
augmentation,hq_plus_a_b_c_d_e,HQ + A+B+C+D+E,per_family_3,3 groups per family,reasoning_B,B,B_evidence_support_rating,B_rubric_score,0.0,48,48
augmentation,hq_plus_a_b_c_d_e,HQ + A+B+C+D+E,per_family_3,3 groups per family,reasoning_C,C,C_evidence_support_rating,C_latent_risk,0.0,48,48
augmentation,hq_plus_a_b_c_d_e,HQ + A+B+C+D+E,per_family_3,3 groups per family,reasoning_C,C,C_evidence_support_rating,C_latent_strength,0.0,48,48
augmentation,hq_plus_a_b_c_d_e,HQ + A+B+C+D+E,per_family_3,3 groups per family,reasoning_C,C,C_latent_risk,C_latent_strength,0.0,48,48
augmentation,hq_plus_a_b_c_d_e,HQ + A+B+C+D+E,per_family_3,3 groups per family,reasoning_D,D,D_evidence_support_rating,D_overall_founder_quality,0.0,48,48
augmentation,hq_plus_a_b_c_d_e,HQ + A+B+C+D+E,per_family_3,3 groups per family,reasoning_E,E,E_evidence_support_rating,E_hidden_risk,0.0,48,48
augmentation,hq_plus_a_b_c_d_e,HQ + A+B+C+D+E,per_family_3,3 groups per family,reasoning_E,E,E_evidence_support_rating,E_hidden_upside,0.0,48,48
augmentation,hq_plus_a_b_c_d_e,HQ + A+B+C+D+E,per_family_3,3 groups per family,reasoning_E,E,E_hidden_risk,E_hidden_upside,0.0,48,48
augmentation,hq_plus_b_c_d_e_f,HQ + B+C+D+E+F,per_family_2,2 groups per family,reasoning_B,B,B_evidence_support_rating,B_rubric_score,0.0,48,48
augmentation,hq_plus_b_c_d_e_f,HQ + B+C+D+E+F,per_family_2,2 groups per family,reasoning_C,C,C_evidence_support_rating,C_latent_risk,0.0,48,48
augmentation,hq_plus_b_c_d_e_f,HQ + B+C+D+E+F,per_family_2,2 groups per family,reasoning_C,C,C_evidence_support_rating,C_latent_strength,1.0,48,48
augmentation,hq_plus_b_c_d_e_f,HQ + B+C+D+E+F,per_family_2,2 groups per family,reasoning_C,C,C_latent_risk,C_latent_strength,0.0,48,48
augmentation,hq_plus_b_c_d_e_f,HQ + B+C+D+E+F,per_family_2,2 groups per family,reasoning_D,D,D_evidence_support_rating,D_overall_founder_quality,0.0,48,48
augmentation,hq_plus_b_c_d_e_f,HQ + B+C+D+E+F,per_family_2,2 groups per family,reasoning_E,E,E_evidence_support_rating,E_hidden_risk,0.0,48,48
augmentation,hq_plus_b_c_d_e_f,HQ + B+C+D+E+F,per_family_2,2 groups per family,reasoning_E,E,E_evidence_support_rating,E_hidden_upside,1.0,48,48
augmentation,hq_plus_b_c_d_e_f,HQ + B+C+D+E+F,per_family_2,2 groups per family,reasoning_E,E,E_hidden_risk,E_hidden_upside,0.0,48,48
augmentation,hq_plus_b_c_d_e_f,HQ + B+C+D+E+F,per_family_2,2 groups per family,reasoning_F,F,F_career_coherence,F_evidence_support_rating,0.0,48,48
augmentation,hq_plus_b_c_d_e_f,HQ + B+C+D+E+F,per_family_2,2 groups per family,reasoning_F,F,F_career_coherence,F_ownership_signal,1.0,48,48
augmentation,hq_plus_b_c_d_e_f,HQ + B+C+D+E+F,per_family_2,2 groups per family,reasoning_F,F,F_career_coherence,F_rubric_score,1.0,48,48
augmentation,hq_plus_b_c_d_e_f,HQ + B+C+D+E+F,per_family_2,2 groups per family,reasoning_F,F,F_career_coherence,F_scrappiness,1.0,48,48
augmentation,hq_plus_b_c_d_e_f,HQ + B+C+D+E+F,per_family_2,2 groups per family,reasoning_F,F,F_career_coherence,F_trajectory_strength,1.0,48,48
augmentation,hq_plus_b_c_d_e_f,HQ + B+C+D+E+F,per_family_2,2 groups per family,reasoning_F,F,F_evidence_support_rating,F_ownership_signal,0.0,48,48
augmentation,hq_plus_b_c_d_e_f,HQ + B+C+D+E+F,per_family_2,2 groups per family,reasoning_F,F,F_evidence_support_rating,F_rubric_score,0.0,48,48
augmentation,hq_plus_b_c_d_e_f,HQ + B+C+D+E+F,per_family_2,2 groups per family,reasoning_F,F,F_evidence_support_rating,F_scrappiness,0.0,48,48
augmentation,hq_plus_b_c_d_e_f,HQ + B+C+D+E+F,per_family_2,2 groups per family,reasoning_F,F,F_evidence_support_rating,F_trajectory_strength,0.0,48,48
augmentation,hq_plus_b_c_d_e_f,HQ + B+C+D+E+F,per_family_2,2 groups per family,reasoning_F,F,F_ownership_signal,F_rubric_score,1.0,48,48
augmentation,hq_plus_b_c_d_e_f,HQ + B+C+D+E+F,per_family_2,2 groups per family,reasoning_F,F,F_ownership_signal,F_scrappiness,1.0,48,48
augmentation,hq_plus_b_c_d_e_f,HQ + B+C+D+E+F,per_family_2,2 groups per family,reasoning_F,F,F_ownership_signal,F_trajectory_strength,1.0,48,48
augmentation,hq_plus_b_c_d_e_f,HQ + B+C+D+E+F,per_family_2,2 groups per family,reasoning_F,F,F_rubric_score,F_scrappiness,1.0,48,48
augmentation,hq_plus_b_c_d_e_f,HQ + B+C+D+E+F,per_family_2,2 groups per family,reasoning_F,F,F_rubric_score,F_trajectory_strength,1.0,48,48
augmentation,hq_plus_b_c_d_e_f,HQ + B+C+D+E+F,per_family_2,2 groups per family,reasoning_F,F,F_scrappiness,F_trajectory_strength,1.0,48,48
augmentation,hq_plus_b_c_d_e_f,HQ + B+C+D+E+F,per_family_3,3 groups per family,reasoning_B,B,B_evidence_support_rating,B_rubric_score,0.0,48,48
augmentation,hq_plus_b_c_d_e_f,HQ + B+C+D+E+F,per_family_3,3 groups per family,reasoning_C,C,C_evidence_support_rating,C_latent_risk,0.0,48,48
augmentation,hq_plus_b_c_d_e_f,HQ + B+C+D+E+F,per_family_3,3 groups per family,reasoning_C,C,C_evidence_support_rating,C_latent_strength,0.0,48,48
augmentation,hq_plus_b_c_d_e_f,HQ + B+C+D+E+F,per_family_3,3 groups per family,reasoning_C,C,C_latent_risk,C_latent_strength,0.0,48,48
augmentation,hq_plus_b_c_d_e_f,HQ + B+C+D+E+F,per_family_3,3 groups per family,reasoning_D,D,D_evidence_support_rating,D_overall_founder_quality,0.0,48,48
augmentation,hq_plus_b_c_d_e_f,HQ + B+C+D+E+F,per_family_3,3 groups per family,reasoning_E,E,E_evidence_support_rating,E_hidden_risk,0.0,48,48
augmentation,hq_plus_b_c_d_e_f,HQ + B+C+D+E+F,per_family_3,3 groups per family,reasoning_E,E,E_evidence_support_rating,E_hidden_upside,0.0,48,48
augmentation,hq_plus_b_c_d_e_f,HQ + B+C+D+E+F,per_family_3,3 groups per family,reasoning_E,E,E_hidden_risk,E_hidden_upside,0.0,48,48
augmentation,hq_plus_b_c_d_e_f,HQ + B+C+D+E+F,per_family_3,3 groups per family,reasoning_F,F,F_career_coherence,F_evidence_support_rating,0.0,48,48
augmentation,hq_plus_b_c_d_e_f,HQ + B+C+D+E+F,per_family_3,3 groups per family,reasoning_F,F,F_career_coherence,F_ownership_signal,1.0,48,48
augmentation,hq_plus_b_c_d_e_f,HQ + B+C+D+E+F,per_family_3,3 groups per family,reasoning_F,F,F_career_coherence,F_rubric_score,1.0,48,48
augmentation,hq_plus_b_c_d_e_f,HQ + B+C+D+E+F,per_family_3,3 groups per family,reasoning_F,F,F_career_coherence,F_scrappiness,0.0,48,48
augmentation,hq_plus_b_c_d_e_f,HQ + B+C+D+E+F,per_family_3,3 groups per family,reasoning_F,F,F_career_coherence,F_trajectory_strength,1.0,48,48
augmentation,hq_plus_b_c_d_e_f,HQ + B+C+D+E+F,per_family_3,3 groups per family,reasoning_F,F,F_evidence_support_rating,F_ownership_signal,0.0,48,48
augmentation,hq_plus_b_c_d_e_f,HQ + B+C+D+E+F,per_family_3,3 groups per family,reasoning_F,F,F_evidence_support_rating,F_rubric_score,0.0,48,48
augmentation,hq_plus_b_c_d_e_f,HQ + B+C+D+E+F,per_family_3,3 groups per family,reasoning_F,F,F_evidence_support_rating,F_scrappiness,0.0,48,48
augmentation,hq_plus_b_c_d_e_f,HQ + B+C+D+E+F,per_family_3,3 groups per family,reasoning_F,F,F_evidence_support_rating,F_trajectory_strength,0.0,48,48
augmentation,hq_plus_b_c_d_e_f,HQ + B+C+D+E+F,per_family_3,3 groups per family,reasoning_F,F,F_ownership_signal,F_rubric_score,1.0,48,48
augmentation,hq_plus_b_c_d_e_f,HQ + B+C+D+E+F,per_family_3,3 groups per family,reasoning_F,F,F_ownership_signal,F_scrappiness,0.0,48,48
augmentation,hq_plus_b_c_d_e_f,HQ + B+C+D+E+F,per_family_3,3 groups per family,reasoning_F,F,F_ownership_signal,F_trajectory_strength,1.0,48,48
augmentation,hq_plus_b_c_d_e_f,HQ + B+C+D+E+F,per_family_3,3 groups per family,reasoning_F,F,F_rubric_score,F_scrappiness,0.0,48,48
augmentation,hq_plus_b_c_d_e_f,HQ + B+C+D+E+F,per_family_3,3 groups per family,reasoning_F,F,F_rubric_score,F_trajectory_strength,1.0,48,48
augmentation,hq_plus_b_c_d_e_f,HQ + B+C+D+E+F,per_family_3,3 groups per family,reasoning_F,F,F_scrappiness,F_trajectory_strength,0.0,48,48
augmentation,hq_plus_f,HQ + F,per_family_2,2 groups per family,reasoning_F,F,F_career_coherence,F_evidence_support_rating,0.0,48,48
augmentation,hq_plus_f,HQ + F,per_family_2,2 groups per family,reasoning_F,F,F_career_coherence,F_ownership_signal,1.0,48,48
augmentation,hq_plus_f,HQ + F,per_family_2,2 groups per family,reasoning_F,F,F_career_coherence,F_rubric_score,1.0,48,48
augmentation,hq_plus_f,HQ + F,per_family_2,2 groups per family,reasoning_F,F,F_career_coherence,F_scrappiness,1.0,48,48
augmentation,hq_plus_f,HQ + F,per_family_2,2 groups per family,reasoning_F,F,F_career_coherence,F_trajectory_strength,1.0,48,48
augmentation,hq_plus_f,HQ + F,per_family_2,2 groups per family,reasoning_F,F,F_evidence_support_rating,F_ownership_signal,0.0,48,48
augmentation,hq_plus_f,HQ + F,per_family_2,2 groups per family,reasoning_F,F,F_evidence_support_rating,F_rubric_score,0.0,48,48
augmentation,hq_plus_f,HQ + F,per_family_2,2 groups per family,reasoning_F,F,F_evidence_support_rating,F_scrappiness,0.0,48,48
augmentation,hq_plus_f,HQ + F,per_family_2,2 groups per family,reasoning_F,F,F_evidence_support_rating,F_trajectory_strength,0.0,48,48
augmentation,hq_plus_f,HQ + F,per_family_2,2 groups per family,reasoning_F,F,F_ownership_signal,F_rubric_score,1.0,48,48
augmentation,hq_plus_f,HQ + F,per_family_2,2 groups per family,reasoning_F,F,F_ownership_signal,F_scrappiness,1.0,48,48
augmentation,hq_plus_f,HQ + F,per_family_2,2 groups per family,reasoning_F,F,F_ownership_signal,F_trajectory_strength,1.0,48,48
augmentation,hq_plus_f,HQ + F,per_family_2,2 groups per family,reasoning_F,F,F_rubric_score,F_scrappiness,1.0,48,48
augmentation,hq_plus_f,HQ + F,per_family_2,2 groups per family,reasoning_F,F,F_rubric_score,F_trajectory_strength,1.0,48,48
augmentation,hq_plus_f,HQ + F,per_family_2,2 groups per family,reasoning_F,F,F_scrappiness,F_trajectory_strength,1.0,48,48
augmentation,hq_plus_f,HQ + F,per_family_3,3 groups per family,reasoning_F,F,F_career_coherence,F_evidence_support_rating,0.0,48,48
augmentation,hq_plus_f,HQ + F,per_family_3,3 groups per family,reasoning_F,F,F_career_coherence,F_ownership_signal,1.0,48,48
augmentation,hq_plus_f,HQ + F,per_family_3,3 groups per family,reasoning_F,F,F_career_coherence,F_rubric_score,1.0,48,48
augmentation,hq_plus_f,HQ + F,per_family_3,3 groups per family,reasoning_F,F,F_career_coherence,F_scrappiness,0.0,48,48
augmentation,hq_plus_f,HQ + F,per_family_3,3 groups per family,reasoning_F,F,F_career_coherence,F_trajectory_strength,1.0,48,48
augmentation,hq_plus_f,HQ + F,per_family_3,3 groups per family,reasoning_F,F,F_evidence_support_rating,F_ownership_signal,0.0,48,48
augmentation,hq_plus_f,HQ + F,per_family_3,3 groups per family,reasoning_F,F,F_evidence_support_rating,F_rubric_score,0.0,48,48
augmentation,hq_plus_f,HQ + F,per_family_3,3 groups per family,reasoning_F,F,F_evidence_support_rating,F_scrappiness,0.0,48,48
augmentation,hq_plus_f,HQ + F,per_family_3,3 groups per family,reasoning_F,F,F_evidence_support_rating,F_trajectory_strength,0.0,48,48
augmentation,hq_plus_f,HQ + F,per_family_3,3 groups per family,reasoning_F,F,F_ownership_signal,F_rubric_score,1.0,48,48
augmentation,hq_plus_f,HQ + F,per_family_3,3 groups per family,reasoning_F,F,F_ownership_signal,F_scrappiness,0.0,48,48
augmentation,hq_plus_f,HQ + F,per_family_3,3 groups per family,reasoning_F,F,F_ownership_signal,F_trajectory_strength,1.0,48,48
augmentation,hq_plus_f,HQ + F,per_family_3,3 groups per family,reasoning_F,F,F_rubric_score,F_scrappiness,0.0,48,48
augmentation,hq_plus_f,HQ + F,per_family_3,3 groups per family,reasoning_F,F,F_rubric_score,F_trajectory_strength,1.0,48,48
augmentation,hq_plus_f,HQ + F,per_family_3,3 groups per family,reasoning_F,F,F_scrappiness,F_trajectory_strength,0.0,48,48
competition,hq_only,HQ,total_groups_6,6 total groups,full_route,HQ,best_degree_prestige,comfort_index,0.0,48,48
competition,hq_only,HQ,total_groups_6,6 total groups,full_route,HQ,best_degree_prestige,company_size_is_growing,0.0,48,48
competition,hq_only,HQ,total_groups_6,6 total groups,full_route,HQ,best_degree_prestige,degree_level,1.0,48,48
competition,hq_only,HQ,total_groups_6,6 total groups,full_route,HQ,best_degree_prestige,edu_prestige_tier,1.0,48,48
competition,hq_only,HQ,total_groups_6,6 total groups,full_route,HQ,best_degree_prestige,exit_count,0.0,48,48
competition,hq_only,HQ,total_groups_6,6 total groups,full_route,HQ,best_degree_prestige,exit_x_serial,0.0,48,48
competition,hq_only,HQ,total_groups_6,6 total groups,full_route,HQ,best_degree_prestige,field_relevance_score,1.0,48,48
competition,hq_only,HQ,total_groups_6,6 total groups,full_route,HQ,best_degree_prestige,founding_role_count,0.0,48,48
competition,hq_only,HQ,total_groups_6,6 total groups,full_route,HQ,best_degree_prestige,founding_timing,0.0,48,48
competition,hq_only,HQ,total_groups_6,6 total groups,full_route,HQ,best_degree_prestige,has_prior_acquisition,0.0,48,48
competition,hq_only,HQ,total_groups_6,6 total groups,full_route,HQ,best_degree_prestige,has_prior_ipo,0.0,48,48
competition,hq_only,HQ,total_groups_6,6 total groups,full_route,HQ,best_degree_prestige,industry_alignment,0.0,48,48
competition,hq_only,HQ,total_groups_6,6 total groups,full_route,HQ,best_degree_prestige,industry_pivot_count,0.0,48,48
competition,hq_only,HQ,total_groups_6,6 total groups,full_route,HQ,best_degree_prestige,industry_prestige_penalty,1.0,48,48
competition,hq_only,HQ,total_groups_6,6 total groups,full_route,HQ,best_degree_prestige,is_serial_founder,0.0,48,48
competition,hq_only,HQ,total_groups_6,6 total groups,full_route,HQ,best_degree_prestige,longest_founding_tenure,0.0,48,48
competition,hq_only,HQ,total_groups_6,6 total groups,full_route,HQ,best_degree_prestige,max_company_size_before_founding,0.0,48,48
competition,hq_only,HQ,total_groups_6,6 total groups,full_route,HQ,best_degree_prestige,max_seniority_reached,0.0,48,48
competition,hq_only,HQ,total_groups_6,6 total groups,full_route,HQ,best_degree_prestige,persistence_score,0.0,48,48
competition,hq_only,HQ,total_groups_6,6 total groups,full_route,HQ,best_degree_prestige,prestige_sacrifice_score,0.0,48,48
competition,hq_only,HQ,total_groups_6,6 total groups,full_route,HQ,best_degree_prestige,prestige_x_relevance,1.0,48,48
competition,hq_only,HQ,total_groups_6,6 total groups,full_route,HQ,best_degree_prestige,repeat_founding_gap,0.0,48,48
competition,hq_only,HQ,total_groups_6,6 total groups,full_route,HQ,best_degree_prestige,restlessness_score,0.0,48,48
competition,hq_only,HQ,total_groups_6,6 total groups,full_route,HQ,best_degree_prestige,sacrifice_x_serial,0.0,48,48
competition,hq_only,HQ,total_groups_6,6 total groups,full_route,HQ,best_degree_prestige,seniority_is_monotone,0.0,48,48
competition,hq_only,HQ,total_groups_6,6 total groups,full_route,HQ,best_degree_prestige,stem_flag,1.0,48,48
competition,hq_only,HQ,total_groups_6,6 total groups,full_route,HQ,best_degree_prestige,total_inferred_experience,0.0,48,48
competition,hq_only,HQ,total_groups_6,6 total groups,full_route,HQ,best_degree_prestige,years_in_large_company,0.0,48,48
competition,hq_only,HQ,total_groups_6,6 total groups,full_route,HQ,comfort_index,company_size_is_growing,0.0,48,48
competition,hq_only,HQ,total_groups_6,6 total groups,full_route,HQ,comfort_index,degree_level,0.0,48,48
competition,hq_only,HQ,total_groups_6,6 total groups,full_route,HQ,comfort_index,edu_prestige_tier,0.0,48,48
competition,hq_only,HQ,total_groups_6,6 total groups,full_route,HQ,comfort_index,exit_count,0.0,48,48
competition,hq_only,HQ,total_groups_6,6 total groups,full_route,HQ,comfort_index,exit_x_serial,0.0,48,48
competition,hq_only,HQ,total_groups_6,6 total groups,full_route,HQ,comfort_index,field_relevance_score,0.0,48,48
competition,hq_only,HQ,total_groups_6,6 total groups,full_route,HQ,comfort_index,founding_role_count,0.0,48,48
competition,hq_only,HQ,total_groups_6,6 total groups,full_route,HQ,comfort_index,founding_timing,0.0,48,48
competition,hq_only,HQ,total_groups_6,6 total groups,full_route,HQ,comfort_index,has_prior_acquisition,0.0,48,48
competition,hq_only,HQ,total_groups_6,6 total groups,full_route,HQ,comfort_index,has_prior_ipo,0.0,48,48
competition,hq_only,HQ,total_groups_6,6 total groups,full_route,HQ,comfort_index,industry_alignment,0.0,48,48
competition,hq_only,HQ,total_groups_6,6 total groups,full_route,HQ,comfort_index,industry_pivot_count,0.0,48,48
competition,hq_only,HQ,total_groups_6,6 total groups,full_route,HQ,comfort_index,industry_prestige_penalty,0.0,48,48
competition,hq_only,HQ,total_groups_6,6 total groups,full_route,HQ,comfort_index,is_serial_founder,0.0,48,48
competition,hq_only,HQ,total_groups_6,6 total groups,full_route,HQ,comfort_index,longest_founding_tenure,0.0,48,48
competition,hq_only,HQ,total_groups_6,6 total groups,full_route,HQ,comfort_index,max_company_size_before_founding,0.0,48,48
competition,hq_only,HQ,total_groups_6,6 total groups,full_route,HQ,comfort_index,max_seniority_reached,0.0,48,48
competition,hq_only,HQ,total_groups_6,6 total groups,full_route,HQ,comfort_index,persistence_score,0.0,48,48
competition,hq_only,HQ,total_groups_6,6 total groups,full_route,HQ,comfort_index,prestige_sacrifice_score,0.0,48,48
competition,hq_only,HQ,total_groups_6,6 total groups,full_route,HQ,comfort_index,prestige_x_relevance,0.0,48,48
competition,hq_only,HQ,total_groups_6,6 total groups,full_route,HQ,comfort_index,repeat_founding_gap,0.0,48,48
competition,hq_only,HQ,total_groups_6,6 total groups,full_route,HQ,comfort_index,restlessness_score,0.0,48,48
competition,hq_only,HQ,total_groups_6,6 total groups,full_route,HQ,comfort_index,sacrifice_x_serial,0.0,48,48
competition,hq_only,HQ,total_groups_6,6 total groups,full_route,HQ,comfort_index,seniority_is_monotone,0.0,48,48
competition,hq_only,HQ,total_groups_6,6 total groups,full_route,HQ,comfort_index,stem_flag,0.0,48,48
competition,hq_only,HQ,total_groups_6,6 total groups,full_route,HQ,comfort_index,total_inferred_experience,0.0,48,48
competition,hq_only,HQ,total_groups_6,6 total groups,full_route,HQ,comfort_index,years_in_large_company,0.0,48,48
competition,hq_only,HQ,total_groups_6,6 total groups,full_route,HQ,company_size_is_growing,degree_level,0.0,48,48
competition,hq_only,HQ,total_groups_6,6 total groups,full_route,HQ,company_size_is_growing,edu_prestige_tier,0.0,48,48
competition,hq_only,HQ,total_groups_6,6 total groups,full_route,HQ,company_size_is_growing,exit_count,0.0,48,48
competition,hq_only,HQ,total_groups_6,6 total groups,full_route,HQ,company_size_is_growing,exit_x_serial,0.0,48,48
competition,hq_only,HQ,total_groups_6,6 total groups,full_route,HQ,company_size_is_growing,field_relevance_score,0.0,48,48
competition,hq_only,HQ,total_groups_6,6 total groups,full_route,HQ,company_size_is_growing,founding_role_count,0.1875,48,48
competition,hq_only,HQ,total_groups_6,6 total groups,full_route,HQ,company_size_is_growing,founding_timing,0.1875,48,48
competition,hq_only,HQ,total_groups_6,6 total groups,full_route,HQ,company_size_is_growing,has_prior_acquisition,0.0,48,48
competition,hq_only,HQ,total_groups_6,6 total groups,full_route,HQ,company_size_is_growing,has_prior_ipo,0.0,48,48
competition,hq_only,HQ,total_groups_6,6 total groups,full_route,HQ,company_size_is_growing,industry_alignment,0.0,48,48
competition,hq_only,HQ,total_groups_6,6 total groups,full_route,HQ,company_size_is_growing,industry_pivot_count,0.1875,48,48
competition,hq_only,HQ,total_groups_6,6 total groups,full_route,HQ,company_size_is_growing,industry_prestige_penalty,0.0,48,48
competition,hq_only,HQ,total_groups_6,6 total groups,full_route,HQ,company_size_is_growing,is_serial_founder,0.1875,48,48
competition,hq_only,HQ,total_groups_6,6 total groups,full_route,HQ,company_size_is_growing,longest_founding_tenure,0.1875,48,48
competition,hq_only,HQ,total_groups_6,6 total groups,full_route,HQ,company_size_is_growing,max_company_size_before_founding,0.1875,48,48
competition,hq_only,HQ,total_groups_6,6 total groups,full_route,HQ,company_size_is_growing,max_seniority_reached,0.1875,48,48
competition,hq_only,HQ,total_groups_6,6 total groups,full_route,HQ,company_size_is_growing,persistence_score,0.1875,48,48
competition,hq_only,HQ,total_groups_6,6 total groups,full_route,HQ,company_size_is_growing,prestige_sacrifice_score,0.1875,48,48
competition,hq_only,HQ,total_groups_6,6 total groups,full_route,HQ,company_size_is_growing,prestige_x_relevance,0.0,48,48
competition,hq_only,HQ,total_groups_6,6 total groups,full_route,HQ,company_size_is_growing,repeat_founding_gap,0.0,48,48
competition,hq_only,HQ,total_groups_6,6 total groups,full_route,HQ,company_size_is_growing,restlessness_score,0.1875,48,48
competition,hq_only,HQ,total_groups_6,6 total groups,full_route,HQ,company_size_is_growing,sacrifice_x_serial,0.1875,48,48
competition,hq_only,HQ,total_groups_6,6 total groups,full_route,HQ,company_size_is_growing,seniority_is_monotone,1.0,48,48
competition,hq_only,HQ,total_groups_6,6 total groups,full_route,HQ,company_size_is_growing,stem_flag,0.0,48,48
competition,hq_only,HQ,total_groups_6,6 total groups,full_route,HQ,company_size_is_growing,total_inferred_experience,0.1875,48,48
competition,hq_only,HQ,total_groups_6,6 total groups,full_route,HQ,company_size_is_growing,years_in_large_company,0.1875,48,48
competition,hq_only,HQ,total_groups_6,6 total groups,full_route,HQ,degree_level,edu_prestige_tier,1.0,48,48
competition,hq_only,HQ,total_groups_6,6 total groups,full_route,HQ,degree_level,exit_count,0.0,48,48
competition,hq_only,HQ,total_groups_6,6 total groups,full_route,HQ,degree_level,exit_x_serial,0.0,48,48
competition,hq_only,HQ,total_groups_6,6 total groups,full_route,HQ,degree_level,field_relevance_score,1.0,48,48
competition,hq_only,HQ,total_groups_6,6 total groups,full_route,HQ,degree_level,founding_role_count,0.0,48,48
competition,hq_only,HQ,total_groups_6,6 total groups,full_route,HQ,degree_level,founding_timing,0.0,48,48
competition,hq_only,HQ,total_groups_6,6 total groups,full_route,HQ,degree_level,has_prior_acquisition,0.0,48,48
competition,hq_only,HQ,total_groups_6,6 total groups,full_route,HQ,degree_level,has_prior_ipo,0.0,48,48
competition,hq_only,HQ,total_groups_6,6 total groups,full_route,HQ,degree_level,industry_alignment,0.0,48,48
competition,hq_only,HQ,total_groups_6,6 total groups,full_route,HQ,degree_level,industry_pivot_count,0.0,48,48
competition,hq_only,HQ,total_groups_6,6 total groups,full_route,HQ,degree_level,industry_prestige_penalty,1.0,48,48
competition,hq_only,HQ,total_groups_6,6 total groups,full_route,HQ,degree_level,is_serial_founder,0.0,48,48
competition,hq_only,HQ,total_groups_6,6 total groups,full_route,HQ,degree_level,longest_founding_tenure,0.0,48,48
competition,hq_only,HQ,total_groups_6,6 total groups,full_route,HQ,degree_level,max_company_size_before_founding,0.0,48,48
competition,hq_only,HQ,total_groups_6,6 total groups,full_route,HQ,degree_level,max_seniority_reached,0.0,48,48
competition,hq_only,HQ,total_groups_6,6 total groups,full_route,HQ,degree_level,persistence_score,0.0,48,48
competition,hq_only,HQ,total_groups_6,6 total groups,full_route,HQ,degree_level,prestige_sacrifice_score,0.0,48,48
competition,hq_only,HQ,total_groups_6,6 total groups,full_route,HQ,degree_level,prestige_x_relevance,1.0,48,48
competition,hq_only,HQ,total_groups_6,6 total groups,full_route,HQ,degree_level,repeat_founding_gap,0.0,48,48
competition,hq_only,HQ,total_groups_6,6 total groups,full_route,HQ,degree_level,restlessness_score,0.0,48,48
competition,hq_only,HQ,total_groups_6,6 total groups,full_route,HQ,degree_level,sacrifice_x_serial,0.0,48,48
competition,hq_only,HQ,total_groups_6,6 total groups,full_route,HQ,degree_level,seniority_is_monotone,0.0,48,48
competition,hq_only,HQ,total_groups_6,6 total groups,full_route,HQ,degree_level,stem_flag,1.0,48,48
competition,hq_only,HQ,total_groups_6,6 total groups,full_route,HQ,degree_level,total_inferred_experience,0.0,48,48
competition,hq_only,HQ,total_groups_6,6 total groups,full_route,HQ,degree_level,years_in_large_company,0.0,48,48
competition,hq_only,HQ,total_groups_6,6 total groups,full_route,HQ,edu_prestige_tier,exit_count,0.0,48,48
competition,hq_only,HQ,total_groups_6,6 total groups,full_route,HQ,edu_prestige_tier,exit_x_serial,0.0,48,48
competition,hq_only,HQ,total_groups_6,6 total groups,full_route,HQ,edu_prestige_tier,field_relevance_score,1.0,48,48
competition,hq_only,HQ,total_groups_6,6 total groups,full_route,HQ,edu_prestige_tier,founding_role_count,0.0,48,48
competition,hq_only,HQ,total_groups_6,6 total groups,full_route,HQ,edu_prestige_tier,founding_timing,0.0,48,48
competition,hq_only,HQ,total_groups_6,6 total groups,full_route,HQ,edu_prestige_tier,has_prior_acquisition,0.0,48,48
competition,hq_only,HQ,total_groups_6,6 total groups,full_route,HQ,edu_prestige_tier,has_prior_ipo,0.0,48,48
competition,hq_only,HQ,total_groups_6,6 total groups,full_route,HQ,edu_prestige_tier,industry_alignment,0.0,48,48
competition,hq_only,HQ,total_groups_6,6 total groups,full_route,HQ,edu_prestige_tier,industry_pivot_count,0.0,48,48
competition,hq_only,HQ,total_groups_6,6 total groups,full_route,HQ,edu_prestige_tier,industry_prestige_penalty,1.0,48,48
competition,hq_only,HQ,total_groups_6,6 total groups,full_route,HQ,edu_prestige_tier,is_serial_founder,0.0,48,48
competition,hq_only,HQ,total_groups_6,6 total groups,full_route,HQ,edu_prestige_tier,longest_founding_tenure,0.0,48,48
competition,hq_only,HQ,total_groups_6,6 total groups,full_route,HQ,edu_prestige_tier,max_company_size_before_founding,0.0,48,48
competition,hq_only,HQ,total_groups_6,6 total groups,full_route,HQ,edu_prestige_tier,max_seniority_reached,0.0,48,48
competition,hq_only,HQ,total_groups_6,6 total groups,full_route,HQ,edu_prestige_tier,persistence_score,0.0,48,48
competition,hq_only,HQ,total_groups_6,6 total groups,full_route,HQ,edu_prestige_tier,prestige_sacrifice_score,0.0,48,48
competition,hq_only,HQ,total_groups_6,6 total groups,full_route,HQ,edu_prestige_tier,prestige_x_relevance,1.0,48,48
competition,hq_only,HQ,total_groups_6,6 total groups,full_route,HQ,edu_prestige_tier,repeat_founding_gap,0.0,48,48
competition,hq_only,HQ,total_groups_6,6 total groups,full_route,HQ,edu_prestige_tier,restlessness_score,0.0,48,48
competition,hq_only,HQ,total_groups_6,6 total groups,full_route,HQ,edu_prestige_tier,sacrifice_x_serial,0.0,48,48
competition,hq_only,HQ,total_groups_6,6 total groups,full_route,HQ,edu_prestige_tier,seniority_is_monotone,0.0,48,48
competition,hq_only,HQ,total_groups_6,6 total groups,full_route,HQ,edu_prestige_tier,stem_flag,1.0,48,48
competition,hq_only,HQ,total_groups_6,6 total groups,full_route,HQ,edu_prestige_tier,total_inferred_experience,0.0,48,48
competition,hq_only,HQ,total_groups_6,6 total groups,full_route,HQ,edu_prestige_tier,years_in_large_company,0.0,48,48
competition,hq_only,HQ,total_groups_6,6 total groups,full_route,HQ,exit_count,exit_x_serial,1.0,48,48
competition,hq_only,HQ,total_groups_6,6 total groups,full_route,HQ,exit_count,field_relevance_score,0.0,48,48
competition,hq_only,HQ,total_groups_6,6 total groups,full_route,HQ,exit_count,founding_role_count,0.0,48,48
competition,hq_only,HQ,total_groups_6,6 total groups,full_route,HQ,exit_count,founding_timing,0.0,48,48
competition,hq_only,HQ,total_groups_6,6 total groups,full_route,HQ,exit_count,has_prior_acquisition,1.0,48,48
competition,hq_only,HQ,total_groups_6,6 total groups,full_route,HQ,exit_count,has_prior_ipo,1.0,48,48
competition,hq_only,HQ,total_groups_6,6 total groups,full_route,HQ,exit_count,industry_alignment,0.0,48,48
competition,hq_only,HQ,total_groups_6,6 total groups,full_route,HQ,exit_count,industry_pivot_count,0.0,48,48
competition,hq_only,HQ,total_groups_6,6 total groups,full_route,HQ,exit_count,industry_prestige_penalty,0.0,48,48
competition,hq_only,HQ,total_groups_6,6 total groups,full_route,HQ,exit_count,is_serial_founder,0.0,48,48
competition,hq_only,HQ,total_groups_6,6 total groups,full_route,HQ,exit_count,longest_founding_tenure,0.0,48,48
competition,hq_only,HQ,total_groups_6,6 total groups,full_route,HQ,exit_count,max_company_size_before_founding,0.0,48,48
competition,hq_only,HQ,total_groups_6,6 total groups,full_route,HQ,exit_count,max_seniority_reached,0.0,48,48
competition,hq_only,HQ,total_groups_6,6 total groups,full_route,HQ,exit_count,persistence_score,0.0,48,48
competition,hq_only,HQ,total_groups_6,6 total groups,full_route,HQ,exit_count,prestige_sacrifice_score,0.0,48,48
competition,hq_only,HQ,total_groups_6,6 total groups,full_route,HQ,exit_count,prestige_x_relevance,0.0,48,48
competition,hq_only,HQ,total_groups_6,6 total groups,full_route,HQ,exit_count,repeat_founding_gap,0.0,48,48
competition,hq_only,HQ,total_groups_6,6 total groups,full_route,HQ,exit_count,restlessness_score,0.0,48,48
competition,hq_only,HQ,total_groups_6,6 total groups,full_route,HQ,exit_count,sacrifice_x_serial,0.0,48,48
competition,hq_only,HQ,total_groups_6,6 total groups,full_route,HQ,exit_count,seniority_is_monotone,0.0,48,48
competition,hq_only,HQ,total_groups_6,6 total groups,full_route,HQ,exit_count,stem_flag,0.0,48,48
competition,hq_only,HQ,total_groups_6,6 total groups,full_route,HQ,exit_count,total_inferred_experience,0.0,48,48
competition,hq_only,HQ,total_groups_6,6 total groups,full_route,HQ,exit_count,years_in_large_company,0.0,48,48
competition,hq_only,HQ,total_groups_6,6 total groups,full_route,HQ,exit_x_serial,field_relevance_score,0.0,48,48
competition,hq_only,HQ,total_groups_6,6 total groups,full_route,HQ,exit_x_serial,founding_role_count,0.0,48,48
competition,hq_only,HQ,total_groups_6,6 total groups,full_route,HQ,exit_x_serial,founding_timing,0.0,48,48
competition,hq_only,HQ,total_groups_6,6 total groups,full_route,HQ,exit_x_serial,has_prior_acquisition,1.0,48,48
competition,hq_only,HQ,total_groups_6,6 total groups,full_route,HQ,exit_x_serial,has_prior_ipo,1.0,48,48
competition,hq_only,HQ,total_groups_6,6 total groups,full_route,HQ,exit_x_serial,industry_alignment,0.0,48,48
competition,hq_only,HQ,total_groups_6,6 total groups,full_route,HQ,exit_x_serial,industry_pivot_count,0.0,48,48
competition,hq_only,HQ,total_groups_6,6 total groups,full_route,HQ,exit_x_serial,industry_prestige_penalty,0.0,48,48
competition,hq_only,HQ,total_groups_6,6 total groups,full_route,HQ,exit_x_serial,is_serial_founder,0.0,48,48
competition,hq_only,HQ,total_groups_6,6 total groups,full_route,HQ,exit_x_serial,longest_founding_tenure,0.0,48,48
competition,hq_only,HQ,total_groups_6,6 total groups,full_route,HQ,exit_x_serial,max_company_size_before_founding,0.0,48,48
competition,hq_only,HQ,total_groups_6,6 total groups,full_route,HQ,exit_x_serial,max_seniority_reached,0.0,48,48
competition,hq_only,HQ,total_groups_6,6 total groups,full_route,HQ,exit_x_serial,persistence_score,0.0,48,48
competition,hq_only,HQ,total_groups_6,6 total groups,full_route,HQ,exit_x_serial,prestige_sacrifice_score,0.0,48,48
competition,hq_only,HQ,total_groups_6,6 total groups,full_route,HQ,exit_x_serial,prestige_x_relevance,0.0,48,48
competition,hq_only,HQ,total_groups_6,6 total groups,full_route,HQ,exit_x_serial,repeat_founding_gap,0.0,48,48
competition,hq_only,HQ,total_groups_6,6 total groups,full_route,HQ,exit_x_serial,restlessness_score,0.0,48,48
competition,hq_only,HQ,total_groups_6,6 total groups,full_route,HQ,exit_x_serial,sacrifice_x_serial,0.0,48,48
competition,hq_only,HQ,total_groups_6,6 total groups,full_route,HQ,exit_x_serial,seniority_is_monotone,0.0,48,48
competition,hq_only,HQ,total_groups_6,6 total groups,full_route,HQ,exit_x_serial,stem_flag,0.0,48,48
competition,hq_only,HQ,total_groups_6,6 total groups,full_route,HQ,exit_x_serial,total_inferred_experience,0.0,48,48
competition,hq_only,HQ,total_groups_6,6 total groups,full_route,HQ,exit_x_serial,years_in_large_company,0.0,48,48
competition,hq_only,HQ,total_groups_6,6 total groups,full_route,HQ,field_relevance_score,founding_role_count,0.0,48,48
competition,hq_only,HQ,total_groups_6,6 total groups,full_route,HQ,field_relevance_score,founding_timing,0.0,48,48
competition,hq_only,HQ,total_groups_6,6 total groups,full_route,HQ,field_relevance_score,has_prior_acquisition,0.0,48,48
competition,hq_only,HQ,total_groups_6,6 total groups,full_route,HQ,field_relevance_score,has_prior_ipo,0.0,48,48
competition,hq_only,HQ,total_groups_6,6 total groups,full_route,HQ,field_relevance_score,industry_alignment,0.0,48,48
competition,hq_only,HQ,total_groups_6,6 total groups,full_route,HQ,field_relevance_score,industry_pivot_count,0.0,48,48
competition,hq_only,HQ,total_groups_6,6 total groups,full_route,HQ,field_relevance_score,industry_prestige_penalty,1.0,48,48
competition,hq_only,HQ,total_groups_6,6 total groups,full_route,HQ,field_relevance_score,is_serial_founder,0.0,48,48
competition,hq_only,HQ,total_groups_6,6 total groups,full_route,HQ,field_relevance_score,longest_founding_tenure,0.0,48,48
competition,hq_only,HQ,total_groups_6,6 total groups,full_route,HQ,field_relevance_score,max_company_size_before_founding,0.0,48,48
competition,hq_only,HQ,total_groups_6,6 total groups,full_route,HQ,field_relevance_score,max_seniority_reached,0.0,48,48
competition,hq_only,HQ,total_groups_6,6 total groups,full_route,HQ,field_relevance_score,persistence_score,0.0,48,48
competition,hq_only,HQ,total_groups_6,6 total groups,full_route,HQ,field_relevance_score,prestige_sacrifice_score,0.0,48,48
competition,hq_only,HQ,total_groups_6,6 total groups,full_route,HQ,field_relevance_score,prestige_x_relevance,1.0,48,48
competition,hq_only,HQ,total_groups_6,6 total groups,full_route,HQ,field_relevance_score,repeat_founding_gap,0.0,48,48
competition,hq_only,HQ,total_groups_6,6 total groups,full_route,HQ,field_relevance_score,restlessness_score,0.0,48,48
competition,hq_only,HQ,total_groups_6,6 total groups,full_route,HQ,field_relevance_score,sacrifice_x_serial,0.0,48,48
competition,hq_only,HQ,total_groups_6,6 total groups,full_route,HQ,field_relevance_score,seniority_is_monotone,0.0,48,48
competition,hq_only,HQ,total_groups_6,6 total groups,full_route,HQ,field_relevance_score,stem_flag,1.0,48,48
competition,hq_only,HQ,total_groups_6,6 total groups,full_route,HQ,field_relevance_score,total_inferred_experience,0.0,48,48
competition,hq_only,HQ,total_groups_6,6 total groups,full_route,HQ,field_relevance_score,years_in_large_company,0.0,48,48
competition,hq_only,HQ,total_groups_6,6 total groups,full_route,HQ,founding_role_count,founding_timing,1.0,48,48
competition,hq_only,HQ,total_groups_6,6 total groups,full_route,HQ,founding_role_count,has_prior_acquisition,0.0,48,48
competition,hq_only,HQ,total_groups_6,6 total groups,full_route,HQ,founding_role_count,has_prior_ipo,0.0,48,48
competition,hq_only,HQ,total_groups_6,6 total groups,full_route,HQ,founding_role_count,industry_alignment,0.8125,48,48
competition,hq_only,HQ,total_groups_6,6 total groups,full_route,HQ,founding_role_count,industry_pivot_count,1.0,48,48
competition,hq_only,HQ,total_groups_6,6 total groups,full_route,HQ,founding_role_count,industry_prestige_penalty,0.0,48,48
competition,hq_only,HQ,total_groups_6,6 total groups,full_route,HQ,founding_role_count,is_serial_founder,1.0,48,48
competition,hq_only,HQ,total_groups_6,6 total groups,full_route,HQ,founding_role_count,longest_founding_tenure,1.0,48,48
competition,hq_only,HQ,total_groups_6,6 total groups,full_route,HQ,founding_role_count,max_company_size_before_founding,1.0,48,48
competition,hq_only,HQ,total_groups_6,6 total groups,full_route,HQ,founding_role_count,max_seniority_reached,1.0,48,48
competition,hq_only,HQ,total_groups_6,6 total groups,full_route,HQ,founding_role_count,persistence_score,1.0,48,48
competition,hq_only,HQ,total_groups_6,6 total groups,full_route,HQ,founding_role_count,prestige_sacrifice_score,1.0,48,48
competition,hq_only,HQ,total_groups_6,6 total groups,full_route,HQ,founding_role_count,prestige_x_relevance,0.0,48,48
competition,hq_only,HQ,total_groups_6,6 total groups,full_route,HQ,founding_role_count,repeat_founding_gap,0.0,48,48
competition,hq_only,HQ,total_groups_6,6 total groups,full_route,HQ,founding_role_count,restlessness_score,1.0,48,48
competition,hq_only,HQ,total_groups_6,6 total groups,full_route,HQ,founding_role_count,sacrifice_x_serial,1.0,48,48
competition,hq_only,HQ,total_groups_6,6 total groups,full_route,HQ,founding_role_count,seniority_is_monotone,0.1875,48,48
competition,hq_only,HQ,total_groups_6,6 total groups,full_route,HQ,founding_role_count,stem_flag,0.0,48,48
competition,hq_only,HQ,total_groups_6,6 total groups,full_route,HQ,founding_role_count,total_inferred_experience,1.0,48,48
competition,hq_only,HQ,total_groups_6,6 total groups,full_route,HQ,founding_role_count,years_in_large_company,1.0,48,48
competition,hq_only,HQ,total_groups_6,6 total groups,full_route,HQ,founding_timing,has_prior_acquisition,0.0,48,48
competition,hq_only,HQ,total_groups_6,6 total groups,full_route,HQ,founding_timing,has_prior_ipo,0.0,48,48
competition,hq_only,HQ,total_groups_6,6 total groups,full_route,HQ,founding_timing,industry_alignment,0.8125,48,48
competition,hq_only,HQ,total_groups_6,6 total groups,full_route,HQ,founding_timing,industry_pivot_count,1.0,48,48
competition,hq_only,HQ,total_groups_6,6 total groups,full_route,HQ,founding_timing,industry_prestige_penalty,0.0,48,48
competition,hq_only,HQ,total_groups_6,6 total groups,full_route,HQ,founding_timing,is_serial_founder,1.0,48,48
competition,hq_only,HQ,total_groups_6,6 total groups,full_route,HQ,founding_timing,longest_founding_tenure,1.0,48,48
competition,hq_only,HQ,total_groups_6,6 total groups,full_route,HQ,founding_timing,max_company_size_before_founding,1.0,48,48
competition,hq_only,HQ,total_groups_6,6 total groups,full_route,HQ,founding_timing,max_seniority_reached,1.0,48,48
competition,hq_only,HQ,total_groups_6,6 total groups,full_route,HQ,founding_timing,persistence_score,1.0,48,48
competition,hq_only,HQ,total_groups_6,6 total groups,full_route,HQ,founding_timing,prestige_sacrifice_score,1.0,48,48
competition,hq_only,HQ,total_groups_6,6 total groups,full_route,HQ,founding_timing,prestige_x_relevance,0.0,48,48
competition,hq_only,HQ,total_groups_6,6 total groups,full_route,HQ,founding_timing,repeat_founding_gap,0.0,48,48
competition,hq_only,HQ,total_groups_6,6 total groups,full_route,HQ,founding_timing,restlessness_score,1.0,48,48
competition,hq_only,HQ,total_groups_6,6 total groups,full_route,HQ,founding_timing,sacrifice_x_serial,1.0,48,48
competition,hq_only,HQ,total_groups_6,6 total groups,full_route,HQ,founding_timing,seniority_is_monotone,0.1875,48,48
competition,hq_only,HQ,total_groups_6,6 total groups,full_route,HQ,founding_timing,stem_flag,0.0,48,48
competition,hq_only,HQ,total_groups_6,6 total groups,full_route,HQ,founding_timing,total_inferred_experience,1.0,48,48
competition,hq_only,HQ,total_groups_6,6 total groups,full_route,HQ,founding_timing,years_in_large_company,1.0,48,48
competition,hq_only,HQ,total_groups_6,6 total groups,full_route,HQ,has_prior_acquisition,has_prior_ipo,1.0,48,48
competition,hq_only,HQ,total_groups_6,6 total groups,full_route,HQ,has_prior_acquisition,industry_alignment,0.0,48,48
competition,hq_only,HQ,total_groups_6,6 total groups,full_route,HQ,has_prior_acquisition,industry_pivot_count,0.0,48,48
competition,hq_only,HQ,total_groups_6,6 total groups,full_route,HQ,has_prior_acquisition,industry_prestige_penalty,0.0,48,48
competition,hq_only,HQ,total_groups_6,6 total groups,full_route,HQ,has_prior_acquisition,is_serial_founder,0.0,48,48
competition,hq_only,HQ,total_groups_6,6 total groups,full_route,HQ,has_prior_acquisition,longest_founding_tenure,0.0,48,48
competition,hq_only,HQ,total_groups_6,6 total groups,full_route,HQ,has_prior_acquisition,max_company_size_before_founding,0.0,48,48
competition,hq_only,HQ,total_groups_6,6 total groups,full_route,HQ,has_prior_acquisition,max_seniority_reached,0.0,48,48
competition,hq_only,HQ,total_groups_6,6 total groups,full_route,HQ,has_prior_acquisition,persistence_score,0.0,48,48
competition,hq_only,HQ,total_groups_6,6 total groups,full_route,HQ,has_prior_acquisition,prestige_sacrifice_score,0.0,48,48
competition,hq_only,HQ,total_groups_6,6 total groups,full_route,HQ,has_prior_acquisition,prestige_x_relevance,0.0,48,48
competition,hq_only,HQ,total_groups_6,6 total groups,full_route,HQ,has_prior_acquisition,repeat_founding_gap,0.0,48,48
competition,hq_only,HQ,total_groups_6,6 total groups,full_route,HQ,has_prior_acquisition,restlessness_score,0.0,48,48
competition,hq_only,HQ,total_groups_6,6 total groups,full_route,HQ,has_prior_acquisition,sacrifice_x_serial,0.0,48,48
competition,hq_only,HQ,total_groups_6,6 total groups,full_route,HQ,has_prior_acquisition,seniority_is_monotone,0.0,48,48
competition,hq_only,HQ,total_groups_6,6 total groups,full_route,HQ,has_prior_acquisition,stem_flag,0.0,48,48
competition,hq_only,HQ,total_groups_6,6 total groups,full_route,HQ,has_prior_acquisition,total_inferred_experience,0.0,48,48
competition,hq_only,HQ,total_groups_6,6 total groups,full_route,HQ,has_prior_acquisition,years_in_large_company,0.0,48,48
competition,hq_only,HQ,total_groups_6,6 total groups,full_route,HQ,has_prior_ipo,industry_alignment,0.0,48,48
competition,hq_only,HQ,total_groups_6,6 total groups,full_route,HQ,has_prior_ipo,industry_pivot_count,0.0,48,48
competition,hq_only,HQ,total_groups_6,6 total groups,full_route,HQ,has_prior_ipo,industry_prestige_penalty,0.0,48,48
competition,hq_only,HQ,total_groups_6,6 total groups,full_route,HQ,has_prior_ipo,is_serial_founder,0.0,48,48
competition,hq_only,HQ,total_groups_6,6 total groups,full_route,HQ,has_prior_ipo,longest_founding_tenure,0.0,48,48
competition,hq_only,HQ,total_groups_6,6 total groups,full_route,HQ,has_prior_ipo,max_company_size_before_founding,0.0,48,48
competition,hq_only,HQ,total_groups_6,6 total groups,full_route,HQ,has_prior_ipo,max_seniority_reached,0.0,48,48
competition,hq_only,HQ,total_groups_6,6 total groups,full_route,HQ,has_prior_ipo,persistence_score,0.0,48,48
competition,hq_only,HQ,total_groups_6,6 total groups,full_route,HQ,has_prior_ipo,prestige_sacrifice_score,0.0,48,48
competition,hq_only,HQ,total_groups_6,6 total groups,full_route,HQ,has_prior_ipo,prestige_x_relevance,0.0,48,48
competition,hq_only,HQ,total_groups_6,6 total groups,full_route,HQ,has_prior_ipo,repeat_founding_gap,0.0,48,48
competition,hq_only,HQ,total_groups_6,6 total groups,full_route,HQ,has_prior_ipo,restlessness_score,0.0,48,48
competition,hq_only,HQ,total_groups_6,6 total groups,full_route,HQ,has_prior_ipo,sacrifice_x_serial,0.0,48,48
competition,hq_only,HQ,total_groups_6,6 total groups,full_route,HQ,has_prior_ipo,seniority_is_monotone,0.0,48,48
competition,hq_only,HQ,total_groups_6,6 total groups,full_route,HQ,has_prior_ipo,stem_flag,0.0,48,48
competition,hq_only,HQ,total_groups_6,6 total groups,full_route,HQ,has_prior_ipo,total_inferred_experience,0.0,48,48
competition,hq_only,HQ,total_groups_6,6 total groups,full_route,HQ,has_prior_ipo,years_in_large_company,0.0,48,48
competition,hq_only,HQ,total_groups_6,6 total groups,full_route,HQ,industry_alignment,industry_pivot_count,0.8125,48,48
competition,hq_only,HQ,total_groups_6,6 total groups,full_route,HQ,industry_alignment,industry_prestige_penalty,0.0,48,48
competition,hq_only,HQ,total_groups_6,6 total groups,full_route,HQ,industry_alignment,is_serial_founder,0.8125,48,48
competition,hq_only,HQ,total_groups_6,6 total groups,full_route,HQ,industry_alignment,longest_founding_tenure,0.8125,48,48
competition,hq_only,HQ,total_groups_6,6 total groups,full_route,HQ,industry_alignment,max_company_size_before_founding,0.8125,48,48
competition,hq_only,HQ,total_groups_6,6 total groups,full_route,HQ,industry_alignment,max_seniority_reached,0.8125,48,48
competition,hq_only,HQ,total_groups_6,6 total groups,full_route,HQ,industry_alignment,persistence_score,0.8125,48,48
competition,hq_only,HQ,total_groups_6,6 total groups,full_route,HQ,industry_alignment,prestige_sacrifice_score,0.8125,48,48
competition,hq_only,HQ,total_groups_6,6 total groups,full_route,HQ,industry_alignment,prestige_x_relevance,0.0,48,48
competition,hq_only,HQ,total_groups_6,6 total groups,full_route,HQ,industry_alignment,repeat_founding_gap,0.0,48,48
competition,hq_only,HQ,total_groups_6,6 total groups,full_route,HQ,industry_alignment,restlessness_score,0.8125,48,48
competition,hq_only,HQ,total_groups_6,6 total groups,full_route,HQ,industry_alignment,sacrifice_x_serial,0.8125,48,48
competition,hq_only,HQ,total_groups_6,6 total groups,full_route,HQ,industry_alignment,seniority_is_monotone,0.0,48,48
competition,hq_only,HQ,total_groups_6,6 total groups,full_route,HQ,industry_alignment,stem_flag,0.0,48,48
competition,hq_only,HQ,total_groups_6,6 total groups,full_route,HQ,industry_alignment,total_inferred_experience,0.8125,48,48
competition,hq_only,HQ,total_groups_6,6 total groups,full_route,HQ,industry_alignment,years_in_large_company,0.8125,48,48
competition,hq_only,HQ,total_groups_6,6 total groups,full_route,HQ,industry_pivot_count,industry_prestige_penalty,0.0,48,48
competition,hq_only,HQ,total_groups_6,6 total groups,full_route,HQ,industry_pivot_count,is_serial_founder,1.0,48,48
competition,hq_only,HQ,total_groups_6,6 total groups,full_route,HQ,industry_pivot_count,longest_founding_tenure,1.0,48,48
competition,hq_only,HQ,total_groups_6,6 total groups,full_route,HQ,industry_pivot_count,max_company_size_before_founding,1.0,48,48
competition,hq_only,HQ,total_groups_6,6 total groups,full_route,HQ,industry_pivot_count,max_seniority_reached,1.0,48,48
competition,hq_only,HQ,total_groups_6,6 total groups,full_route,HQ,industry_pivot_count,persistence_score,1.0,48,48
competition,hq_only,HQ,total_groups_6,6 total groups,full_route,HQ,industry_pivot_count,prestige_sacrifice_score,1.0,48,48
competition,hq_only,HQ,total_groups_6,6 total groups,full_route,HQ,industry_pivot_count,prestige_x_relevance,0.0,48,48
competition,hq_only,HQ,total_groups_6,6 total groups,full_route,HQ,industry_pivot_count,repeat_founding_gap,0.0,48,48
competition,hq_only,HQ,total_groups_6,6 total groups,full_route,HQ,industry_pivot_count,restlessness_score,1.0,48,48
competition,hq_only,HQ,total_groups_6,6 total groups,full_route,HQ,industry_pivot_count,sacrifice_x_serial,1.0,48,48
competition,hq_only,HQ,total_groups_6,6 total groups,full_route,HQ,industry_pivot_count,seniority_is_monotone,0.1875,48,48
competition,hq_only,HQ,total_groups_6,6 total groups,full_route,HQ,industry_pivot_count,stem_flag,0.0,48,48
competition,hq_only,HQ,total_groups_6,6 total groups,full_route,HQ,industry_pivot_count,total_inferred_experience,1.0,48,48
competition,hq_only,HQ,total_groups_6,6 total groups,full_route,HQ,industry_pivot_count,years_in_large_company,1.0,48,48
competition,hq_only,HQ,total_groups_6,6 total groups,full_route,HQ,industry_prestige_penalty,is_serial_founder,0.0,48,48
competition,hq_only,HQ,total_groups_6,6 total groups,full_route,HQ,industry_prestige_penalty,longest_founding_tenure,0.0,48,48
competition,hq_only,HQ,total_groups_6,6 total groups,full_route,HQ,industry_prestige_penalty,max_company_size_before_founding,0.0,48,48
competition,hq_only,HQ,total_groups_6,6 total groups,full_route,HQ,industry_prestige_penalty,max_seniority_reached,0.0,48,48
competition,hq_only,HQ,total_groups_6,6 total groups,full_route,HQ,industry_prestige_penalty,persistence_score,0.0,48,48
competition,hq_only,HQ,total_groups_6,6 total groups,full_route,HQ,industry_prestige_penalty,prestige_sacrifice_score,0.0,48,48
competition,hq_only,HQ,total_groups_6,6 total groups,full_route,HQ,industry_prestige_penalty,prestige_x_relevance,1.0,48,48
competition,hq_only,HQ,total_groups_6,6 total groups,full_route,HQ,industry_prestige_penalty,repeat_founding_gap,0.0,48,48
competition,hq_only,HQ,total_groups_6,6 total groups,full_route,HQ,industry_prestige_penalty,restlessness_score,0.0,48,48
competition,hq_only,HQ,total_groups_6,6 total groups,full_route,HQ,industry_prestige_penalty,sacrifice_x_serial,0.0,48,48
competition,hq_only,HQ,total_groups_6,6 total groups,full_route,HQ,industry_prestige_penalty,seniority_is_monotone,0.0,48,48
competition,hq_only,HQ,total_groups_6,6 total groups,full_route,HQ,industry_prestige_penalty,stem_flag,1.0,48,48
competition,hq_only,HQ,total_groups_6,6 total groups,full_route,HQ,industry_prestige_penalty,total_inferred_experience,0.0,48,48
competition,hq_only,HQ,total_groups_6,6 total groups,full_route,HQ,industry_prestige_penalty,years_in_large_company,0.0,48,48
competition,hq_only,HQ,total_groups_6,6 total groups,full_route,HQ,is_serial_founder,longest_founding_tenure,1.0,48,48
competition,hq_only,HQ,total_groups_6,6 total groups,full_route,HQ,is_serial_founder,max_company_size_before_founding,1.0,48,48
competition,hq_only,HQ,total_groups_6,6 total groups,full_route,HQ,is_serial_founder,max_seniority_reached,1.0,48,48
competition,hq_only,HQ,total_groups_6,6 total groups,full_route,HQ,is_serial_founder,persistence_score,1.0,48,48
competition,hq_only,HQ,total_groups_6,6 total groups,full_route,HQ,is_serial_founder,prestige_sacrifice_score,1.0,48,48
competition,hq_only,HQ,total_groups_6,6 total groups,full_route,HQ,is_serial_founder,prestige_x_relevance,0.0,48,48
competition,hq_only,HQ,total_groups_6,6 total groups,full_route,HQ,is_serial_founder,repeat_founding_gap,0.0,48,48
competition,hq_only,HQ,total_groups_6,6 total groups,full_route,HQ,is_serial_founder,restlessness_score,1.0,48,48
competition,hq_only,HQ,total_groups_6,6 total groups,full_route,HQ,is_serial_founder,sacrifice_x_serial,1.0,48,48
competition,hq_only,HQ,total_groups_6,6 total groups,full_route,HQ,is_serial_founder,seniority_is_monotone,0.1875,48,48
competition,hq_only,HQ,total_groups_6,6 total groups,full_route,HQ,is_serial_founder,stem_flag,0.0,48,48
competition,hq_only,HQ,total_groups_6,6 total groups,full_route,HQ,is_serial_founder,total_inferred_experience,1.0,48,48
competition,hq_only,HQ,total_groups_6,6 total groups,full_route,HQ,is_serial_founder,years_in_large_company,1.0,48,48
competition,hq_only,HQ,total_groups_6,6 total groups,full_route,HQ,longest_founding_tenure,max_company_size_before_founding,1.0,48,48
competition,hq_only,HQ,total_groups_6,6 total groups,full_route,HQ,longest_founding_tenure,max_seniority_reached,1.0,48,48
competition,hq_only,HQ,total_groups_6,6 total groups,full_route,HQ,longest_founding_tenure,persistence_score,1.0,48,48
competition,hq_only,HQ,total_groups_6,6 total groups,full_route,HQ,longest_founding_tenure,prestige_sacrifice_score,1.0,48,48
competition,hq_only,HQ,total_groups_6,6 total groups,full_route,HQ,longest_founding_tenure,prestige_x_relevance,0.0,48,48
competition,hq_only,HQ,total_groups_6,6 total groups,full_route,HQ,longest_founding_tenure,repeat_founding_gap,0.0,48,48
competition,hq_only,HQ,total_groups_6,6 total groups,full_route,HQ,longest_founding_tenure,restlessness_score,1.0,48,48
competition,hq_only,HQ,total_groups_6,6 total groups,full_route,HQ,longest_founding_tenure,sacrifice_x_serial,1.0,48,48
competition,hq_only,HQ,total_groups_6,6 total groups,full_route,HQ,longest_founding_tenure,seniority_is_monotone,0.1875,48,48
competition,hq_only,HQ,total_groups_6,6 total groups,full_route,HQ,longest_founding_tenure,stem_flag,0.0,48,48
competition,hq_only,HQ,total_groups_6,6 total groups,full_route,HQ,longest_founding_tenure,total_inferred_experience,1.0,48,48
competition,hq_only,HQ,total_groups_6,6 total groups,full_route,HQ,longest_founding_tenure,years_in_large_company,1.0,48,48
competition,hq_only,HQ,total_groups_6,6 total groups,full_route,HQ,max_company_size_before_founding,max_seniority_reached,1.0,48,48
competition,hq_only,HQ,total_groups_6,6 total groups,full_route,HQ,max_company_size_before_founding,persistence_score,1.0,48,48
competition,hq_only,HQ,total_groups_6,6 total groups,full_route,HQ,max_company_size_before_founding,prestige_sacrifice_score,1.0,48,48
competition,hq_only,HQ,total_groups_6,6 total groups,full_route,HQ,max_company_size_before_founding,prestige_x_relevance,0.0,48,48
competition,hq_only,HQ,total_groups_6,6 total groups,full_route,HQ,max_company_size_before_founding,repeat_founding_gap,0.0,48,48
competition,hq_only,HQ,total_groups_6,6 total groups,full_route,HQ,max_company_size_before_founding,restlessness_score,1.0,48,48
competition,hq_only,HQ,total_groups_6,6 total groups,full_route,HQ,max_company_size_before_founding,sacrifice_x_serial,1.0,48,48
competition,hq_only,HQ,total_groups_6,6 total groups,full_route,HQ,max_company_size_before_founding,seniority_is_monotone,0.1875,48,48
competition,hq_only,HQ,total_groups_6,6 total groups,full_route,HQ,max_company_size_before_founding,stem_flag,0.0,48,48
competition,hq_only,HQ,total_groups_6,6 total groups,full_route,HQ,max_company_size_before_founding,total_inferred_experience,1.0,48,48
competition,hq_only,HQ,total_groups_6,6 total groups,full_route,HQ,max_company_size_before_founding,years_in_large_company,1.0,48,48
competition,hq_only,HQ,total_groups_6,6 total groups,full_route,HQ,max_seniority_reached,persistence_score,1.0,48,48
competition,hq_only,HQ,total_groups_6,6 total groups,full_route,HQ,max_seniority_reached,prestige_sacrifice_score,1.0,48,48
competition,hq_only,HQ,total_groups_6,6 total groups,full_route,HQ,max_seniority_reached,prestige_x_relevance,0.0,48,48
competition,hq_only,HQ,total_groups_6,6 total groups,full_route,HQ,max_seniority_reached,repeat_founding_gap,0.0,48,48
competition,hq_only,HQ,total_groups_6,6 total groups,full_route,HQ,max_seniority_reached,restlessness_score,1.0,48,48
competition,hq_only,HQ,total_groups_6,6 total groups,full_route,HQ,max_seniority_reached,sacrifice_x_serial,1.0,48,48
competition,hq_only,HQ,total_groups_6,6 total groups,full_route,HQ,max_seniority_reached,seniority_is_monotone,0.1875,48,48
competition,hq_only,HQ,total_groups_6,6 total groups,full_route,HQ,max_seniority_reached,stem_flag,0.0,48,48
competition,hq_only,HQ,total_groups_6,6 total groups,full_route,HQ,max_seniority_reached,total_inferred_experience,1.0,48,48
competition,hq_only,HQ,total_groups_6,6 total groups,full_route,HQ,max_seniority_reached,years_in_large_company,1.0,48,48
competition,hq_only,HQ,total_groups_6,6 total groups,full_route,HQ,persistence_score,prestige_sacrifice_score,1.0,48,48
competition,hq_only,HQ,total_groups_6,6 total groups,full_route,HQ,persistence_score,prestige_x_relevance,0.0,48,48
competition,hq_only,HQ,total_groups_6,6 total groups,full_route,HQ,persistence_score,repeat_founding_gap,0.0,48,48
competition,hq_only,HQ,total_groups_6,6 total groups,full_route,HQ,persistence_score,restlessness_score,1.0,48,48
competition,hq_only,HQ,total_groups_6,6 total groups,full_route,HQ,persistence_score,sacrifice_x_serial,1.0,48,48
competition,hq_only,HQ,total_groups_6,6 total groups,full_route,HQ,persistence_score,seniority_is_monotone,0.1875,48,48
competition,hq_only,HQ,total_groups_6,6 total groups,full_route,HQ,persistence_score,stem_flag,0.0,48,48
competition,hq_only,HQ,total_groups_6,6 total groups,full_route,HQ,persistence_score,total_inferred_experience,1.0,48,48
competition,hq_only,HQ,total_groups_6,6 total groups,full_route,HQ,persistence_score,years_in_large_company,1.0,48,48
competition,hq_only,HQ,total_groups_6,6 total groups,full_route,HQ,prestige_sacrifice_score,prestige_x_relevance,0.0,48,48
competition,hq_only,HQ,total_groups_6,6 total groups,full_route,HQ,prestige_sacrifice_score,repeat_founding_gap,0.0,48,48
competition,hq_only,HQ,total_groups_6,6 total groups,full_route,HQ,prestige_sacrifice_score,restlessness_score,1.0,48,48
competition,hq_only,HQ,total_groups_6,6 total groups,full_route,HQ,prestige_sacrifice_score,sacrifice_x_serial,1.0,48,48
competition,hq_only,HQ,total_groups_6,6 total groups,full_route,HQ,prestige_sacrifice_score,seniority_is_monotone,0.1875,48,48
competition,hq_only,HQ,total_groups_6,6 total groups,full_route,HQ,prestige_sacrifice_score,stem_flag,0.0,48,48
competition,hq_only,HQ,total_groups_6,6 total groups,full_route,HQ,prestige_sacrifice_score,total_inferred_experience,1.0,48,48
competition,hq_only,HQ,total_groups_6,6 total groups,full_route,HQ,prestige_sacrifice_score,years_in_large_company,1.0,48,48
competition,hq_only,HQ,total_groups_6,6 total groups,full_route,HQ,prestige_x_relevance,repeat_founding_gap,0.0,48,48
competition,hq_only,HQ,total_groups_6,6 total groups,full_route,HQ,prestige_x_relevance,restlessness_score,0.0,48,48
competition,hq_only,HQ,total_groups_6,6 total groups,full_route,HQ,prestige_x_relevance,sacrifice_x_serial,0.0,48,48
competition,hq_only,HQ,total_groups_6,6 total groups,full_route,HQ,prestige_x_relevance,seniority_is_monotone,0.0,48,48
competition,hq_only,HQ,total_groups_6,6 total groups,full_route,HQ,prestige_x_relevance,stem_flag,1.0,48,48
competition,hq_only,HQ,total_groups_6,6 total groups,full_route,HQ,prestige_x_relevance,total_inferred_experience,0.0,48,48
competition,hq_only,HQ,total_groups_6,6 total groups,full_route,HQ,prestige_x_relevance,years_in_large_company,0.0,48,48
competition,hq_only,HQ,total_groups_6,6 total groups,full_route,HQ,repeat_founding_gap,restlessness_score,0.0,48,48
competition,hq_only,HQ,total_groups_6,6 total groups,full_route,HQ,repeat_founding_gap,sacrifice_x_serial,0.0,48,48
competition,hq_only,HQ,total_groups_6,6 total groups,full_route,HQ,repeat_founding_gap,seniority_is_monotone,0.0,48,48
competition,hq_only,HQ,total_groups_6,6 total groups,full_route,HQ,repeat_founding_gap,stem_flag,0.0,48,48
competition,hq_only,HQ,total_groups_6,6 total groups,full_route,HQ,repeat_founding_gap,total_inferred_experience,0.0,48,48
competition,hq_only,HQ,total_groups_6,6 total groups,full_route,HQ,repeat_founding_gap,years_in_large_company,0.0,48,48
competition,hq_only,HQ,total_groups_6,6 total groups,full_route,HQ,restlessness_score,sacrifice_x_serial,1.0,48,48
competition,hq_only,HQ,total_groups_6,6 total groups,full_route,HQ,restlessness_score,seniority_is_monotone,0.1875,48,48
competition,hq_only,HQ,total_groups_6,6 total groups,full_route,HQ,restlessness_score,stem_flag,0.0,48,48
competition,hq_only,HQ,total_groups_6,6 total groups,full_route,HQ,restlessness_score,total_inferred_experience,1.0,48,48
competition,hq_only,HQ,total_groups_6,6 total groups,full_route,HQ,restlessness_score,years_in_large_company,1.0,48,48
competition,hq_only,HQ,total_groups_6,6 total groups,full_route,HQ,sacrifice_x_serial,seniority_is_monotone,0.1875,48,48
competition,hq_only,HQ,total_groups_6,6 total groups,full_route,HQ,sacrifice_x_serial,stem_flag,0.0,48,48
competition,hq_only,HQ,total_groups_6,6 total groups,full_route,HQ,sacrifice_x_serial,total_inferred_experience,1.0,48,48
competition,hq_only,HQ,total_groups_6,6 total groups,full_route,HQ,sacrifice_x_serial,years_in_large_company,1.0,48,48
competition,hq_only,HQ,total_groups_6,6 total groups,full_route,HQ,seniority_is_monotone,stem_flag,0.0,48,48
competition,hq_only,HQ,total_groups_6,6 total groups,full_route,HQ,seniority_is_monotone,total_inferred_experience,0.1875,48,48
competition,hq_only,HQ,total_groups_6,6 total groups,full_route,HQ,seniority_is_monotone,years_in_large_company,0.1875,48,48
competition,hq_only,HQ,total_groups_6,6 total groups,full_route,HQ,stem_flag,total_inferred_experience,0.0,48,48
competition,hq_only,HQ,total_groups_6,6 total groups,full_route,HQ,stem_flag,years_in_large_company,0.0,48,48
competition,hq_only,HQ,total_groups_6,6 total groups,full_route,HQ,total_inferred_experience,years_in_large_company,1.0,48,48
competition,hq_plus_a,HQ + A,total_groups_6,6 total groups,full_route,HQ + A,A_career_coherence,A_evidence_support_rating,1.0,48,48
competition,hq_plus_a,HQ + A,total_groups_6,6 total groups,full_route,HQ + A,A_career_coherence,A_ownership_signal,1.0,48,48
competition,hq_plus_a,HQ + A,total_groups_6,6 total groups,full_route,HQ + A,A_career_coherence,A_scrappiness,1.0,48,48
competition,hq_plus_a,HQ + A,total_groups_6,6 total groups,full_route,HQ + A,A_career_coherence,A_trajectory_strength,1.0,48,48
competition,hq_plus_a,HQ + A,total_groups_6,6 total groups,full_route,HQ + A,A_career_coherence,best_degree_prestige,0.0,48,48
competition,hq_plus_a,HQ + A,total_groups_6,6 total groups,full_route,HQ + A,A_career_coherence,comfort_index,0.0,48,48
competition,hq_plus_a,HQ + A,total_groups_6,6 total groups,full_route,HQ + A,A_career_coherence,company_size_is_growing,0.0,48,48
competition,hq_plus_a,HQ + A,total_groups_6,6 total groups,full_route,HQ + A,A_career_coherence,degree_level,0.0,48,48
competition,hq_plus_a,HQ + A,total_groups_6,6 total groups,full_route,HQ + A,A_career_coherence,edu_prestige_tier,0.0,48,48
competition,hq_plus_a,HQ + A,total_groups_6,6 total groups,full_route,HQ + A,A_career_coherence,exit_count,0.0,48,48
competition,hq_plus_a,HQ + A,total_groups_6,6 total groups,full_route,HQ + A,A_career_coherence,exit_x_serial,0.0,48,48
competition,hq_plus_a,HQ + A,total_groups_6,6 total groups,full_route,HQ + A,A_career_coherence,field_relevance_score,0.0,48,48
competition,hq_plus_a,HQ + A,total_groups_6,6 total groups,full_route,HQ + A,A_career_coherence,founding_role_count,0.0,48,48
competition,hq_plus_a,HQ + A,total_groups_6,6 total groups,full_route,HQ + A,A_career_coherence,founding_timing,0.0,48,48
competition,hq_plus_a,HQ + A,total_groups_6,6 total groups,full_route,HQ + A,A_career_coherence,has_prior_acquisition,0.0,48,48
competition,hq_plus_a,HQ + A,total_groups_6,6 total groups,full_route,HQ + A,A_career_coherence,has_prior_ipo,0.0,48,48
competition,hq_plus_a,HQ + A,total_groups_6,6 total groups,full_route,HQ + A,A_career_coherence,industry_alignment,0.0,48,48
competition,hq_plus_a,HQ + A,total_groups_6,6 total groups,full_route,HQ + A,A_career_coherence,industry_pivot_count,0.0,48,48
competition,hq_plus_a,HQ + A,total_groups_6,6 total groups,full_route,HQ + A,A_career_coherence,industry_prestige_penalty,0.0,48,48
competition,hq_plus_a,HQ + A,total_groups_6,6 total groups,full_route,HQ + A,A_career_coherence,is_serial_founder,0.0,48,48
competition,hq_plus_a,HQ + A,total_groups_6,6 total groups,full_route,HQ + A,A_career_coherence,longest_founding_tenure,0.0,48,48
competition,hq_plus_a,HQ + A,total_groups_6,6 total groups,full_route,HQ + A,A_career_coherence,max_company_size_before_founding,0.0,48,48
competition,hq_plus_a,HQ + A,total_groups_6,6 total groups,full_route,HQ + A,A_career_coherence,max_seniority_reached,0.0,48,48
competition,hq_plus_a,HQ + A,total_groups_6,6 total groups,full_route,HQ + A,A_career_coherence,persistence_score,0.0,48,48
competition,hq_plus_a,HQ + A,total_groups_6,6 total groups,full_route,HQ + A,A_career_coherence,prestige_sacrifice_score,0.0,48,48
competition,hq_plus_a,HQ + A,total_groups_6,6 total groups,full_route,HQ + A,A_career_coherence,prestige_x_relevance,0.0,48,48
competition,hq_plus_a,HQ + A,total_groups_6,6 total groups,full_route,HQ + A,A_career_coherence,repeat_founding_gap,0.0,48,48
competition,hq_plus_a,HQ + A,total_groups_6,6 total groups,full_route,HQ + A,A_career_coherence,restlessness_score,0.0,48,48
competition,hq_plus_a,HQ + A,total_groups_6,6 total groups,full_route,HQ + A,A_career_coherence,sacrifice_x_serial,0.0,48,48
competition,hq_plus_a,HQ + A,total_groups_6,6 total groups,full_route,HQ + A,A_career_coherence,seniority_is_monotone,0.0,48,48
competition,hq_plus_a,HQ + A,total_groups_6,6 total groups,full_route,HQ + A,A_career_coherence,stem_flag,0.0,48,48
competition,hq_plus_a,HQ + A,total_groups_6,6 total groups,full_route,HQ + A,A_career_coherence,total_inferred_experience,0.0,48,48
competition,hq_plus_a,HQ + A,total_groups_6,6 total groups,full_route,HQ + A,A_career_coherence,years_in_large_company,0.0,48,48
competition,hq_plus_a,HQ + A,total_groups_6,6 total groups,full_route,HQ + A,A_evidence_support_rating,A_ownership_signal,1.0,48,48
competition,hq_plus_a,HQ + A,total_groups_6,6 total groups,full_route,HQ + A,A_evidence_support_rating,A_scrappiness,1.0,48,48
competition,hq_plus_a,HQ + A,total_groups_6,6 total groups,full_route,HQ + A,A_evidence_support_rating,A_trajectory_strength,1.0,48,48
competition,hq_plus_a,HQ + A,total_groups_6,6 total groups,full_route,HQ + A,A_evidence_support_rating,best_degree_prestige,0.0,48,48
competition,hq_plus_a,HQ + A,total_groups_6,6 total groups,full_route,HQ + A,A_evidence_support_rating,comfort_index,0.0,48,48
competition,hq_plus_a,HQ + A,total_groups_6,6 total groups,full_route,HQ + A,A_evidence_support_rating,company_size_is_growing,0.0,48,48
competition,hq_plus_a,HQ + A,total_groups_6,6 total groups,full_route,HQ + A,A_evidence_support_rating,degree_level,0.0,48,48
competition,hq_plus_a,HQ + A,total_groups_6,6 total groups,full_route,HQ + A,A_evidence_support_rating,edu_prestige_tier,0.0,48,48
competition,hq_plus_a,HQ + A,total_groups_6,6 total groups,full_route,HQ + A,A_evidence_support_rating,exit_count,0.0,48,48
competition,hq_plus_a,HQ + A,total_groups_6,6 total groups,full_route,HQ + A,A_evidence_support_rating,exit_x_serial,0.0,48,48
competition,hq_plus_a,HQ + A,total_groups_6,6 total groups,full_route,HQ + A,A_evidence_support_rating,field_relevance_score,0.0,48,48
competition,hq_plus_a,HQ + A,total_groups_6,6 total groups,full_route,HQ + A,A_evidence_support_rating,founding_role_count,0.0,48,48
competition,hq_plus_a,HQ + A,total_groups_6,6 total groups,full_route,HQ + A,A_evidence_support_rating,founding_timing,0.0,48,48
competition,hq_plus_a,HQ + A,total_groups_6,6 total groups,full_route,HQ + A,A_evidence_support_rating,has_prior_acquisition,0.0,48,48
competition,hq_plus_a,HQ + A,total_groups_6,6 total groups,full_route,HQ + A,A_evidence_support_rating,has_prior_ipo,0.0,48,48
competition,hq_plus_a,HQ + A,total_groups_6,6 total groups,full_route,HQ + A,A_evidence_support_rating,industry_alignment,0.0,48,48
competition,hq_plus_a,HQ + A,total_groups_6,6 total groups,full_route,HQ + A,A_evidence_support_rating,industry_pivot_count,0.0,48,48
competition,hq_plus_a,HQ + A,total_groups_6,6 total groups,full_route,HQ + A,A_evidence_support_rating,industry_prestige_penalty,0.0,48,48
competition,hq_plus_a,HQ + A,total_groups_6,6 total groups,full_route,HQ + A,A_evidence_support_rating,is_serial_founder,0.0,48,48
competition,hq_plus_a,HQ + A,total_groups_6,6 total groups,full_route,HQ + A,A_evidence_support_rating,longest_founding_tenure,0.0,48,48
competition,hq_plus_a,HQ + A,total_groups_6,6 total groups,full_route,HQ + A,A_evidence_support_rating,max_company_size_before_founding,0.0,48,48
competition,hq_plus_a,HQ + A,total_groups_6,6 total groups,full_route,HQ + A,A_evidence_support_rating,max_seniority_reached,0.0,48,48
competition,hq_plus_a,HQ + A,total_groups_6,6 total groups,full_route,HQ + A,A_evidence_support_rating,persistence_score,0.0,48,48
competition,hq_plus_a,HQ + A,total_groups_6,6 total groups,full_route,HQ + A,A_evidence_support_rating,prestige_sacrifice_score,0.0,48,48
competition,hq_plus_a,HQ + A,total_groups_6,6 total groups,full_route,HQ + A,A_evidence_support_rating,prestige_x_relevance,0.0,48,48
competition,hq_plus_a,HQ + A,total_groups_6,6 total groups,full_route,HQ + A,A_evidence_support_rating,repeat_founding_gap,0.0,48,48
competition,hq_plus_a,HQ + A,total_groups_6,6 total groups,full_route,HQ + A,A_evidence_support_rating,restlessness_score,0.0,48,48
competition,hq_plus_a,HQ + A,total_groups_6,6 total groups,full_route,HQ + A,A_evidence_support_rating,sacrifice_x_serial,0.0,48,48
competition,hq_plus_a,HQ + A,total_groups_6,6 total groups,full_route,HQ + A,A_evidence_support_rating,seniority_is_monotone,0.0,48,48
competition,hq_plus_a,HQ + A,total_groups_6,6 total groups,full_route,HQ + A,A_evidence_support_rating,stem_flag,0.0,48,48
competition,hq_plus_a,HQ + A,total_groups_6,6 total groups,full_route,HQ + A,A_evidence_support_rating,total_inferred_experience,0.0,48,48
competition,hq_plus_a,HQ + A,total_groups_6,6 total groups,full_route,HQ + A,A_evidence_support_rating,years_in_large_company,0.0,48,48
competition,hq_plus_a,HQ + A,total_groups_6,6 total groups,full_route,HQ + A,A_ownership_signal,A_scrappiness,1.0,48,48
competition,hq_plus_a,HQ + A,total_groups_6,6 total groups,full_route,HQ + A,A_ownership_signal,A_trajectory_strength,1.0,48,48
competition,hq_plus_a,HQ + A,total_groups_6,6 total groups,full_route,HQ + A,A_ownership_signal,best_degree_prestige,0.0,48,48
competition,hq_plus_a,HQ + A,total_groups_6,6 total groups,full_route,HQ + A,A_ownership_signal,comfort_index,0.0,48,48
competition,hq_plus_a,HQ + A,total_groups_6,6 total groups,full_route,HQ + A,A_ownership_signal,company_size_is_growing,0.0,48,48
competition,hq_plus_a,HQ + A,total_groups_6,6 total groups,full_route,HQ + A,A_ownership_signal,degree_level,0.0,48,48
competition,hq_plus_a,HQ + A,total_groups_6,6 total groups,full_route,HQ + A,A_ownership_signal,edu_prestige_tier,0.0,48,48
competition,hq_plus_a,HQ + A,total_groups_6,6 total groups,full_route,HQ + A,A_ownership_signal,exit_count,0.0,48,48
competition,hq_plus_a,HQ + A,total_groups_6,6 total groups,full_route,HQ + A,A_ownership_signal,exit_x_serial,0.0,48,48
competition,hq_plus_a,HQ + A,total_groups_6,6 total groups,full_route,HQ + A,A_ownership_signal,field_relevance_score,0.0,48,48
competition,hq_plus_a,HQ + A,total_groups_6,6 total groups,full_route,HQ + A,A_ownership_signal,founding_role_count,0.0,48,48
competition,hq_plus_a,HQ + A,total_groups_6,6 total groups,full_route,HQ + A,A_ownership_signal,founding_timing,0.0,48,48
competition,hq_plus_a,HQ + A,total_groups_6,6 total groups,full_route,HQ + A,A_ownership_signal,has_prior_acquisition,0.0,48,48
competition,hq_plus_a,HQ + A,total_groups_6,6 total groups,full_route,HQ + A,A_ownership_signal,has_prior_ipo,0.0,48,48
competition,hq_plus_a,HQ + A,total_groups_6,6 total groups,full_route,HQ + A,A_ownership_signal,industry_alignment,0.0,48,48
competition,hq_plus_a,HQ + A,total_groups_6,6 total groups,full_route,HQ + A,A_ownership_signal,industry_pivot_count,0.0,48,48
competition,hq_plus_a,HQ + A,total_groups_6,6 total groups,full_route,HQ + A,A_ownership_signal,industry_prestige_penalty,0.0,48,48
competition,hq_plus_a,HQ + A,total_groups_6,6 total groups,full_route,HQ + A,A_ownership_signal,is_serial_founder,0.0,48,48
competition,hq_plus_a,HQ + A,total_groups_6,6 total groups,full_route,HQ + A,A_ownership_signal,longest_founding_tenure,0.0,48,48
competition,hq_plus_a,HQ + A,total_groups_6,6 total groups,full_route,HQ + A,A_ownership_signal,max_company_size_before_founding,0.0,48,48
competition,hq_plus_a,HQ + A,total_groups_6,6 total groups,full_route,HQ + A,A_ownership_signal,max_seniority_reached,0.0,48,48
competition,hq_plus_a,HQ + A,total_groups_6,6 total groups,full_route,HQ + A,A_ownership_signal,persistence_score,0.0,48,48
competition,hq_plus_a,HQ + A,total_groups_6,6 total groups,full_route,HQ + A,A_ownership_signal,prestige_sacrifice_score,0.0,48,48
competition,hq_plus_a,HQ + A,total_groups_6,6 total groups,full_route,HQ + A,A_ownership_signal,prestige_x_relevance,0.0,48,48
competition,hq_plus_a,HQ + A,total_groups_6,6 total groups,full_route,HQ + A,A_ownership_signal,repeat_founding_gap,0.0,48,48
competition,hq_plus_a,HQ + A,total_groups_6,6 total groups,full_route,HQ + A,A_ownership_signal,restlessness_score,0.0,48,48
competition,hq_plus_a,HQ + A,total_groups_6,6 total groups,full_route,HQ + A,A_ownership_signal,sacrifice_x_serial,0.0,48,48
competition,hq_plus_a,HQ + A,total_groups_6,6 total groups,full_route,HQ + A,A_ownership_signal,seniority_is_monotone,0.0,48,48
competition,hq_plus_a,HQ + A,total_groups_6,6 total groups,full_route,HQ + A,A_ownership_signal,stem_flag,0.0,48,48
competition,hq_plus_a,HQ + A,total_groups_6,6 total groups,full_route,HQ + A,A_ownership_signal,total_inferred_experience,0.0,48,48
competition,hq_plus_a,HQ + A,total_groups_6,6 total groups,full_route,HQ + A,A_ownership_signal,years_in_large_company,0.0,48,48
competition,hq_plus_a,HQ + A,total_groups_6,6 total groups,full_route,HQ + A,A_scrappiness,A_trajectory_strength,1.0,48,48
competition,hq_plus_a,HQ + A,total_groups_6,6 total groups,full_route,HQ + A,A_scrappiness,best_degree_prestige,0.0,48,48
competition,hq_plus_a,HQ + A,total_groups_6,6 total groups,full_route,HQ + A,A_scrappiness,comfort_index,0.0,48,48
competition,hq_plus_a,HQ + A,total_groups_6,6 total groups,full_route,HQ + A,A_scrappiness,company_size_is_growing,0.0,48,48
competition,hq_plus_a,HQ + A,total_groups_6,6 total groups,full_route,HQ + A,A_scrappiness,degree_level,0.0,48,48
competition,hq_plus_a,HQ + A,total_groups_6,6 total groups,full_route,HQ + A,A_scrappiness,edu_prestige_tier,0.0,48,48
competition,hq_plus_a,HQ + A,total_groups_6,6 total groups,full_route,HQ + A,A_scrappiness,exit_count,0.0,48,48
competition,hq_plus_a,HQ + A,total_groups_6,6 total groups,full_route,HQ + A,A_scrappiness,exit_x_serial,0.0,48,48
competition,hq_plus_a,HQ + A,total_groups_6,6 total groups,full_route,HQ + A,A_scrappiness,field_relevance_score,0.0,48,48
competition,hq_plus_a,HQ + A,total_groups_6,6 total groups,full_route,HQ + A,A_scrappiness,founding_role_count,0.0,48,48
competition,hq_plus_a,HQ + A,total_groups_6,6 total groups,full_route,HQ + A,A_scrappiness,founding_timing,0.0,48,48
competition,hq_plus_a,HQ + A,total_groups_6,6 total groups,full_route,HQ + A,A_scrappiness,has_prior_acquisition,0.0,48,48
competition,hq_plus_a,HQ + A,total_groups_6,6 total groups,full_route,HQ + A,A_scrappiness,has_prior_ipo,0.0,48,48
competition,hq_plus_a,HQ + A,total_groups_6,6 total groups,full_route,HQ + A,A_scrappiness,industry_alignment,0.0,48,48
competition,hq_plus_a,HQ + A,total_groups_6,6 total groups,full_route,HQ + A,A_scrappiness,industry_pivot_count,0.0,48,48
competition,hq_plus_a,HQ + A,total_groups_6,6 total groups,full_route,HQ + A,A_scrappiness,industry_prestige_penalty,0.0,48,48
competition,hq_plus_a,HQ + A,total_groups_6,6 total groups,full_route,HQ + A,A_scrappiness,is_serial_founder,0.0,48,48
competition,hq_plus_a,HQ + A,total_groups_6,6 total groups,full_route,HQ + A,A_scrappiness,longest_founding_tenure,0.0,48,48
competition,hq_plus_a,HQ + A,total_groups_6,6 total groups,full_route,HQ + A,A_scrappiness,max_company_size_before_founding,0.0,48,48
competition,hq_plus_a,HQ + A,total_groups_6,6 total groups,full_route,HQ + A,A_scrappiness,max_seniority_reached,0.0,48,48
competition,hq_plus_a,HQ + A,total_groups_6,6 total groups,full_route,HQ + A,A_scrappiness,persistence_score,0.0,48,48
competition,hq_plus_a,HQ + A,total_groups_6,6 total groups,full_route,HQ + A,A_scrappiness,prestige_sacrifice_score,0.0,48,48
competition,hq_plus_a,HQ + A,total_groups_6,6 total groups,full_route,HQ + A,A_scrappiness,prestige_x_relevance,0.0,48,48
competition,hq_plus_a,HQ + A,total_groups_6,6 total groups,full_route,HQ + A,A_scrappiness,repeat_founding_gap,0.0,48,48
competition,hq_plus_a,HQ + A,total_groups_6,6 total groups,full_route,HQ + A,A_scrappiness,restlessness_score,0.0,48,48
competition,hq_plus_a,HQ + A,total_groups_6,6 total groups,full_route,HQ + A,A_scrappiness,sacrifice_x_serial,0.0,48,48
competition,hq_plus_a,HQ + A,total_groups_6,6 total groups,full_route,HQ + A,A_scrappiness,seniority_is_monotone,0.0,48,48
competition,hq_plus_a,HQ + A,total_groups_6,6 total groups,full_route,HQ + A,A_scrappiness,stem_flag,0.0,48,48
competition,hq_plus_a,HQ + A,total_groups_6,6 total groups,full_route,HQ + A,A_scrappiness,total_inferred_experience,0.0,48,48
competition,hq_plus_a,HQ + A,total_groups_6,6 total groups,full_route,HQ + A,A_scrappiness,years_in_large_company,0.0,48,48
competition,hq_plus_a,HQ + A,total_groups_6,6 total groups,full_route,HQ + A,A_trajectory_strength,best_degree_prestige,0.0,48,48
competition,hq_plus_a,HQ + A,total_groups_6,6 total groups,full_route,HQ + A,A_trajectory_strength,comfort_index,0.0,48,48
competition,hq_plus_a,HQ + A,total_groups_6,6 total groups,full_route,HQ + A,A_trajectory_strength,company_size_is_growing,0.0,48,48
competition,hq_plus_a,HQ + A,total_groups_6,6 total groups,full_route,HQ + A,A_trajectory_strength,degree_level,0.0,48,48
competition,hq_plus_a,HQ + A,total_groups_6,6 total groups,full_route,HQ + A,A_trajectory_strength,edu_prestige_tier,0.0,48,48
competition,hq_plus_a,HQ + A,total_groups_6,6 total groups,full_route,HQ + A,A_trajectory_strength,exit_count,0.0,48,48
competition,hq_plus_a,HQ + A,total_groups_6,6 total groups,full_route,HQ + A,A_trajectory_strength,exit_x_serial,0.0,48,48
competition,hq_plus_a,HQ + A,total_groups_6,6 total groups,full_route,HQ + A,A_trajectory_strength,field_relevance_score,0.0,48,48
competition,hq_plus_a,HQ + A,total_groups_6,6 total groups,full_route,HQ + A,A_trajectory_strength,founding_role_count,0.0,48,48
competition,hq_plus_a,HQ + A,total_groups_6,6 total groups,full_route,HQ + A,A_trajectory_strength,founding_timing,0.0,48,48
competition,hq_plus_a,HQ + A,total_groups_6,6 total groups,full_route,HQ + A,A_trajectory_strength,has_prior_acquisition,0.0,48,48
competition,hq_plus_a,HQ + A,total_groups_6,6 total groups,full_route,HQ + A,A_trajectory_strength,has_prior_ipo,0.0,48,48
competition,hq_plus_a,HQ + A,total_groups_6,6 total groups,full_route,HQ + A,A_trajectory_strength,industry_alignment,0.0,48,48
competition,hq_plus_a,HQ + A,total_groups_6,6 total groups,full_route,HQ + A,A_trajectory_strength,industry_pivot_count,0.0,48,48
competition,hq_plus_a,HQ + A,total_groups_6,6 total groups,full_route,HQ + A,A_trajectory_strength,industry_prestige_penalty,0.0,48,48
competition,hq_plus_a,HQ + A,total_groups_6,6 total groups,full_route,HQ + A,A_trajectory_strength,is_serial_founder,0.0,48,48
competition,hq_plus_a,HQ + A,total_groups_6,6 total groups,full_route,HQ + A,A_trajectory_strength,longest_founding_tenure,0.0,48,48
competition,hq_plus_a,HQ + A,total_groups_6,6 total groups,full_route,HQ + A,A_trajectory_strength,max_company_size_before_founding,0.0,48,48
competition,hq_plus_a,HQ + A,total_groups_6,6 total groups,full_route,HQ + A,A_trajectory_strength,max_seniority_reached,0.0,48,48
competition,hq_plus_a,HQ + A,total_groups_6,6 total groups,full_route,HQ + A,A_trajectory_strength,persistence_score,0.0,48,48
competition,hq_plus_a,HQ + A,total_groups_6,6 total groups,full_route,HQ + A,A_trajectory_strength,prestige_sacrifice_score,0.0,48,48
competition,hq_plus_a,HQ + A,total_groups_6,6 total groups,full_route,HQ + A,A_trajectory_strength,prestige_x_relevance,0.0,48,48
competition,hq_plus_a,HQ + A,total_groups_6,6 total groups,full_route,HQ + A,A_trajectory_strength,repeat_founding_gap,0.0,48,48
competition,hq_plus_a,HQ + A,total_groups_6,6 total groups,full_route,HQ + A,A_trajectory_strength,restlessness_score,0.0,48,48
competition,hq_plus_a,HQ + A,total_groups_6,6 total groups,full_route,HQ + A,A_trajectory_strength,sacrifice_x_serial,0.0,48,48
competition,hq_plus_a,HQ + A,total_groups_6,6 total groups,full_route,HQ + A,A_trajectory_strength,seniority_is_monotone,0.0,48,48
competition,hq_plus_a,HQ + A,total_groups_6,6 total groups,full_route,HQ + A,A_trajectory_strength,stem_flag,0.0,48,48
competition,hq_plus_a,HQ + A,total_groups_6,6 total groups,full_route,HQ + A,A_trajectory_strength,total_inferred_experience,0.0,48,48
competition,hq_plus_a,HQ + A,total_groups_6,6 total groups,full_route,HQ + A,A_trajectory_strength,years_in_large_company,0.0,48,48
competition,hq_plus_a,HQ + A,total_groups_6,6 total groups,full_route,HQ + A,best_degree_prestige,comfort_index,0.0,48,48
competition,hq_plus_a,HQ + A,total_groups_6,6 total groups,full_route,HQ + A,best_degree_prestige,company_size_is_growing,0.0,48,48
competition,hq_plus_a,HQ + A,total_groups_6,6 total groups,full_route,HQ + A,best_degree_prestige,degree_level,1.0,48,48
competition,hq_plus_a,HQ + A,total_groups_6,6 total groups,full_route,HQ + A,best_degree_prestige,edu_prestige_tier,1.0,48,48
competition,hq_plus_a,HQ + A,total_groups_6,6 total groups,full_route,HQ + A,best_degree_prestige,exit_count,0.0,48,48
competition,hq_plus_a,HQ + A,total_groups_6,6 total groups,full_route,HQ + A,best_degree_prestige,exit_x_serial,0.0,48,48
competition,hq_plus_a,HQ + A,total_groups_6,6 total groups,full_route,HQ + A,best_degree_prestige,field_relevance_score,1.0,48,48
competition,hq_plus_a,HQ + A,total_groups_6,6 total groups,full_route,HQ + A,best_degree_prestige,founding_role_count,0.0,48,48
competition,hq_plus_a,HQ + A,total_groups_6,6 total groups,full_route,HQ + A,best_degree_prestige,founding_timing,0.0,48,48
competition,hq_plus_a,HQ + A,total_groups_6,6 total groups,full_route,HQ + A,best_degree_prestige,has_prior_acquisition,0.0,48,48
competition,hq_plus_a,HQ + A,total_groups_6,6 total groups,full_route,HQ + A,best_degree_prestige,has_prior_ipo,0.0,48,48
competition,hq_plus_a,HQ + A,total_groups_6,6 total groups,full_route,HQ + A,best_degree_prestige,industry_alignment,0.0,48,48
competition,hq_plus_a,HQ + A,total_groups_6,6 total groups,full_route,HQ + A,best_degree_prestige,industry_pivot_count,0.0,48,48
competition,hq_plus_a,HQ + A,total_groups_6,6 total groups,full_route,HQ + A,best_degree_prestige,industry_prestige_penalty,1.0,48,48
competition,hq_plus_a,HQ + A,total_groups_6,6 total groups,full_route,HQ + A,best_degree_prestige,is_serial_founder,0.0,48,48
competition,hq_plus_a,HQ + A,total_groups_6,6 total groups,full_route,HQ + A,best_degree_prestige,longest_founding_tenure,0.0,48,48
competition,hq_plus_a,HQ + A,total_groups_6,6 total groups,full_route,HQ + A,best_degree_prestige,max_company_size_before_founding,0.0,48,48
competition,hq_plus_a,HQ + A,total_groups_6,6 total groups,full_route,HQ + A,best_degree_prestige,max_seniority_reached,0.0,48,48
competition,hq_plus_a,HQ + A,total_groups_6,6 total groups,full_route,HQ + A,best_degree_prestige,persistence_score,0.0,48,48
competition,hq_plus_a,HQ + A,total_groups_6,6 total groups,full_route,HQ + A,best_degree_prestige,prestige_sacrifice_score,0.0,48,48
competition,hq_plus_a,HQ + A,total_groups_6,6 total groups,full_route,HQ + A,best_degree_prestige,prestige_x_relevance,1.0,48,48
competition,hq_plus_a,HQ + A,total_groups_6,6 total groups,full_route,HQ + A,best_degree_prestige,repeat_founding_gap,0.0,48,48
competition,hq_plus_a,HQ + A,total_groups_6,6 total groups,full_route,HQ + A,best_degree_prestige,restlessness_score,0.0,48,48
competition,hq_plus_a,HQ + A,total_groups_6,6 total groups,full_route,HQ + A,best_degree_prestige,sacrifice_x_serial,0.0,48,48
competition,hq_plus_a,HQ + A,total_groups_6,6 total groups,full_route,HQ + A,best_degree_prestige,seniority_is_monotone,0.0,48,48
competition,hq_plus_a,HQ + A,total_groups_6,6 total groups,full_route,HQ + A,best_degree_prestige,stem_flag,1.0,48,48
competition,hq_plus_a,HQ + A,total_groups_6,6 total groups,full_route,HQ + A,best_degree_prestige,total_inferred_experience,0.0,48,48
competition,hq_plus_a,HQ + A,total_groups_6,6 total groups,full_route,HQ + A,best_degree_prestige,years_in_large_company,0.0,48,48
competition,hq_plus_a,HQ + A,total_groups_6,6 total groups,full_route,HQ + A,comfort_index,company_size_is_growing,0.0,48,48
competition,hq_plus_a,HQ + A,total_groups_6,6 total groups,full_route,HQ + A,comfort_index,degree_level,0.0,48,48
competition,hq_plus_a,HQ + A,total_groups_6,6 total groups,full_route,HQ + A,comfort_index,edu_prestige_tier,0.0,48,48
competition,hq_plus_a,HQ + A,total_groups_6,6 total groups,full_route,HQ + A,comfort_index,exit_count,0.0,48,48
competition,hq_plus_a,HQ + A,total_groups_6,6 total groups,full_route,HQ + A,comfort_index,exit_x_serial,0.0,48,48
competition,hq_plus_a,HQ + A,total_groups_6,6 total groups,full_route,HQ + A,comfort_index,field_relevance_score,0.0,48,48
competition,hq_plus_a,HQ + A,total_groups_6,6 total groups,full_route,HQ + A,comfort_index,founding_role_count,0.0,48,48
competition,hq_plus_a,HQ + A,total_groups_6,6 total groups,full_route,HQ + A,comfort_index,founding_timing,0.0,48,48
competition,hq_plus_a,HQ + A,total_groups_6,6 total groups,full_route,HQ + A,comfort_index,has_prior_acquisition,0.0,48,48
competition,hq_plus_a,HQ + A,total_groups_6,6 total groups,full_route,HQ + A,comfort_index,has_prior_ipo,0.0,48,48
competition,hq_plus_a,HQ + A,total_groups_6,6 total groups,full_route,HQ + A,comfort_index,industry_alignment,0.0,48,48
competition,hq_plus_a,HQ + A,total_groups_6,6 total groups,full_route,HQ + A,comfort_index,industry_pivot_count,0.0,48,48
competition,hq_plus_a,HQ + A,total_groups_6,6 total groups,full_route,HQ + A,comfort_index,industry_prestige_penalty,0.0,48,48
competition,hq_plus_a,HQ + A,total_groups_6,6 total groups,full_route,HQ + A,comfort_index,is_serial_founder,0.0,48,48
competition,hq_plus_a,HQ + A,total_groups_6,6 total groups,full_route,HQ + A,comfort_index,longest_founding_tenure,0.0,48,48
competition,hq_plus_a,HQ + A,total_groups_6,6 total groups,full_route,HQ + A,comfort_index,max_company_size_before_founding,0.0,48,48
competition,hq_plus_a,HQ + A,total_groups_6,6 total groups,full_route,HQ + A,comfort_index,max_seniority_reached,0.0,48,48
competition,hq_plus_a,HQ + A,total_groups_6,6 total groups,full_route,HQ + A,comfort_index,persistence_score,0.0,48,48
competition,hq_plus_a,HQ + A,total_groups_6,6 total groups,full_route,HQ + A,comfort_index,prestige_sacrifice_score,0.0,48,48
competition,hq_plus_a,HQ + A,total_groups_6,6 total groups,full_route,HQ + A,comfort_index,prestige_x_relevance,0.0,48,48
competition,hq_plus_a,HQ + A,total_groups_6,6 total groups,full_route,HQ + A,comfort_index,repeat_founding_gap,0.0,48,48
competition,hq_plus_a,HQ + A,total_groups_6,6 total groups,full_route,HQ + A,comfort_index,restlessness_score,0.0,48,48
competition,hq_plus_a,HQ + A,total_groups_6,6 total groups,full_route,HQ + A,comfort_index,sacrifice_x_serial,0.0,48,48
competition,hq_plus_a,HQ + A,total_groups_6,6 total groups,full_route,HQ + A,comfort_index,seniority_is_monotone,0.0,48,48
competition,hq_plus_a,HQ + A,total_groups_6,6 total groups,full_route,HQ + A,comfort_index,stem_flag,0.0,48,48
competition,hq_plus_a,HQ + A,total_groups_6,6 total groups,full_route,HQ + A,comfort_index,total_inferred_experience,0.0,48,48
competition,hq_plus_a,HQ + A,total_groups_6,6 total groups,full_route,HQ + A,comfort_index,years_in_large_company,0.0,48,48
competition,hq_plus_a,HQ + A,total_groups_6,6 total groups,full_route,HQ + A,company_size_is_growing,degree_level,0.0,48,48
competition,hq_plus_a,HQ + A,total_groups_6,6 total groups,full_route,HQ + A,company_size_is_growing,edu_prestige_tier,0.0,48,48
competition,hq_plus_a,HQ + A,total_groups_6,6 total groups,full_route,HQ + A,company_size_is_growing,exit_count,0.0,48,48
competition,hq_plus_a,HQ + A,total_groups_6,6 total groups,full_route,HQ + A,company_size_is_growing,exit_x_serial,0.0,48,48
competition,hq_plus_a,HQ + A,total_groups_6,6 total groups,full_route,HQ + A,company_size_is_growing,field_relevance_score,0.0,48,48
competition,hq_plus_a,HQ + A,total_groups_6,6 total groups,full_route,HQ + A,company_size_is_growing,founding_role_count,1.0,48,48
competition,hq_plus_a,HQ + A,total_groups_6,6 total groups,full_route,HQ + A,company_size_is_growing,founding_timing,1.0,48,48
competition,hq_plus_a,HQ + A,total_groups_6,6 total groups,full_route,HQ + A,company_size_is_growing,has_prior_acquisition,0.0,48,48
competition,hq_plus_a,HQ + A,total_groups_6,6 total groups,full_route,HQ + A,company_size_is_growing,has_prior_ipo,0.0,48,48
competition,hq_plus_a,HQ + A,total_groups_6,6 total groups,full_route,HQ + A,company_size_is_growing,industry_alignment,1.0,48,48
competition,hq_plus_a,HQ + A,total_groups_6,6 total groups,full_route,HQ + A,company_size_is_growing,industry_pivot_count,1.0,48,48
competition,hq_plus_a,HQ + A,total_groups_6,6 total groups,full_route,HQ + A,company_size_is_growing,industry_prestige_penalty,0.0,48,48
competition,hq_plus_a,HQ + A,total_groups_6,6 total groups,full_route,HQ + A,company_size_is_growing,is_serial_founder,1.0,48,48
competition,hq_plus_a,HQ + A,total_groups_6,6 total groups,full_route,HQ + A,company_size_is_growing,longest_founding_tenure,1.0,48,48
competition,hq_plus_a,HQ + A,total_groups_6,6 total groups,full_route,HQ + A,company_size_is_growing,max_company_size_before_founding,1.0,48,48
competition,hq_plus_a,HQ + A,total_groups_6,6 total groups,full_route,HQ + A,company_size_is_growing,max_seniority_reached,1.0,48,48
competition,hq_plus_a,HQ + A,total_groups_6,6 total groups,full_route,HQ + A,company_size_is_growing,persistence_score,1.0,48,48
competition,hq_plus_a,HQ + A,total_groups_6,6 total groups,full_route,HQ + A,company_size_is_growing,prestige_sacrifice_score,1.0,48,48
competition,hq_plus_a,HQ + A,total_groups_6,6 total groups,full_route,HQ + A,company_size_is_growing,prestige_x_relevance,0.0,48,48
competition,hq_plus_a,HQ + A,total_groups_6,6 total groups,full_route,HQ + A,company_size_is_growing,repeat_founding_gap,0.0,48,48
competition,hq_plus_a,HQ + A,total_groups_6,6 total groups,full_route,HQ + A,company_size_is_growing,restlessness_score,1.0,48,48
competition,hq_plus_a,HQ + A,total_groups_6,6 total groups,full_route,HQ + A,company_size_is_growing,sacrifice_x_serial,1.0,48,48
competition,hq_plus_a,HQ + A,total_groups_6,6 total groups,full_route,HQ + A,company_size_is_growing,seniority_is_monotone,1.0,48,48
competition,hq_plus_a,HQ + A,total_groups_6,6 total groups,full_route,HQ + A,company_size_is_growing,stem_flag,0.0,48,48
competition,hq_plus_a,HQ + A,total_groups_6,6 total groups,full_route,HQ + A,company_size_is_growing,total_inferred_experience,1.0,48,48
competition,hq_plus_a,HQ + A,total_groups_6,6 total groups,full_route,HQ + A,company_size_is_growing,years_in_large_company,1.0,48,48
competition,hq_plus_a,HQ + A,total_groups_6,6 total groups,full_route,HQ + A,degree_level,edu_prestige_tier,1.0,48,48
competition,hq_plus_a,HQ + A,total_groups_6,6 total groups,full_route,HQ + A,degree_level,exit_count,0.0,48,48
competition,hq_plus_a,HQ + A,total_groups_6,6 total groups,full_route,HQ + A,degree_level,exit_x_serial,0.0,48,48
competition,hq_plus_a,HQ + A,total_groups_6,6 total groups,full_route,HQ + A,degree_level,field_relevance_score,1.0,48,48
competition,hq_plus_a,HQ + A,total_groups_6,6 total groups,full_route,HQ + A,degree_level,founding_role_count,0.0,48,48
competition,hq_plus_a,HQ + A,total_groups_6,6 total groups,full_route,HQ + A,degree_level,founding_timing,0.0,48,48
competition,hq_plus_a,HQ + A,total_groups_6,6 total groups,full_route,HQ + A,degree_level,has_prior_acquisition,0.0,48,48
competition,hq_plus_a,HQ + A,total_groups_6,6 total groups,full_route,HQ + A,degree_level,has_prior_ipo,0.0,48,48
competition,hq_plus_a,HQ + A,total_groups_6,6 total groups,full_route,HQ + A,degree_level,industry_alignment,0.0,48,48
competition,hq_plus_a,HQ + A,total_groups_6,6 total groups,full_route,HQ + A,degree_level,industry_pivot_count,0.0,48,48
competition,hq_plus_a,HQ + A,total_groups_6,6 total groups,full_route,HQ + A,degree_level,industry_prestige_penalty,1.0,48,48
competition,hq_plus_a,HQ + A,total_groups_6,6 total groups,full_route,HQ + A,degree_level,is_serial_founder,0.0,48,48
competition,hq_plus_a,HQ + A,total_groups_6,6 total groups,full_route,HQ + A,degree_level,longest_founding_tenure,0.0,48,48
competition,hq_plus_a,HQ + A,total_groups_6,6 total groups,full_route,HQ + A,degree_level,max_company_size_before_founding,0.0,48,48
competition,hq_plus_a,HQ + A,total_groups_6,6 total groups,full_route,HQ + A,degree_level,max_seniority_reached,0.0,48,48
competition,hq_plus_a,HQ + A,total_groups_6,6 total groups,full_route,HQ + A,degree_level,persistence_score,0.0,48,48
competition,hq_plus_a,HQ + A,total_groups_6,6 total groups,full_route,HQ + A,degree_level,prestige_sacrifice_score,0.0,48,48
competition,hq_plus_a,HQ + A,total_groups_6,6 total groups,full_route,HQ + A,degree_level,prestige_x_relevance,1.0,48,48
competition,hq_plus_a,HQ + A,total_groups_6,6 total groups,full_route,HQ + A,degree_level,repeat_founding_gap,0.0,48,48
competition,hq_plus_a,HQ + A,total_groups_6,6 total groups,full_route,HQ + A,degree_level,restlessness_score,0.0,48,48
competition,hq_plus_a,HQ + A,total_groups_6,6 total groups,full_route,HQ + A,degree_level,sacrifice_x_serial,0.0,48,48
competition,hq_plus_a,HQ + A,total_groups_6,6 total groups,full_route,HQ + A,degree_level,seniority_is_monotone,0.0,48,48
competition,hq_plus_a,HQ + A,total_groups_6,6 total groups,full_route,HQ + A,degree_level,stem_flag,1.0,48,48
competition,hq_plus_a,HQ + A,total_groups_6,6 total groups,full_route,HQ + A,degree_level,total_inferred_experience,0.0,48,48
competition,hq_plus_a,HQ + A,total_groups_6,6 total groups,full_route,HQ + A,degree_level,years_in_large_company,0.0,48,48
competition,hq_plus_a,HQ + A,total_groups_6,6 total groups,full_route,HQ + A,edu_prestige_tier,exit_count,0.0,48,48
competition,hq_plus_a,HQ + A,total_groups_6,6 total groups,full_route,HQ + A,edu_prestige_tier,exit_x_serial,0.0,48,48
competition,hq_plus_a,HQ + A,total_groups_6,6 total groups,full_route,HQ + A,edu_prestige_tier,field_relevance_score,1.0,48,48
competition,hq_plus_a,HQ + A,total_groups_6,6 total groups,full_route,HQ + A,edu_prestige_tier,founding_role_count,0.0,48,48
competition,hq_plus_a,HQ + A,total_groups_6,6 total groups,full_route,HQ + A,edu_prestige_tier,founding_timing,0.0,48,48
competition,hq_plus_a,HQ + A,total_groups_6,6 total groups,full_route,HQ + A,edu_prestige_tier,has_prior_acquisition,0.0,48,48
competition,hq_plus_a,HQ + A,total_groups_6,6 total groups,full_route,HQ + A,edu_prestige_tier,has_prior_ipo,0.0,48,48
competition,hq_plus_a,HQ + A,total_groups_6,6 total groups,full_route,HQ + A,edu_prestige_tier,industry_alignment,0.0,48,48
competition,hq_plus_a,HQ + A,total_groups_6,6 total groups,full_route,HQ + A,edu_prestige_tier,industry_pivot_count,0.0,48,48
competition,hq_plus_a,HQ + A,total_groups_6,6 total groups,full_route,HQ + A,edu_prestige_tier,industry_prestige_penalty,1.0,48,48
competition,hq_plus_a,HQ + A,total_groups_6,6 total groups,full_route,HQ + A,edu_prestige_tier,is_serial_founder,0.0,48,48
competition,hq_plus_a,HQ + A,total_groups_6,6 total groups,full_route,HQ + A,edu_prestige_tier,longest_founding_tenure,0.0,48,48
competition,hq_plus_a,HQ + A,total_groups_6,6 total groups,full_route,HQ + A,edu_prestige_tier,max_company_size_before_founding,0.0,48,48
competition,hq_plus_a,HQ + A,total_groups_6,6 total groups,full_route,HQ + A,edu_prestige_tier,max_seniority_reached,0.0,48,48
competition,hq_plus_a,HQ + A,total_groups_6,6 total groups,full_route,HQ + A,edu_prestige_tier,persistence_score,0.0,48,48
competition,hq_plus_a,HQ + A,total_groups_6,6 total groups,full_route,HQ + A,edu_prestige_tier,prestige_sacrifice_score,0.0,48,48
competition,hq_plus_a,HQ + A,total_groups_6,6 total groups,full_route,HQ + A,edu_prestige_tier,prestige_x_relevance,1.0,48,48
competition,hq_plus_a,HQ + A,total_groups_6,6 total groups,full_route,HQ + A,edu_prestige_tier,repeat_founding_gap,0.0,48,48
competition,hq_plus_a,HQ + A,total_groups_6,6 total groups,full_route,HQ + A,edu_prestige_tier,restlessness_score,0.0,48,48
competition,hq_plus_a,HQ + A,total_groups_6,6 total groups,full_route,HQ + A,edu_prestige_tier,sacrifice_x_serial,0.0,48,48
competition,hq_plus_a,HQ + A,total_groups_6,6 total groups,full_route,HQ + A,edu_prestige_tier,seniority_is_monotone,0.0,48,48
competition,hq_plus_a,HQ + A,total_groups_6,6 total groups,full_route,HQ + A,edu_prestige_tier,stem_flag,1.0,48,48
competition,hq_plus_a,HQ + A,total_groups_6,6 total groups,full_route,HQ + A,edu_prestige_tier,total_inferred_experience,0.0,48,48
competition,hq_plus_a,HQ + A,total_groups_6,6 total groups,full_route,HQ + A,edu_prestige_tier,years_in_large_company,0.0,48,48
competition,hq_plus_a,HQ + A,total_groups_6,6 total groups,full_route,HQ + A,exit_count,exit_x_serial,1.0,48,48
competition,hq_plus_a,HQ + A,total_groups_6,6 total groups,full_route,HQ + A,exit_count,field_relevance_score,0.0,48,48
competition,hq_plus_a,HQ + A,total_groups_6,6 total groups,full_route,HQ + A,exit_count,founding_role_count,0.0,48,48
competition,hq_plus_a,HQ + A,total_groups_6,6 total groups,full_route,HQ + A,exit_count,founding_timing,0.0,48,48
competition,hq_plus_a,HQ + A,total_groups_6,6 total groups,full_route,HQ + A,exit_count,has_prior_acquisition,1.0,48,48
competition,hq_plus_a,HQ + A,total_groups_6,6 total groups,full_route,HQ + A,exit_count,has_prior_ipo,1.0,48,48
competition,hq_plus_a,HQ + A,total_groups_6,6 total groups,full_route,HQ + A,exit_count,industry_alignment,0.0,48,48
competition,hq_plus_a,HQ + A,total_groups_6,6 total groups,full_route,HQ + A,exit_count,industry_pivot_count,0.0,48,48
competition,hq_plus_a,HQ + A,total_groups_6,6 total groups,full_route,HQ + A,exit_count,industry_prestige_penalty,0.0,48,48
competition,hq_plus_a,HQ + A,total_groups_6,6 total groups,full_route,HQ + A,exit_count,is_serial_founder,0.0,48,48
competition,hq_plus_a,HQ + A,total_groups_6,6 total groups,full_route,HQ + A,exit_count,longest_founding_tenure,0.0,48,48
competition,hq_plus_a,HQ + A,total_groups_6,6 total groups,full_route,HQ + A,exit_count,max_company_size_before_founding,0.0,48,48
competition,hq_plus_a,HQ + A,total_groups_6,6 total groups,full_route,HQ + A,exit_count,max_seniority_reached,0.0,48,48
competition,hq_plus_a,HQ + A,total_groups_6,6 total groups,full_route,HQ + A,exit_count,persistence_score,0.0,48,48
competition,hq_plus_a,HQ + A,total_groups_6,6 total groups,full_route,HQ + A,exit_count,prestige_sacrifice_score,0.0,48,48
competition,hq_plus_a,HQ + A,total_groups_6,6 total groups,full_route,HQ + A,exit_count,prestige_x_relevance,0.0,48,48
competition,hq_plus_a,HQ + A,total_groups_6,6 total groups,full_route,HQ + A,exit_count,repeat_founding_gap,0.0,48,48
competition,hq_plus_a,HQ + A,total_groups_6,6 total groups,full_route,HQ + A,exit_count,restlessness_score,0.0,48,48
competition,hq_plus_a,HQ + A,total_groups_6,6 total groups,full_route,HQ + A,exit_count,sacrifice_x_serial,0.0,48,48
competition,hq_plus_a,HQ + A,total_groups_6,6 total groups,full_route,HQ + A,exit_count,seniority_is_monotone,0.0,48,48
competition,hq_plus_a,HQ + A,total_groups_6,6 total groups,full_route,HQ + A,exit_count,stem_flag,0.0,48,48
competition,hq_plus_a,HQ + A,total_groups_6,6 total groups,full_route,HQ + A,exit_count,total_inferred_experience,0.0,48,48
competition,hq_plus_a,HQ + A,total_groups_6,6 total groups,full_route,HQ + A,exit_count,years_in_large_company,0.0,48,48
competition,hq_plus_a,HQ + A,total_groups_6,6 total groups,full_route,HQ + A,exit_x_serial,field_relevance_score,0.0,48,48
competition,hq_plus_a,HQ + A,total_groups_6,6 total groups,full_route,HQ + A,exit_x_serial,founding_role_count,0.0,48,48
competition,hq_plus_a,HQ + A,total_groups_6,6 total groups,full_route,HQ + A,exit_x_serial,founding_timing,0.0,48,48
competition,hq_plus_a,HQ + A,total_groups_6,6 total groups,full_route,HQ + A,exit_x_serial,has_prior_acquisition,1.0,48,48
competition,hq_plus_a,HQ + A,total_groups_6,6 total groups,full_route,HQ + A,exit_x_serial,has_prior_ipo,1.0,48,48
competition,hq_plus_a,HQ + A,total_groups_6,6 total groups,full_route,HQ + A,exit_x_serial,industry_alignment,0.0,48,48
competition,hq_plus_a,HQ + A,total_groups_6,6 total groups,full_route,HQ + A,exit_x_serial,industry_pivot_count,0.0,48,48
competition,hq_plus_a,HQ + A,total_groups_6,6 total groups,full_route,HQ + A,exit_x_serial,industry_prestige_penalty,0.0,48,48
competition,hq_plus_a,HQ + A,total_groups_6,6 total groups,full_route,HQ + A,exit_x_serial,is_serial_founder,0.0,48,48
competition,hq_plus_a,HQ + A,total_groups_6,6 total groups,full_route,HQ + A,exit_x_serial,longest_founding_tenure,0.0,48,48
competition,hq_plus_a,HQ + A,total_groups_6,6 total groups,full_route,HQ + A,exit_x_serial,max_company_size_before_founding,0.0,48,48
competition,hq_plus_a,HQ + A,total_groups_6,6 total groups,full_route,HQ + A,exit_x_serial,max_seniority_reached,0.0,48,48
competition,hq_plus_a,HQ + A,total_groups_6,6 total groups,full_route,HQ + A,exit_x_serial,persistence_score,0.0,48,48
competition,hq_plus_a,HQ + A,total_groups_6,6 total groups,full_route,HQ + A,exit_x_serial,prestige_sacrifice_score,0.0,48,48
competition,hq_plus_a,HQ + A,total_groups_6,6 total groups,full_route,HQ + A,exit_x_serial,prestige_x_relevance,0.0,48,48
competition,hq_plus_a,HQ + A,total_groups_6,6 total groups,full_route,HQ + A,exit_x_serial,repeat_founding_gap,0.0,48,48
competition,hq_plus_a,HQ + A,total_groups_6,6 total groups,full_route,HQ + A,exit_x_serial,restlessness_score,0.0,48,48
competition,hq_plus_a,HQ + A,total_groups_6,6 total groups,full_route,HQ + A,exit_x_serial,sacrifice_x_serial,0.0,48,48
competition,hq_plus_a,HQ + A,total_groups_6,6 total groups,full_route,HQ + A,exit_x_serial,seniority_is_monotone,0.0,48,48
competition,hq_plus_a,HQ + A,total_groups_6,6 total groups,full_route,HQ + A,exit_x_serial,stem_flag,0.0,48,48
competition,hq_plus_a,HQ + A,total_groups_6,6 total groups,full_route,HQ + A,exit_x_serial,total_inferred_experience,0.0,48,48
competition,hq_plus_a,HQ + A,total_groups_6,6 total groups,full_route,HQ + A,exit_x_serial,years_in_large_company,0.0,48,48
competition,hq_plus_a,HQ + A,total_groups_6,6 total groups,full_route,HQ + A,field_relevance_score,founding_role_count,0.0,48,48
competition,hq_plus_a,HQ + A,total_groups_6,6 total groups,full_route,HQ + A,field_relevance_score,founding_timing,0.0,48,48
competition,hq_plus_a,HQ + A,total_groups_6,6 total groups,full_route,HQ + A,field_relevance_score,has_prior_acquisition,0.0,48,48
competition,hq_plus_a,HQ + A,total_groups_6,6 total groups,full_route,HQ + A,field_relevance_score,has_prior_ipo,0.0,48,48
competition,hq_plus_a,HQ + A,total_groups_6,6 total groups,full_route,HQ + A,field_relevance_score,industry_alignment,0.0,48,48
competition,hq_plus_a,HQ + A,total_groups_6,6 total groups,full_route,HQ + A,field_relevance_score,industry_pivot_count,0.0,48,48
competition,hq_plus_a,HQ + A,total_groups_6,6 total groups,full_route,HQ + A,field_relevance_score,industry_prestige_penalty,1.0,48,48
competition,hq_plus_a,HQ + A,total_groups_6,6 total groups,full_route,HQ + A,field_relevance_score,is_serial_founder,0.0,48,48
competition,hq_plus_a,HQ + A,total_groups_6,6 total groups,full_route,HQ + A,field_relevance_score,longest_founding_tenure,0.0,48,48
competition,hq_plus_a,HQ + A,total_groups_6,6 total groups,full_route,HQ + A,field_relevance_score,max_company_size_before_founding,0.0,48,48
competition,hq_plus_a,HQ + A,total_groups_6,6 total groups,full_route,HQ + A,field_relevance_score,max_seniority_reached,0.0,48,48
competition,hq_plus_a,HQ + A,total_groups_6,6 total groups,full_route,HQ + A,field_relevance_score,persistence_score,0.0,48,48
competition,hq_plus_a,HQ + A,total_groups_6,6 total groups,full_route,HQ + A,field_relevance_score,prestige_sacrifice_score,0.0,48,48
competition,hq_plus_a,HQ + A,total_groups_6,6 total groups,full_route,HQ + A,field_relevance_score,prestige_x_relevance,1.0,48,48
competition,hq_plus_a,HQ + A,total_groups_6,6 total groups,full_route,HQ + A,field_relevance_score,repeat_founding_gap,0.0,48,48
competition,hq_plus_a,HQ + A,total_groups_6,6 total groups,full_route,HQ + A,field_relevance_score,restlessness_score,0.0,48,48
competition,hq_plus_a,HQ + A,total_groups_6,6 total groups,full_route,HQ + A,field_relevance_score,sacrifice_x_serial,0.0,48,48
competition,hq_plus_a,HQ + A,total_groups_6,6 total groups,full_route,HQ + A,field_relevance_score,seniority_is_monotone,0.0,48,48
competition,hq_plus_a,HQ + A,total_groups_6,6 total groups,full_route,HQ + A,field_relevance_score,stem_flag,1.0,48,48
competition,hq_plus_a,HQ + A,total_groups_6,6 total groups,full_route,HQ + A,field_relevance_score,total_inferred_experience,0.0,48,48
competition,hq_plus_a,HQ + A,total_groups_6,6 total groups,full_route,HQ + A,field_relevance_score,years_in_large_company,0.0,48,48
competition,hq_plus_a,HQ + A,total_groups_6,6 total groups,full_route,HQ + A,founding_role_count,founding_timing,1.0,48,48
competition,hq_plus_a,HQ + A,total_groups_6,6 total groups,full_route,HQ + A,founding_role_count,has_prior_acquisition,0.0,48,48
competition,hq_plus_a,HQ + A,total_groups_6,6 total groups,full_route,HQ + A,founding_role_count,has_prior_ipo,0.0,48,48
competition,hq_plus_a,HQ + A,total_groups_6,6 total groups,full_route,HQ + A,founding_role_count,industry_alignment,1.0,48,48
competition,hq_plus_a,HQ + A,total_groups_6,6 total groups,full_route,HQ + A,founding_role_count,industry_pivot_count,1.0,48,48
competition,hq_plus_a,HQ + A,total_groups_6,6 total groups,full_route,HQ + A,founding_role_count,industry_prestige_penalty,0.0,48,48
competition,hq_plus_a,HQ + A,total_groups_6,6 total groups,full_route,HQ + A,founding_role_count,is_serial_founder,1.0,48,48
competition,hq_plus_a,HQ + A,total_groups_6,6 total groups,full_route,HQ + A,founding_role_count,longest_founding_tenure,1.0,48,48
competition,hq_plus_a,HQ + A,total_groups_6,6 total groups,full_route,HQ + A,founding_role_count,max_company_size_before_founding,1.0,48,48
competition,hq_plus_a,HQ + A,total_groups_6,6 total groups,full_route,HQ + A,founding_role_count,max_seniority_reached,1.0,48,48
competition,hq_plus_a,HQ + A,total_groups_6,6 total groups,full_route,HQ + A,founding_role_count,persistence_score,1.0,48,48
competition,hq_plus_a,HQ + A,total_groups_6,6 total groups,full_route,HQ + A,founding_role_count,prestige_sacrifice_score,1.0,48,48
competition,hq_plus_a,HQ + A,total_groups_6,6 total groups,full_route,HQ + A,founding_role_count,prestige_x_relevance,0.0,48,48
competition,hq_plus_a,HQ + A,total_groups_6,6 total groups,full_route,HQ + A,founding_role_count,repeat_founding_gap,0.0,48,48
competition,hq_plus_a,HQ + A,total_groups_6,6 total groups,full_route,HQ + A,founding_role_count,restlessness_score,1.0,48,48
competition,hq_plus_a,HQ + A,total_groups_6,6 total groups,full_route,HQ + A,founding_role_count,sacrifice_x_serial,1.0,48,48
competition,hq_plus_a,HQ + A,total_groups_6,6 total groups,full_route,HQ + A,founding_role_count,seniority_is_monotone,1.0,48,48
competition,hq_plus_a,HQ + A,total_groups_6,6 total groups,full_route,HQ + A,founding_role_count,stem_flag,0.0,48,48
competition,hq_plus_a,HQ + A,total_groups_6,6 total groups,full_route,HQ + A,founding_role_count,total_inferred_experience,1.0,48,48
competition,hq_plus_a,HQ + A,total_groups_6,6 total groups,full_route,HQ + A,founding_role_count,years_in_large_company,1.0,48,48
competition,hq_plus_a,HQ + A,total_groups_6,6 total groups,full_route,HQ + A,founding_timing,has_prior_acquisition,0.0,48,48
competition,hq_plus_a,HQ + A,total_groups_6,6 total groups,full_route,HQ + A,founding_timing,has_prior_ipo,0.0,48,48
competition,hq_plus_a,HQ + A,total_groups_6,6 total groups,full_route,HQ + A,founding_timing,industry_alignment,1.0,48,48
competition,hq_plus_a,HQ + A,total_groups_6,6 total groups,full_route,HQ + A,founding_timing,industry_pivot_count,1.0,48,48
competition,hq_plus_a,HQ + A,total_groups_6,6 total groups,full_route,HQ + A,founding_timing,industry_prestige_penalty,0.0,48,48
competition,hq_plus_a,HQ + A,total_groups_6,6 total groups,full_route,HQ + A,founding_timing,is_serial_founder,1.0,48,48
competition,hq_plus_a,HQ + A,total_groups_6,6 total groups,full_route,HQ + A,founding_timing,longest_founding_tenure,1.0,48,48
competition,hq_plus_a,HQ + A,total_groups_6,6 total groups,full_route,HQ + A,founding_timing,max_company_size_before_founding,1.0,48,48
competition,hq_plus_a,HQ + A,total_groups_6,6 total groups,full_route,HQ + A,founding_timing,max_seniority_reached,1.0,48,48
competition,hq_plus_a,HQ + A,total_groups_6,6 total groups,full_route,HQ + A,founding_timing,persistence_score,1.0,48,48
competition,hq_plus_a,HQ + A,total_groups_6,6 total groups,full_route,HQ + A,founding_timing,prestige_sacrifice_score,1.0,48,48
competition,hq_plus_a,HQ + A,total_groups_6,6 total groups,full_route,HQ + A,founding_timing,prestige_x_relevance,0.0,48,48
competition,hq_plus_a,HQ + A,total_groups_6,6 total groups,full_route,HQ + A,founding_timing,repeat_founding_gap,0.0,48,48
competition,hq_plus_a,HQ + A,total_groups_6,6 total groups,full_route,HQ + A,founding_timing,restlessness_score,1.0,48,48
competition,hq_plus_a,HQ + A,total_groups_6,6 total groups,full_route,HQ + A,founding_timing,sacrifice_x_serial,1.0,48,48
competition,hq_plus_a,HQ + A,total_groups_6,6 total groups,full_route,HQ + A,founding_timing,seniority_is_monotone,1.0,48,48
competition,hq_plus_a,HQ + A,total_groups_6,6 total groups,full_route,HQ + A,founding_timing,stem_flag,0.0,48,48
competition,hq_plus_a,HQ + A,total_groups_6,6 total groups,full_route,HQ + A,founding_timing,total_inferred_experience,1.0,48,48
competition,hq_plus_a,HQ + A,total_groups_6,6 total groups,full_route,HQ + A,founding_timing,years_in_large_company,1.0,48,48
competition,hq_plus_a,HQ + A,total_groups_6,6 total groups,full_route,HQ + A,has_prior_acquisition,has_prior_ipo,1.0,48,48
competition,hq_plus_a,HQ + A,total_groups_6,6 total groups,full_route,HQ + A,has_prior_acquisition,industry_alignment,0.0,48,48
competition,hq_plus_a,HQ + A,total_groups_6,6 total groups,full_route,HQ + A,has_prior_acquisition,industry_pivot_count,0.0,48,48
competition,hq_plus_a,HQ + A,total_groups_6,6 total groups,full_route,HQ + A,has_prior_acquisition,industry_prestige_penalty,0.0,48,48
competition,hq_plus_a,HQ + A,total_groups_6,6 total groups,full_route,HQ + A,has_prior_acquisition,is_serial_founder,0.0,48,48
competition,hq_plus_a,HQ + A,total_groups_6,6 total groups,full_route,HQ + A,has_prior_acquisition,longest_founding_tenure,0.0,48,48
competition,hq_plus_a,HQ + A,total_groups_6,6 total groups,full_route,HQ + A,has_prior_acquisition,max_company_size_before_founding,0.0,48,48
competition,hq_plus_a,HQ + A,total_groups_6,6 total groups,full_route,HQ + A,has_prior_acquisition,max_seniority_reached,0.0,48,48
competition,hq_plus_a,HQ + A,total_groups_6,6 total groups,full_route,HQ + A,has_prior_acquisition,persistence_score,0.0,48,48
competition,hq_plus_a,HQ + A,total_groups_6,6 total groups,full_route,HQ + A,has_prior_acquisition,prestige_sacrifice_score,0.0,48,48
competition,hq_plus_a,HQ + A,total_groups_6,6 total groups,full_route,HQ + A,has_prior_acquisition,prestige_x_relevance,0.0,48,48
competition,hq_plus_a,HQ + A,total_groups_6,6 total groups,full_route,HQ + A,has_prior_acquisition,repeat_founding_gap,0.0,48,48
competition,hq_plus_a,HQ + A,total_groups_6,6 total groups,full_route,HQ + A,has_prior_acquisition,restlessness_score,0.0,48,48
competition,hq_plus_a,HQ + A,total_groups_6,6 total groups,full_route,HQ + A,has_prior_acquisition,sacrifice_x_serial,0.0,48,48
competition,hq_plus_a,HQ + A,total_groups_6,6 total groups,full_route,HQ + A,has_prior_acquisition,seniority_is_monotone,0.0,48,48
competition,hq_plus_a,HQ + A,total_groups_6,6 total groups,full_route,HQ + A,has_prior_acquisition,stem_flag,0.0,48,48
competition,hq_plus_a,HQ + A,total_groups_6,6 total groups,full_route,HQ + A,has_prior_acquisition,total_inferred_experience,0.0,48,48
competition,hq_plus_a,HQ + A,total_groups_6,6 total groups,full_route,HQ + A,has_prior_acquisition,years_in_large_company,0.0,48,48
competition,hq_plus_a,HQ + A,total_groups_6,6 total groups,full_route,HQ + A,has_prior_ipo,industry_alignment,0.0,48,48
competition,hq_plus_a,HQ + A,total_groups_6,6 total groups,full_route,HQ + A,has_prior_ipo,industry_pivot_count,0.0,48,48
competition,hq_plus_a,HQ + A,total_groups_6,6 total groups,full_route,HQ + A,has_prior_ipo,industry_prestige_penalty,0.0,48,48
competition,hq_plus_a,HQ + A,total_groups_6,6 total groups,full_route,HQ + A,has_prior_ipo,is_serial_founder,0.0,48,48
competition,hq_plus_a,HQ + A,total_groups_6,6 total groups,full_route,HQ + A,has_prior_ipo,longest_founding_tenure,0.0,48,48
competition,hq_plus_a,HQ + A,total_groups_6,6 total groups,full_route,HQ + A,has_prior_ipo,max_company_size_before_founding,0.0,48,48
competition,hq_plus_a,HQ + A,total_groups_6,6 total groups,full_route,HQ + A,has_prior_ipo,max_seniority_reached,0.0,48,48
competition,hq_plus_a,HQ + A,total_groups_6,6 total groups,full_route,HQ + A,has_prior_ipo,persistence_score,0.0,48,48
competition,hq_plus_a,HQ + A,total_groups_6,6 total groups,full_route,HQ + A,has_prior_ipo,prestige_sacrifice_score,0.0,48,48
competition,hq_plus_a,HQ + A,total_groups_6,6 total groups,full_route,HQ + A,has_prior_ipo,prestige_x_relevance,0.0,48,48
competition,hq_plus_a,HQ + A,total_groups_6,6 total groups,full_route,HQ + A,has_prior_ipo,repeat_founding_gap,0.0,48,48
competition,hq_plus_a,HQ + A,total_groups_6,6 total groups,full_route,HQ + A,has_prior_ipo,restlessness_score,0.0,48,48
competition,hq_plus_a,HQ + A,total_groups_6,6 total groups,full_route,HQ + A,has_prior_ipo,sacrifice_x_serial,0.0,48,48
competition,hq_plus_a,HQ + A,total_groups_6,6 total groups,full_route,HQ + A,has_prior_ipo,seniority_is_monotone,0.0,48,48
competition,hq_plus_a,HQ + A,total_groups_6,6 total groups,full_route,HQ + A,has_prior_ipo,stem_flag,0.0,48,48
competition,hq_plus_a,HQ + A,total_groups_6,6 total groups,full_route,HQ + A,has_prior_ipo,total_inferred_experience,0.0,48,48
competition,hq_plus_a,HQ + A,total_groups_6,6 total groups,full_route,HQ + A,has_prior_ipo,years_in_large_company,0.0,48,48
competition,hq_plus_a,HQ + A,total_groups_6,6 total groups,full_route,HQ + A,industry_alignment,industry_pivot_count,1.0,48,48
competition,hq_plus_a,HQ + A,total_groups_6,6 total groups,full_route,HQ + A,industry_alignment,industry_prestige_penalty,0.0,48,48
competition,hq_plus_a,HQ + A,total_groups_6,6 total groups,full_route,HQ + A,industry_alignment,is_serial_founder,1.0,48,48
competition,hq_plus_a,HQ + A,total_groups_6,6 total groups,full_route,HQ + A,industry_alignment,longest_founding_tenure,1.0,48,48
competition,hq_plus_a,HQ + A,total_groups_6,6 total groups,full_route,HQ + A,industry_alignment,max_company_size_before_founding,1.0,48,48
competition,hq_plus_a,HQ + A,total_groups_6,6 total groups,full_route,HQ + A,industry_alignment,max_seniority_reached,1.0,48,48
competition,hq_plus_a,HQ + A,total_groups_6,6 total groups,full_route,HQ + A,industry_alignment,persistence_score,1.0,48,48
competition,hq_plus_a,HQ + A,total_groups_6,6 total groups,full_route,HQ + A,industry_alignment,prestige_sacrifice_score,1.0,48,48
competition,hq_plus_a,HQ + A,total_groups_6,6 total groups,full_route,HQ + A,industry_alignment,prestige_x_relevance,0.0,48,48
competition,hq_plus_a,HQ + A,total_groups_6,6 total groups,full_route,HQ + A,industry_alignment,repeat_founding_gap,0.0,48,48
competition,hq_plus_a,HQ + A,total_groups_6,6 total groups,full_route,HQ + A,industry_alignment,restlessness_score,1.0,48,48
competition,hq_plus_a,HQ + A,total_groups_6,6 total groups,full_route,HQ + A,industry_alignment,sacrifice_x_serial,1.0,48,48
competition,hq_plus_a,HQ + A,total_groups_6,6 total groups,full_route,HQ + A,industry_alignment,seniority_is_monotone,1.0,48,48
competition,hq_plus_a,HQ + A,total_groups_6,6 total groups,full_route,HQ + A,industry_alignment,stem_flag,0.0,48,48
competition,hq_plus_a,HQ + A,total_groups_6,6 total groups,full_route,HQ + A,industry_alignment,total_inferred_experience,1.0,48,48
competition,hq_plus_a,HQ + A,total_groups_6,6 total groups,full_route,HQ + A,industry_alignment,years_in_large_company,1.0,48,48
competition,hq_plus_a,HQ + A,total_groups_6,6 total groups,full_route,HQ + A,industry_pivot_count,industry_prestige_penalty,0.0,48,48
competition,hq_plus_a,HQ + A,total_groups_6,6 total groups,full_route,HQ + A,industry_pivot_count,is_serial_founder,1.0,48,48
competition,hq_plus_a,HQ + A,total_groups_6,6 total groups,full_route,HQ + A,industry_pivot_count,longest_founding_tenure,1.0,48,48
competition,hq_plus_a,HQ + A,total_groups_6,6 total groups,full_route,HQ + A,industry_pivot_count,max_company_size_before_founding,1.0,48,48
competition,hq_plus_a,HQ + A,total_groups_6,6 total groups,full_route,HQ + A,industry_pivot_count,max_seniority_reached,1.0,48,48
competition,hq_plus_a,HQ + A,total_groups_6,6 total groups,full_route,HQ + A,industry_pivot_count,persistence_score,1.0,48,48
competition,hq_plus_a,HQ + A,total_groups_6,6 total groups,full_route,HQ + A,industry_pivot_count,prestige_sacrifice_score,1.0,48,48
competition,hq_plus_a,HQ + A,total_groups_6,6 total groups,full_route,HQ + A,industry_pivot_count,prestige_x_relevance,0.0,48,48
competition,hq_plus_a,HQ + A,total_groups_6,6 total groups,full_route,HQ + A,industry_pivot_count,repeat_founding_gap,0.0,48,48
competition,hq_plus_a,HQ + A,total_groups_6,6 total groups,full_route,HQ + A,industry_pivot_count,restlessness_score,1.0,48,48
competition,hq_plus_a,HQ + A,total_groups_6,6 total groups,full_route,HQ + A,industry_pivot_count,sacrifice_x_serial,1.0,48,48
competition,hq_plus_a,HQ + A,total_groups_6,6 total groups,full_route,HQ + A,industry_pivot_count,seniority_is_monotone,1.0,48,48
competition,hq_plus_a,HQ + A,total_groups_6,6 total groups,full_route,HQ + A,industry_pivot_count,stem_flag,0.0,48,48
competition,hq_plus_a,HQ + A,total_groups_6,6 total groups,full_route,HQ + A,industry_pivot_count,total_inferred_experience,1.0,48,48
competition,hq_plus_a,HQ + A,total_groups_6,6 total groups,full_route,HQ + A,industry_pivot_count,years_in_large_company,1.0,48,48
competition,hq_plus_a,HQ + A,total_groups_6,6 total groups,full_route,HQ + A,industry_prestige_penalty,is_serial_founder,0.0,48,48
competition,hq_plus_a,HQ + A,total_groups_6,6 total groups,full_route,HQ + A,industry_prestige_penalty,longest_founding_tenure,0.0,48,48
competition,hq_plus_a,HQ + A,total_groups_6,6 total groups,full_route,HQ + A,industry_prestige_penalty,max_company_size_before_founding,0.0,48,48
competition,hq_plus_a,HQ + A,total_groups_6,6 total groups,full_route,HQ + A,industry_prestige_penalty,max_seniority_reached,0.0,48,48
competition,hq_plus_a,HQ + A,total_groups_6,6 total groups,full_route,HQ + A,industry_prestige_penalty,persistence_score,0.0,48,48
competition,hq_plus_a,HQ + A,total_groups_6,6 total groups,full_route,HQ + A,industry_prestige_penalty,prestige_sacrifice_score,0.0,48,48
competition,hq_plus_a,HQ + A,total_groups_6,6 total groups,full_route,HQ + A,industry_prestige_penalty,prestige_x_relevance,1.0,48,48
competition,hq_plus_a,HQ + A,total_groups_6,6 total groups,full_route,HQ + A,industry_prestige_penalty,repeat_founding_gap,0.0,48,48
competition,hq_plus_a,HQ + A,total_groups_6,6 total groups,full_route,HQ + A,industry_prestige_penalty,restlessness_score,0.0,48,48
competition,hq_plus_a,HQ + A,total_groups_6,6 total groups,full_route,HQ + A,industry_prestige_penalty,sacrifice_x_serial,0.0,48,48
competition,hq_plus_a,HQ + A,total_groups_6,6 total groups,full_route,HQ + A,industry_prestige_penalty,seniority_is_monotone,0.0,48,48
competition,hq_plus_a,HQ + A,total_groups_6,6 total groups,full_route,HQ + A,industry_prestige_penalty,stem_flag,1.0,48,48
competition,hq_plus_a,HQ + A,total_groups_6,6 total groups,full_route,HQ + A,industry_prestige_penalty,total_inferred_experience,0.0,48,48
competition,hq_plus_a,HQ + A,total_groups_6,6 total groups,full_route,HQ + A,industry_prestige_penalty,years_in_large_company,0.0,48,48
competition,hq_plus_a,HQ + A,total_groups_6,6 total groups,full_route,HQ + A,is_serial_founder,longest_founding_tenure,1.0,48,48
competition,hq_plus_a,HQ + A,total_groups_6,6 total groups,full_route,HQ + A,is_serial_founder,max_company_size_before_founding,1.0,48,48
competition,hq_plus_a,HQ + A,total_groups_6,6 total groups,full_route,HQ + A,is_serial_founder,max_seniority_reached,1.0,48,48
competition,hq_plus_a,HQ + A,total_groups_6,6 total groups,full_route,HQ + A,is_serial_founder,persistence_score,1.0,48,48
competition,hq_plus_a,HQ + A,total_groups_6,6 total groups,full_route,HQ + A,is_serial_founder,prestige_sacrifice_score,1.0,48,48
competition,hq_plus_a,HQ + A,total_groups_6,6 total groups,full_route,HQ + A,is_serial_founder,prestige_x_relevance,0.0,48,48
competition,hq_plus_a,HQ + A,total_groups_6,6 total groups,full_route,HQ + A,is_serial_founder,repeat_founding_gap,0.0,48,48
competition,hq_plus_a,HQ + A,total_groups_6,6 total groups,full_route,HQ + A,is_serial_founder,restlessness_score,1.0,48,48
competition,hq_plus_a,HQ + A,total_groups_6,6 total groups,full_route,HQ + A,is_serial_founder,sacrifice_x_serial,1.0,48,48
competition,hq_plus_a,HQ + A,total_groups_6,6 total groups,full_route,HQ + A,is_serial_founder,seniority_is_monotone,1.0,48,48
competition,hq_plus_a,HQ + A,total_groups_6,6 total groups,full_route,HQ + A,is_serial_founder,stem_flag,0.0,48,48
competition,hq_plus_a,HQ + A,total_groups_6,6 total groups,full_route,HQ + A,is_serial_founder,total_inferred_experience,1.0,48,48
competition,hq_plus_a,HQ + A,total_groups_6,6 total groups,full_route,HQ + A,is_serial_founder,years_in_large_company,1.0,48,48
competition,hq_plus_a,HQ + A,total_groups_6,6 total groups,full_route,HQ + A,longest_founding_tenure,max_company_size_before_founding,1.0,48,48
competition,hq_plus_a,HQ + A,total_groups_6,6 total groups,full_route,HQ + A,longest_founding_tenure,max_seniority_reached,1.0,48,48
competition,hq_plus_a,HQ + A,total_groups_6,6 total groups,full_route,HQ + A,longest_founding_tenure,persistence_score,1.0,48,48
competition,hq_plus_a,HQ + A,total_groups_6,6 total groups,full_route,HQ + A,longest_founding_tenure,prestige_sacrifice_score,1.0,48,48
competition,hq_plus_a,HQ + A,total_groups_6,6 total groups,full_route,HQ + A,longest_founding_tenure,prestige_x_relevance,0.0,48,48
competition,hq_plus_a,HQ + A,total_groups_6,6 total groups,full_route,HQ + A,longest_founding_tenure,repeat_founding_gap,0.0,48,48
competition,hq_plus_a,HQ + A,total_groups_6,6 total groups,full_route,HQ + A,longest_founding_tenure,restlessness_score,1.0,48,48
competition,hq_plus_a,HQ + A,total_groups_6,6 total groups,full_route,HQ + A,longest_founding_tenure,sacrifice_x_serial,1.0,48,48
competition,hq_plus_a,HQ + A,total_groups_6,6 total groups,full_route,HQ + A,longest_founding_tenure,seniority_is_monotone,1.0,48,48
competition,hq_plus_a,HQ + A,total_groups_6,6 total groups,full_route,HQ + A,longest_founding_tenure,stem_flag,0.0,48,48
competition,hq_plus_a,HQ + A,total_groups_6,6 total groups,full_route,HQ + A,longest_founding_tenure,total_inferred_experience,1.0,48,48
competition,hq_plus_a,HQ + A,total_groups_6,6 total groups,full_route,HQ + A,longest_founding_tenure,years_in_large_company,1.0,48,48
competition,hq_plus_a,HQ + A,total_groups_6,6 total groups,full_route,HQ + A,max_company_size_before_founding,max_seniority_reached,1.0,48,48
competition,hq_plus_a,HQ + A,total_groups_6,6 total groups,full_route,HQ + A,max_company_size_before_founding,persistence_score,1.0,48,48
competition,hq_plus_a,HQ + A,total_groups_6,6 total groups,full_route,HQ + A,max_company_size_before_founding,prestige_sacrifice_score,1.0,48,48
competition,hq_plus_a,HQ + A,total_groups_6,6 total groups,full_route,HQ + A,max_company_size_before_founding,prestige_x_relevance,0.0,48,48
competition,hq_plus_a,HQ + A,total_groups_6,6 total groups,full_route,HQ + A,max_company_size_before_founding,repeat_founding_gap,0.0,48,48
competition,hq_plus_a,HQ + A,total_groups_6,6 total groups,full_route,HQ + A,max_company_size_before_founding,restlessness_score,1.0,48,48
competition,hq_plus_a,HQ + A,total_groups_6,6 total groups,full_route,HQ + A,max_company_size_before_founding,sacrifice_x_serial,1.0,48,48
competition,hq_plus_a,HQ + A,total_groups_6,6 total groups,full_route,HQ + A,max_company_size_before_founding,seniority_is_monotone,1.0,48,48
competition,hq_plus_a,HQ + A,total_groups_6,6 total groups,full_route,HQ + A,max_company_size_before_founding,stem_flag,0.0,48,48
competition,hq_plus_a,HQ + A,total_groups_6,6 total groups,full_route,HQ + A,max_company_size_before_founding,total_inferred_experience,1.0,48,48
competition,hq_plus_a,HQ + A,total_groups_6,6 total groups,full_route,HQ + A,max_company_size_before_founding,years_in_large_company,1.0,48,48
competition,hq_plus_a,HQ + A,total_groups_6,6 total groups,full_route,HQ + A,max_seniority_reached,persistence_score,1.0,48,48
competition,hq_plus_a,HQ + A,total_groups_6,6 total groups,full_route,HQ + A,max_seniority_reached,prestige_sacrifice_score,1.0,48,48
competition,hq_plus_a,HQ + A,total_groups_6,6 total groups,full_route,HQ + A,max_seniority_reached,prestige_x_relevance,0.0,48,48
competition,hq_plus_a,HQ + A,total_groups_6,6 total groups,full_route,HQ + A,max_seniority_reached,repeat_founding_gap,0.0,48,48
competition,hq_plus_a,HQ + A,total_groups_6,6 total groups,full_route,HQ + A,max_seniority_reached,restlessness_score,1.0,48,48
competition,hq_plus_a,HQ + A,total_groups_6,6 total groups,full_route,HQ + A,max_seniority_reached,sacrifice_x_serial,1.0,48,48
competition,hq_plus_a,HQ + A,total_groups_6,6 total groups,full_route,HQ + A,max_seniority_reached,seniority_is_monotone,1.0,48,48
competition,hq_plus_a,HQ + A,total_groups_6,6 total groups,full_route,HQ + A,max_seniority_reached,stem_flag,0.0,48,48
competition,hq_plus_a,HQ + A,total_groups_6,6 total groups,full_route,HQ + A,max_seniority_reached,total_inferred_experience,1.0,48,48
competition,hq_plus_a,HQ + A,total_groups_6,6 total groups,full_route,HQ + A,max_seniority_reached,years_in_large_company,1.0,48,48
competition,hq_plus_a,HQ + A,total_groups_6,6 total groups,full_route,HQ + A,persistence_score,prestige_sacrifice_score,1.0,48,48
competition,hq_plus_a,HQ + A,total_groups_6,6 total groups,full_route,HQ + A,persistence_score,prestige_x_relevance,0.0,48,48
competition,hq_plus_a,HQ + A,total_groups_6,6 total groups,full_route,HQ + A,persistence_score,repeat_founding_gap,0.0,48,48
competition,hq_plus_a,HQ + A,total_groups_6,6 total groups,full_route,HQ + A,persistence_score,restlessness_score,1.0,48,48
competition,hq_plus_a,HQ + A,total_groups_6,6 total groups,full_route,HQ + A,persistence_score,sacrifice_x_serial,1.0,48,48
competition,hq_plus_a,HQ + A,total_groups_6,6 total groups,full_route,HQ + A,persistence_score,seniority_is_monotone,1.0,48,48
competition,hq_plus_a,HQ + A,total_groups_6,6 total groups,full_route,HQ + A,persistence_score,stem_flag,0.0,48,48
competition,hq_plus_a,HQ + A,total_groups_6,6 total groups,full_route,HQ + A,persistence_score,total_inferred_experience,1.0,48,48
competition,hq_plus_a,HQ + A,total_groups_6,6 total groups,full_route,HQ + A,persistence_score,years_in_large_company,1.0,48,48
competition,hq_plus_a,HQ + A,total_groups_6,6 total groups,full_route,HQ + A,prestige_sacrifice_score,prestige_x_relevance,0.0,48,48
competition,hq_plus_a,HQ + A,total_groups_6,6 total groups,full_route,HQ + A,prestige_sacrifice_score,repeat_founding_gap,0.0,48,48
competition,hq_plus_a,HQ + A,total_groups_6,6 total groups,full_route,HQ + A,prestige_sacrifice_score,restlessness_score,1.0,48,48
competition,hq_plus_a,HQ + A,total_groups_6,6 total groups,full_route,HQ + A,prestige_sacrifice_score,sacrifice_x_serial,1.0,48,48
competition,hq_plus_a,HQ + A,total_groups_6,6 total groups,full_route,HQ + A,prestige_sacrifice_score,seniority_is_monotone,1.0,48,48
competition,hq_plus_a,HQ + A,total_groups_6,6 total groups,full_route,HQ + A,prestige_sacrifice_score,stem_flag,0.0,48,48
competition,hq_plus_a,HQ + A,total_groups_6,6 total groups,full_route,HQ + A,prestige_sacrifice_score,total_inferred_experience,1.0,48,48
competition,hq_plus_a,HQ + A,total_groups_6,6 total groups,full_route,HQ + A,prestige_sacrifice_score,years_in_large_company,1.0,48,48
competition,hq_plus_a,HQ + A,total_groups_6,6 total groups,full_route,HQ + A,prestige_x_relevance,repeat_founding_gap,0.0,48,48
competition,hq_plus_a,HQ + A,total_groups_6,6 total groups,full_route,HQ + A,prestige_x_relevance,restlessness_score,0.0,48,48
competition,hq_plus_a,HQ + A,total_groups_6,6 total groups,full_route,HQ + A,prestige_x_relevance,sacrifice_x_serial,0.0,48,48
competition,hq_plus_a,HQ + A,total_groups_6,6 total groups,full_route,HQ + A,prestige_x_relevance,seniority_is_monotone,0.0,48,48
competition,hq_plus_a,HQ + A,total_groups_6,6 total groups,full_route,HQ + A,prestige_x_relevance,stem_flag,1.0,48,48
competition,hq_plus_a,HQ + A,total_groups_6,6 total groups,full_route,HQ + A,prestige_x_relevance,total_inferred_experience,0.0,48,48
competition,hq_plus_a,HQ + A,total_groups_6,6 total groups,full_route,HQ + A,prestige_x_relevance,years_in_large_company,0.0,48,48
competition,hq_plus_a,HQ + A,total_groups_6,6 total groups,full_route,HQ + A,repeat_founding_gap,restlessness_score,0.0,48,48
competition,hq_plus_a,HQ + A,total_groups_6,6 total groups,full_route,HQ + A,repeat_founding_gap,sacrifice_x_serial,0.0,48,48
competition,hq_plus_a,HQ + A,total_groups_6,6 total groups,full_route,HQ + A,repeat_founding_gap,seniority_is_monotone,0.0,48,48
competition,hq_plus_a,HQ + A,total_groups_6,6 total groups,full_route,HQ + A,repeat_founding_gap,stem_flag,0.0,48,48
competition,hq_plus_a,HQ + A,total_groups_6,6 total groups,full_route,HQ + A,repeat_founding_gap,total_inferred_experience,0.0,48,48
competition,hq_plus_a,HQ + A,total_groups_6,6 total groups,full_route,HQ + A,repeat_founding_gap,years_in_large_company,0.0,48,48
competition,hq_plus_a,HQ + A,total_groups_6,6 total groups,full_route,HQ + A,restlessness_score,sacrifice_x_serial,1.0,48,48
competition,hq_plus_a,HQ + A,total_groups_6,6 total groups,full_route,HQ + A,restlessness_score,seniority_is_monotone,1.0,48,48
competition,hq_plus_a,HQ + A,total_groups_6,6 total groups,full_route,HQ + A,restlessness_score,stem_flag,0.0,48,48
competition,hq_plus_a,HQ + A,total_groups_6,6 total groups,full_route,HQ + A,restlessness_score,total_inferred_experience,1.0,48,48
competition,hq_plus_a,HQ + A,total_groups_6,6 total groups,full_route,HQ + A,restlessness_score,years_in_large_company,1.0,48,48
competition,hq_plus_a,HQ + A,total_groups_6,6 total groups,full_route,HQ + A,sacrifice_x_serial,seniority_is_monotone,1.0,48,48
competition,hq_plus_a,HQ + A,total_groups_6,6 total groups,full_route,HQ + A,sacrifice_x_serial,stem_flag,0.0,48,48
competition,hq_plus_a,HQ + A,total_groups_6,6 total groups,full_route,HQ + A,sacrifice_x_serial,total_inferred_experience,1.0,48,48
competition,hq_plus_a,HQ + A,total_groups_6,6 total groups,full_route,HQ + A,sacrifice_x_serial,years_in_large_company,1.0,48,48
competition,hq_plus_a,HQ + A,total_groups_6,6 total groups,full_route,HQ + A,seniority_is_monotone,stem_flag,0.0,48,48
competition,hq_plus_a,HQ + A,total_groups_6,6 total groups,full_route,HQ + A,seniority_is_monotone,total_inferred_experience,1.0,48,48
competition,hq_plus_a,HQ + A,total_groups_6,6 total groups,full_route,HQ + A,seniority_is_monotone,years_in_large_company,1.0,48,48
competition,hq_plus_a,HQ + A,total_groups_6,6 total groups,full_route,HQ + A,stem_flag,total_inferred_experience,0.0,48,48
competition,hq_plus_a,HQ + A,total_groups_6,6 total groups,full_route,HQ + A,stem_flag,years_in_large_company,0.0,48,48
competition,hq_plus_a,HQ + A,total_groups_6,6 total groups,full_route,HQ + A,total_inferred_experience,years_in_large_company,1.0,48,48
competition,hq_plus_a_b_c_d_e,HQ + A+B+C+D+E,total_groups_6,6 total groups,full_route,HQ + A+B+C+D+E,A_career_coherence,A_evidence_support_rating,1.0,48,48
competition,hq_plus_a_b_c_d_e,HQ + A+B+C+D+E,total_groups_6,6 total groups,full_route,HQ + A+B+C+D+E,A_career_coherence,A_ownership_signal,1.0,48,48
competition,hq_plus_a_b_c_d_e,HQ + A+B+C+D+E,total_groups_6,6 total groups,full_route,HQ + A+B+C+D+E,A_career_coherence,A_scrappiness,1.0,48,48
competition,hq_plus_a_b_c_d_e,HQ + A+B+C+D+E,total_groups_6,6 total groups,full_route,HQ + A+B+C+D+E,A_career_coherence,A_trajectory_strength,1.0,48,48
competition,hq_plus_a_b_c_d_e,HQ + A+B+C+D+E,total_groups_6,6 total groups,full_route,HQ + A+B+C+D+E,A_career_coherence,B_evidence_support_rating,1.0,48,48
competition,hq_plus_a_b_c_d_e,HQ + A+B+C+D+E,total_groups_6,6 total groups,full_route,HQ + A+B+C+D+E,A_career_coherence,B_rubric_score,1.0,48,48
competition,hq_plus_a_b_c_d_e,HQ + A+B+C+D+E,total_groups_6,6 total groups,full_route,HQ + A+B+C+D+E,A_career_coherence,C_evidence_support_rating,1.0,48,48
competition,hq_plus_a_b_c_d_e,HQ + A+B+C+D+E,total_groups_6,6 total groups,full_route,HQ + A+B+C+D+E,A_career_coherence,C_latent_risk,1.0,48,48
competition,hq_plus_a_b_c_d_e,HQ + A+B+C+D+E,total_groups_6,6 total groups,full_route,HQ + A+B+C+D+E,A_career_coherence,C_latent_strength,1.0,48,48
competition,hq_plus_a_b_c_d_e,HQ + A+B+C+D+E,total_groups_6,6 total groups,full_route,HQ + A+B+C+D+E,A_career_coherence,D_evidence_support_rating,1.0,48,48
competition,hq_plus_a_b_c_d_e,HQ + A+B+C+D+E,total_groups_6,6 total groups,full_route,HQ + A+B+C+D+E,A_career_coherence,D_overall_founder_quality,1.0,48,48
competition,hq_plus_a_b_c_d_e,HQ + A+B+C+D+E,total_groups_6,6 total groups,full_route,HQ + A+B+C+D+E,A_career_coherence,E_evidence_support_rating,1.0,48,48
competition,hq_plus_a_b_c_d_e,HQ + A+B+C+D+E,total_groups_6,6 total groups,full_route,HQ + A+B+C+D+E,A_career_coherence,E_hidden_risk,1.0,48,48
competition,hq_plus_a_b_c_d_e,HQ + A+B+C+D+E,total_groups_6,6 total groups,full_route,HQ + A+B+C+D+E,A_career_coherence,E_hidden_upside,1.0,48,48
competition,hq_plus_a_b_c_d_e,HQ + A+B+C+D+E,total_groups_6,6 total groups,full_route,HQ + A+B+C+D+E,A_career_coherence,best_degree_prestige,0.0,48,48
competition,hq_plus_a_b_c_d_e,HQ + A+B+C+D+E,total_groups_6,6 total groups,full_route,HQ + A+B+C+D+E,A_career_coherence,comfort_index,0.0,48,48
competition,hq_plus_a_b_c_d_e,HQ + A+B+C+D+E,total_groups_6,6 total groups,full_route,HQ + A+B+C+D+E,A_career_coherence,company_size_is_growing,0.0,48,48
competition,hq_plus_a_b_c_d_e,HQ + A+B+C+D+E,total_groups_6,6 total groups,full_route,HQ + A+B+C+D+E,A_career_coherence,degree_level,0.0,48,48
competition,hq_plus_a_b_c_d_e,HQ + A+B+C+D+E,total_groups_6,6 total groups,full_route,HQ + A+B+C+D+E,A_career_coherence,edu_prestige_tier,0.0,48,48
competition,hq_plus_a_b_c_d_e,HQ + A+B+C+D+E,total_groups_6,6 total groups,full_route,HQ + A+B+C+D+E,A_career_coherence,exit_count,0.0,48,48
competition,hq_plus_a_b_c_d_e,HQ + A+B+C+D+E,total_groups_6,6 total groups,full_route,HQ + A+B+C+D+E,A_career_coherence,exit_x_serial,0.0,48,48
competition,hq_plus_a_b_c_d_e,HQ + A+B+C+D+E,total_groups_6,6 total groups,full_route,HQ + A+B+C+D+E,A_career_coherence,field_relevance_score,0.0,48,48
competition,hq_plus_a_b_c_d_e,HQ + A+B+C+D+E,total_groups_6,6 total groups,full_route,HQ + A+B+C+D+E,A_career_coherence,founding_role_count,0.0,48,48
competition,hq_plus_a_b_c_d_e,HQ + A+B+C+D+E,total_groups_6,6 total groups,full_route,HQ + A+B+C+D+E,A_career_coherence,founding_timing,0.0,48,48
competition,hq_plus_a_b_c_d_e,HQ + A+B+C+D+E,total_groups_6,6 total groups,full_route,HQ + A+B+C+D+E,A_career_coherence,has_prior_acquisition,0.0,48,48
competition,hq_plus_a_b_c_d_e,HQ + A+B+C+D+E,total_groups_6,6 total groups,full_route,HQ + A+B+C+D+E,A_career_coherence,has_prior_ipo,0.0,48,48
competition,hq_plus_a_b_c_d_e,HQ + A+B+C+D+E,total_groups_6,6 total groups,full_route,HQ + A+B+C+D+E,A_career_coherence,industry_alignment,0.0,48,48
competition,hq_plus_a_b_c_d_e,HQ + A+B+C+D+E,total_groups_6,6 total groups,full_route,HQ + A+B+C+D+E,A_career_coherence,industry_pivot_count,0.0,48,48
competition,hq_plus_a_b_c_d_e,HQ + A+B+C+D+E,total_groups_6,6 total groups,full_route,HQ + A+B+C+D+E,A_career_coherence,industry_prestige_penalty,0.0,48,48
competition,hq_plus_a_b_c_d_e,HQ + A+B+C+D+E,total_groups_6,6 total groups,full_route,HQ + A+B+C+D+E,A_career_coherence,is_serial_founder,0.0,48,48
competition,hq_plus_a_b_c_d_e,HQ + A+B+C+D+E,total_groups_6,6 total groups,full_route,HQ + A+B+C+D+E,A_career_coherence,longest_founding_tenure,0.0,48,48
competition,hq_plus_a_b_c_d_e,HQ + A+B+C+D+E,total_groups_6,6 total groups,full_route,HQ + A+B+C+D+E,A_career_coherence,max_company_size_before_founding,0.0,48,48
competition,hq_plus_a_b_c_d_e,HQ + A+B+C+D+E,total_groups_6,6 total groups,full_route,HQ + A+B+C+D+E,A_career_coherence,max_seniority_reached,0.0,48,48
competition,hq_plus_a_b_c_d_e,HQ + A+B+C+D+E,total_groups_6,6 total groups,full_route,HQ + A+B+C+D+E,A_career_coherence,persistence_score,0.0,48,48
competition,hq_plus_a_b_c_d_e,HQ + A+B+C+D+E,total_groups_6,6 total groups,full_route,HQ + A+B+C+D+E,A_career_coherence,prestige_sacrifice_score,0.0,48,48
competition,hq_plus_a_b_c_d_e,HQ + A+B+C+D+E,total_groups_6,6 total groups,full_route,HQ + A+B+C+D+E,A_career_coherence,prestige_x_relevance,0.0,48,48
competition,hq_plus_a_b_c_d_e,HQ + A+B+C+D+E,total_groups_6,6 total groups,full_route,HQ + A+B+C+D+E,A_career_coherence,repeat_founding_gap,0.0,48,48
competition,hq_plus_a_b_c_d_e,HQ + A+B+C+D+E,total_groups_6,6 total groups,full_route,HQ + A+B+C+D+E,A_career_coherence,restlessness_score,0.0,48,48
competition,hq_plus_a_b_c_d_e,HQ + A+B+C+D+E,total_groups_6,6 total groups,full_route,HQ + A+B+C+D+E,A_career_coherence,sacrifice_x_serial,0.0,48,48
competition,hq_plus_a_b_c_d_e,HQ + A+B+C+D+E,total_groups_6,6 total groups,full_route,HQ + A+B+C+D+E,A_career_coherence,seniority_is_monotone,0.0,48,48
competition,hq_plus_a_b_c_d_e,HQ + A+B+C+D+E,total_groups_6,6 total groups,full_route,HQ + A+B+C+D+E,A_career_coherence,stem_flag,0.0,48,48
competition,hq_plus_a_b_c_d_e,HQ + A+B+C+D+E,total_groups_6,6 total groups,full_route,HQ + A+B+C+D+E,A_career_coherence,total_inferred_experience,0.0,48,48
competition,hq_plus_a_b_c_d_e,HQ + A+B+C+D+E,total_groups_6,6 total groups,full_route,HQ + A+B+C+D+E,A_career_coherence,years_in_large_company,0.0,48,48
competition,hq_plus_a_b_c_d_e,HQ + A+B+C+D+E,total_groups_6,6 total groups,full_route,HQ + A+B+C+D+E,A_evidence_support_rating,A_ownership_signal,1.0,48,48
competition,hq_plus_a_b_c_d_e,HQ + A+B+C+D+E,total_groups_6,6 total groups,full_route,HQ + A+B+C+D+E,A_evidence_support_rating,A_scrappiness,1.0,48,48
competition,hq_plus_a_b_c_d_e,HQ + A+B+C+D+E,total_groups_6,6 total groups,full_route,HQ + A+B+C+D+E,A_evidence_support_rating,A_trajectory_strength,1.0,48,48
competition,hq_plus_a_b_c_d_e,HQ + A+B+C+D+E,total_groups_6,6 total groups,full_route,HQ + A+B+C+D+E,A_evidence_support_rating,B_evidence_support_rating,1.0,48,48
competition,hq_plus_a_b_c_d_e,HQ + A+B+C+D+E,total_groups_6,6 total groups,full_route,HQ + A+B+C+D+E,A_evidence_support_rating,B_rubric_score,1.0,48,48
competition,hq_plus_a_b_c_d_e,HQ + A+B+C+D+E,total_groups_6,6 total groups,full_route,HQ + A+B+C+D+E,A_evidence_support_rating,C_evidence_support_rating,1.0,48,48
competition,hq_plus_a_b_c_d_e,HQ + A+B+C+D+E,total_groups_6,6 total groups,full_route,HQ + A+B+C+D+E,A_evidence_support_rating,C_latent_risk,1.0,48,48
competition,hq_plus_a_b_c_d_e,HQ + A+B+C+D+E,total_groups_6,6 total groups,full_route,HQ + A+B+C+D+E,A_evidence_support_rating,C_latent_strength,1.0,48,48
competition,hq_plus_a_b_c_d_e,HQ + A+B+C+D+E,total_groups_6,6 total groups,full_route,HQ + A+B+C+D+E,A_evidence_support_rating,D_evidence_support_rating,1.0,48,48
competition,hq_plus_a_b_c_d_e,HQ + A+B+C+D+E,total_groups_6,6 total groups,full_route,HQ + A+B+C+D+E,A_evidence_support_rating,D_overall_founder_quality,1.0,48,48
competition,hq_plus_a_b_c_d_e,HQ + A+B+C+D+E,total_groups_6,6 total groups,full_route,HQ + A+B+C+D+E,A_evidence_support_rating,E_evidence_support_rating,1.0,48,48
competition,hq_plus_a_b_c_d_e,HQ + A+B+C+D+E,total_groups_6,6 total groups,full_route,HQ + A+B+C+D+E,A_evidence_support_rating,E_hidden_risk,1.0,48,48
competition,hq_plus_a_b_c_d_e,HQ + A+B+C+D+E,total_groups_6,6 total groups,full_route,HQ + A+B+C+D+E,A_evidence_support_rating,E_hidden_upside,1.0,48,48
competition,hq_plus_a_b_c_d_e,HQ + A+B+C+D+E,total_groups_6,6 total groups,full_route,HQ + A+B+C+D+E,A_evidence_support_rating,best_degree_prestige,0.0,48,48
competition,hq_plus_a_b_c_d_e,HQ + A+B+C+D+E,total_groups_6,6 total groups,full_route,HQ + A+B+C+D+E,A_evidence_support_rating,comfort_index,0.0,48,48
competition,hq_plus_a_b_c_d_e,HQ + A+B+C+D+E,total_groups_6,6 total groups,full_route,HQ + A+B+C+D+E,A_evidence_support_rating,company_size_is_growing,0.0,48,48
competition,hq_plus_a_b_c_d_e,HQ + A+B+C+D+E,total_groups_6,6 total groups,full_route,HQ + A+B+C+D+E,A_evidence_support_rating,degree_level,0.0,48,48
competition,hq_plus_a_b_c_d_e,HQ + A+B+C+D+E,total_groups_6,6 total groups,full_route,HQ + A+B+C+D+E,A_evidence_support_rating,edu_prestige_tier,0.0,48,48
competition,hq_plus_a_b_c_d_e,HQ + A+B+C+D+E,total_groups_6,6 total groups,full_route,HQ + A+B+C+D+E,A_evidence_support_rating,exit_count,0.0,48,48
competition,hq_plus_a_b_c_d_e,HQ + A+B+C+D+E,total_groups_6,6 total groups,full_route,HQ + A+B+C+D+E,A_evidence_support_rating,exit_x_serial,0.0,48,48
competition,hq_plus_a_b_c_d_e,HQ + A+B+C+D+E,total_groups_6,6 total groups,full_route,HQ + A+B+C+D+E,A_evidence_support_rating,field_relevance_score,0.0,48,48
competition,hq_plus_a_b_c_d_e,HQ + A+B+C+D+E,total_groups_6,6 total groups,full_route,HQ + A+B+C+D+E,A_evidence_support_rating,founding_role_count,0.0,48,48
competition,hq_plus_a_b_c_d_e,HQ + A+B+C+D+E,total_groups_6,6 total groups,full_route,HQ + A+B+C+D+E,A_evidence_support_rating,founding_timing,0.0,48,48
competition,hq_plus_a_b_c_d_e,HQ + A+B+C+D+E,total_groups_6,6 total groups,full_route,HQ + A+B+C+D+E,A_evidence_support_rating,has_prior_acquisition,0.0,48,48
competition,hq_plus_a_b_c_d_e,HQ + A+B+C+D+E,total_groups_6,6 total groups,full_route,HQ + A+B+C+D+E,A_evidence_support_rating,has_prior_ipo,0.0,48,48
competition,hq_plus_a_b_c_d_e,HQ + A+B+C+D+E,total_groups_6,6 total groups,full_route,HQ + A+B+C+D+E,A_evidence_support_rating,industry_alignment,0.0,48,48
competition,hq_plus_a_b_c_d_e,HQ + A+B+C+D+E,total_groups_6,6 total groups,full_route,HQ + A+B+C+D+E,A_evidence_support_rating,industry_pivot_count,0.0,48,48
competition,hq_plus_a_b_c_d_e,HQ + A+B+C+D+E,total_groups_6,6 total groups,full_route,HQ + A+B+C+D+E,A_evidence_support_rating,industry_prestige_penalty,0.0,48,48
competition,hq_plus_a_b_c_d_e,HQ + A+B+C+D+E,total_groups_6,6 total groups,full_route,HQ + A+B+C+D+E,A_evidence_support_rating,is_serial_founder,0.0,48,48
competition,hq_plus_a_b_c_d_e,HQ + A+B+C+D+E,total_groups_6,6 total groups,full_route,HQ + A+B+C+D+E,A_evidence_support_rating,longest_founding_tenure,0.0,48,48
competition,hq_plus_a_b_c_d_e,HQ + A+B+C+D+E,total_groups_6,6 total groups,full_route,HQ + A+B+C+D+E,A_evidence_support_rating,max_company_size_before_founding,0.0,48,48
competition,hq_plus_a_b_c_d_e,HQ + A+B+C+D+E,total_groups_6,6 total groups,full_route,HQ + A+B+C+D+E,A_evidence_support_rating,max_seniority_reached,0.0,48,48
competition,hq_plus_a_b_c_d_e,HQ + A+B+C+D+E,total_groups_6,6 total groups,full_route,HQ + A+B+C+D+E,A_evidence_support_rating,persistence_score,0.0,48,48
competition,hq_plus_a_b_c_d_e,HQ + A+B+C+D+E,total_groups_6,6 total groups,full_route,HQ + A+B+C+D+E,A_evidence_support_rating,prestige_sacrifice_score,0.0,48,48
competition,hq_plus_a_b_c_d_e,HQ + A+B+C+D+E,total_groups_6,6 total groups,full_route,HQ + A+B+C+D+E,A_evidence_support_rating,prestige_x_relevance,0.0,48,48
competition,hq_plus_a_b_c_d_e,HQ + A+B+C+D+E,total_groups_6,6 total groups,full_route,HQ + A+B+C+D+E,A_evidence_support_rating,repeat_founding_gap,0.0,48,48
competition,hq_plus_a_b_c_d_e,HQ + A+B+C+D+E,total_groups_6,6 total groups,full_route,HQ + A+B+C+D+E,A_evidence_support_rating,restlessness_score,0.0,48,48
competition,hq_plus_a_b_c_d_e,HQ + A+B+C+D+E,total_groups_6,6 total groups,full_route,HQ + A+B+C+D+E,A_evidence_support_rating,sacrifice_x_serial,0.0,48,48
competition,hq_plus_a_b_c_d_e,HQ + A+B+C+D+E,total_groups_6,6 total groups,full_route,HQ + A+B+C+D+E,A_evidence_support_rating,seniority_is_monotone,0.0,48,48
competition,hq_plus_a_b_c_d_e,HQ + A+B+C+D+E,total_groups_6,6 total groups,full_route,HQ + A+B+C+D+E,A_evidence_support_rating,stem_flag,0.0,48,48
competition,hq_plus_a_b_c_d_e,HQ + A+B+C+D+E,total_groups_6,6 total groups,full_route,HQ + A+B+C+D+E,A_evidence_support_rating,total_inferred_experience,0.0,48,48
competition,hq_plus_a_b_c_d_e,HQ + A+B+C+D+E,total_groups_6,6 total groups,full_route,HQ + A+B+C+D+E,A_evidence_support_rating,years_in_large_company,0.0,48,48
competition,hq_plus_a_b_c_d_e,HQ + A+B+C+D+E,total_groups_6,6 total groups,full_route,HQ + A+B+C+D+E,A_ownership_signal,A_scrappiness,1.0,48,48
competition,hq_plus_a_b_c_d_e,HQ + A+B+C+D+E,total_groups_6,6 total groups,full_route,HQ + A+B+C+D+E,A_ownership_signal,A_trajectory_strength,1.0,48,48
competition,hq_plus_a_b_c_d_e,HQ + A+B+C+D+E,total_groups_6,6 total groups,full_route,HQ + A+B+C+D+E,A_ownership_signal,B_evidence_support_rating,1.0,48,48
competition,hq_plus_a_b_c_d_e,HQ + A+B+C+D+E,total_groups_6,6 total groups,full_route,HQ + A+B+C+D+E,A_ownership_signal,B_rubric_score,1.0,48,48
competition,hq_plus_a_b_c_d_e,HQ + A+B+C+D+E,total_groups_6,6 total groups,full_route,HQ + A+B+C+D+E,A_ownership_signal,C_evidence_support_rating,1.0,48,48
competition,hq_plus_a_b_c_d_e,HQ + A+B+C+D+E,total_groups_6,6 total groups,full_route,HQ + A+B+C+D+E,A_ownership_signal,C_latent_risk,1.0,48,48
competition,hq_plus_a_b_c_d_e,HQ + A+B+C+D+E,total_groups_6,6 total groups,full_route,HQ + A+B+C+D+E,A_ownership_signal,C_latent_strength,1.0,48,48
competition,hq_plus_a_b_c_d_e,HQ + A+B+C+D+E,total_groups_6,6 total groups,full_route,HQ + A+B+C+D+E,A_ownership_signal,D_evidence_support_rating,1.0,48,48
competition,hq_plus_a_b_c_d_e,HQ + A+B+C+D+E,total_groups_6,6 total groups,full_route,HQ + A+B+C+D+E,A_ownership_signal,D_overall_founder_quality,1.0,48,48
competition,hq_plus_a_b_c_d_e,HQ + A+B+C+D+E,total_groups_6,6 total groups,full_route,HQ + A+B+C+D+E,A_ownership_signal,E_evidence_support_rating,1.0,48,48
competition,hq_plus_a_b_c_d_e,HQ + A+B+C+D+E,total_groups_6,6 total groups,full_route,HQ + A+B+C+D+E,A_ownership_signal,E_hidden_risk,1.0,48,48
competition,hq_plus_a_b_c_d_e,HQ + A+B+C+D+E,total_groups_6,6 total groups,full_route,HQ + A+B+C+D+E,A_ownership_signal,E_hidden_upside,1.0,48,48
competition,hq_plus_a_b_c_d_e,HQ + A+B+C+D+E,total_groups_6,6 total groups,full_route,HQ + A+B+C+D+E,A_ownership_signal,best_degree_prestige,0.0,48,48
competition,hq_plus_a_b_c_d_e,HQ + A+B+C+D+E,total_groups_6,6 total groups,full_route,HQ + A+B+C+D+E,A_ownership_signal,comfort_index,0.0,48,48
competition,hq_plus_a_b_c_d_e,HQ + A+B+C+D+E,total_groups_6,6 total groups,full_route,HQ + A+B+C+D+E,A_ownership_signal,company_size_is_growing,0.0,48,48
competition,hq_plus_a_b_c_d_e,HQ + A+B+C+D+E,total_groups_6,6 total groups,full_route,HQ + A+B+C+D+E,A_ownership_signal,degree_level,0.0,48,48
competition,hq_plus_a_b_c_d_e,HQ + A+B+C+D+E,total_groups_6,6 total groups,full_route,HQ + A+B+C+D+E,A_ownership_signal,edu_prestige_tier,0.0,48,48
competition,hq_plus_a_b_c_d_e,HQ + A+B+C+D+E,total_groups_6,6 total groups,full_route,HQ + A+B+C+D+E,A_ownership_signal,exit_count,0.0,48,48
competition,hq_plus_a_b_c_d_e,HQ + A+B+C+D+E,total_groups_6,6 total groups,full_route,HQ + A+B+C+D+E,A_ownership_signal,exit_x_serial,0.0,48,48
competition,hq_plus_a_b_c_d_e,HQ + A+B+C+D+E,total_groups_6,6 total groups,full_route,HQ + A+B+C+D+E,A_ownership_signal,field_relevance_score,0.0,48,48
competition,hq_plus_a_b_c_d_e,HQ + A+B+C+D+E,total_groups_6,6 total groups,full_route,HQ + A+B+C+D+E,A_ownership_signal,founding_role_count,0.0,48,48
competition,hq_plus_a_b_c_d_e,HQ + A+B+C+D+E,total_groups_6,6 total groups,full_route,HQ + A+B+C+D+E,A_ownership_signal,founding_timing,0.0,48,48
competition,hq_plus_a_b_c_d_e,HQ + A+B+C+D+E,total_groups_6,6 total groups,full_route,HQ + A+B+C+D+E,A_ownership_signal,has_prior_acquisition,0.0,48,48
competition,hq_plus_a_b_c_d_e,HQ + A+B+C+D+E,total_groups_6,6 total groups,full_route,HQ + A+B+C+D+E,A_ownership_signal,has_prior_ipo,0.0,48,48
competition,hq_plus_a_b_c_d_e,HQ + A+B+C+D+E,total_groups_6,6 total groups,full_route,HQ + A+B+C+D+E,A_ownership_signal,industry_alignment,0.0,48,48
competition,hq_plus_a_b_c_d_e,HQ + A+B+C+D+E,total_groups_6,6 total groups,full_route,HQ + A+B+C+D+E,A_ownership_signal,industry_pivot_count,0.0,48,48
competition,hq_plus_a_b_c_d_e,HQ + A+B+C+D+E,total_groups_6,6 total groups,full_route,HQ + A+B+C+D+E,A_ownership_signal,industry_prestige_penalty,0.0,48,48
competition,hq_plus_a_b_c_d_e,HQ + A+B+C+D+E,total_groups_6,6 total groups,full_route,HQ + A+B+C+D+E,A_ownership_signal,is_serial_founder,0.0,48,48
competition,hq_plus_a_b_c_d_e,HQ + A+B+C+D+E,total_groups_6,6 total groups,full_route,HQ + A+B+C+D+E,A_ownership_signal,longest_founding_tenure,0.0,48,48
competition,hq_plus_a_b_c_d_e,HQ + A+B+C+D+E,total_groups_6,6 total groups,full_route,HQ + A+B+C+D+E,A_ownership_signal,max_company_size_before_founding,0.0,48,48
competition,hq_plus_a_b_c_d_e,HQ + A+B+C+D+E,total_groups_6,6 total groups,full_route,HQ + A+B+C+D+E,A_ownership_signal,max_seniority_reached,0.0,48,48
competition,hq_plus_a_b_c_d_e,HQ + A+B+C+D+E,total_groups_6,6 total groups,full_route,HQ + A+B+C+D+E,A_ownership_signal,persistence_score,0.0,48,48
competition,hq_plus_a_b_c_d_e,HQ + A+B+C+D+E,total_groups_6,6 total groups,full_route,HQ + A+B+C+D+E,A_ownership_signal,prestige_sacrifice_score,0.0,48,48
competition,hq_plus_a_b_c_d_e,HQ + A+B+C+D+E,total_groups_6,6 total groups,full_route,HQ + A+B+C+D+E,A_ownership_signal,prestige_x_relevance,0.0,48,48
competition,hq_plus_a_b_c_d_e,HQ + A+B+C+D+E,total_groups_6,6 total groups,full_route,HQ + A+B+C+D+E,A_ownership_signal,repeat_founding_gap,0.0,48,48
competition,hq_plus_a_b_c_d_e,HQ + A+B+C+D+E,total_groups_6,6 total groups,full_route,HQ + A+B+C+D+E,A_ownership_signal,restlessness_score,0.0,48,48
competition,hq_plus_a_b_c_d_e,HQ + A+B+C+D+E,total_groups_6,6 total groups,full_route,HQ + A+B+C+D+E,A_ownership_signal,sacrifice_x_serial,0.0,48,48
competition,hq_plus_a_b_c_d_e,HQ + A+B+C+D+E,total_groups_6,6 total groups,full_route,HQ + A+B+C+D+E,A_ownership_signal,seniority_is_monotone,0.0,48,48
competition,hq_plus_a_b_c_d_e,HQ + A+B+C+D+E,total_groups_6,6 total groups,full_route,HQ + A+B+C+D+E,A_ownership_signal,stem_flag,0.0,48,48
competition,hq_plus_a_b_c_d_e,HQ + A+B+C+D+E,total_groups_6,6 total groups,full_route,HQ + A+B+C+D+E,A_ownership_signal,total_inferred_experience,0.0,48,48
competition,hq_plus_a_b_c_d_e,HQ + A+B+C+D+E,total_groups_6,6 total groups,full_route,HQ + A+B+C+D+E,A_ownership_signal,years_in_large_company,0.0,48,48
competition,hq_plus_a_b_c_d_e,HQ + A+B+C+D+E,total_groups_6,6 total groups,full_route,HQ + A+B+C+D+E,A_scrappiness,A_trajectory_strength,1.0,48,48
competition,hq_plus_a_b_c_d_e,HQ + A+B+C+D+E,total_groups_6,6 total groups,full_route,HQ + A+B+C+D+E,A_scrappiness,B_evidence_support_rating,1.0,48,48
competition,hq_plus_a_b_c_d_e,HQ + A+B+C+D+E,total_groups_6,6 total groups,full_route,HQ + A+B+C+D+E,A_scrappiness,B_rubric_score,1.0,48,48
competition,hq_plus_a_b_c_d_e,HQ + A+B+C+D+E,total_groups_6,6 total groups,full_route,HQ + A+B+C+D+E,A_scrappiness,C_evidence_support_rating,1.0,48,48
competition,hq_plus_a_b_c_d_e,HQ + A+B+C+D+E,total_groups_6,6 total groups,full_route,HQ + A+B+C+D+E,A_scrappiness,C_latent_risk,1.0,48,48
competition,hq_plus_a_b_c_d_e,HQ + A+B+C+D+E,total_groups_6,6 total groups,full_route,HQ + A+B+C+D+E,A_scrappiness,C_latent_strength,1.0,48,48
competition,hq_plus_a_b_c_d_e,HQ + A+B+C+D+E,total_groups_6,6 total groups,full_route,HQ + A+B+C+D+E,A_scrappiness,D_evidence_support_rating,1.0,48,48
competition,hq_plus_a_b_c_d_e,HQ + A+B+C+D+E,total_groups_6,6 total groups,full_route,HQ + A+B+C+D+E,A_scrappiness,D_overall_founder_quality,1.0,48,48
competition,hq_plus_a_b_c_d_e,HQ + A+B+C+D+E,total_groups_6,6 total groups,full_route,HQ + A+B+C+D+E,A_scrappiness,E_evidence_support_rating,1.0,48,48
competition,hq_plus_a_b_c_d_e,HQ + A+B+C+D+E,total_groups_6,6 total groups,full_route,HQ + A+B+C+D+E,A_scrappiness,E_hidden_risk,1.0,48,48
competition,hq_plus_a_b_c_d_e,HQ + A+B+C+D+E,total_groups_6,6 total groups,full_route,HQ + A+B+C+D+E,A_scrappiness,E_hidden_upside,1.0,48,48
competition,hq_plus_a_b_c_d_e,HQ + A+B+C+D+E,total_groups_6,6 total groups,full_route,HQ + A+B+C+D+E,A_scrappiness,best_degree_prestige,0.0,48,48
competition,hq_plus_a_b_c_d_e,HQ + A+B+C+D+E,total_groups_6,6 total groups,full_route,HQ + A+B+C+D+E,A_scrappiness,comfort_index,0.0,48,48
competition,hq_plus_a_b_c_d_e,HQ + A+B+C+D+E,total_groups_6,6 total groups,full_route,HQ + A+B+C+D+E,A_scrappiness,company_size_is_growing,0.0,48,48
competition,hq_plus_a_b_c_d_e,HQ + A+B+C+D+E,total_groups_6,6 total groups,full_route,HQ + A+B+C+D+E,A_scrappiness,degree_level,0.0,48,48
competition,hq_plus_a_b_c_d_e,HQ + A+B+C+D+E,total_groups_6,6 total groups,full_route,HQ + A+B+C+D+E,A_scrappiness,edu_prestige_tier,0.0,48,48
competition,hq_plus_a_b_c_d_e,HQ + A+B+C+D+E,total_groups_6,6 total groups,full_route,HQ + A+B+C+D+E,A_scrappiness,exit_count,0.0,48,48
competition,hq_plus_a_b_c_d_e,HQ + A+B+C+D+E,total_groups_6,6 total groups,full_route,HQ + A+B+C+D+E,A_scrappiness,exit_x_serial,0.0,48,48
competition,hq_plus_a_b_c_d_e,HQ + A+B+C+D+E,total_groups_6,6 total groups,full_route,HQ + A+B+C+D+E,A_scrappiness,field_relevance_score,0.0,48,48
competition,hq_plus_a_b_c_d_e,HQ + A+B+C+D+E,total_groups_6,6 total groups,full_route,HQ + A+B+C+D+E,A_scrappiness,founding_role_count,0.0,48,48
competition,hq_plus_a_b_c_d_e,HQ + A+B+C+D+E,total_groups_6,6 total groups,full_route,HQ + A+B+C+D+E,A_scrappiness,founding_timing,0.0,48,48
competition,hq_plus_a_b_c_d_e,HQ + A+B+C+D+E,total_groups_6,6 total groups,full_route,HQ + A+B+C+D+E,A_scrappiness,has_prior_acquisition,0.0,48,48
competition,hq_plus_a_b_c_d_e,HQ + A+B+C+D+E,total_groups_6,6 total groups,full_route,HQ + A+B+C+D+E,A_scrappiness,has_prior_ipo,0.0,48,48
competition,hq_plus_a_b_c_d_e,HQ + A+B+C+D+E,total_groups_6,6 total groups,full_route,HQ + A+B+C+D+E,A_scrappiness,industry_alignment,0.0,48,48
competition,hq_plus_a_b_c_d_e,HQ + A+B+C+D+E,total_groups_6,6 total groups,full_route,HQ + A+B+C+D+E,A_scrappiness,industry_pivot_count,0.0,48,48
competition,hq_plus_a_b_c_d_e,HQ + A+B+C+D+E,total_groups_6,6 total groups,full_route,HQ + A+B+C+D+E,A_scrappiness,industry_prestige_penalty,0.0,48,48
competition,hq_plus_a_b_c_d_e,HQ + A+B+C+D+E,total_groups_6,6 total groups,full_route,HQ + A+B+C+D+E,A_scrappiness,is_serial_founder,0.0,48,48
competition,hq_plus_a_b_c_d_e,HQ + A+B+C+D+E,total_groups_6,6 total groups,full_route,HQ + A+B+C+D+E,A_scrappiness,longest_founding_tenure,0.0,48,48
competition,hq_plus_a_b_c_d_e,HQ + A+B+C+D+E,total_groups_6,6 total groups,full_route,HQ + A+B+C+D+E,A_scrappiness,max_company_size_before_founding,0.0,48,48
competition,hq_plus_a_b_c_d_e,HQ + A+B+C+D+E,total_groups_6,6 total groups,full_route,HQ + A+B+C+D+E,A_scrappiness,max_seniority_reached,0.0,48,48
competition,hq_plus_a_b_c_d_e,HQ + A+B+C+D+E,total_groups_6,6 total groups,full_route,HQ + A+B+C+D+E,A_scrappiness,persistence_score,0.0,48,48
competition,hq_plus_a_b_c_d_e,HQ + A+B+C+D+E,total_groups_6,6 total groups,full_route,HQ + A+B+C+D+E,A_scrappiness,prestige_sacrifice_score,0.0,48,48
competition,hq_plus_a_b_c_d_e,HQ + A+B+C+D+E,total_groups_6,6 total groups,full_route,HQ + A+B+C+D+E,A_scrappiness,prestige_x_relevance,0.0,48,48
competition,hq_plus_a_b_c_d_e,HQ + A+B+C+D+E,total_groups_6,6 total groups,full_route,HQ + A+B+C+D+E,A_scrappiness,repeat_founding_gap,0.0,48,48
competition,hq_plus_a_b_c_d_e,HQ + A+B+C+D+E,total_groups_6,6 total groups,full_route,HQ + A+B+C+D+E,A_scrappiness,restlessness_score,0.0,48,48
competition,hq_plus_a_b_c_d_e,HQ + A+B+C+D+E,total_groups_6,6 total groups,full_route,HQ + A+B+C+D+E,A_scrappiness,sacrifice_x_serial,0.0,48,48
competition,hq_plus_a_b_c_d_e,HQ + A+B+C+D+E,total_groups_6,6 total groups,full_route,HQ + A+B+C+D+E,A_scrappiness,seniority_is_monotone,0.0,48,48
competition,hq_plus_a_b_c_d_e,HQ + A+B+C+D+E,total_groups_6,6 total groups,full_route,HQ + A+B+C+D+E,A_scrappiness,stem_flag,0.0,48,48
competition,hq_plus_a_b_c_d_e,HQ + A+B+C+D+E,total_groups_6,6 total groups,full_route,HQ + A+B+C+D+E,A_scrappiness,total_inferred_experience,0.0,48,48
competition,hq_plus_a_b_c_d_e,HQ + A+B+C+D+E,total_groups_6,6 total groups,full_route,HQ + A+B+C+D+E,A_scrappiness,years_in_large_company,0.0,48,48
competition,hq_plus_a_b_c_d_e,HQ + A+B+C+D+E,total_groups_6,6 total groups,full_route,HQ + A+B+C+D+E,A_trajectory_strength,B_evidence_support_rating,1.0,48,48
competition,hq_plus_a_b_c_d_e,HQ + A+B+C+D+E,total_groups_6,6 total groups,full_route,HQ + A+B+C+D+E,A_trajectory_strength,B_rubric_score,1.0,48,48
competition,hq_plus_a_b_c_d_e,HQ + A+B+C+D+E,total_groups_6,6 total groups,full_route,HQ + A+B+C+D+E,A_trajectory_strength,C_evidence_support_rating,1.0,48,48
competition,hq_plus_a_b_c_d_e,HQ + A+B+C+D+E,total_groups_6,6 total groups,full_route,HQ + A+B+C+D+E,A_trajectory_strength,C_latent_risk,1.0,48,48
competition,hq_plus_a_b_c_d_e,HQ + A+B+C+D+E,total_groups_6,6 total groups,full_route,HQ + A+B+C+D+E,A_trajectory_strength,C_latent_strength,1.0,48,48
competition,hq_plus_a_b_c_d_e,HQ + A+B+C+D+E,total_groups_6,6 total groups,full_route,HQ + A+B+C+D+E,A_trajectory_strength,D_evidence_support_rating,1.0,48,48
competition,hq_plus_a_b_c_d_e,HQ + A+B+C+D+E,total_groups_6,6 total groups,full_route,HQ + A+B+C+D+E,A_trajectory_strength,D_overall_founder_quality,1.0,48,48
competition,hq_plus_a_b_c_d_e,HQ + A+B+C+D+E,total_groups_6,6 total groups,full_route,HQ + A+B+C+D+E,A_trajectory_strength,E_evidence_support_rating,1.0,48,48
competition,hq_plus_a_b_c_d_e,HQ + A+B+C+D+E,total_groups_6,6 total groups,full_route,HQ + A+B+C+D+E,A_trajectory_strength,E_hidden_risk,1.0,48,48
competition,hq_plus_a_b_c_d_e,HQ + A+B+C+D+E,total_groups_6,6 total groups,full_route,HQ + A+B+C+D+E,A_trajectory_strength,E_hidden_upside,1.0,48,48
competition,hq_plus_a_b_c_d_e,HQ + A+B+C+D+E,total_groups_6,6 total groups,full_route,HQ + A+B+C+D+E,A_trajectory_strength,best_degree_prestige,0.0,48,48
competition,hq_plus_a_b_c_d_e,HQ + A+B+C+D+E,total_groups_6,6 total groups,full_route,HQ + A+B+C+D+E,A_trajectory_strength,comfort_index,0.0,48,48
competition,hq_plus_a_b_c_d_e,HQ + A+B+C+D+E,total_groups_6,6 total groups,full_route,HQ + A+B+C+D+E,A_trajectory_strength,company_size_is_growing,0.0,48,48
competition,hq_plus_a_b_c_d_e,HQ + A+B+C+D+E,total_groups_6,6 total groups,full_route,HQ + A+B+C+D+E,A_trajectory_strength,degree_level,0.0,48,48
competition,hq_plus_a_b_c_d_e,HQ + A+B+C+D+E,total_groups_6,6 total groups,full_route,HQ + A+B+C+D+E,A_trajectory_strength,edu_prestige_tier,0.0,48,48
competition,hq_plus_a_b_c_d_e,HQ + A+B+C+D+E,total_groups_6,6 total groups,full_route,HQ + A+B+C+D+E,A_trajectory_strength,exit_count,0.0,48,48
competition,hq_plus_a_b_c_d_e,HQ + A+B+C+D+E,total_groups_6,6 total groups,full_route,HQ + A+B+C+D+E,A_trajectory_strength,exit_x_serial,0.0,48,48
competition,hq_plus_a_b_c_d_e,HQ + A+B+C+D+E,total_groups_6,6 total groups,full_route,HQ + A+B+C+D+E,A_trajectory_strength,field_relevance_score,0.0,48,48
competition,hq_plus_a_b_c_d_e,HQ + A+B+C+D+E,total_groups_6,6 total groups,full_route,HQ + A+B+C+D+E,A_trajectory_strength,founding_role_count,0.0,48,48
competition,hq_plus_a_b_c_d_e,HQ + A+B+C+D+E,total_groups_6,6 total groups,full_route,HQ + A+B+C+D+E,A_trajectory_strength,founding_timing,0.0,48,48
competition,hq_plus_a_b_c_d_e,HQ + A+B+C+D+E,total_groups_6,6 total groups,full_route,HQ + A+B+C+D+E,A_trajectory_strength,has_prior_acquisition,0.0,48,48
competition,hq_plus_a_b_c_d_e,HQ + A+B+C+D+E,total_groups_6,6 total groups,full_route,HQ + A+B+C+D+E,A_trajectory_strength,has_prior_ipo,0.0,48,48
competition,hq_plus_a_b_c_d_e,HQ + A+B+C+D+E,total_groups_6,6 total groups,full_route,HQ + A+B+C+D+E,A_trajectory_strength,industry_alignment,0.0,48,48
competition,hq_plus_a_b_c_d_e,HQ + A+B+C+D+E,total_groups_6,6 total groups,full_route,HQ + A+B+C+D+E,A_trajectory_strength,industry_pivot_count,0.0,48,48
competition,hq_plus_a_b_c_d_e,HQ + A+B+C+D+E,total_groups_6,6 total groups,full_route,HQ + A+B+C+D+E,A_trajectory_strength,industry_prestige_penalty,0.0,48,48
competition,hq_plus_a_b_c_d_e,HQ + A+B+C+D+E,total_groups_6,6 total groups,full_route,HQ + A+B+C+D+E,A_trajectory_strength,is_serial_founder,0.0,48,48
competition,hq_plus_a_b_c_d_e,HQ + A+B+C+D+E,total_groups_6,6 total groups,full_route,HQ + A+B+C+D+E,A_trajectory_strength,longest_founding_tenure,0.0,48,48
competition,hq_plus_a_b_c_d_e,HQ + A+B+C+D+E,total_groups_6,6 total groups,full_route,HQ + A+B+C+D+E,A_trajectory_strength,max_company_size_before_founding,0.0,48,48
competition,hq_plus_a_b_c_d_e,HQ + A+B+C+D+E,total_groups_6,6 total groups,full_route,HQ + A+B+C+D+E,A_trajectory_strength,max_seniority_reached,0.0,48,48
competition,hq_plus_a_b_c_d_e,HQ + A+B+C+D+E,total_groups_6,6 total groups,full_route,HQ + A+B+C+D+E,A_trajectory_strength,persistence_score,0.0,48,48
competition,hq_plus_a_b_c_d_e,HQ + A+B+C+D+E,total_groups_6,6 total groups,full_route,HQ + A+B+C+D+E,A_trajectory_strength,prestige_sacrifice_score,0.0,48,48
competition,hq_plus_a_b_c_d_e,HQ + A+B+C+D+E,total_groups_6,6 total groups,full_route,HQ + A+B+C+D+E,A_trajectory_strength,prestige_x_relevance,0.0,48,48
competition,hq_plus_a_b_c_d_e,HQ + A+B+C+D+E,total_groups_6,6 total groups,full_route,HQ + A+B+C+D+E,A_trajectory_strength,repeat_founding_gap,0.0,48,48
competition,hq_plus_a_b_c_d_e,HQ + A+B+C+D+E,total_groups_6,6 total groups,full_route,HQ + A+B+C+D+E,A_trajectory_strength,restlessness_score,0.0,48,48
competition,hq_plus_a_b_c_d_e,HQ + A+B+C+D+E,total_groups_6,6 total groups,full_route,HQ + A+B+C+D+E,A_trajectory_strength,sacrifice_x_serial,0.0,48,48
competition,hq_plus_a_b_c_d_e,HQ + A+B+C+D+E,total_groups_6,6 total groups,full_route,HQ + A+B+C+D+E,A_trajectory_strength,seniority_is_monotone,0.0,48,48
competition,hq_plus_a_b_c_d_e,HQ + A+B+C+D+E,total_groups_6,6 total groups,full_route,HQ + A+B+C+D+E,A_trajectory_strength,stem_flag,0.0,48,48
competition,hq_plus_a_b_c_d_e,HQ + A+B+C+D+E,total_groups_6,6 total groups,full_route,HQ + A+B+C+D+E,A_trajectory_strength,total_inferred_experience,0.0,48,48
competition,hq_plus_a_b_c_d_e,HQ + A+B+C+D+E,total_groups_6,6 total groups,full_route,HQ + A+B+C+D+E,A_trajectory_strength,years_in_large_company,0.0,48,48
competition,hq_plus_a_b_c_d_e,HQ + A+B+C+D+E,total_groups_6,6 total groups,full_route,HQ + A+B+C+D+E,B_evidence_support_rating,B_rubric_score,1.0,48,48
competition,hq_plus_a_b_c_d_e,HQ + A+B+C+D+E,total_groups_6,6 total groups,full_route,HQ + A+B+C+D+E,B_evidence_support_rating,C_evidence_support_rating,1.0,48,48
competition,hq_plus_a_b_c_d_e,HQ + A+B+C+D+E,total_groups_6,6 total groups,full_route,HQ + A+B+C+D+E,B_evidence_support_rating,C_latent_risk,1.0,48,48
competition,hq_plus_a_b_c_d_e,HQ + A+B+C+D+E,total_groups_6,6 total groups,full_route,HQ + A+B+C+D+E,B_evidence_support_rating,C_latent_strength,1.0,48,48
competition,hq_plus_a_b_c_d_e,HQ + A+B+C+D+E,total_groups_6,6 total groups,full_route,HQ + A+B+C+D+E,B_evidence_support_rating,D_evidence_support_rating,1.0,48,48
competition,hq_plus_a_b_c_d_e,HQ + A+B+C+D+E,total_groups_6,6 total groups,full_route,HQ + A+B+C+D+E,B_evidence_support_rating,D_overall_founder_quality,1.0,48,48
competition,hq_plus_a_b_c_d_e,HQ + A+B+C+D+E,total_groups_6,6 total groups,full_route,HQ + A+B+C+D+E,B_evidence_support_rating,E_evidence_support_rating,1.0,48,48
competition,hq_plus_a_b_c_d_e,HQ + A+B+C+D+E,total_groups_6,6 total groups,full_route,HQ + A+B+C+D+E,B_evidence_support_rating,E_hidden_risk,1.0,48,48
competition,hq_plus_a_b_c_d_e,HQ + A+B+C+D+E,total_groups_6,6 total groups,full_route,HQ + A+B+C+D+E,B_evidence_support_rating,E_hidden_upside,1.0,48,48
competition,hq_plus_a_b_c_d_e,HQ + A+B+C+D+E,total_groups_6,6 total groups,full_route,HQ + A+B+C+D+E,B_evidence_support_rating,best_degree_prestige,0.0,48,48
competition,hq_plus_a_b_c_d_e,HQ + A+B+C+D+E,total_groups_6,6 total groups,full_route,HQ + A+B+C+D+E,B_evidence_support_rating,comfort_index,0.0,48,48
competition,hq_plus_a_b_c_d_e,HQ + A+B+C+D+E,total_groups_6,6 total groups,full_route,HQ + A+B+C+D+E,B_evidence_support_rating,company_size_is_growing,0.0,48,48
competition,hq_plus_a_b_c_d_e,HQ + A+B+C+D+E,total_groups_6,6 total groups,full_route,HQ + A+B+C+D+E,B_evidence_support_rating,degree_level,0.0,48,48
competition,hq_plus_a_b_c_d_e,HQ + A+B+C+D+E,total_groups_6,6 total groups,full_route,HQ + A+B+C+D+E,B_evidence_support_rating,edu_prestige_tier,0.0,48,48
competition,hq_plus_a_b_c_d_e,HQ + A+B+C+D+E,total_groups_6,6 total groups,full_route,HQ + A+B+C+D+E,B_evidence_support_rating,exit_count,0.0,48,48
competition,hq_plus_a_b_c_d_e,HQ + A+B+C+D+E,total_groups_6,6 total groups,full_route,HQ + A+B+C+D+E,B_evidence_support_rating,exit_x_serial,0.0,48,48
competition,hq_plus_a_b_c_d_e,HQ + A+B+C+D+E,total_groups_6,6 total groups,full_route,HQ + A+B+C+D+E,B_evidence_support_rating,field_relevance_score,0.0,48,48
competition,hq_plus_a_b_c_d_e,HQ + A+B+C+D+E,total_groups_6,6 total groups,full_route,HQ + A+B+C+D+E,B_evidence_support_rating,founding_role_count,0.0,48,48
competition,hq_plus_a_b_c_d_e,HQ + A+B+C+D+E,total_groups_6,6 total groups,full_route,HQ + A+B+C+D+E,B_evidence_support_rating,founding_timing,0.0,48,48
competition,hq_plus_a_b_c_d_e,HQ + A+B+C+D+E,total_groups_6,6 total groups,full_route,HQ + A+B+C+D+E,B_evidence_support_rating,has_prior_acquisition,0.0,48,48
competition,hq_plus_a_b_c_d_e,HQ + A+B+C+D+E,total_groups_6,6 total groups,full_route,HQ + A+B+C+D+E,B_evidence_support_rating,has_prior_ipo,0.0,48,48
competition,hq_plus_a_b_c_d_e,HQ + A+B+C+D+E,total_groups_6,6 total groups,full_route,HQ + A+B+C+D+E,B_evidence_support_rating,industry_alignment,0.0,48,48
competition,hq_plus_a_b_c_d_e,HQ + A+B+C+D+E,total_groups_6,6 total groups,full_route,HQ + A+B+C+D+E,B_evidence_support_rating,industry_pivot_count,0.0,48,48
competition,hq_plus_a_b_c_d_e,HQ + A+B+C+D+E,total_groups_6,6 total groups,full_route,HQ + A+B+C+D+E,B_evidence_support_rating,industry_prestige_penalty,0.0,48,48
competition,hq_plus_a_b_c_d_e,HQ + A+B+C+D+E,total_groups_6,6 total groups,full_route,HQ + A+B+C+D+E,B_evidence_support_rating,is_serial_founder,0.0,48,48
competition,hq_plus_a_b_c_d_e,HQ + A+B+C+D+E,total_groups_6,6 total groups,full_route,HQ + A+B+C+D+E,B_evidence_support_rating,longest_founding_tenure,0.0,48,48
competition,hq_plus_a_b_c_d_e,HQ + A+B+C+D+E,total_groups_6,6 total groups,full_route,HQ + A+B+C+D+E,B_evidence_support_rating,max_company_size_before_founding,0.0,48,48
competition,hq_plus_a_b_c_d_e,HQ + A+B+C+D+E,total_groups_6,6 total groups,full_route,HQ + A+B+C+D+E,B_evidence_support_rating,max_seniority_reached,0.0,48,48
competition,hq_plus_a_b_c_d_e,HQ + A+B+C+D+E,total_groups_6,6 total groups,full_route,HQ + A+B+C+D+E,B_evidence_support_rating,persistence_score,0.0,48,48
competition,hq_plus_a_b_c_d_e,HQ + A+B+C+D+E,total_groups_6,6 total groups,full_route,HQ + A+B+C+D+E,B_evidence_support_rating,prestige_sacrifice_score,0.0,48,48
competition,hq_plus_a_b_c_d_e,HQ + A+B+C+D+E,total_groups_6,6 total groups,full_route,HQ + A+B+C+D+E,B_evidence_support_rating,prestige_x_relevance,0.0,48,48
competition,hq_plus_a_b_c_d_e,HQ + A+B+C+D+E,total_groups_6,6 total groups,full_route,HQ + A+B+C+D+E,B_evidence_support_rating,repeat_founding_gap,0.0,48,48
competition,hq_plus_a_b_c_d_e,HQ + A+B+C+D+E,total_groups_6,6 total groups,full_route,HQ + A+B+C+D+E,B_evidence_support_rating,restlessness_score,0.0,48,48
competition,hq_plus_a_b_c_d_e,HQ + A+B+C+D+E,total_groups_6,6 total groups,full_route,HQ + A+B+C+D+E,B_evidence_support_rating,sacrifice_x_serial,0.0,48,48
competition,hq_plus_a_b_c_d_e,HQ + A+B+C+D+E,total_groups_6,6 total groups,full_route,HQ + A+B+C+D+E,B_evidence_support_rating,seniority_is_monotone,0.0,48,48
competition,hq_plus_a_b_c_d_e,HQ + A+B+C+D+E,total_groups_6,6 total groups,full_route,HQ + A+B+C+D+E,B_evidence_support_rating,stem_flag,0.0,48,48
competition,hq_plus_a_b_c_d_e,HQ + A+B+C+D+E,total_groups_6,6 total groups,full_route,HQ + A+B+C+D+E,B_evidence_support_rating,total_inferred_experience,0.0,48,48
competition,hq_plus_a_b_c_d_e,HQ + A+B+C+D+E,total_groups_6,6 total groups,full_route,HQ + A+B+C+D+E,B_evidence_support_rating,years_in_large_company,0.0,48,48
competition,hq_plus_a_b_c_d_e,HQ + A+B+C+D+E,total_groups_6,6 total groups,full_route,HQ + A+B+C+D+E,B_rubric_score,C_evidence_support_rating,1.0,48,48
competition,hq_plus_a_b_c_d_e,HQ + A+B+C+D+E,total_groups_6,6 total groups,full_route,HQ + A+B+C+D+E,B_rubric_score,C_latent_risk,1.0,48,48
competition,hq_plus_a_b_c_d_e,HQ + A+B+C+D+E,total_groups_6,6 total groups,full_route,HQ + A+B+C+D+E,B_rubric_score,C_latent_strength,1.0,48,48
competition,hq_plus_a_b_c_d_e,HQ + A+B+C+D+E,total_groups_6,6 total groups,full_route,HQ + A+B+C+D+E,B_rubric_score,D_evidence_support_rating,1.0,48,48
competition,hq_plus_a_b_c_d_e,HQ + A+B+C+D+E,total_groups_6,6 total groups,full_route,HQ + A+B+C+D+E,B_rubric_score,D_overall_founder_quality,1.0,48,48
competition,hq_plus_a_b_c_d_e,HQ + A+B+C+D+E,total_groups_6,6 total groups,full_route,HQ + A+B+C+D+E,B_rubric_score,E_evidence_support_rating,1.0,48,48
competition,hq_plus_a_b_c_d_e,HQ + A+B+C+D+E,total_groups_6,6 total groups,full_route,HQ + A+B+C+D+E,B_rubric_score,E_hidden_risk,1.0,48,48
competition,hq_plus_a_b_c_d_e,HQ + A+B+C+D+E,total_groups_6,6 total groups,full_route,HQ + A+B+C+D+E,B_rubric_score,E_hidden_upside,1.0,48,48
competition,hq_plus_a_b_c_d_e,HQ + A+B+C+D+E,total_groups_6,6 total groups,full_route,HQ + A+B+C+D+E,B_rubric_score,best_degree_prestige,0.0,48,48
competition,hq_plus_a_b_c_d_e,HQ + A+B+C+D+E,total_groups_6,6 total groups,full_route,HQ + A+B+C+D+E,B_rubric_score,comfort_index,0.0,48,48
competition,hq_plus_a_b_c_d_e,HQ + A+B+C+D+E,total_groups_6,6 total groups,full_route,HQ + A+B+C+D+E,B_rubric_score,company_size_is_growing,0.0,48,48
competition,hq_plus_a_b_c_d_e,HQ + A+B+C+D+E,total_groups_6,6 total groups,full_route,HQ + A+B+C+D+E,B_rubric_score,degree_level,0.0,48,48
competition,hq_plus_a_b_c_d_e,HQ + A+B+C+D+E,total_groups_6,6 total groups,full_route,HQ + A+B+C+D+E,B_rubric_score,edu_prestige_tier,0.0,48,48
competition,hq_plus_a_b_c_d_e,HQ + A+B+C+D+E,total_groups_6,6 total groups,full_route,HQ + A+B+C+D+E,B_rubric_score,exit_count,0.0,48,48
competition,hq_plus_a_b_c_d_e,HQ + A+B+C+D+E,total_groups_6,6 total groups,full_route,HQ + A+B+C+D+E,B_rubric_score,exit_x_serial,0.0,48,48
competition,hq_plus_a_b_c_d_e,HQ + A+B+C+D+E,total_groups_6,6 total groups,full_route,HQ + A+B+C+D+E,B_rubric_score,field_relevance_score,0.0,48,48
competition,hq_plus_a_b_c_d_e,HQ + A+B+C+D+E,total_groups_6,6 total groups,full_route,HQ + A+B+C+D+E,B_rubric_score,founding_role_count,0.0,48,48
competition,hq_plus_a_b_c_d_e,HQ + A+B+C+D+E,total_groups_6,6 total groups,full_route,HQ + A+B+C+D+E,B_rubric_score,founding_timing,0.0,48,48
competition,hq_plus_a_b_c_d_e,HQ + A+B+C+D+E,total_groups_6,6 total groups,full_route,HQ + A+B+C+D+E,B_rubric_score,has_prior_acquisition,0.0,48,48
competition,hq_plus_a_b_c_d_e,HQ + A+B+C+D+E,total_groups_6,6 total groups,full_route,HQ + A+B+C+D+E,B_rubric_score,has_prior_ipo,0.0,48,48
competition,hq_plus_a_b_c_d_e,HQ + A+B+C+D+E,total_groups_6,6 total groups,full_route,HQ + A+B+C+D+E,B_rubric_score,industry_alignment,0.0,48,48
competition,hq_plus_a_b_c_d_e,HQ + A+B+C+D+E,total_groups_6,6 total groups,full_route,HQ + A+B+C+D+E,B_rubric_score,industry_pivot_count,0.0,48,48
competition,hq_plus_a_b_c_d_e,HQ + A+B+C+D+E,total_groups_6,6 total groups,full_route,HQ + A+B+C+D+E,B_rubric_score,industry_prestige_penalty,0.0,48,48
competition,hq_plus_a_b_c_d_e,HQ + A+B+C+D+E,total_groups_6,6 total groups,full_route,HQ + A+B+C+D+E,B_rubric_score,is_serial_founder,0.0,48,48
competition,hq_plus_a_b_c_d_e,HQ + A+B+C+D+E,total_groups_6,6 total groups,full_route,HQ + A+B+C+D+E,B_rubric_score,longest_founding_tenure,0.0,48,48
competition,hq_plus_a_b_c_d_e,HQ + A+B+C+D+E,total_groups_6,6 total groups,full_route,HQ + A+B+C+D+E,B_rubric_score,max_company_size_before_founding,0.0,48,48
competition,hq_plus_a_b_c_d_e,HQ + A+B+C+D+E,total_groups_6,6 total groups,full_route,HQ + A+B+C+D+E,B_rubric_score,max_seniority_reached,0.0,48,48
competition,hq_plus_a_b_c_d_e,HQ + A+B+C+D+E,total_groups_6,6 total groups,full_route,HQ + A+B+C+D+E,B_rubric_score,persistence_score,0.0,48,48
competition,hq_plus_a_b_c_d_e,HQ + A+B+C+D+E,total_groups_6,6 total groups,full_route,HQ + A+B+C+D+E,B_rubric_score,prestige_sacrifice_score,0.0,48,48
competition,hq_plus_a_b_c_d_e,HQ + A+B+C+D+E,total_groups_6,6 total groups,full_route,HQ + A+B+C+D+E,B_rubric_score,prestige_x_relevance,0.0,48,48
competition,hq_plus_a_b_c_d_e,HQ + A+B+C+D+E,total_groups_6,6 total groups,full_route,HQ + A+B+C+D+E,B_rubric_score,repeat_founding_gap,0.0,48,48
competition,hq_plus_a_b_c_d_e,HQ + A+B+C+D+E,total_groups_6,6 total groups,full_route,HQ + A+B+C+D+E,B_rubric_score,restlessness_score,0.0,48,48
competition,hq_plus_a_b_c_d_e,HQ + A+B+C+D+E,total_groups_6,6 total groups,full_route,HQ + A+B+C+D+E,B_rubric_score,sacrifice_x_serial,0.0,48,48
competition,hq_plus_a_b_c_d_e,HQ + A+B+C+D+E,total_groups_6,6 total groups,full_route,HQ + A+B+C+D+E,B_rubric_score,seniority_is_monotone,0.0,48,48
competition,hq_plus_a_b_c_d_e,HQ + A+B+C+D+E,total_groups_6,6 total groups,full_route,HQ + A+B+C+D+E,B_rubric_score,stem_flag,0.0,48,48
competition,hq_plus_a_b_c_d_e,HQ + A+B+C+D+E,total_groups_6,6 total groups,full_route,HQ + A+B+C+D+E,B_rubric_score,total_inferred_experience,0.0,48,48
competition,hq_plus_a_b_c_d_e,HQ + A+B+C+D+E,total_groups_6,6 total groups,full_route,HQ + A+B+C+D+E,B_rubric_score,years_in_large_company,0.0,48,48
competition,hq_plus_a_b_c_d_e,HQ + A+B+C+D+E,total_groups_6,6 total groups,full_route,HQ + A+B+C+D+E,C_evidence_support_rating,C_latent_risk,1.0,48,48
competition,hq_plus_a_b_c_d_e,HQ + A+B+C+D+E,total_groups_6,6 total groups,full_route,HQ + A+B+C+D+E,C_evidence_support_rating,C_latent_strength,1.0,48,48
competition,hq_plus_a_b_c_d_e,HQ + A+B+C+D+E,total_groups_6,6 total groups,full_route,HQ + A+B+C+D+E,C_evidence_support_rating,D_evidence_support_rating,1.0,48,48
competition,hq_plus_a_b_c_d_e,HQ + A+B+C+D+E,total_groups_6,6 total groups,full_route,HQ + A+B+C+D+E,C_evidence_support_rating,D_overall_founder_quality,1.0,48,48
competition,hq_plus_a_b_c_d_e,HQ + A+B+C+D+E,total_groups_6,6 total groups,full_route,HQ + A+B+C+D+E,C_evidence_support_rating,E_evidence_support_rating,1.0,48,48
competition,hq_plus_a_b_c_d_e,HQ + A+B+C+D+E,total_groups_6,6 total groups,full_route,HQ + A+B+C+D+E,C_evidence_support_rating,E_hidden_risk,1.0,48,48
competition,hq_plus_a_b_c_d_e,HQ + A+B+C+D+E,total_groups_6,6 total groups,full_route,HQ + A+B+C+D+E,C_evidence_support_rating,E_hidden_upside,1.0,48,48
competition,hq_plus_a_b_c_d_e,HQ + A+B+C+D+E,total_groups_6,6 total groups,full_route,HQ + A+B+C+D+E,C_evidence_support_rating,best_degree_prestige,0.0,48,48
competition,hq_plus_a_b_c_d_e,HQ + A+B+C+D+E,total_groups_6,6 total groups,full_route,HQ + A+B+C+D+E,C_evidence_support_rating,comfort_index,0.0,48,48
competition,hq_plus_a_b_c_d_e,HQ + A+B+C+D+E,total_groups_6,6 total groups,full_route,HQ + A+B+C+D+E,C_evidence_support_rating,company_size_is_growing,0.0,48,48
competition,hq_plus_a_b_c_d_e,HQ + A+B+C+D+E,total_groups_6,6 total groups,full_route,HQ + A+B+C+D+E,C_evidence_support_rating,degree_level,0.0,48,48
competition,hq_plus_a_b_c_d_e,HQ + A+B+C+D+E,total_groups_6,6 total groups,full_route,HQ + A+B+C+D+E,C_evidence_support_rating,edu_prestige_tier,0.0,48,48
competition,hq_plus_a_b_c_d_e,HQ + A+B+C+D+E,total_groups_6,6 total groups,full_route,HQ + A+B+C+D+E,C_evidence_support_rating,exit_count,0.0,48,48
competition,hq_plus_a_b_c_d_e,HQ + A+B+C+D+E,total_groups_6,6 total groups,full_route,HQ + A+B+C+D+E,C_evidence_support_rating,exit_x_serial,0.0,48,48
competition,hq_plus_a_b_c_d_e,HQ + A+B+C+D+E,total_groups_6,6 total groups,full_route,HQ + A+B+C+D+E,C_evidence_support_rating,field_relevance_score,0.0,48,48
competition,hq_plus_a_b_c_d_e,HQ + A+B+C+D+E,total_groups_6,6 total groups,full_route,HQ + A+B+C+D+E,C_evidence_support_rating,founding_role_count,0.0,48,48
competition,hq_plus_a_b_c_d_e,HQ + A+B+C+D+E,total_groups_6,6 total groups,full_route,HQ + A+B+C+D+E,C_evidence_support_rating,founding_timing,0.0,48,48
competition,hq_plus_a_b_c_d_e,HQ + A+B+C+D+E,total_groups_6,6 total groups,full_route,HQ + A+B+C+D+E,C_evidence_support_rating,has_prior_acquisition,0.0,48,48
competition,hq_plus_a_b_c_d_e,HQ + A+B+C+D+E,total_groups_6,6 total groups,full_route,HQ + A+B+C+D+E,C_evidence_support_rating,has_prior_ipo,0.0,48,48
competition,hq_plus_a_b_c_d_e,HQ + A+B+C+D+E,total_groups_6,6 total groups,full_route,HQ + A+B+C+D+E,C_evidence_support_rating,industry_alignment,0.0,48,48
competition,hq_plus_a_b_c_d_e,HQ + A+B+C+D+E,total_groups_6,6 total groups,full_route,HQ + A+B+C+D+E,C_evidence_support_rating,industry_pivot_count,0.0,48,48
competition,hq_plus_a_b_c_d_e,HQ + A+B+C+D+E,total_groups_6,6 total groups,full_route,HQ + A+B+C+D+E,C_evidence_support_rating,industry_prestige_penalty,0.0,48,48
competition,hq_plus_a_b_c_d_e,HQ + A+B+C+D+E,total_groups_6,6 total groups,full_route,HQ + A+B+C+D+E,C_evidence_support_rating,is_serial_founder,0.0,48,48
competition,hq_plus_a_b_c_d_e,HQ + A+B+C+D+E,total_groups_6,6 total groups,full_route,HQ + A+B+C+D+E,C_evidence_support_rating,longest_founding_tenure,0.0,48,48
competition,hq_plus_a_b_c_d_e,HQ + A+B+C+D+E,total_groups_6,6 total groups,full_route,HQ + A+B+C+D+E,C_evidence_support_rating,max_company_size_before_founding,0.0,48,48
competition,hq_plus_a_b_c_d_e,HQ + A+B+C+D+E,total_groups_6,6 total groups,full_route,HQ + A+B+C+D+E,C_evidence_support_rating,max_seniority_reached,0.0,48,48
competition,hq_plus_a_b_c_d_e,HQ + A+B+C+D+E,total_groups_6,6 total groups,full_route,HQ + A+B+C+D+E,C_evidence_support_rating,persistence_score,0.0,48,48
competition,hq_plus_a_b_c_d_e,HQ + A+B+C+D+E,total_groups_6,6 total groups,full_route,HQ + A+B+C+D+E,C_evidence_support_rating,prestige_sacrifice_score,0.0,48,48
competition,hq_plus_a_b_c_d_e,HQ + A+B+C+D+E,total_groups_6,6 total groups,full_route,HQ + A+B+C+D+E,C_evidence_support_rating,prestige_x_relevance,0.0,48,48
competition,hq_plus_a_b_c_d_e,HQ + A+B+C+D+E,total_groups_6,6 total groups,full_route,HQ + A+B+C+D+E,C_evidence_support_rating,repeat_founding_gap,0.0,48,48
competition,hq_plus_a_b_c_d_e,HQ + A+B+C+D+E,total_groups_6,6 total groups,full_route,HQ + A+B+C+D+E,C_evidence_support_rating,restlessness_score,0.0,48,48
competition,hq_plus_a_b_c_d_e,HQ + A+B+C+D+E,total_groups_6,6 total groups,full_route,HQ + A+B+C+D+E,C_evidence_support_rating,sacrifice_x_serial,0.0,48,48
competition,hq_plus_a_b_c_d_e,HQ + A+B+C+D+E,total_groups_6,6 total groups,full_route,HQ + A+B+C+D+E,C_evidence_support_rating,seniority_is_monotone,0.0,48,48
competition,hq_plus_a_b_c_d_e,HQ + A+B+C+D+E,total_groups_6,6 total groups,full_route,HQ + A+B+C+D+E,C_evidence_support_rating,stem_flag,0.0,48,48
competition,hq_plus_a_b_c_d_e,HQ + A+B+C+D+E,total_groups_6,6 total groups,full_route,HQ + A+B+C+D+E,C_evidence_support_rating,total_inferred_experience,0.0,48,48
competition,hq_plus_a_b_c_d_e,HQ + A+B+C+D+E,total_groups_6,6 total groups,full_route,HQ + A+B+C+D+E,C_evidence_support_rating,years_in_large_company,0.0,48,48
competition,hq_plus_a_b_c_d_e,HQ + A+B+C+D+E,total_groups_6,6 total groups,full_route,HQ + A+B+C+D+E,C_latent_risk,C_latent_strength,1.0,48,48
competition,hq_plus_a_b_c_d_e,HQ + A+B+C+D+E,total_groups_6,6 total groups,full_route,HQ + A+B+C+D+E,C_latent_risk,D_evidence_support_rating,1.0,48,48
competition,hq_plus_a_b_c_d_e,HQ + A+B+C+D+E,total_groups_6,6 total groups,full_route,HQ + A+B+C+D+E,C_latent_risk,D_overall_founder_quality,1.0,48,48
competition,hq_plus_a_b_c_d_e,HQ + A+B+C+D+E,total_groups_6,6 total groups,full_route,HQ + A+B+C+D+E,C_latent_risk,E_evidence_support_rating,1.0,48,48
competition,hq_plus_a_b_c_d_e,HQ + A+B+C+D+E,total_groups_6,6 total groups,full_route,HQ + A+B+C+D+E,C_latent_risk,E_hidden_risk,1.0,48,48
competition,hq_plus_a_b_c_d_e,HQ + A+B+C+D+E,total_groups_6,6 total groups,full_route,HQ + A+B+C+D+E,C_latent_risk,E_hidden_upside,1.0,48,48
competition,hq_plus_a_b_c_d_e,HQ + A+B+C+D+E,total_groups_6,6 total groups,full_route,HQ + A+B+C+D+E,C_latent_risk,best_degree_prestige,0.0,48,48
competition,hq_plus_a_b_c_d_e,HQ + A+B+C+D+E,total_groups_6,6 total groups,full_route,HQ + A+B+C+D+E,C_latent_risk,comfort_index,0.0,48,48
competition,hq_plus_a_b_c_d_e,HQ + A+B+C+D+E,total_groups_6,6 total groups,full_route,HQ + A+B+C+D+E,C_latent_risk,company_size_is_growing,0.0,48,48
competition,hq_plus_a_b_c_d_e,HQ + A+B+C+D+E,total_groups_6,6 total groups,full_route,HQ + A+B+C+D+E,C_latent_risk,degree_level,0.0,48,48
competition,hq_plus_a_b_c_d_e,HQ + A+B+C+D+E,total_groups_6,6 total groups,full_route,HQ + A+B+C+D+E,C_latent_risk,edu_prestige_tier,0.0,48,48
competition,hq_plus_a_b_c_d_e,HQ + A+B+C+D+E,total_groups_6,6 total groups,full_route,HQ + A+B+C+D+E,C_latent_risk,exit_count,0.0,48,48
competition,hq_plus_a_b_c_d_e,HQ + A+B+C+D+E,total_groups_6,6 total groups,full_route,HQ + A+B+C+D+E,C_latent_risk,exit_x_serial,0.0,48,48
competition,hq_plus_a_b_c_d_e,HQ + A+B+C+D+E,total_groups_6,6 total groups,full_route,HQ + A+B+C+D+E,C_latent_risk,field_relevance_score,0.0,48,48
competition,hq_plus_a_b_c_d_e,HQ + A+B+C+D+E,total_groups_6,6 total groups,full_route,HQ + A+B+C+D+E,C_latent_risk,founding_role_count,0.0,48,48
competition,hq_plus_a_b_c_d_e,HQ + A+B+C+D+E,total_groups_6,6 total groups,full_route,HQ + A+B+C+D+E,C_latent_risk,founding_timing,0.0,48,48
competition,hq_plus_a_b_c_d_e,HQ + A+B+C+D+E,total_groups_6,6 total groups,full_route,HQ + A+B+C+D+E,C_latent_risk,has_prior_acquisition,0.0,48,48
competition,hq_plus_a_b_c_d_e,HQ + A+B+C+D+E,total_groups_6,6 total groups,full_route,HQ + A+B+C+D+E,C_latent_risk,has_prior_ipo,0.0,48,48
competition,hq_plus_a_b_c_d_e,HQ + A+B+C+D+E,total_groups_6,6 total groups,full_route,HQ + A+B+C+D+E,C_latent_risk,industry_alignment,0.0,48,48
competition,hq_plus_a_b_c_d_e,HQ + A+B+C+D+E,total_groups_6,6 total groups,full_route,HQ + A+B+C+D+E,C_latent_risk,industry_pivot_count,0.0,48,48
competition,hq_plus_a_b_c_d_e,HQ + A+B+C+D+E,total_groups_6,6 total groups,full_route,HQ + A+B+C+D+E,C_latent_risk,industry_prestige_penalty,0.0,48,48
competition,hq_plus_a_b_c_d_e,HQ + A+B+C+D+E,total_groups_6,6 total groups,full_route,HQ + A+B+C+D+E,C_latent_risk,is_serial_founder,0.0,48,48
competition,hq_plus_a_b_c_d_e,HQ + A+B+C+D+E,total_groups_6,6 total groups,full_route,HQ + A+B+C+D+E,C_latent_risk,longest_founding_tenure,0.0,48,48
competition,hq_plus_a_b_c_d_e,HQ + A+B+C+D+E,total_groups_6,6 total groups,full_route,HQ + A+B+C+D+E,C_latent_risk,max_company_size_before_founding,0.0,48,48
competition,hq_plus_a_b_c_d_e,HQ + A+B+C+D+E,total_groups_6,6 total groups,full_route,HQ + A+B+C+D+E,C_latent_risk,max_seniority_reached,0.0,48,48
competition,hq_plus_a_b_c_d_e,HQ + A+B+C+D+E,total_groups_6,6 total groups,full_route,HQ + A+B+C+D+E,C_latent_risk,persistence_score,0.0,48,48
competition,hq_plus_a_b_c_d_e,HQ + A+B+C+D+E,total_groups_6,6 total groups,full_route,HQ + A+B+C+D+E,C_latent_risk,prestige_sacrifice_score,0.0,48,48
competition,hq_plus_a_b_c_d_e,HQ + A+B+C+D+E,total_groups_6,6 total groups,full_route,HQ + A+B+C+D+E,C_latent_risk,prestige_x_relevance,0.0,48,48
competition,hq_plus_a_b_c_d_e,HQ + A+B+C+D+E,total_groups_6,6 total groups,full_route,HQ + A+B+C+D+E,C_latent_risk,repeat_founding_gap,0.0,48,48
competition,hq_plus_a_b_c_d_e,HQ + A+B+C+D+E,total_groups_6,6 total groups,full_route,HQ + A+B+C+D+E,C_latent_risk,restlessness_score,0.0,48,48
competition,hq_plus_a_b_c_d_e,HQ + A+B+C+D+E,total_groups_6,6 total groups,full_route,HQ + A+B+C+D+E,C_latent_risk,sacrifice_x_serial,0.0,48,48
competition,hq_plus_a_b_c_d_e,HQ + A+B+C+D+E,total_groups_6,6 total groups,full_route,HQ + A+B+C+D+E,C_latent_risk,seniority_is_monotone,0.0,48,48
competition,hq_plus_a_b_c_d_e,HQ + A+B+C+D+E,total_groups_6,6 total groups,full_route,HQ + A+B+C+D+E,C_latent_risk,stem_flag,0.0,48,48
competition,hq_plus_a_b_c_d_e,HQ + A+B+C+D+E,total_groups_6,6 total groups,full_route,HQ + A+B+C+D+E,C_latent_risk,total_inferred_experience,0.0,48,48
competition,hq_plus_a_b_c_d_e,HQ + A+B+C+D+E,total_groups_6,6 total groups,full_route,HQ + A+B+C+D+E,C_latent_risk,years_in_large_company,0.0,48,48
competition,hq_plus_a_b_c_d_e,HQ + A+B+C+D+E,total_groups_6,6 total groups,full_route,HQ + A+B+C+D+E,C_latent_strength,D_evidence_support_rating,1.0,48,48
competition,hq_plus_a_b_c_d_e,HQ + A+B+C+D+E,total_groups_6,6 total groups,full_route,HQ + A+B+C+D+E,C_latent_strength,D_overall_founder_quality,1.0,48,48
competition,hq_plus_a_b_c_d_e,HQ + A+B+C+D+E,total_groups_6,6 total groups,full_route,HQ + A+B+C+D+E,C_latent_strength,E_evidence_support_rating,1.0,48,48
competition,hq_plus_a_b_c_d_e,HQ + A+B+C+D+E,total_groups_6,6 total groups,full_route,HQ + A+B+C+D+E,C_latent_strength,E_hidden_risk,1.0,48,48
competition,hq_plus_a_b_c_d_e,HQ + A+B+C+D+E,total_groups_6,6 total groups,full_route,HQ + A+B+C+D+E,C_latent_strength,E_hidden_upside,1.0,48,48
competition,hq_plus_a_b_c_d_e,HQ + A+B+C+D+E,total_groups_6,6 total groups,full_route,HQ + A+B+C+D+E,C_latent_strength,best_degree_prestige,0.0,48,48
competition,hq_plus_a_b_c_d_e,HQ + A+B+C+D+E,total_groups_6,6 total groups,full_route,HQ + A+B+C+D+E,C_latent_strength,comfort_index,0.0,48,48
competition,hq_plus_a_b_c_d_e,HQ + A+B+C+D+E,total_groups_6,6 total groups,full_route,HQ + A+B+C+D+E,C_latent_strength,company_size_is_growing,0.0,48,48
competition,hq_plus_a_b_c_d_e,HQ + A+B+C+D+E,total_groups_6,6 total groups,full_route,HQ + A+B+C+D+E,C_latent_strength,degree_level,0.0,48,48
competition,hq_plus_a_b_c_d_e,HQ + A+B+C+D+E,total_groups_6,6 total groups,full_route,HQ + A+B+C+D+E,C_latent_strength,edu_prestige_tier,0.0,48,48
competition,hq_plus_a_b_c_d_e,HQ + A+B+C+D+E,total_groups_6,6 total groups,full_route,HQ + A+B+C+D+E,C_latent_strength,exit_count,0.0,48,48
competition,hq_plus_a_b_c_d_e,HQ + A+B+C+D+E,total_groups_6,6 total groups,full_route,HQ + A+B+C+D+E,C_latent_strength,exit_x_serial,0.0,48,48
competition,hq_plus_a_b_c_d_e,HQ + A+B+C+D+E,total_groups_6,6 total groups,full_route,HQ + A+B+C+D+E,C_latent_strength,field_relevance_score,0.0,48,48
competition,hq_plus_a_b_c_d_e,HQ + A+B+C+D+E,total_groups_6,6 total groups,full_route,HQ + A+B+C+D+E,C_latent_strength,founding_role_count,0.0,48,48
competition,hq_plus_a_b_c_d_e,HQ + A+B+C+D+E,total_groups_6,6 total groups,full_route,HQ + A+B+C+D+E,C_latent_strength,founding_timing,0.0,48,48
competition,hq_plus_a_b_c_d_e,HQ + A+B+C+D+E,total_groups_6,6 total groups,full_route,HQ + A+B+C+D+E,C_latent_strength,has_prior_acquisition,0.0,48,48
competition,hq_plus_a_b_c_d_e,HQ + A+B+C+D+E,total_groups_6,6 total groups,full_route,HQ + A+B+C+D+E,C_latent_strength,has_prior_ipo,0.0,48,48
competition,hq_plus_a_b_c_d_e,HQ + A+B+C+D+E,total_groups_6,6 total groups,full_route,HQ + A+B+C+D+E,C_latent_strength,industry_alignment,0.0,48,48
competition,hq_plus_a_b_c_d_e,HQ + A+B+C+D+E,total_groups_6,6 total groups,full_route,HQ + A+B+C+D+E,C_latent_strength,industry_pivot_count,0.0,48,48
competition,hq_plus_a_b_c_d_e,HQ + A+B+C+D+E,total_groups_6,6 total groups,full_route,HQ + A+B+C+D+E,C_latent_strength,industry_prestige_penalty,0.0,48,48
competition,hq_plus_a_b_c_d_e,HQ + A+B+C+D+E,total_groups_6,6 total groups,full_route,HQ + A+B+C+D+E,C_latent_strength,is_serial_founder,0.0,48,48
competition,hq_plus_a_b_c_d_e,HQ + A+B+C+D+E,total_groups_6,6 total groups,full_route,HQ + A+B+C+D+E,C_latent_strength,longest_founding_tenure,0.0,48,48
competition,hq_plus_a_b_c_d_e,HQ + A+B+C+D+E,total_groups_6,6 total groups,full_route,HQ + A+B+C+D+E,C_latent_strength,max_company_size_before_founding,0.0,48,48
competition,hq_plus_a_b_c_d_e,HQ + A+B+C+D+E,total_groups_6,6 total groups,full_route,HQ + A+B+C+D+E,C_latent_strength,max_seniority_reached,0.0,48,48
competition,hq_plus_a_b_c_d_e,HQ + A+B+C+D+E,total_groups_6,6 total groups,full_route,HQ + A+B+C+D+E,C_latent_strength,persistence_score,0.0,48,48
competition,hq_plus_a_b_c_d_e,HQ + A+B+C+D+E,total_groups_6,6 total groups,full_route,HQ + A+B+C+D+E,C_latent_strength,prestige_sacrifice_score,0.0,48,48
competition,hq_plus_a_b_c_d_e,HQ + A+B+C+D+E,total_groups_6,6 total groups,full_route,HQ + A+B+C+D+E,C_latent_strength,prestige_x_relevance,0.0,48,48
competition,hq_plus_a_b_c_d_e,HQ + A+B+C+D+E,total_groups_6,6 total groups,full_route,HQ + A+B+C+D+E,C_latent_strength,repeat_founding_gap,0.0,48,48
competition,hq_plus_a_b_c_d_e,HQ + A+B+C+D+E,total_groups_6,6 total groups,full_route,HQ + A+B+C+D+E,C_latent_strength,restlessness_score,0.0,48,48
competition,hq_plus_a_b_c_d_e,HQ + A+B+C+D+E,total_groups_6,6 total groups,full_route,HQ + A+B+C+D+E,C_latent_strength,sacrifice_x_serial,0.0,48,48
competition,hq_plus_a_b_c_d_e,HQ + A+B+C+D+E,total_groups_6,6 total groups,full_route,HQ + A+B+C+D+E,C_latent_strength,seniority_is_monotone,0.0,48,48
competition,hq_plus_a_b_c_d_e,HQ + A+B+C+D+E,total_groups_6,6 total groups,full_route,HQ + A+B+C+D+E,C_latent_strength,stem_flag,0.0,48,48
competition,hq_plus_a_b_c_d_e,HQ + A+B+C+D+E,total_groups_6,6 total groups,full_route,HQ + A+B+C+D+E,C_latent_strength,total_inferred_experience,0.0,48,48
competition,hq_plus_a_b_c_d_e,HQ + A+B+C+D+E,total_groups_6,6 total groups,full_route,HQ + A+B+C+D+E,C_latent_strength,years_in_large_company,0.0,48,48
competition,hq_plus_a_b_c_d_e,HQ + A+B+C+D+E,total_groups_6,6 total groups,full_route,HQ + A+B+C+D+E,D_evidence_support_rating,D_overall_founder_quality,1.0,48,48
competition,hq_plus_a_b_c_d_e,HQ + A+B+C+D+E,total_groups_6,6 total groups,full_route,HQ + A+B+C+D+E,D_evidence_support_rating,E_evidence_support_rating,1.0,48,48
competition,hq_plus_a_b_c_d_e,HQ + A+B+C+D+E,total_groups_6,6 total groups,full_route,HQ + A+B+C+D+E,D_evidence_support_rating,E_hidden_risk,1.0,48,48
competition,hq_plus_a_b_c_d_e,HQ + A+B+C+D+E,total_groups_6,6 total groups,full_route,HQ + A+B+C+D+E,D_evidence_support_rating,E_hidden_upside,1.0,48,48
competition,hq_plus_a_b_c_d_e,HQ + A+B+C+D+E,total_groups_6,6 total groups,full_route,HQ + A+B+C+D+E,D_evidence_support_rating,best_degree_prestige,0.0,48,48
competition,hq_plus_a_b_c_d_e,HQ + A+B+C+D+E,total_groups_6,6 total groups,full_route,HQ + A+B+C+D+E,D_evidence_support_rating,comfort_index,0.0,48,48
competition,hq_plus_a_b_c_d_e,HQ + A+B+C+D+E,total_groups_6,6 total groups,full_route,HQ + A+B+C+D+E,D_evidence_support_rating,company_size_is_growing,0.0,48,48
competition,hq_plus_a_b_c_d_e,HQ + A+B+C+D+E,total_groups_6,6 total groups,full_route,HQ + A+B+C+D+E,D_evidence_support_rating,degree_level,0.0,48,48
competition,hq_plus_a_b_c_d_e,HQ + A+B+C+D+E,total_groups_6,6 total groups,full_route,HQ + A+B+C+D+E,D_evidence_support_rating,edu_prestige_tier,0.0,48,48
competition,hq_plus_a_b_c_d_e,HQ + A+B+C+D+E,total_groups_6,6 total groups,full_route,HQ + A+B+C+D+E,D_evidence_support_rating,exit_count,0.0,48,48
competition,hq_plus_a_b_c_d_e,HQ + A+B+C+D+E,total_groups_6,6 total groups,full_route,HQ + A+B+C+D+E,D_evidence_support_rating,exit_x_serial,0.0,48,48
competition,hq_plus_a_b_c_d_e,HQ + A+B+C+D+E,total_groups_6,6 total groups,full_route,HQ + A+B+C+D+E,D_evidence_support_rating,field_relevance_score,0.0,48,48
competition,hq_plus_a_b_c_d_e,HQ + A+B+C+D+E,total_groups_6,6 total groups,full_route,HQ + A+B+C+D+E,D_evidence_support_rating,founding_role_count,0.0,48,48
competition,hq_plus_a_b_c_d_e,HQ + A+B+C+D+E,total_groups_6,6 total groups,full_route,HQ + A+B+C+D+E,D_evidence_support_rating,founding_timing,0.0,48,48
competition,hq_plus_a_b_c_d_e,HQ + A+B+C+D+E,total_groups_6,6 total groups,full_route,HQ + A+B+C+D+E,D_evidence_support_rating,has_prior_acquisition,0.0,48,48
competition,hq_plus_a_b_c_d_e,HQ + A+B+C+D+E,total_groups_6,6 total groups,full_route,HQ + A+B+C+D+E,D_evidence_support_rating,has_prior_ipo,0.0,48,48
competition,hq_plus_a_b_c_d_e,HQ + A+B+C+D+E,total_groups_6,6 total groups,full_route,HQ + A+B+C+D+E,D_evidence_support_rating,industry_alignment,0.0,48,48
competition,hq_plus_a_b_c_d_e,HQ + A+B+C+D+E,total_groups_6,6 total groups,full_route,HQ + A+B+C+D+E,D_evidence_support_rating,industry_pivot_count,0.0,48,48
competition,hq_plus_a_b_c_d_e,HQ + A+B+C+D+E,total_groups_6,6 total groups,full_route,HQ + A+B+C+D+E,D_evidence_support_rating,industry_prestige_penalty,0.0,48,48
competition,hq_plus_a_b_c_d_e,HQ + A+B+C+D+E,total_groups_6,6 total groups,full_route,HQ + A+B+C+D+E,D_evidence_support_rating,is_serial_founder,0.0,48,48
competition,hq_plus_a_b_c_d_e,HQ + A+B+C+D+E,total_groups_6,6 total groups,full_route,HQ + A+B+C+D+E,D_evidence_support_rating,longest_founding_tenure,0.0,48,48
competition,hq_plus_a_b_c_d_e,HQ + A+B+C+D+E,total_groups_6,6 total groups,full_route,HQ + A+B+C+D+E,D_evidence_support_rating,max_company_size_before_founding,0.0,48,48
competition,hq_plus_a_b_c_d_e,HQ + A+B+C+D+E,total_groups_6,6 total groups,full_route,HQ + A+B+C+D+E,D_evidence_support_rating,max_seniority_reached,0.0,48,48
competition,hq_plus_a_b_c_d_e,HQ + A+B+C+D+E,total_groups_6,6 total groups,full_route,HQ + A+B+C+D+E,D_evidence_support_rating,persistence_score,0.0,48,48
competition,hq_plus_a_b_c_d_e,HQ + A+B+C+D+E,total_groups_6,6 total groups,full_route,HQ + A+B+C+D+E,D_evidence_support_rating,prestige_sacrifice_score,0.0,48,48
competition,hq_plus_a_b_c_d_e,HQ + A+B+C+D+E,total_groups_6,6 total groups,full_route,HQ + A+B+C+D+E,D_evidence_support_rating,prestige_x_relevance,0.0,48,48
competition,hq_plus_a_b_c_d_e,HQ + A+B+C+D+E,total_groups_6,6 total groups,full_route,HQ + A+B+C+D+E,D_evidence_support_rating,repeat_founding_gap,0.0,48,48
competition,hq_plus_a_b_c_d_e,HQ + A+B+C+D+E,total_groups_6,6 total groups,full_route,HQ + A+B+C+D+E,D_evidence_support_rating,restlessness_score,0.0,48,48
competition,hq_plus_a_b_c_d_e,HQ + A+B+C+D+E,total_groups_6,6 total groups,full_route,HQ + A+B+C+D+E,D_evidence_support_rating,sacrifice_x_serial,0.0,48,48
competition,hq_plus_a_b_c_d_e,HQ + A+B+C+D+E,total_groups_6,6 total groups,full_route,HQ + A+B+C+D+E,D_evidence_support_rating,seniority_is_monotone,0.0,48,48
competition,hq_plus_a_b_c_d_e,HQ + A+B+C+D+E,total_groups_6,6 total groups,full_route,HQ + A+B+C+D+E,D_evidence_support_rating,stem_flag,0.0,48,48
competition,hq_plus_a_b_c_d_e,HQ + A+B+C+D+E,total_groups_6,6 total groups,full_route,HQ + A+B+C+D+E,D_evidence_support_rating,total_inferred_experience,0.0,48,48
competition,hq_plus_a_b_c_d_e,HQ + A+B+C+D+E,total_groups_6,6 total groups,full_route,HQ + A+B+C+D+E,D_evidence_support_rating,years_in_large_company,0.0,48,48
competition,hq_plus_a_b_c_d_e,HQ + A+B+C+D+E,total_groups_6,6 total groups,full_route,HQ + A+B+C+D+E,D_overall_founder_quality,E_evidence_support_rating,1.0,48,48
competition,hq_plus_a_b_c_d_e,HQ + A+B+C+D+E,total_groups_6,6 total groups,full_route,HQ + A+B+C+D+E,D_overall_founder_quality,E_hidden_risk,1.0,48,48
competition,hq_plus_a_b_c_d_e,HQ + A+B+C+D+E,total_groups_6,6 total groups,full_route,HQ + A+B+C+D+E,D_overall_founder_quality,E_hidden_upside,1.0,48,48
competition,hq_plus_a_b_c_d_e,HQ + A+B+C+D+E,total_groups_6,6 total groups,full_route,HQ + A+B+C+D+E,D_overall_founder_quality,best_degree_prestige,0.0,48,48
competition,hq_plus_a_b_c_d_e,HQ + A+B+C+D+E,total_groups_6,6 total groups,full_route,HQ + A+B+C+D+E,D_overall_founder_quality,comfort_index,0.0,48,48
competition,hq_plus_a_b_c_d_e,HQ + A+B+C+D+E,total_groups_6,6 total groups,full_route,HQ + A+B+C+D+E,D_overall_founder_quality,company_size_is_growing,0.0,48,48
competition,hq_plus_a_b_c_d_e,HQ + A+B+C+D+E,total_groups_6,6 total groups,full_route,HQ + A+B+C+D+E,D_overall_founder_quality,degree_level,0.0,48,48
competition,hq_plus_a_b_c_d_e,HQ + A+B+C+D+E,total_groups_6,6 total groups,full_route,HQ + A+B+C+D+E,D_overall_founder_quality,edu_prestige_tier,0.0,48,48
competition,hq_plus_a_b_c_d_e,HQ + A+B+C+D+E,total_groups_6,6 total groups,full_route,HQ + A+B+C+D+E,D_overall_founder_quality,exit_count,0.0,48,48
competition,hq_plus_a_b_c_d_e,HQ + A+B+C+D+E,total_groups_6,6 total groups,full_route,HQ + A+B+C+D+E,D_overall_founder_quality,exit_x_serial,0.0,48,48
competition,hq_plus_a_b_c_d_e,HQ + A+B+C+D+E,total_groups_6,6 total groups,full_route,HQ + A+B+C+D+E,D_overall_founder_quality,field_relevance_score,0.0,48,48
competition,hq_plus_a_b_c_d_e,HQ + A+B+C+D+E,total_groups_6,6 total groups,full_route,HQ + A+B+C+D+E,D_overall_founder_quality,founding_role_count,0.0,48,48
competition,hq_plus_a_b_c_d_e,HQ + A+B+C+D+E,total_groups_6,6 total groups,full_route,HQ + A+B+C+D+E,D_overall_founder_quality,founding_timing,0.0,48,48
competition,hq_plus_a_b_c_d_e,HQ + A+B+C+D+E,total_groups_6,6 total groups,full_route,HQ + A+B+C+D+E,D_overall_founder_quality,has_prior_acquisition,0.0,48,48
competition,hq_plus_a_b_c_d_e,HQ + A+B+C+D+E,total_groups_6,6 total groups,full_route,HQ + A+B+C+D+E,D_overall_founder_quality,has_prior_ipo,0.0,48,48
competition,hq_plus_a_b_c_d_e,HQ + A+B+C+D+E,total_groups_6,6 total groups,full_route,HQ + A+B+C+D+E,D_overall_founder_quality,industry_alignment,0.0,48,48
competition,hq_plus_a_b_c_d_e,HQ + A+B+C+D+E,total_groups_6,6 total groups,full_route,HQ + A+B+C+D+E,D_overall_founder_quality,industry_pivot_count,0.0,48,48
competition,hq_plus_a_b_c_d_e,HQ + A+B+C+D+E,total_groups_6,6 total groups,full_route,HQ + A+B+C+D+E,D_overall_founder_quality,industry_prestige_penalty,0.0,48,48
competition,hq_plus_a_b_c_d_e,HQ + A+B+C+D+E,total_groups_6,6 total groups,full_route,HQ + A+B+C+D+E,D_overall_founder_quality,is_serial_founder,0.0,48,48
competition,hq_plus_a_b_c_d_e,HQ + A+B+C+D+E,total_groups_6,6 total groups,full_route,HQ + A+B+C+D+E,D_overall_founder_quality,longest_founding_tenure,0.0,48,48
competition,hq_plus_a_b_c_d_e,HQ + A+B+C+D+E,total_groups_6,6 total groups,full_route,HQ + A+B+C+D+E,D_overall_founder_quality,max_company_size_before_founding,0.0,48,48
competition,hq_plus_a_b_c_d_e,HQ + A+B+C+D+E,total_groups_6,6 total groups,full_route,HQ + A+B+C+D+E,D_overall_founder_quality,max_seniority_reached,0.0,48,48
competition,hq_plus_a_b_c_d_e,HQ + A+B+C+D+E,total_groups_6,6 total groups,full_route,HQ + A+B+C+D+E,D_overall_founder_quality,persistence_score,0.0,48,48
competition,hq_plus_a_b_c_d_e,HQ + A+B+C+D+E,total_groups_6,6 total groups,full_route,HQ + A+B+C+D+E,D_overall_founder_quality,prestige_sacrifice_score,0.0,48,48
competition,hq_plus_a_b_c_d_e,HQ + A+B+C+D+E,total_groups_6,6 total groups,full_route,HQ + A+B+C+D+E,D_overall_founder_quality,prestige_x_relevance,0.0,48,48
competition,hq_plus_a_b_c_d_e,HQ + A+B+C+D+E,total_groups_6,6 total groups,full_route,HQ + A+B+C+D+E,D_overall_founder_quality,repeat_founding_gap,0.0,48,48
competition,hq_plus_a_b_c_d_e,HQ + A+B+C+D+E,total_groups_6,6 total groups,full_route,HQ + A+B+C+D+E,D_overall_founder_quality,restlessness_score,0.0,48,48
competition,hq_plus_a_b_c_d_e,HQ + A+B+C+D+E,total_groups_6,6 total groups,full_route,HQ + A+B+C+D+E,D_overall_founder_quality,sacrifice_x_serial,0.0,48,48
competition,hq_plus_a_b_c_d_e,HQ + A+B+C+D+E,total_groups_6,6 total groups,full_route,HQ + A+B+C+D+E,D_overall_founder_quality,seniority_is_monotone,0.0,48,48
competition,hq_plus_a_b_c_d_e,HQ + A+B+C+D+E,total_groups_6,6 total groups,full_route,HQ + A+B+C+D+E,D_overall_founder_quality,stem_flag,0.0,48,48
competition,hq_plus_a_b_c_d_e,HQ + A+B+C+D+E,total_groups_6,6 total groups,full_route,HQ + A+B+C+D+E,D_overall_founder_quality,total_inferred_experience,0.0,48,48
competition,hq_plus_a_b_c_d_e,HQ + A+B+C+D+E,total_groups_6,6 total groups,full_route,HQ + A+B+C+D+E,D_overall_founder_quality,years_in_large_company,0.0,48,48
competition,hq_plus_a_b_c_d_e,HQ + A+B+C+D+E,total_groups_6,6 total groups,full_route,HQ + A+B+C+D+E,E_evidence_support_rating,E_hidden_risk,1.0,48,48
competition,hq_plus_a_b_c_d_e,HQ + A+B+C+D+E,total_groups_6,6 total groups,full_route,HQ + A+B+C+D+E,E_evidence_support_rating,E_hidden_upside,1.0,48,48
competition,hq_plus_a_b_c_d_e,HQ + A+B+C+D+E,total_groups_6,6 total groups,full_route,HQ + A+B+C+D+E,E_evidence_support_rating,best_degree_prestige,0.0,48,48
competition,hq_plus_a_b_c_d_e,HQ + A+B+C+D+E,total_groups_6,6 total groups,full_route,HQ + A+B+C+D+E,E_evidence_support_rating,comfort_index,0.0,48,48
competition,hq_plus_a_b_c_d_e,HQ + A+B+C+D+E,total_groups_6,6 total groups,full_route,HQ + A+B+C+D+E,E_evidence_support_rating,company_size_is_growing,0.0,48,48
competition,hq_plus_a_b_c_d_e,HQ + A+B+C+D+E,total_groups_6,6 total groups,full_route,HQ + A+B+C+D+E,E_evidence_support_rating,degree_level,0.0,48,48
competition,hq_plus_a_b_c_d_e,HQ + A+B+C+D+E,total_groups_6,6 total groups,full_route,HQ + A+B+C+D+E,E_evidence_support_rating,edu_prestige_tier,0.0,48,48
competition,hq_plus_a_b_c_d_e,HQ + A+B+C+D+E,total_groups_6,6 total groups,full_route,HQ + A+B+C+D+E,E_evidence_support_rating,exit_count,0.0,48,48
competition,hq_plus_a_b_c_d_e,HQ + A+B+C+D+E,total_groups_6,6 total groups,full_route,HQ + A+B+C+D+E,E_evidence_support_rating,exit_x_serial,0.0,48,48
competition,hq_plus_a_b_c_d_e,HQ + A+B+C+D+E,total_groups_6,6 total groups,full_route,HQ + A+B+C+D+E,E_evidence_support_rating,field_relevance_score,0.0,48,48
competition,hq_plus_a_b_c_d_e,HQ + A+B+C+D+E,total_groups_6,6 total groups,full_route,HQ + A+B+C+D+E,E_evidence_support_rating,founding_role_count,0.0,48,48
competition,hq_plus_a_b_c_d_e,HQ + A+B+C+D+E,total_groups_6,6 total groups,full_route,HQ + A+B+C+D+E,E_evidence_support_rating,founding_timing,0.0,48,48
competition,hq_plus_a_b_c_d_e,HQ + A+B+C+D+E,total_groups_6,6 total groups,full_route,HQ + A+B+C+D+E,E_evidence_support_rating,has_prior_acquisition,0.0,48,48
competition,hq_plus_a_b_c_d_e,HQ + A+B+C+D+E,total_groups_6,6 total groups,full_route,HQ + A+B+C+D+E,E_evidence_support_rating,has_prior_ipo,0.0,48,48
competition,hq_plus_a_b_c_d_e,HQ + A+B+C+D+E,total_groups_6,6 total groups,full_route,HQ + A+B+C+D+E,E_evidence_support_rating,industry_alignment,0.0,48,48
competition,hq_plus_a_b_c_d_e,HQ + A+B+C+D+E,total_groups_6,6 total groups,full_route,HQ + A+B+C+D+E,E_evidence_support_rating,industry_pivot_count,0.0,48,48
competition,hq_plus_a_b_c_d_e,HQ + A+B+C+D+E,total_groups_6,6 total groups,full_route,HQ + A+B+C+D+E,E_evidence_support_rating,industry_prestige_penalty,0.0,48,48
competition,hq_plus_a_b_c_d_e,HQ + A+B+C+D+E,total_groups_6,6 total groups,full_route,HQ + A+B+C+D+E,E_evidence_support_rating,is_serial_founder,0.0,48,48
competition,hq_plus_a_b_c_d_e,HQ + A+B+C+D+E,total_groups_6,6 total groups,full_route,HQ + A+B+C+D+E,E_evidence_support_rating,longest_founding_tenure,0.0,48,48
competition,hq_plus_a_b_c_d_e,HQ + A+B+C+D+E,total_groups_6,6 total groups,full_route,HQ + A+B+C+D+E,E_evidence_support_rating,max_company_size_before_founding,0.0,48,48
competition,hq_plus_a_b_c_d_e,HQ + A+B+C+D+E,total_groups_6,6 total groups,full_route,HQ + A+B+C+D+E,E_evidence_support_rating,max_seniority_reached,0.0,48,48
competition,hq_plus_a_b_c_d_e,HQ + A+B+C+D+E,total_groups_6,6 total groups,full_route,HQ + A+B+C+D+E,E_evidence_support_rating,persistence_score,0.0,48,48
competition,hq_plus_a_b_c_d_e,HQ + A+B+C+D+E,total_groups_6,6 total groups,full_route,HQ + A+B+C+D+E,E_evidence_support_rating,prestige_sacrifice_score,0.0,48,48
competition,hq_plus_a_b_c_d_e,HQ + A+B+C+D+E,total_groups_6,6 total groups,full_route,HQ + A+B+C+D+E,E_evidence_support_rating,prestige_x_relevance,0.0,48,48
competition,hq_plus_a_b_c_d_e,HQ + A+B+C+D+E,total_groups_6,6 total groups,full_route,HQ + A+B+C+D+E,E_evidence_support_rating,repeat_founding_gap,0.0,48,48
competition,hq_plus_a_b_c_d_e,HQ + A+B+C+D+E,total_groups_6,6 total groups,full_route,HQ + A+B+C+D+E,E_evidence_support_rating,restlessness_score,0.0,48,48
competition,hq_plus_a_b_c_d_e,HQ + A+B+C+D+E,total_groups_6,6 total groups,full_route,HQ + A+B+C+D+E,E_evidence_support_rating,sacrifice_x_serial,0.0,48,48
competition,hq_plus_a_b_c_d_e,HQ + A+B+C+D+E,total_groups_6,6 total groups,full_route,HQ + A+B+C+D+E,E_evidence_support_rating,seniority_is_monotone,0.0,48,48
competition,hq_plus_a_b_c_d_e,HQ + A+B+C+D+E,total_groups_6,6 total groups,full_route,HQ + A+B+C+D+E,E_evidence_support_rating,stem_flag,0.0,48,48
competition,hq_plus_a_b_c_d_e,HQ + A+B+C+D+E,total_groups_6,6 total groups,full_route,HQ + A+B+C+D+E,E_evidence_support_rating,total_inferred_experience,0.0,48,48
competition,hq_plus_a_b_c_d_e,HQ + A+B+C+D+E,total_groups_6,6 total groups,full_route,HQ + A+B+C+D+E,E_evidence_support_rating,years_in_large_company,0.0,48,48
competition,hq_plus_a_b_c_d_e,HQ + A+B+C+D+E,total_groups_6,6 total groups,full_route,HQ + A+B+C+D+E,E_hidden_risk,E_hidden_upside,1.0,48,48
competition,hq_plus_a_b_c_d_e,HQ + A+B+C+D+E,total_groups_6,6 total groups,full_route,HQ + A+B+C+D+E,E_hidden_risk,best_degree_prestige,0.0,48,48
competition,hq_plus_a_b_c_d_e,HQ + A+B+C+D+E,total_groups_6,6 total groups,full_route,HQ + A+B+C+D+E,E_hidden_risk,comfort_index,0.0,48,48
competition,hq_plus_a_b_c_d_e,HQ + A+B+C+D+E,total_groups_6,6 total groups,full_route,HQ + A+B+C+D+E,E_hidden_risk,company_size_is_growing,0.0,48,48
competition,hq_plus_a_b_c_d_e,HQ + A+B+C+D+E,total_groups_6,6 total groups,full_route,HQ + A+B+C+D+E,E_hidden_risk,degree_level,0.0,48,48
competition,hq_plus_a_b_c_d_e,HQ + A+B+C+D+E,total_groups_6,6 total groups,full_route,HQ + A+B+C+D+E,E_hidden_risk,edu_prestige_tier,0.0,48,48
competition,hq_plus_a_b_c_d_e,HQ + A+B+C+D+E,total_groups_6,6 total groups,full_route,HQ + A+B+C+D+E,E_hidden_risk,exit_count,0.0,48,48
competition,hq_plus_a_b_c_d_e,HQ + A+B+C+D+E,total_groups_6,6 total groups,full_route,HQ + A+B+C+D+E,E_hidden_risk,exit_x_serial,0.0,48,48
competition,hq_plus_a_b_c_d_e,HQ + A+B+C+D+E,total_groups_6,6 total groups,full_route,HQ + A+B+C+D+E,E_hidden_risk,field_relevance_score,0.0,48,48
competition,hq_plus_a_b_c_d_e,HQ + A+B+C+D+E,total_groups_6,6 total groups,full_route,HQ + A+B+C+D+E,E_hidden_risk,founding_role_count,0.0,48,48
competition,hq_plus_a_b_c_d_e,HQ + A+B+C+D+E,total_groups_6,6 total groups,full_route,HQ + A+B+C+D+E,E_hidden_risk,founding_timing,0.0,48,48
competition,hq_plus_a_b_c_d_e,HQ + A+B+C+D+E,total_groups_6,6 total groups,full_route,HQ + A+B+C+D+E,E_hidden_risk,has_prior_acquisition,0.0,48,48
competition,hq_plus_a_b_c_d_e,HQ + A+B+C+D+E,total_groups_6,6 total groups,full_route,HQ + A+B+C+D+E,E_hidden_risk,has_prior_ipo,0.0,48,48
competition,hq_plus_a_b_c_d_e,HQ + A+B+C+D+E,total_groups_6,6 total groups,full_route,HQ + A+B+C+D+E,E_hidden_risk,industry_alignment,0.0,48,48
competition,hq_plus_a_b_c_d_e,HQ + A+B+C+D+E,total_groups_6,6 total groups,full_route,HQ + A+B+C+D+E,E_hidden_risk,industry_pivot_count,0.0,48,48
competition,hq_plus_a_b_c_d_e,HQ + A+B+C+D+E,total_groups_6,6 total groups,full_route,HQ + A+B+C+D+E,E_hidden_risk,industry_prestige_penalty,0.0,48,48
competition,hq_plus_a_b_c_d_e,HQ + A+B+C+D+E,total_groups_6,6 total groups,full_route,HQ + A+B+C+D+E,E_hidden_risk,is_serial_founder,0.0,48,48
competition,hq_plus_a_b_c_d_e,HQ + A+B+C+D+E,total_groups_6,6 total groups,full_route,HQ + A+B+C+D+E,E_hidden_risk,longest_founding_tenure,0.0,48,48
competition,hq_plus_a_b_c_d_e,HQ + A+B+C+D+E,total_groups_6,6 total groups,full_route,HQ + A+B+C+D+E,E_hidden_risk,max_company_size_before_founding,0.0,48,48
competition,hq_plus_a_b_c_d_e,HQ + A+B+C+D+E,total_groups_6,6 total groups,full_route,HQ + A+B+C+D+E,E_hidden_risk,max_seniority_reached,0.0,48,48
competition,hq_plus_a_b_c_d_e,HQ + A+B+C+D+E,total_groups_6,6 total groups,full_route,HQ + A+B+C+D+E,E_hidden_risk,persistence_score,0.0,48,48
competition,hq_plus_a_b_c_d_e,HQ + A+B+C+D+E,total_groups_6,6 total groups,full_route,HQ + A+B+C+D+E,E_hidden_risk,prestige_sacrifice_score,0.0,48,48
competition,hq_plus_a_b_c_d_e,HQ + A+B+C+D+E,total_groups_6,6 total groups,full_route,HQ + A+B+C+D+E,E_hidden_risk,prestige_x_relevance,0.0,48,48
competition,hq_plus_a_b_c_d_e,HQ + A+B+C+D+E,total_groups_6,6 total groups,full_route,HQ + A+B+C+D+E,E_hidden_risk,repeat_founding_gap,0.0,48,48
competition,hq_plus_a_b_c_d_e,HQ + A+B+C+D+E,total_groups_6,6 total groups,full_route,HQ + A+B+C+D+E,E_hidden_risk,restlessness_score,0.0,48,48
competition,hq_plus_a_b_c_d_e,HQ + A+B+C+D+E,total_groups_6,6 total groups,full_route,HQ + A+B+C+D+E,E_hidden_risk,sacrifice_x_serial,0.0,48,48
competition,hq_plus_a_b_c_d_e,HQ + A+B+C+D+E,total_groups_6,6 total groups,full_route,HQ + A+B+C+D+E,E_hidden_risk,seniority_is_monotone,0.0,48,48
competition,hq_plus_a_b_c_d_e,HQ + A+B+C+D+E,total_groups_6,6 total groups,full_route,HQ + A+B+C+D+E,E_hidden_risk,stem_flag,0.0,48,48
competition,hq_plus_a_b_c_d_e,HQ + A+B+C+D+E,total_groups_6,6 total groups,full_route,HQ + A+B+C+D+E,E_hidden_risk,total_inferred_experience,0.0,48,48
competition,hq_plus_a_b_c_d_e,HQ + A+B+C+D+E,total_groups_6,6 total groups,full_route,HQ + A+B+C+D+E,E_hidden_risk,years_in_large_company,0.0,48,48
competition,hq_plus_a_b_c_d_e,HQ + A+B+C+D+E,total_groups_6,6 total groups,full_route,HQ + A+B+C+D+E,E_hidden_upside,best_degree_prestige,0.0,48,48
competition,hq_plus_a_b_c_d_e,HQ + A+B+C+D+E,total_groups_6,6 total groups,full_route,HQ + A+B+C+D+E,E_hidden_upside,comfort_index,0.0,48,48
competition,hq_plus_a_b_c_d_e,HQ + A+B+C+D+E,total_groups_6,6 total groups,full_route,HQ + A+B+C+D+E,E_hidden_upside,company_size_is_growing,0.0,48,48
competition,hq_plus_a_b_c_d_e,HQ + A+B+C+D+E,total_groups_6,6 total groups,full_route,HQ + A+B+C+D+E,E_hidden_upside,degree_level,0.0,48,48
competition,hq_plus_a_b_c_d_e,HQ + A+B+C+D+E,total_groups_6,6 total groups,full_route,HQ + A+B+C+D+E,E_hidden_upside,edu_prestige_tier,0.0,48,48
competition,hq_plus_a_b_c_d_e,HQ + A+B+C+D+E,total_groups_6,6 total groups,full_route,HQ + A+B+C+D+E,E_hidden_upside,exit_count,0.0,48,48
competition,hq_plus_a_b_c_d_e,HQ + A+B+C+D+E,total_groups_6,6 total groups,full_route,HQ + A+B+C+D+E,E_hidden_upside,exit_x_serial,0.0,48,48
competition,hq_plus_a_b_c_d_e,HQ + A+B+C+D+E,total_groups_6,6 total groups,full_route,HQ + A+B+C+D+E,E_hidden_upside,field_relevance_score,0.0,48,48
competition,hq_plus_a_b_c_d_e,HQ + A+B+C+D+E,total_groups_6,6 total groups,full_route,HQ + A+B+C+D+E,E_hidden_upside,founding_role_count,0.0,48,48
competition,hq_plus_a_b_c_d_e,HQ + A+B+C+D+E,total_groups_6,6 total groups,full_route,HQ + A+B+C+D+E,E_hidden_upside,founding_timing,0.0,48,48
competition,hq_plus_a_b_c_d_e,HQ + A+B+C+D+E,total_groups_6,6 total groups,full_route,HQ + A+B+C+D+E,E_hidden_upside,has_prior_acquisition,0.0,48,48
competition,hq_plus_a_b_c_d_e,HQ + A+B+C+D+E,total_groups_6,6 total groups,full_route,HQ + A+B+C+D+E,E_hidden_upside,has_prior_ipo,0.0,48,48
competition,hq_plus_a_b_c_d_e,HQ + A+B+C+D+E,total_groups_6,6 total groups,full_route,HQ + A+B+C+D+E,E_hidden_upside,industry_alignment,0.0,48,48
competition,hq_plus_a_b_c_d_e,HQ + A+B+C+D+E,total_groups_6,6 total groups,full_route,HQ + A+B+C+D+E,E_hidden_upside,industry_pivot_count,0.0,48,48
competition,hq_plus_a_b_c_d_e,HQ + A+B+C+D+E,total_groups_6,6 total groups,full_route,HQ + A+B+C+D+E,E_hidden_upside,industry_prestige_penalty,0.0,48,48
competition,hq_plus_a_b_c_d_e,HQ + A+B+C+D+E,total_groups_6,6 total groups,full_route,HQ + A+B+C+D+E,E_hidden_upside,is_serial_founder,0.0,48,48
competition,hq_plus_a_b_c_d_e,HQ + A+B+C+D+E,total_groups_6,6 total groups,full_route,HQ + A+B+C+D+E,E_hidden_upside,longest_founding_tenure,0.0,48,48
competition,hq_plus_a_b_c_d_e,HQ + A+B+C+D+E,total_groups_6,6 total groups,full_route,HQ + A+B+C+D+E,E_hidden_upside,max_company_size_before_founding,0.0,48,48
competition,hq_plus_a_b_c_d_e,HQ + A+B+C+D+E,total_groups_6,6 total groups,full_route,HQ + A+B+C+D+E,E_hidden_upside,max_seniority_reached,0.0,48,48
competition,hq_plus_a_b_c_d_e,HQ + A+B+C+D+E,total_groups_6,6 total groups,full_route,HQ + A+B+C+D+E,E_hidden_upside,persistence_score,0.0,48,48
competition,hq_plus_a_b_c_d_e,HQ + A+B+C+D+E,total_groups_6,6 total groups,full_route,HQ + A+B+C+D+E,E_hidden_upside,prestige_sacrifice_score,0.0,48,48
competition,hq_plus_a_b_c_d_e,HQ + A+B+C+D+E,total_groups_6,6 total groups,full_route,HQ + A+B+C+D+E,E_hidden_upside,prestige_x_relevance,0.0,48,48
competition,hq_plus_a_b_c_d_e,HQ + A+B+C+D+E,total_groups_6,6 total groups,full_route,HQ + A+B+C+D+E,E_hidden_upside,repeat_founding_gap,0.0,48,48
competition,hq_plus_a_b_c_d_e,HQ + A+B+C+D+E,total_groups_6,6 total groups,full_route,HQ + A+B+C+D+E,E_hidden_upside,restlessness_score,0.0,48,48
competition,hq_plus_a_b_c_d_e,HQ + A+B+C+D+E,total_groups_6,6 total groups,full_route,HQ + A+B+C+D+E,E_hidden_upside,sacrifice_x_serial,0.0,48,48
competition,hq_plus_a_b_c_d_e,HQ + A+B+C+D+E,total_groups_6,6 total groups,full_route,HQ + A+B+C+D+E,E_hidden_upside,seniority_is_monotone,0.0,48,48
competition,hq_plus_a_b_c_d_e,HQ + A+B+C+D+E,total_groups_6,6 total groups,full_route,HQ + A+B+C+D+E,E_hidden_upside,stem_flag,0.0,48,48
competition,hq_plus_a_b_c_d_e,HQ + A+B+C+D+E,total_groups_6,6 total groups,full_route,HQ + A+B+C+D+E,E_hidden_upside,total_inferred_experience,0.0,48,48
competition,hq_plus_a_b_c_d_e,HQ + A+B+C+D+E,total_groups_6,6 total groups,full_route,HQ + A+B+C+D+E,E_hidden_upside,years_in_large_company,0.0,48,48
competition,hq_plus_a_b_c_d_e,HQ + A+B+C+D+E,total_groups_6,6 total groups,full_route,HQ + A+B+C+D+E,best_degree_prestige,comfort_index,0.0,48,48
competition,hq_plus_a_b_c_d_e,HQ + A+B+C+D+E,total_groups_6,6 total groups,full_route,HQ + A+B+C+D+E,best_degree_prestige,company_size_is_growing,0.0,48,48
competition,hq_plus_a_b_c_d_e,HQ + A+B+C+D+E,total_groups_6,6 total groups,full_route,HQ + A+B+C+D+E,best_degree_prestige,degree_level,1.0,48,48
competition,hq_plus_a_b_c_d_e,HQ + A+B+C+D+E,total_groups_6,6 total groups,full_route,HQ + A+B+C+D+E,best_degree_prestige,edu_prestige_tier,1.0,48,48
competition,hq_plus_a_b_c_d_e,HQ + A+B+C+D+E,total_groups_6,6 total groups,full_route,HQ + A+B+C+D+E,best_degree_prestige,exit_count,0.0,48,48
competition,hq_plus_a_b_c_d_e,HQ + A+B+C+D+E,total_groups_6,6 total groups,full_route,HQ + A+B+C+D+E,best_degree_prestige,exit_x_serial,0.0,48,48
competition,hq_plus_a_b_c_d_e,HQ + A+B+C+D+E,total_groups_6,6 total groups,full_route,HQ + A+B+C+D+E,best_degree_prestige,field_relevance_score,1.0,48,48
competition,hq_plus_a_b_c_d_e,HQ + A+B+C+D+E,total_groups_6,6 total groups,full_route,HQ + A+B+C+D+E,best_degree_prestige,founding_role_count,0.0,48,48
competition,hq_plus_a_b_c_d_e,HQ + A+B+C+D+E,total_groups_6,6 total groups,full_route,HQ + A+B+C+D+E,best_degree_prestige,founding_timing,0.0,48,48
competition,hq_plus_a_b_c_d_e,HQ + A+B+C+D+E,total_groups_6,6 total groups,full_route,HQ + A+B+C+D+E,best_degree_prestige,has_prior_acquisition,0.0,48,48
competition,hq_plus_a_b_c_d_e,HQ + A+B+C+D+E,total_groups_6,6 total groups,full_route,HQ + A+B+C+D+E,best_degree_prestige,has_prior_ipo,0.0,48,48
competition,hq_plus_a_b_c_d_e,HQ + A+B+C+D+E,total_groups_6,6 total groups,full_route,HQ + A+B+C+D+E,best_degree_prestige,industry_alignment,0.0,48,48
competition,hq_plus_a_b_c_d_e,HQ + A+B+C+D+E,total_groups_6,6 total groups,full_route,HQ + A+B+C+D+E,best_degree_prestige,industry_pivot_count,0.0,48,48
competition,hq_plus_a_b_c_d_e,HQ + A+B+C+D+E,total_groups_6,6 total groups,full_route,HQ + A+B+C+D+E,best_degree_prestige,industry_prestige_penalty,1.0,48,48
competition,hq_plus_a_b_c_d_e,HQ + A+B+C+D+E,total_groups_6,6 total groups,full_route,HQ + A+B+C+D+E,best_degree_prestige,is_serial_founder,0.0,48,48
competition,hq_plus_a_b_c_d_e,HQ + A+B+C+D+E,total_groups_6,6 total groups,full_route,HQ + A+B+C+D+E,best_degree_prestige,longest_founding_tenure,0.0,48,48
competition,hq_plus_a_b_c_d_e,HQ + A+B+C+D+E,total_groups_6,6 total groups,full_route,HQ + A+B+C+D+E,best_degree_prestige,max_company_size_before_founding,0.0,48,48
competition,hq_plus_a_b_c_d_e,HQ + A+B+C+D+E,total_groups_6,6 total groups,full_route,HQ + A+B+C+D+E,best_degree_prestige,max_seniority_reached,0.0,48,48
competition,hq_plus_a_b_c_d_e,HQ + A+B+C+D+E,total_groups_6,6 total groups,full_route,HQ + A+B+C+D+E,best_degree_prestige,persistence_score,0.0,48,48
competition,hq_plus_a_b_c_d_e,HQ + A+B+C+D+E,total_groups_6,6 total groups,full_route,HQ + A+B+C+D+E,best_degree_prestige,prestige_sacrifice_score,0.0,48,48
competition,hq_plus_a_b_c_d_e,HQ + A+B+C+D+E,total_groups_6,6 total groups,full_route,HQ + A+B+C+D+E,best_degree_prestige,prestige_x_relevance,1.0,48,48
competition,hq_plus_a_b_c_d_e,HQ + A+B+C+D+E,total_groups_6,6 total groups,full_route,HQ + A+B+C+D+E,best_degree_prestige,repeat_founding_gap,0.0,48,48
competition,hq_plus_a_b_c_d_e,HQ + A+B+C+D+E,total_groups_6,6 total groups,full_route,HQ + A+B+C+D+E,best_degree_prestige,restlessness_score,0.0,48,48
competition,hq_plus_a_b_c_d_e,HQ + A+B+C+D+E,total_groups_6,6 total groups,full_route,HQ + A+B+C+D+E,best_degree_prestige,sacrifice_x_serial,0.0,48,48
competition,hq_plus_a_b_c_d_e,HQ + A+B+C+D+E,total_groups_6,6 total groups,full_route,HQ + A+B+C+D+E,best_degree_prestige,seniority_is_monotone,0.0,48,48
competition,hq_plus_a_b_c_d_e,HQ + A+B+C+D+E,total_groups_6,6 total groups,full_route,HQ + A+B+C+D+E,best_degree_prestige,stem_flag,1.0,48,48
competition,hq_plus_a_b_c_d_e,HQ + A+B+C+D+E,total_groups_6,6 total groups,full_route,HQ + A+B+C+D+E,best_degree_prestige,total_inferred_experience,0.0,48,48
competition,hq_plus_a_b_c_d_e,HQ + A+B+C+D+E,total_groups_6,6 total groups,full_route,HQ + A+B+C+D+E,best_degree_prestige,years_in_large_company,0.0,48,48
competition,hq_plus_a_b_c_d_e,HQ + A+B+C+D+E,total_groups_6,6 total groups,full_route,HQ + A+B+C+D+E,comfort_index,company_size_is_growing,0.0,48,48
competition,hq_plus_a_b_c_d_e,HQ + A+B+C+D+E,total_groups_6,6 total groups,full_route,HQ + A+B+C+D+E,comfort_index,degree_level,0.0,48,48
competition,hq_plus_a_b_c_d_e,HQ + A+B+C+D+E,total_groups_6,6 total groups,full_route,HQ + A+B+C+D+E,comfort_index,edu_prestige_tier,0.0,48,48
competition,hq_plus_a_b_c_d_e,HQ + A+B+C+D+E,total_groups_6,6 total groups,full_route,HQ + A+B+C+D+E,comfort_index,exit_count,0.0,48,48
competition,hq_plus_a_b_c_d_e,HQ + A+B+C+D+E,total_groups_6,6 total groups,full_route,HQ + A+B+C+D+E,comfort_index,exit_x_serial,0.0,48,48
competition,hq_plus_a_b_c_d_e,HQ + A+B+C+D+E,total_groups_6,6 total groups,full_route,HQ + A+B+C+D+E,comfort_index,field_relevance_score,0.0,48,48
competition,hq_plus_a_b_c_d_e,HQ + A+B+C+D+E,total_groups_6,6 total groups,full_route,HQ + A+B+C+D+E,comfort_index,founding_role_count,0.0,48,48
competition,hq_plus_a_b_c_d_e,HQ + A+B+C+D+E,total_groups_6,6 total groups,full_route,HQ + A+B+C+D+E,comfort_index,founding_timing,0.0,48,48
competition,hq_plus_a_b_c_d_e,HQ + A+B+C+D+E,total_groups_6,6 total groups,full_route,HQ + A+B+C+D+E,comfort_index,has_prior_acquisition,0.0,48,48
competition,hq_plus_a_b_c_d_e,HQ + A+B+C+D+E,total_groups_6,6 total groups,full_route,HQ + A+B+C+D+E,comfort_index,has_prior_ipo,0.0,48,48
competition,hq_plus_a_b_c_d_e,HQ + A+B+C+D+E,total_groups_6,6 total groups,full_route,HQ + A+B+C+D+E,comfort_index,industry_alignment,0.0,48,48
competition,hq_plus_a_b_c_d_e,HQ + A+B+C+D+E,total_groups_6,6 total groups,full_route,HQ + A+B+C+D+E,comfort_index,industry_pivot_count,0.0,48,48
competition,hq_plus_a_b_c_d_e,HQ + A+B+C+D+E,total_groups_6,6 total groups,full_route,HQ + A+B+C+D+E,comfort_index,industry_prestige_penalty,0.0,48,48
competition,hq_plus_a_b_c_d_e,HQ + A+B+C+D+E,total_groups_6,6 total groups,full_route,HQ + A+B+C+D+E,comfort_index,is_serial_founder,0.0,48,48
competition,hq_plus_a_b_c_d_e,HQ + A+B+C+D+E,total_groups_6,6 total groups,full_route,HQ + A+B+C+D+E,comfort_index,longest_founding_tenure,0.0,48,48
competition,hq_plus_a_b_c_d_e,HQ + A+B+C+D+E,total_groups_6,6 total groups,full_route,HQ + A+B+C+D+E,comfort_index,max_company_size_before_founding,0.0,48,48
competition,hq_plus_a_b_c_d_e,HQ + A+B+C+D+E,total_groups_6,6 total groups,full_route,HQ + A+B+C+D+E,comfort_index,max_seniority_reached,0.0,48,48
competition,hq_plus_a_b_c_d_e,HQ + A+B+C+D+E,total_groups_6,6 total groups,full_route,HQ + A+B+C+D+E,comfort_index,persistence_score,0.0,48,48
competition,hq_plus_a_b_c_d_e,HQ + A+B+C+D+E,total_groups_6,6 total groups,full_route,HQ + A+B+C+D+E,comfort_index,prestige_sacrifice_score,0.0,48,48
competition,hq_plus_a_b_c_d_e,HQ + A+B+C+D+E,total_groups_6,6 total groups,full_route,HQ + A+B+C+D+E,comfort_index,prestige_x_relevance,0.0,48,48
competition,hq_plus_a_b_c_d_e,HQ + A+B+C+D+E,total_groups_6,6 total groups,full_route,HQ + A+B+C+D+E,comfort_index,repeat_founding_gap,0.0,48,48
competition,hq_plus_a_b_c_d_e,HQ + A+B+C+D+E,total_groups_6,6 total groups,full_route,HQ + A+B+C+D+E,comfort_index,restlessness_score,0.0,48,48
competition,hq_plus_a_b_c_d_e,HQ + A+B+C+D+E,total_groups_6,6 total groups,full_route,HQ + A+B+C+D+E,comfort_index,sacrifice_x_serial,0.0,48,48
competition,hq_plus_a_b_c_d_e,HQ + A+B+C+D+E,total_groups_6,6 total groups,full_route,HQ + A+B+C+D+E,comfort_index,seniority_is_monotone,0.0,48,48
competition,hq_plus_a_b_c_d_e,HQ + A+B+C+D+E,total_groups_6,6 total groups,full_route,HQ + A+B+C+D+E,comfort_index,stem_flag,0.0,48,48
competition,hq_plus_a_b_c_d_e,HQ + A+B+C+D+E,total_groups_6,6 total groups,full_route,HQ + A+B+C+D+E,comfort_index,total_inferred_experience,0.0,48,48
competition,hq_plus_a_b_c_d_e,HQ + A+B+C+D+E,total_groups_6,6 total groups,full_route,HQ + A+B+C+D+E,comfort_index,years_in_large_company,0.0,48,48
competition,hq_plus_a_b_c_d_e,HQ + A+B+C+D+E,total_groups_6,6 total groups,full_route,HQ + A+B+C+D+E,company_size_is_growing,degree_level,0.0,48,48
competition,hq_plus_a_b_c_d_e,HQ + A+B+C+D+E,total_groups_6,6 total groups,full_route,HQ + A+B+C+D+E,company_size_is_growing,edu_prestige_tier,0.0,48,48
competition,hq_plus_a_b_c_d_e,HQ + A+B+C+D+E,total_groups_6,6 total groups,full_route,HQ + A+B+C+D+E,company_size_is_growing,exit_count,0.0,48,48
competition,hq_plus_a_b_c_d_e,HQ + A+B+C+D+E,total_groups_6,6 total groups,full_route,HQ + A+B+C+D+E,company_size_is_growing,exit_x_serial,0.0,48,48
competition,hq_plus_a_b_c_d_e,HQ + A+B+C+D+E,total_groups_6,6 total groups,full_route,HQ + A+B+C+D+E,company_size_is_growing,field_relevance_score,0.0,48,48
competition,hq_plus_a_b_c_d_e,HQ + A+B+C+D+E,total_groups_6,6 total groups,full_route,HQ + A+B+C+D+E,company_size_is_growing,founding_role_count,1.0,48,48
competition,hq_plus_a_b_c_d_e,HQ + A+B+C+D+E,total_groups_6,6 total groups,full_route,HQ + A+B+C+D+E,company_size_is_growing,founding_timing,1.0,48,48
competition,hq_plus_a_b_c_d_e,HQ + A+B+C+D+E,total_groups_6,6 total groups,full_route,HQ + A+B+C+D+E,company_size_is_growing,has_prior_acquisition,0.0,48,48
competition,hq_plus_a_b_c_d_e,HQ + A+B+C+D+E,total_groups_6,6 total groups,full_route,HQ + A+B+C+D+E,company_size_is_growing,has_prior_ipo,0.0,48,48
competition,hq_plus_a_b_c_d_e,HQ + A+B+C+D+E,total_groups_6,6 total groups,full_route,HQ + A+B+C+D+E,company_size_is_growing,industry_alignment,1.0,48,48
competition,hq_plus_a_b_c_d_e,HQ + A+B+C+D+E,total_groups_6,6 total groups,full_route,HQ + A+B+C+D+E,company_size_is_growing,industry_pivot_count,1.0,48,48
competition,hq_plus_a_b_c_d_e,HQ + A+B+C+D+E,total_groups_6,6 total groups,full_route,HQ + A+B+C+D+E,company_size_is_growing,industry_prestige_penalty,0.0,48,48
competition,hq_plus_a_b_c_d_e,HQ + A+B+C+D+E,total_groups_6,6 total groups,full_route,HQ + A+B+C+D+E,company_size_is_growing,is_serial_founder,1.0,48,48
competition,hq_plus_a_b_c_d_e,HQ + A+B+C+D+E,total_groups_6,6 total groups,full_route,HQ + A+B+C+D+E,company_size_is_growing,longest_founding_tenure,1.0,48,48
competition,hq_plus_a_b_c_d_e,HQ + A+B+C+D+E,total_groups_6,6 total groups,full_route,HQ + A+B+C+D+E,company_size_is_growing,max_company_size_before_founding,1.0,48,48
competition,hq_plus_a_b_c_d_e,HQ + A+B+C+D+E,total_groups_6,6 total groups,full_route,HQ + A+B+C+D+E,company_size_is_growing,max_seniority_reached,1.0,48,48
competition,hq_plus_a_b_c_d_e,HQ + A+B+C+D+E,total_groups_6,6 total groups,full_route,HQ + A+B+C+D+E,company_size_is_growing,persistence_score,1.0,48,48
competition,hq_plus_a_b_c_d_e,HQ + A+B+C+D+E,total_groups_6,6 total groups,full_route,HQ + A+B+C+D+E,company_size_is_growing,prestige_sacrifice_score,1.0,48,48
competition,hq_plus_a_b_c_d_e,HQ + A+B+C+D+E,total_groups_6,6 total groups,full_route,HQ + A+B+C+D+E,company_size_is_growing,prestige_x_relevance,0.0,48,48
competition,hq_plus_a_b_c_d_e,HQ + A+B+C+D+E,total_groups_6,6 total groups,full_route,HQ + A+B+C+D+E,company_size_is_growing,repeat_founding_gap,0.0,48,48
competition,hq_plus_a_b_c_d_e,HQ + A+B+C+D+E,total_groups_6,6 total groups,full_route,HQ + A+B+C+D+E,company_size_is_growing,restlessness_score,1.0,48,48
competition,hq_plus_a_b_c_d_e,HQ + A+B+C+D+E,total_groups_6,6 total groups,full_route,HQ + A+B+C+D+E,company_size_is_growing,sacrifice_x_serial,1.0,48,48
competition,hq_plus_a_b_c_d_e,HQ + A+B+C+D+E,total_groups_6,6 total groups,full_route,HQ + A+B+C+D+E,company_size_is_growing,seniority_is_monotone,1.0,48,48
competition,hq_plus_a_b_c_d_e,HQ + A+B+C+D+E,total_groups_6,6 total groups,full_route,HQ + A+B+C+D+E,company_size_is_growing,stem_flag,0.0,48,48
competition,hq_plus_a_b_c_d_e,HQ + A+B+C+D+E,total_groups_6,6 total groups,full_route,HQ + A+B+C+D+E,company_size_is_growing,total_inferred_experience,1.0,48,48
competition,hq_plus_a_b_c_d_e,HQ + A+B+C+D+E,total_groups_6,6 total groups,full_route,HQ + A+B+C+D+E,company_size_is_growing,years_in_large_company,1.0,48,48
competition,hq_plus_a_b_c_d_e,HQ + A+B+C+D+E,total_groups_6,6 total groups,full_route,HQ + A+B+C+D+E,degree_level,edu_prestige_tier,1.0,48,48
competition,hq_plus_a_b_c_d_e,HQ + A+B+C+D+E,total_groups_6,6 total groups,full_route,HQ + A+B+C+D+E,degree_level,exit_count,0.0,48,48
competition,hq_plus_a_b_c_d_e,HQ + A+B+C+D+E,total_groups_6,6 total groups,full_route,HQ + A+B+C+D+E,degree_level,exit_x_serial,0.0,48,48
competition,hq_plus_a_b_c_d_e,HQ + A+B+C+D+E,total_groups_6,6 total groups,full_route,HQ + A+B+C+D+E,degree_level,field_relevance_score,1.0,48,48
competition,hq_plus_a_b_c_d_e,HQ + A+B+C+D+E,total_groups_6,6 total groups,full_route,HQ + A+B+C+D+E,degree_level,founding_role_count,0.0,48,48
competition,hq_plus_a_b_c_d_e,HQ + A+B+C+D+E,total_groups_6,6 total groups,full_route,HQ + A+B+C+D+E,degree_level,founding_timing,0.0,48,48
competition,hq_plus_a_b_c_d_e,HQ + A+B+C+D+E,total_groups_6,6 total groups,full_route,HQ + A+B+C+D+E,degree_level,has_prior_acquisition,0.0,48,48
competition,hq_plus_a_b_c_d_e,HQ + A+B+C+D+E,total_groups_6,6 total groups,full_route,HQ + A+B+C+D+E,degree_level,has_prior_ipo,0.0,48,48
competition,hq_plus_a_b_c_d_e,HQ + A+B+C+D+E,total_groups_6,6 total groups,full_route,HQ + A+B+C+D+E,degree_level,industry_alignment,0.0,48,48
competition,hq_plus_a_b_c_d_e,HQ + A+B+C+D+E,total_groups_6,6 total groups,full_route,HQ + A+B+C+D+E,degree_level,industry_pivot_count,0.0,48,48
competition,hq_plus_a_b_c_d_e,HQ + A+B+C+D+E,total_groups_6,6 total groups,full_route,HQ + A+B+C+D+E,degree_level,industry_prestige_penalty,1.0,48,48
competition,hq_plus_a_b_c_d_e,HQ + A+B+C+D+E,total_groups_6,6 total groups,full_route,HQ + A+B+C+D+E,degree_level,is_serial_founder,0.0,48,48
competition,hq_plus_a_b_c_d_e,HQ + A+B+C+D+E,total_groups_6,6 total groups,full_route,HQ + A+B+C+D+E,degree_level,longest_founding_tenure,0.0,48,48
competition,hq_plus_a_b_c_d_e,HQ + A+B+C+D+E,total_groups_6,6 total groups,full_route,HQ + A+B+C+D+E,degree_level,max_company_size_before_founding,0.0,48,48
competition,hq_plus_a_b_c_d_e,HQ + A+B+C+D+E,total_groups_6,6 total groups,full_route,HQ + A+B+C+D+E,degree_level,max_seniority_reached,0.0,48,48
competition,hq_plus_a_b_c_d_e,HQ + A+B+C+D+E,total_groups_6,6 total groups,full_route,HQ + A+B+C+D+E,degree_level,persistence_score,0.0,48,48
competition,hq_plus_a_b_c_d_e,HQ + A+B+C+D+E,total_groups_6,6 total groups,full_route,HQ + A+B+C+D+E,degree_level,prestige_sacrifice_score,0.0,48,48
competition,hq_plus_a_b_c_d_e,HQ + A+B+C+D+E,total_groups_6,6 total groups,full_route,HQ + A+B+C+D+E,degree_level,prestige_x_relevance,1.0,48,48
competition,hq_plus_a_b_c_d_e,HQ + A+B+C+D+E,total_groups_6,6 total groups,full_route,HQ + A+B+C+D+E,degree_level,repeat_founding_gap,0.0,48,48
competition,hq_plus_a_b_c_d_e,HQ + A+B+C+D+E,total_groups_6,6 total groups,full_route,HQ + A+B+C+D+E,degree_level,restlessness_score,0.0,48,48
competition,hq_plus_a_b_c_d_e,HQ + A+B+C+D+E,total_groups_6,6 total groups,full_route,HQ + A+B+C+D+E,degree_level,sacrifice_x_serial,0.0,48,48
competition,hq_plus_a_b_c_d_e,HQ + A+B+C+D+E,total_groups_6,6 total groups,full_route,HQ + A+B+C+D+E,degree_level,seniority_is_monotone,0.0,48,48
competition,hq_plus_a_b_c_d_e,HQ + A+B+C+D+E,total_groups_6,6 total groups,full_route,HQ + A+B+C+D+E,degree_level,stem_flag,1.0,48,48
competition,hq_plus_a_b_c_d_e,HQ + A+B+C+D+E,total_groups_6,6 total groups,full_route,HQ + A+B+C+D+E,degree_level,total_inferred_experience,0.0,48,48
competition,hq_plus_a_b_c_d_e,HQ + A+B+C+D+E,total_groups_6,6 total groups,full_route,HQ + A+B+C+D+E,degree_level,years_in_large_company,0.0,48,48
competition,hq_plus_a_b_c_d_e,HQ + A+B+C+D+E,total_groups_6,6 total groups,full_route,HQ + A+B+C+D+E,edu_prestige_tier,exit_count,0.0,48,48
competition,hq_plus_a_b_c_d_e,HQ + A+B+C+D+E,total_groups_6,6 total groups,full_route,HQ + A+B+C+D+E,edu_prestige_tier,exit_x_serial,0.0,48,48
competition,hq_plus_a_b_c_d_e,HQ + A+B+C+D+E,total_groups_6,6 total groups,full_route,HQ + A+B+C+D+E,edu_prestige_tier,field_relevance_score,1.0,48,48
competition,hq_plus_a_b_c_d_e,HQ + A+B+C+D+E,total_groups_6,6 total groups,full_route,HQ + A+B+C+D+E,edu_prestige_tier,founding_role_count,0.0,48,48
competition,hq_plus_a_b_c_d_e,HQ + A+B+C+D+E,total_groups_6,6 total groups,full_route,HQ + A+B+C+D+E,edu_prestige_tier,founding_timing,0.0,48,48
competition,hq_plus_a_b_c_d_e,HQ + A+B+C+D+E,total_groups_6,6 total groups,full_route,HQ + A+B+C+D+E,edu_prestige_tier,has_prior_acquisition,0.0,48,48
competition,hq_plus_a_b_c_d_e,HQ + A+B+C+D+E,total_groups_6,6 total groups,full_route,HQ + A+B+C+D+E,edu_prestige_tier,has_prior_ipo,0.0,48,48
competition,hq_plus_a_b_c_d_e,HQ + A+B+C+D+E,total_groups_6,6 total groups,full_route,HQ + A+B+C+D+E,edu_prestige_tier,industry_alignment,0.0,48,48
competition,hq_plus_a_b_c_d_e,HQ + A+B+C+D+E,total_groups_6,6 total groups,full_route,HQ + A+B+C+D+E,edu_prestige_tier,industry_pivot_count,0.0,48,48
competition,hq_plus_a_b_c_d_e,HQ + A+B+C+D+E,total_groups_6,6 total groups,full_route,HQ + A+B+C+D+E,edu_prestige_tier,industry_prestige_penalty,1.0,48,48
competition,hq_plus_a_b_c_d_e,HQ + A+B+C+D+E,total_groups_6,6 total groups,full_route,HQ + A+B+C+D+E,edu_prestige_tier,is_serial_founder,0.0,48,48
competition,hq_plus_a_b_c_d_e,HQ + A+B+C+D+E,total_groups_6,6 total groups,full_route,HQ + A+B+C+D+E,edu_prestige_tier,longest_founding_tenure,0.0,48,48
competition,hq_plus_a_b_c_d_e,HQ + A+B+C+D+E,total_groups_6,6 total groups,full_route,HQ + A+B+C+D+E,edu_prestige_tier,max_company_size_before_founding,0.0,48,48
competition,hq_plus_a_b_c_d_e,HQ + A+B+C+D+E,total_groups_6,6 total groups,full_route,HQ + A+B+C+D+E,edu_prestige_tier,max_seniority_reached,0.0,48,48
competition,hq_plus_a_b_c_d_e,HQ + A+B+C+D+E,total_groups_6,6 total groups,full_route,HQ + A+B+C+D+E,edu_prestige_tier,persistence_score,0.0,48,48
competition,hq_plus_a_b_c_d_e,HQ + A+B+C+D+E,total_groups_6,6 total groups,full_route,HQ + A+B+C+D+E,edu_prestige_tier,prestige_sacrifice_score,0.0,48,48
competition,hq_plus_a_b_c_d_e,HQ + A+B+C+D+E,total_groups_6,6 total groups,full_route,HQ + A+B+C+D+E,edu_prestige_tier,prestige_x_relevance,1.0,48,48
competition,hq_plus_a_b_c_d_e,HQ + A+B+C+D+E,total_groups_6,6 total groups,full_route,HQ + A+B+C+D+E,edu_prestige_tier,repeat_founding_gap,0.0,48,48
competition,hq_plus_a_b_c_d_e,HQ + A+B+C+D+E,total_groups_6,6 total groups,full_route,HQ + A+B+C+D+E,edu_prestige_tier,restlessness_score,0.0,48,48
competition,hq_plus_a_b_c_d_e,HQ + A+B+C+D+E,total_groups_6,6 total groups,full_route,HQ + A+B+C+D+E,edu_prestige_tier,sacrifice_x_serial,0.0,48,48
competition,hq_plus_a_b_c_d_e,HQ + A+B+C+D+E,total_groups_6,6 total groups,full_route,HQ + A+B+C+D+E,edu_prestige_tier,seniority_is_monotone,0.0,48,48
competition,hq_plus_a_b_c_d_e,HQ + A+B+C+D+E,total_groups_6,6 total groups,full_route,HQ + A+B+C+D+E,edu_prestige_tier,stem_flag,1.0,48,48
competition,hq_plus_a_b_c_d_e,HQ + A+B+C+D+E,total_groups_6,6 total groups,full_route,HQ + A+B+C+D+E,edu_prestige_tier,total_inferred_experience,0.0,48,48
competition,hq_plus_a_b_c_d_e,HQ + A+B+C+D+E,total_groups_6,6 total groups,full_route,HQ + A+B+C+D+E,edu_prestige_tier,years_in_large_company,0.0,48,48
competition,hq_plus_a_b_c_d_e,HQ + A+B+C+D+E,total_groups_6,6 total groups,full_route,HQ + A+B+C+D+E,exit_count,exit_x_serial,1.0,48,48
competition,hq_plus_a_b_c_d_e,HQ + A+B+C+D+E,total_groups_6,6 total groups,full_route,HQ + A+B+C+D+E,exit_count,field_relevance_score,0.0,48,48
competition,hq_plus_a_b_c_d_e,HQ + A+B+C+D+E,total_groups_6,6 total groups,full_route,HQ + A+B+C+D+E,exit_count,founding_role_count,0.0,48,48
competition,hq_plus_a_b_c_d_e,HQ + A+B+C+D+E,total_groups_6,6 total groups,full_route,HQ + A+B+C+D+E,exit_count,founding_timing,0.0,48,48
competition,hq_plus_a_b_c_d_e,HQ + A+B+C+D+E,total_groups_6,6 total groups,full_route,HQ + A+B+C+D+E,exit_count,has_prior_acquisition,1.0,48,48
competition,hq_plus_a_b_c_d_e,HQ + A+B+C+D+E,total_groups_6,6 total groups,full_route,HQ + A+B+C+D+E,exit_count,has_prior_ipo,1.0,48,48
competition,hq_plus_a_b_c_d_e,HQ + A+B+C+D+E,total_groups_6,6 total groups,full_route,HQ + A+B+C+D+E,exit_count,industry_alignment,0.0,48,48
competition,hq_plus_a_b_c_d_e,HQ + A+B+C+D+E,total_groups_6,6 total groups,full_route,HQ + A+B+C+D+E,exit_count,industry_pivot_count,0.0,48,48
competition,hq_plus_a_b_c_d_e,HQ + A+B+C+D+E,total_groups_6,6 total groups,full_route,HQ + A+B+C+D+E,exit_count,industry_prestige_penalty,0.0,48,48
competition,hq_plus_a_b_c_d_e,HQ + A+B+C+D+E,total_groups_6,6 total groups,full_route,HQ + A+B+C+D+E,exit_count,is_serial_founder,0.0,48,48
competition,hq_plus_a_b_c_d_e,HQ + A+B+C+D+E,total_groups_6,6 total groups,full_route,HQ + A+B+C+D+E,exit_count,longest_founding_tenure,0.0,48,48
competition,hq_plus_a_b_c_d_e,HQ + A+B+C+D+E,total_groups_6,6 total groups,full_route,HQ + A+B+C+D+E,exit_count,max_company_size_before_founding,0.0,48,48
competition,hq_plus_a_b_c_d_e,HQ + A+B+C+D+E,total_groups_6,6 total groups,full_route,HQ + A+B+C+D+E,exit_count,max_seniority_reached,0.0,48,48
competition,hq_plus_a_b_c_d_e,HQ + A+B+C+D+E,total_groups_6,6 total groups,full_route,HQ + A+B+C+D+E,exit_count,persistence_score,0.0,48,48
competition,hq_plus_a_b_c_d_e,HQ + A+B+C+D+E,total_groups_6,6 total groups,full_route,HQ + A+B+C+D+E,exit_count,prestige_sacrifice_score,0.0,48,48
competition,hq_plus_a_b_c_d_e,HQ + A+B+C+D+E,total_groups_6,6 total groups,full_route,HQ + A+B+C+D+E,exit_count,prestige_x_relevance,0.0,48,48
competition,hq_plus_a_b_c_d_e,HQ + A+B+C+D+E,total_groups_6,6 total groups,full_route,HQ + A+B+C+D+E,exit_count,repeat_founding_gap,0.0,48,48
competition,hq_plus_a_b_c_d_e,HQ + A+B+C+D+E,total_groups_6,6 total groups,full_route,HQ + A+B+C+D+E,exit_count,restlessness_score,0.0,48,48
competition,hq_plus_a_b_c_d_e,HQ + A+B+C+D+E,total_groups_6,6 total groups,full_route,HQ + A+B+C+D+E,exit_count,sacrifice_x_serial,0.0,48,48
competition,hq_plus_a_b_c_d_e,HQ + A+B+C+D+E,total_groups_6,6 total groups,full_route,HQ + A+B+C+D+E,exit_count,seniority_is_monotone,0.0,48,48
competition,hq_plus_a_b_c_d_e,HQ + A+B+C+D+E,total_groups_6,6 total groups,full_route,HQ + A+B+C+D+E,exit_count,stem_flag,0.0,48,48
competition,hq_plus_a_b_c_d_e,HQ + A+B+C+D+E,total_groups_6,6 total groups,full_route,HQ + A+B+C+D+E,exit_count,total_inferred_experience,0.0,48,48
competition,hq_plus_a_b_c_d_e,HQ + A+B+C+D+E,total_groups_6,6 total groups,full_route,HQ + A+B+C+D+E,exit_count,years_in_large_company,0.0,48,48
competition,hq_plus_a_b_c_d_e,HQ + A+B+C+D+E,total_groups_6,6 total groups,full_route,HQ + A+B+C+D+E,exit_x_serial,field_relevance_score,0.0,48,48
competition,hq_plus_a_b_c_d_e,HQ + A+B+C+D+E,total_groups_6,6 total groups,full_route,HQ + A+B+C+D+E,exit_x_serial,founding_role_count,0.0,48,48
competition,hq_plus_a_b_c_d_e,HQ + A+B+C+D+E,total_groups_6,6 total groups,full_route,HQ + A+B+C+D+E,exit_x_serial,founding_timing,0.0,48,48
competition,hq_plus_a_b_c_d_e,HQ + A+B+C+D+E,total_groups_6,6 total groups,full_route,HQ + A+B+C+D+E,exit_x_serial,has_prior_acquisition,1.0,48,48
competition,hq_plus_a_b_c_d_e,HQ + A+B+C+D+E,total_groups_6,6 total groups,full_route,HQ + A+B+C+D+E,exit_x_serial,has_prior_ipo,1.0,48,48
competition,hq_plus_a_b_c_d_e,HQ + A+B+C+D+E,total_groups_6,6 total groups,full_route,HQ + A+B+C+D+E,exit_x_serial,industry_alignment,0.0,48,48
competition,hq_plus_a_b_c_d_e,HQ + A+B+C+D+E,total_groups_6,6 total groups,full_route,HQ + A+B+C+D+E,exit_x_serial,industry_pivot_count,0.0,48,48
competition,hq_plus_a_b_c_d_e,HQ + A+B+C+D+E,total_groups_6,6 total groups,full_route,HQ + A+B+C+D+E,exit_x_serial,industry_prestige_penalty,0.0,48,48
competition,hq_plus_a_b_c_d_e,HQ + A+B+C+D+E,total_groups_6,6 total groups,full_route,HQ + A+B+C+D+E,exit_x_serial,is_serial_founder,0.0,48,48
competition,hq_plus_a_b_c_d_e,HQ + A+B+C+D+E,total_groups_6,6 total groups,full_route,HQ + A+B+C+D+E,exit_x_serial,longest_founding_tenure,0.0,48,48
competition,hq_plus_a_b_c_d_e,HQ + A+B+C+D+E,total_groups_6,6 total groups,full_route,HQ + A+B+C+D+E,exit_x_serial,max_company_size_before_founding,0.0,48,48
competition,hq_plus_a_b_c_d_e,HQ + A+B+C+D+E,total_groups_6,6 total groups,full_route,HQ + A+B+C+D+E,exit_x_serial,max_seniority_reached,0.0,48,48
competition,hq_plus_a_b_c_d_e,HQ + A+B+C+D+E,total_groups_6,6 total groups,full_route,HQ + A+B+C+D+E,exit_x_serial,persistence_score,0.0,48,48
competition,hq_plus_a_b_c_d_e,HQ + A+B+C+D+E,total_groups_6,6 total groups,full_route,HQ + A+B+C+D+E,exit_x_serial,prestige_sacrifice_score,0.0,48,48
competition,hq_plus_a_b_c_d_e,HQ + A+B+C+D+E,total_groups_6,6 total groups,full_route,HQ + A+B+C+D+E,exit_x_serial,prestige_x_relevance,0.0,48,48
competition,hq_plus_a_b_c_d_e,HQ + A+B+C+D+E,total_groups_6,6 total groups,full_route,HQ + A+B+C+D+E,exit_x_serial,repeat_founding_gap,0.0,48,48
competition,hq_plus_a_b_c_d_e,HQ + A+B+C+D+E,total_groups_6,6 total groups,full_route,HQ + A+B+C+D+E,exit_x_serial,restlessness_score,0.0,48,48
competition,hq_plus_a_b_c_d_e,HQ + A+B+C+D+E,total_groups_6,6 total groups,full_route,HQ + A+B+C+D+E,exit_x_serial,sacrifice_x_serial,0.0,48,48
competition,hq_plus_a_b_c_d_e,HQ + A+B+C+D+E,total_groups_6,6 total groups,full_route,HQ + A+B+C+D+E,exit_x_serial,seniority_is_monotone,0.0,48,48
competition,hq_plus_a_b_c_d_e,HQ + A+B+C+D+E,total_groups_6,6 total groups,full_route,HQ + A+B+C+D+E,exit_x_serial,stem_flag,0.0,48,48
competition,hq_plus_a_b_c_d_e,HQ + A+B+C+D+E,total_groups_6,6 total groups,full_route,HQ + A+B+C+D+E,exit_x_serial,total_inferred_experience,0.0,48,48
competition,hq_plus_a_b_c_d_e,HQ + A+B+C+D+E,total_groups_6,6 total groups,full_route,HQ + A+B+C+D+E,exit_x_serial,years_in_large_company,0.0,48,48
competition,hq_plus_a_b_c_d_e,HQ + A+B+C+D+E,total_groups_6,6 total groups,full_route,HQ + A+B+C+D+E,field_relevance_score,founding_role_count,0.0,48,48
competition,hq_plus_a_b_c_d_e,HQ + A+B+C+D+E,total_groups_6,6 total groups,full_route,HQ + A+B+C+D+E,field_relevance_score,founding_timing,0.0,48,48
competition,hq_plus_a_b_c_d_e,HQ + A+B+C+D+E,total_groups_6,6 total groups,full_route,HQ + A+B+C+D+E,field_relevance_score,has_prior_acquisition,0.0,48,48
competition,hq_plus_a_b_c_d_e,HQ + A+B+C+D+E,total_groups_6,6 total groups,full_route,HQ + A+B+C+D+E,field_relevance_score,has_prior_ipo,0.0,48,48
competition,hq_plus_a_b_c_d_e,HQ + A+B+C+D+E,total_groups_6,6 total groups,full_route,HQ + A+B+C+D+E,field_relevance_score,industry_alignment,0.0,48,48
competition,hq_plus_a_b_c_d_e,HQ + A+B+C+D+E,total_groups_6,6 total groups,full_route,HQ + A+B+C+D+E,field_relevance_score,industry_pivot_count,0.0,48,48
competition,hq_plus_a_b_c_d_e,HQ + A+B+C+D+E,total_groups_6,6 total groups,full_route,HQ + A+B+C+D+E,field_relevance_score,industry_prestige_penalty,1.0,48,48
competition,hq_plus_a_b_c_d_e,HQ + A+B+C+D+E,total_groups_6,6 total groups,full_route,HQ + A+B+C+D+E,field_relevance_score,is_serial_founder,0.0,48,48
competition,hq_plus_a_b_c_d_e,HQ + A+B+C+D+E,total_groups_6,6 total groups,full_route,HQ + A+B+C+D+E,field_relevance_score,longest_founding_tenure,0.0,48,48
competition,hq_plus_a_b_c_d_e,HQ + A+B+C+D+E,total_groups_6,6 total groups,full_route,HQ + A+B+C+D+E,field_relevance_score,max_company_size_before_founding,0.0,48,48
competition,hq_plus_a_b_c_d_e,HQ + A+B+C+D+E,total_groups_6,6 total groups,full_route,HQ + A+B+C+D+E,field_relevance_score,max_seniority_reached,0.0,48,48
competition,hq_plus_a_b_c_d_e,HQ + A+B+C+D+E,total_groups_6,6 total groups,full_route,HQ + A+B+C+D+E,field_relevance_score,persistence_score,0.0,48,48
competition,hq_plus_a_b_c_d_e,HQ + A+B+C+D+E,total_groups_6,6 total groups,full_route,HQ + A+B+C+D+E,field_relevance_score,prestige_sacrifice_score,0.0,48,48
competition,hq_plus_a_b_c_d_e,HQ + A+B+C+D+E,total_groups_6,6 total groups,full_route,HQ + A+B+C+D+E,field_relevance_score,prestige_x_relevance,1.0,48,48
competition,hq_plus_a_b_c_d_e,HQ + A+B+C+D+E,total_groups_6,6 total groups,full_route,HQ + A+B+C+D+E,field_relevance_score,repeat_founding_gap,0.0,48,48
competition,hq_plus_a_b_c_d_e,HQ + A+B+C+D+E,total_groups_6,6 total groups,full_route,HQ + A+B+C+D+E,field_relevance_score,restlessness_score,0.0,48,48
competition,hq_plus_a_b_c_d_e,HQ + A+B+C+D+E,total_groups_6,6 total groups,full_route,HQ + A+B+C+D+E,field_relevance_score,sacrifice_x_serial,0.0,48,48
competition,hq_plus_a_b_c_d_e,HQ + A+B+C+D+E,total_groups_6,6 total groups,full_route,HQ + A+B+C+D+E,field_relevance_score,seniority_is_monotone,0.0,48,48
competition,hq_plus_a_b_c_d_e,HQ + A+B+C+D+E,total_groups_6,6 total groups,full_route,HQ + A+B+C+D+E,field_relevance_score,stem_flag,1.0,48,48
competition,hq_plus_a_b_c_d_e,HQ + A+B+C+D+E,total_groups_6,6 total groups,full_route,HQ + A+B+C+D+E,field_relevance_score,total_inferred_experience,0.0,48,48
competition,hq_plus_a_b_c_d_e,HQ + A+B+C+D+E,total_groups_6,6 total groups,full_route,HQ + A+B+C+D+E,field_relevance_score,years_in_large_company,0.0,48,48
competition,hq_plus_a_b_c_d_e,HQ + A+B+C+D+E,total_groups_6,6 total groups,full_route,HQ + A+B+C+D+E,founding_role_count,founding_timing,1.0,48,48
competition,hq_plus_a_b_c_d_e,HQ + A+B+C+D+E,total_groups_6,6 total groups,full_route,HQ + A+B+C+D+E,founding_role_count,has_prior_acquisition,0.0,48,48
competition,hq_plus_a_b_c_d_e,HQ + A+B+C+D+E,total_groups_6,6 total groups,full_route,HQ + A+B+C+D+E,founding_role_count,has_prior_ipo,0.0,48,48
competition,hq_plus_a_b_c_d_e,HQ + A+B+C+D+E,total_groups_6,6 total groups,full_route,HQ + A+B+C+D+E,founding_role_count,industry_alignment,1.0,48,48
competition,hq_plus_a_b_c_d_e,HQ + A+B+C+D+E,total_groups_6,6 total groups,full_route,HQ + A+B+C+D+E,founding_role_count,industry_pivot_count,1.0,48,48
competition,hq_plus_a_b_c_d_e,HQ + A+B+C+D+E,total_groups_6,6 total groups,full_route,HQ + A+B+C+D+E,founding_role_count,industry_prestige_penalty,0.0,48,48
competition,hq_plus_a_b_c_d_e,HQ + A+B+C+D+E,total_groups_6,6 total groups,full_route,HQ + A+B+C+D+E,founding_role_count,is_serial_founder,1.0,48,48
competition,hq_plus_a_b_c_d_e,HQ + A+B+C+D+E,total_groups_6,6 total groups,full_route,HQ + A+B+C+D+E,founding_role_count,longest_founding_tenure,1.0,48,48
competition,hq_plus_a_b_c_d_e,HQ + A+B+C+D+E,total_groups_6,6 total groups,full_route,HQ + A+B+C+D+E,founding_role_count,max_company_size_before_founding,1.0,48,48
competition,hq_plus_a_b_c_d_e,HQ + A+B+C+D+E,total_groups_6,6 total groups,full_route,HQ + A+B+C+D+E,founding_role_count,max_seniority_reached,1.0,48,48
competition,hq_plus_a_b_c_d_e,HQ + A+B+C+D+E,total_groups_6,6 total groups,full_route,HQ + A+B+C+D+E,founding_role_count,persistence_score,1.0,48,48
competition,hq_plus_a_b_c_d_e,HQ + A+B+C+D+E,total_groups_6,6 total groups,full_route,HQ + A+B+C+D+E,founding_role_count,prestige_sacrifice_score,1.0,48,48
competition,hq_plus_a_b_c_d_e,HQ + A+B+C+D+E,total_groups_6,6 total groups,full_route,HQ + A+B+C+D+E,founding_role_count,prestige_x_relevance,0.0,48,48
competition,hq_plus_a_b_c_d_e,HQ + A+B+C+D+E,total_groups_6,6 total groups,full_route,HQ + A+B+C+D+E,founding_role_count,repeat_founding_gap,0.0,48,48
competition,hq_plus_a_b_c_d_e,HQ + A+B+C+D+E,total_groups_6,6 total groups,full_route,HQ + A+B+C+D+E,founding_role_count,restlessness_score,1.0,48,48
competition,hq_plus_a_b_c_d_e,HQ + A+B+C+D+E,total_groups_6,6 total groups,full_route,HQ + A+B+C+D+E,founding_role_count,sacrifice_x_serial,1.0,48,48
competition,hq_plus_a_b_c_d_e,HQ + A+B+C+D+E,total_groups_6,6 total groups,full_route,HQ + A+B+C+D+E,founding_role_count,seniority_is_monotone,1.0,48,48
competition,hq_plus_a_b_c_d_e,HQ + A+B+C+D+E,total_groups_6,6 total groups,full_route,HQ + A+B+C+D+E,founding_role_count,stem_flag,0.0,48,48
competition,hq_plus_a_b_c_d_e,HQ + A+B+C+D+E,total_groups_6,6 total groups,full_route,HQ + A+B+C+D+E,founding_role_count,total_inferred_experience,1.0,48,48
competition,hq_plus_a_b_c_d_e,HQ + A+B+C+D+E,total_groups_6,6 total groups,full_route,HQ + A+B+C+D+E,founding_role_count,years_in_large_company,1.0,48,48
competition,hq_plus_a_b_c_d_e,HQ + A+B+C+D+E,total_groups_6,6 total groups,full_route,HQ + A+B+C+D+E,founding_timing,has_prior_acquisition,0.0,48,48
competition,hq_plus_a_b_c_d_e,HQ + A+B+C+D+E,total_groups_6,6 total groups,full_route,HQ + A+B+C+D+E,founding_timing,has_prior_ipo,0.0,48,48
competition,hq_plus_a_b_c_d_e,HQ + A+B+C+D+E,total_groups_6,6 total groups,full_route,HQ + A+B+C+D+E,founding_timing,industry_alignment,1.0,48,48
competition,hq_plus_a_b_c_d_e,HQ + A+B+C+D+E,total_groups_6,6 total groups,full_route,HQ + A+B+C+D+E,founding_timing,industry_pivot_count,1.0,48,48
competition,hq_plus_a_b_c_d_e,HQ + A+B+C+D+E,total_groups_6,6 total groups,full_route,HQ + A+B+C+D+E,founding_timing,industry_prestige_penalty,0.0,48,48
competition,hq_plus_a_b_c_d_e,HQ + A+B+C+D+E,total_groups_6,6 total groups,full_route,HQ + A+B+C+D+E,founding_timing,is_serial_founder,1.0,48,48
competition,hq_plus_a_b_c_d_e,HQ + A+B+C+D+E,total_groups_6,6 total groups,full_route,HQ + A+B+C+D+E,founding_timing,longest_founding_tenure,1.0,48,48
competition,hq_plus_a_b_c_d_e,HQ + A+B+C+D+E,total_groups_6,6 total groups,full_route,HQ + A+B+C+D+E,founding_timing,max_company_size_before_founding,1.0,48,48
competition,hq_plus_a_b_c_d_e,HQ + A+B+C+D+E,total_groups_6,6 total groups,full_route,HQ + A+B+C+D+E,founding_timing,max_seniority_reached,1.0,48,48
competition,hq_plus_a_b_c_d_e,HQ + A+B+C+D+E,total_groups_6,6 total groups,full_route,HQ + A+B+C+D+E,founding_timing,persistence_score,1.0,48,48
competition,hq_plus_a_b_c_d_e,HQ + A+B+C+D+E,total_groups_6,6 total groups,full_route,HQ + A+B+C+D+E,founding_timing,prestige_sacrifice_score,1.0,48,48
competition,hq_plus_a_b_c_d_e,HQ + A+B+C+D+E,total_groups_6,6 total groups,full_route,HQ + A+B+C+D+E,founding_timing,prestige_x_relevance,0.0,48,48
competition,hq_plus_a_b_c_d_e,HQ + A+B+C+D+E,total_groups_6,6 total groups,full_route,HQ + A+B+C+D+E,founding_timing,repeat_founding_gap,0.0,48,48
competition,hq_plus_a_b_c_d_e,HQ + A+B+C+D+E,total_groups_6,6 total groups,full_route,HQ + A+B+C+D+E,founding_timing,restlessness_score,1.0,48,48
competition,hq_plus_a_b_c_d_e,HQ + A+B+C+D+E,total_groups_6,6 total groups,full_route,HQ + A+B+C+D+E,founding_timing,sacrifice_x_serial,1.0,48,48
competition,hq_plus_a_b_c_d_e,HQ + A+B+C+D+E,total_groups_6,6 total groups,full_route,HQ + A+B+C+D+E,founding_timing,seniority_is_monotone,1.0,48,48
competition,hq_plus_a_b_c_d_e,HQ + A+B+C+D+E,total_groups_6,6 total groups,full_route,HQ + A+B+C+D+E,founding_timing,stem_flag,0.0,48,48
competition,hq_plus_a_b_c_d_e,HQ + A+B+C+D+E,total_groups_6,6 total groups,full_route,HQ + A+B+C+D+E,founding_timing,total_inferred_experience,1.0,48,48
competition,hq_plus_a_b_c_d_e,HQ + A+B+C+D+E,total_groups_6,6 total groups,full_route,HQ + A+B+C+D+E,founding_timing,years_in_large_company,1.0,48,48
competition,hq_plus_a_b_c_d_e,HQ + A+B+C+D+E,total_groups_6,6 total groups,full_route,HQ + A+B+C+D+E,has_prior_acquisition,has_prior_ipo,1.0,48,48
competition,hq_plus_a_b_c_d_e,HQ + A+B+C+D+E,total_groups_6,6 total groups,full_route,HQ + A+B+C+D+E,has_prior_acquisition,industry_alignment,0.0,48,48
competition,hq_plus_a_b_c_d_e,HQ + A+B+C+D+E,total_groups_6,6 total groups,full_route,HQ + A+B+C+D+E,has_prior_acquisition,industry_pivot_count,0.0,48,48
competition,hq_plus_a_b_c_d_e,HQ + A+B+C+D+E,total_groups_6,6 total groups,full_route,HQ + A+B+C+D+E,has_prior_acquisition,industry_prestige_penalty,0.0,48,48
competition,hq_plus_a_b_c_d_e,HQ + A+B+C+D+E,total_groups_6,6 total groups,full_route,HQ + A+B+C+D+E,has_prior_acquisition,is_serial_founder,0.0,48,48
competition,hq_plus_a_b_c_d_e,HQ + A+B+C+D+E,total_groups_6,6 total groups,full_route,HQ + A+B+C+D+E,has_prior_acquisition,longest_founding_tenure,0.0,48,48
competition,hq_plus_a_b_c_d_e,HQ + A+B+C+D+E,total_groups_6,6 total groups,full_route,HQ + A+B+C+D+E,has_prior_acquisition,max_company_size_before_founding,0.0,48,48
competition,hq_plus_a_b_c_d_e,HQ + A+B+C+D+E,total_groups_6,6 total groups,full_route,HQ + A+B+C+D+E,has_prior_acquisition,max_seniority_reached,0.0,48,48
competition,hq_plus_a_b_c_d_e,HQ + A+B+C+D+E,total_groups_6,6 total groups,full_route,HQ + A+B+C+D+E,has_prior_acquisition,persistence_score,0.0,48,48
competition,hq_plus_a_b_c_d_e,HQ + A+B+C+D+E,total_groups_6,6 total groups,full_route,HQ + A+B+C+D+E,has_prior_acquisition,prestige_sacrifice_score,0.0,48,48
competition,hq_plus_a_b_c_d_e,HQ + A+B+C+D+E,total_groups_6,6 total groups,full_route,HQ + A+B+C+D+E,has_prior_acquisition,prestige_x_relevance,0.0,48,48
competition,hq_plus_a_b_c_d_e,HQ + A+B+C+D+E,total_groups_6,6 total groups,full_route,HQ + A+B+C+D+E,has_prior_acquisition,repeat_founding_gap,0.0,48,48
competition,hq_plus_a_b_c_d_e,HQ + A+B+C+D+E,total_groups_6,6 total groups,full_route,HQ + A+B+C+D+E,has_prior_acquisition,restlessness_score,0.0,48,48
competition,hq_plus_a_b_c_d_e,HQ + A+B+C+D+E,total_groups_6,6 total groups,full_route,HQ + A+B+C+D+E,has_prior_acquisition,sacrifice_x_serial,0.0,48,48
competition,hq_plus_a_b_c_d_e,HQ + A+B+C+D+E,total_groups_6,6 total groups,full_route,HQ + A+B+C+D+E,has_prior_acquisition,seniority_is_monotone,0.0,48,48
competition,hq_plus_a_b_c_d_e,HQ + A+B+C+D+E,total_groups_6,6 total groups,full_route,HQ + A+B+C+D+E,has_prior_acquisition,stem_flag,0.0,48,48
competition,hq_plus_a_b_c_d_e,HQ + A+B+C+D+E,total_groups_6,6 total groups,full_route,HQ + A+B+C+D+E,has_prior_acquisition,total_inferred_experience,0.0,48,48
competition,hq_plus_a_b_c_d_e,HQ + A+B+C+D+E,total_groups_6,6 total groups,full_route,HQ + A+B+C+D+E,has_prior_acquisition,years_in_large_company,0.0,48,48
competition,hq_plus_a_b_c_d_e,HQ + A+B+C+D+E,total_groups_6,6 total groups,full_route,HQ + A+B+C+D+E,has_prior_ipo,industry_alignment,0.0,48,48
competition,hq_plus_a_b_c_d_e,HQ + A+B+C+D+E,total_groups_6,6 total groups,full_route,HQ + A+B+C+D+E,has_prior_ipo,industry_pivot_count,0.0,48,48
competition,hq_plus_a_b_c_d_e,HQ + A+B+C+D+E,total_groups_6,6 total groups,full_route,HQ + A+B+C+D+E,has_prior_ipo,industry_prestige_penalty,0.0,48,48
competition,hq_plus_a_b_c_d_e,HQ + A+B+C+D+E,total_groups_6,6 total groups,full_route,HQ + A+B+C+D+E,has_prior_ipo,is_serial_founder,0.0,48,48
competition,hq_plus_a_b_c_d_e,HQ + A+B+C+D+E,total_groups_6,6 total groups,full_route,HQ + A+B+C+D+E,has_prior_ipo,longest_founding_tenure,0.0,48,48
competition,hq_plus_a_b_c_d_e,HQ + A+B+C+D+E,total_groups_6,6 total groups,full_route,HQ + A+B+C+D+E,has_prior_ipo,max_company_size_before_founding,0.0,48,48
competition,hq_plus_a_b_c_d_e,HQ + A+B+C+D+E,total_groups_6,6 total groups,full_route,HQ + A+B+C+D+E,has_prior_ipo,max_seniority_reached,0.0,48,48
competition,hq_plus_a_b_c_d_e,HQ + A+B+C+D+E,total_groups_6,6 total groups,full_route,HQ + A+B+C+D+E,has_prior_ipo,persistence_score,0.0,48,48
competition,hq_plus_a_b_c_d_e,HQ + A+B+C+D+E,total_groups_6,6 total groups,full_route,HQ + A+B+C+D+E,has_prior_ipo,prestige_sacrifice_score,0.0,48,48
competition,hq_plus_a_b_c_d_e,HQ + A+B+C+D+E,total_groups_6,6 total groups,full_route,HQ + A+B+C+D+E,has_prior_ipo,prestige_x_relevance,0.0,48,48
competition,hq_plus_a_b_c_d_e,HQ + A+B+C+D+E,total_groups_6,6 total groups,full_route,HQ + A+B+C+D+E,has_prior_ipo,repeat_founding_gap,0.0,48,48
competition,hq_plus_a_b_c_d_e,HQ + A+B+C+D+E,total_groups_6,6 total groups,full_route,HQ + A+B+C+D+E,has_prior_ipo,restlessness_score,0.0,48,48
competition,hq_plus_a_b_c_d_e,HQ + A+B+C+D+E,total_groups_6,6 total groups,full_route,HQ + A+B+C+D+E,has_prior_ipo,sacrifice_x_serial,0.0,48,48
competition,hq_plus_a_b_c_d_e,HQ + A+B+C+D+E,total_groups_6,6 total groups,full_route,HQ + A+B+C+D+E,has_prior_ipo,seniority_is_monotone,0.0,48,48
competition,hq_plus_a_b_c_d_e,HQ + A+B+C+D+E,total_groups_6,6 total groups,full_route,HQ + A+B+C+D+E,has_prior_ipo,stem_flag,0.0,48,48
competition,hq_plus_a_b_c_d_e,HQ + A+B+C+D+E,total_groups_6,6 total groups,full_route,HQ + A+B+C+D+E,has_prior_ipo,total_inferred_experience,0.0,48,48
competition,hq_plus_a_b_c_d_e,HQ + A+B+C+D+E,total_groups_6,6 total groups,full_route,HQ + A+B+C+D+E,has_prior_ipo,years_in_large_company,0.0,48,48
competition,hq_plus_a_b_c_d_e,HQ + A+B+C+D+E,total_groups_6,6 total groups,full_route,HQ + A+B+C+D+E,industry_alignment,industry_pivot_count,1.0,48,48
competition,hq_plus_a_b_c_d_e,HQ + A+B+C+D+E,total_groups_6,6 total groups,full_route,HQ + A+B+C+D+E,industry_alignment,industry_prestige_penalty,0.0,48,48
competition,hq_plus_a_b_c_d_e,HQ + A+B+C+D+E,total_groups_6,6 total groups,full_route,HQ + A+B+C+D+E,industry_alignment,is_serial_founder,1.0,48,48
competition,hq_plus_a_b_c_d_e,HQ + A+B+C+D+E,total_groups_6,6 total groups,full_route,HQ + A+B+C+D+E,industry_alignment,longest_founding_tenure,1.0,48,48
competition,hq_plus_a_b_c_d_e,HQ + A+B+C+D+E,total_groups_6,6 total groups,full_route,HQ + A+B+C+D+E,industry_alignment,max_company_size_before_founding,1.0,48,48
competition,hq_plus_a_b_c_d_e,HQ + A+B+C+D+E,total_groups_6,6 total groups,full_route,HQ + A+B+C+D+E,industry_alignment,max_seniority_reached,1.0,48,48
competition,hq_plus_a_b_c_d_e,HQ + A+B+C+D+E,total_groups_6,6 total groups,full_route,HQ + A+B+C+D+E,industry_alignment,persistence_score,1.0,48,48
competition,hq_plus_a_b_c_d_e,HQ + A+B+C+D+E,total_groups_6,6 total groups,full_route,HQ + A+B+C+D+E,industry_alignment,prestige_sacrifice_score,1.0,48,48
competition,hq_plus_a_b_c_d_e,HQ + A+B+C+D+E,total_groups_6,6 total groups,full_route,HQ + A+B+C+D+E,industry_alignment,prestige_x_relevance,0.0,48,48
competition,hq_plus_a_b_c_d_e,HQ + A+B+C+D+E,total_groups_6,6 total groups,full_route,HQ + A+B+C+D+E,industry_alignment,repeat_founding_gap,0.0,48,48
competition,hq_plus_a_b_c_d_e,HQ + A+B+C+D+E,total_groups_6,6 total groups,full_route,HQ + A+B+C+D+E,industry_alignment,restlessness_score,1.0,48,48
competition,hq_plus_a_b_c_d_e,HQ + A+B+C+D+E,total_groups_6,6 total groups,full_route,HQ + A+B+C+D+E,industry_alignment,sacrifice_x_serial,1.0,48,48
competition,hq_plus_a_b_c_d_e,HQ + A+B+C+D+E,total_groups_6,6 total groups,full_route,HQ + A+B+C+D+E,industry_alignment,seniority_is_monotone,1.0,48,48
competition,hq_plus_a_b_c_d_e,HQ + A+B+C+D+E,total_groups_6,6 total groups,full_route,HQ + A+B+C+D+E,industry_alignment,stem_flag,0.0,48,48
competition,hq_plus_a_b_c_d_e,HQ + A+B+C+D+E,total_groups_6,6 total groups,full_route,HQ + A+B+C+D+E,industry_alignment,total_inferred_experience,1.0,48,48
competition,hq_plus_a_b_c_d_e,HQ + A+B+C+D+E,total_groups_6,6 total groups,full_route,HQ + A+B+C+D+E,industry_alignment,years_in_large_company,1.0,48,48
competition,hq_plus_a_b_c_d_e,HQ + A+B+C+D+E,total_groups_6,6 total groups,full_route,HQ + A+B+C+D+E,industry_pivot_count,industry_prestige_penalty,0.0,48,48
competition,hq_plus_a_b_c_d_e,HQ + A+B+C+D+E,total_groups_6,6 total groups,full_route,HQ + A+B+C+D+E,industry_pivot_count,is_serial_founder,1.0,48,48
competition,hq_plus_a_b_c_d_e,HQ + A+B+C+D+E,total_groups_6,6 total groups,full_route,HQ + A+B+C+D+E,industry_pivot_count,longest_founding_tenure,1.0,48,48
competition,hq_plus_a_b_c_d_e,HQ + A+B+C+D+E,total_groups_6,6 total groups,full_route,HQ + A+B+C+D+E,industry_pivot_count,max_company_size_before_founding,1.0,48,48
competition,hq_plus_a_b_c_d_e,HQ + A+B+C+D+E,total_groups_6,6 total groups,full_route,HQ + A+B+C+D+E,industry_pivot_count,max_seniority_reached,1.0,48,48
competition,hq_plus_a_b_c_d_e,HQ + A+B+C+D+E,total_groups_6,6 total groups,full_route,HQ + A+B+C+D+E,industry_pivot_count,persistence_score,1.0,48,48
competition,hq_plus_a_b_c_d_e,HQ + A+B+C+D+E,total_groups_6,6 total groups,full_route,HQ + A+B+C+D+E,industry_pivot_count,prestige_sacrifice_score,1.0,48,48
competition,hq_plus_a_b_c_d_e,HQ + A+B+C+D+E,total_groups_6,6 total groups,full_route,HQ + A+B+C+D+E,industry_pivot_count,prestige_x_relevance,0.0,48,48
competition,hq_plus_a_b_c_d_e,HQ + A+B+C+D+E,total_groups_6,6 total groups,full_route,HQ + A+B+C+D+E,industry_pivot_count,repeat_founding_gap,0.0,48,48
competition,hq_plus_a_b_c_d_e,HQ + A+B+C+D+E,total_groups_6,6 total groups,full_route,HQ + A+B+C+D+E,industry_pivot_count,restlessness_score,1.0,48,48
competition,hq_plus_a_b_c_d_e,HQ + A+B+C+D+E,total_groups_6,6 total groups,full_route,HQ + A+B+C+D+E,industry_pivot_count,sacrifice_x_serial,1.0,48,48
competition,hq_plus_a_b_c_d_e,HQ + A+B+C+D+E,total_groups_6,6 total groups,full_route,HQ + A+B+C+D+E,industry_pivot_count,seniority_is_monotone,1.0,48,48
competition,hq_plus_a_b_c_d_e,HQ + A+B+C+D+E,total_groups_6,6 total groups,full_route,HQ + A+B+C+D+E,industry_pivot_count,stem_flag,0.0,48,48
competition,hq_plus_a_b_c_d_e,HQ + A+B+C+D+E,total_groups_6,6 total groups,full_route,HQ + A+B+C+D+E,industry_pivot_count,total_inferred_experience,1.0,48,48
competition,hq_plus_a_b_c_d_e,HQ + A+B+C+D+E,total_groups_6,6 total groups,full_route,HQ + A+B+C+D+E,industry_pivot_count,years_in_large_company,1.0,48,48
competition,hq_plus_a_b_c_d_e,HQ + A+B+C+D+E,total_groups_6,6 total groups,full_route,HQ + A+B+C+D+E,industry_prestige_penalty,is_serial_founder,0.0,48,48
competition,hq_plus_a_b_c_d_e,HQ + A+B+C+D+E,total_groups_6,6 total groups,full_route,HQ + A+B+C+D+E,industry_prestige_penalty,longest_founding_tenure,0.0,48,48
competition,hq_plus_a_b_c_d_e,HQ + A+B+C+D+E,total_groups_6,6 total groups,full_route,HQ + A+B+C+D+E,industry_prestige_penalty,max_company_size_before_founding,0.0,48,48
competition,hq_plus_a_b_c_d_e,HQ + A+B+C+D+E,total_groups_6,6 total groups,full_route,HQ + A+B+C+D+E,industry_prestige_penalty,max_seniority_reached,0.0,48,48
competition,hq_plus_a_b_c_d_e,HQ + A+B+C+D+E,total_groups_6,6 total groups,full_route,HQ + A+B+C+D+E,industry_prestige_penalty,persistence_score,0.0,48,48
competition,hq_plus_a_b_c_d_e,HQ + A+B+C+D+E,total_groups_6,6 total groups,full_route,HQ + A+B+C+D+E,industry_prestige_penalty,prestige_sacrifice_score,0.0,48,48
competition,hq_plus_a_b_c_d_e,HQ + A+B+C+D+E,total_groups_6,6 total groups,full_route,HQ + A+B+C+D+E,industry_prestige_penalty,prestige_x_relevance,1.0,48,48
competition,hq_plus_a_b_c_d_e,HQ + A+B+C+D+E,total_groups_6,6 total groups,full_route,HQ + A+B+C+D+E,industry_prestige_penalty,repeat_founding_gap,0.0,48,48
competition,hq_plus_a_b_c_d_e,HQ + A+B+C+D+E,total_groups_6,6 total groups,full_route,HQ + A+B+C+D+E,industry_prestige_penalty,restlessness_score,0.0,48,48
competition,hq_plus_a_b_c_d_e,HQ + A+B+C+D+E,total_groups_6,6 total groups,full_route,HQ + A+B+C+D+E,industry_prestige_penalty,sacrifice_x_serial,0.0,48,48
competition,hq_plus_a_b_c_d_e,HQ + A+B+C+D+E,total_groups_6,6 total groups,full_route,HQ + A+B+C+D+E,industry_prestige_penalty,seniority_is_monotone,0.0,48,48
competition,hq_plus_a_b_c_d_e,HQ + A+B+C+D+E,total_groups_6,6 total groups,full_route,HQ + A+B+C+D+E,industry_prestige_penalty,stem_flag,1.0,48,48
competition,hq_plus_a_b_c_d_e,HQ + A+B+C+D+E,total_groups_6,6 total groups,full_route,HQ + A+B+C+D+E,industry_prestige_penalty,total_inferred_experience,0.0,48,48
competition,hq_plus_a_b_c_d_e,HQ + A+B+C+D+E,total_groups_6,6 total groups,full_route,HQ + A+B+C+D+E,industry_prestige_penalty,years_in_large_company,0.0,48,48
competition,hq_plus_a_b_c_d_e,HQ + A+B+C+D+E,total_groups_6,6 total groups,full_route,HQ + A+B+C+D+E,is_serial_founder,longest_founding_tenure,1.0,48,48
competition,hq_plus_a_b_c_d_e,HQ + A+B+C+D+E,total_groups_6,6 total groups,full_route,HQ + A+B+C+D+E,is_serial_founder,max_company_size_before_founding,1.0,48,48
competition,hq_plus_a_b_c_d_e,HQ + A+B+C+D+E,total_groups_6,6 total groups,full_route,HQ + A+B+C+D+E,is_serial_founder,max_seniority_reached,1.0,48,48
competition,hq_plus_a_b_c_d_e,HQ + A+B+C+D+E,total_groups_6,6 total groups,full_route,HQ + A+B+C+D+E,is_serial_founder,persistence_score,1.0,48,48
competition,hq_plus_a_b_c_d_e,HQ + A+B+C+D+E,total_groups_6,6 total groups,full_route,HQ + A+B+C+D+E,is_serial_founder,prestige_sacrifice_score,1.0,48,48
competition,hq_plus_a_b_c_d_e,HQ + A+B+C+D+E,total_groups_6,6 total groups,full_route,HQ + A+B+C+D+E,is_serial_founder,prestige_x_relevance,0.0,48,48
competition,hq_plus_a_b_c_d_e,HQ + A+B+C+D+E,total_groups_6,6 total groups,full_route,HQ + A+B+C+D+E,is_serial_founder,repeat_founding_gap,0.0,48,48
competition,hq_plus_a_b_c_d_e,HQ + A+B+C+D+E,total_groups_6,6 total groups,full_route,HQ + A+B+C+D+E,is_serial_founder,restlessness_score,1.0,48,48
competition,hq_plus_a_b_c_d_e,HQ + A+B+C+D+E,total_groups_6,6 total groups,full_route,HQ + A+B+C+D+E,is_serial_founder,sacrifice_x_serial,1.0,48,48
competition,hq_plus_a_b_c_d_e,HQ + A+B+C+D+E,total_groups_6,6 total groups,full_route,HQ + A+B+C+D+E,is_serial_founder,seniority_is_monotone,1.0,48,48
competition,hq_plus_a_b_c_d_e,HQ + A+B+C+D+E,total_groups_6,6 total groups,full_route,HQ + A+B+C+D+E,is_serial_founder,stem_flag,0.0,48,48
competition,hq_plus_a_b_c_d_e,HQ + A+B+C+D+E,total_groups_6,6 total groups,full_route,HQ + A+B+C+D+E,is_serial_founder,total_inferred_experience,1.0,48,48
competition,hq_plus_a_b_c_d_e,HQ + A+B+C+D+E,total_groups_6,6 total groups,full_route,HQ + A+B+C+D+E,is_serial_founder,years_in_large_company,1.0,48,48
competition,hq_plus_a_b_c_d_e,HQ + A+B+C+D+E,total_groups_6,6 total groups,full_route,HQ + A+B+C+D+E,longest_founding_tenure,max_company_size_before_founding,1.0,48,48
competition,hq_plus_a_b_c_d_e,HQ + A+B+C+D+E,total_groups_6,6 total groups,full_route,HQ + A+B+C+D+E,longest_founding_tenure,max_seniority_reached,1.0,48,48
competition,hq_plus_a_b_c_d_e,HQ + A+B+C+D+E,total_groups_6,6 total groups,full_route,HQ + A+B+C+D+E,longest_founding_tenure,persistence_score,1.0,48,48
competition,hq_plus_a_b_c_d_e,HQ + A+B+C+D+E,total_groups_6,6 total groups,full_route,HQ + A+B+C+D+E,longest_founding_tenure,prestige_sacrifice_score,1.0,48,48
competition,hq_plus_a_b_c_d_e,HQ + A+B+C+D+E,total_groups_6,6 total groups,full_route,HQ + A+B+C+D+E,longest_founding_tenure,prestige_x_relevance,0.0,48,48
competition,hq_plus_a_b_c_d_e,HQ + A+B+C+D+E,total_groups_6,6 total groups,full_route,HQ + A+B+C+D+E,longest_founding_tenure,repeat_founding_gap,0.0,48,48
competition,hq_plus_a_b_c_d_e,HQ + A+B+C+D+E,total_groups_6,6 total groups,full_route,HQ + A+B+C+D+E,longest_founding_tenure,restlessness_score,1.0,48,48
competition,hq_plus_a_b_c_d_e,HQ + A+B+C+D+E,total_groups_6,6 total groups,full_route,HQ + A+B+C+D+E,longest_founding_tenure,sacrifice_x_serial,1.0,48,48
competition,hq_plus_a_b_c_d_e,HQ + A+B+C+D+E,total_groups_6,6 total groups,full_route,HQ + A+B+C+D+E,longest_founding_tenure,seniority_is_monotone,1.0,48,48
competition,hq_plus_a_b_c_d_e,HQ + A+B+C+D+E,total_groups_6,6 total groups,full_route,HQ + A+B+C+D+E,longest_founding_tenure,stem_flag,0.0,48,48
competition,hq_plus_a_b_c_d_e,HQ + A+B+C+D+E,total_groups_6,6 total groups,full_route,HQ + A+B+C+D+E,longest_founding_tenure,total_inferred_experience,1.0,48,48
competition,hq_plus_a_b_c_d_e,HQ + A+B+C+D+E,total_groups_6,6 total groups,full_route,HQ + A+B+C+D+E,longest_founding_tenure,years_in_large_company,1.0,48,48
competition,hq_plus_a_b_c_d_e,HQ + A+B+C+D+E,total_groups_6,6 total groups,full_route,HQ + A+B+C+D+E,max_company_size_before_founding,max_seniority_reached,1.0,48,48
competition,hq_plus_a_b_c_d_e,HQ + A+B+C+D+E,total_groups_6,6 total groups,full_route,HQ + A+B+C+D+E,max_company_size_before_founding,persistence_score,1.0,48,48
competition,hq_plus_a_b_c_d_e,HQ + A+B+C+D+E,total_groups_6,6 total groups,full_route,HQ + A+B+C+D+E,max_company_size_before_founding,prestige_sacrifice_score,1.0,48,48
competition,hq_plus_a_b_c_d_e,HQ + A+B+C+D+E,total_groups_6,6 total groups,full_route,HQ + A+B+C+D+E,max_company_size_before_founding,prestige_x_relevance,0.0,48,48
competition,hq_plus_a_b_c_d_e,HQ + A+B+C+D+E,total_groups_6,6 total groups,full_route,HQ + A+B+C+D+E,max_company_size_before_founding,repeat_founding_gap,0.0,48,48
competition,hq_plus_a_b_c_d_e,HQ + A+B+C+D+E,total_groups_6,6 total groups,full_route,HQ + A+B+C+D+E,max_company_size_before_founding,restlessness_score,1.0,48,48
competition,hq_plus_a_b_c_d_e,HQ + A+B+C+D+E,total_groups_6,6 total groups,full_route,HQ + A+B+C+D+E,max_company_size_before_founding,sacrifice_x_serial,1.0,48,48
competition,hq_plus_a_b_c_d_e,HQ + A+B+C+D+E,total_groups_6,6 total groups,full_route,HQ + A+B+C+D+E,max_company_size_before_founding,seniority_is_monotone,1.0,48,48
competition,hq_plus_a_b_c_d_e,HQ + A+B+C+D+E,total_groups_6,6 total groups,full_route,HQ + A+B+C+D+E,max_company_size_before_founding,stem_flag,0.0,48,48
competition,hq_plus_a_b_c_d_e,HQ + A+B+C+D+E,total_groups_6,6 total groups,full_route,HQ + A+B+C+D+E,max_company_size_before_founding,total_inferred_experience,1.0,48,48
competition,hq_plus_a_b_c_d_e,HQ + A+B+C+D+E,total_groups_6,6 total groups,full_route,HQ + A+B+C+D+E,max_company_size_before_founding,years_in_large_company,1.0,48,48
competition,hq_plus_a_b_c_d_e,HQ + A+B+C+D+E,total_groups_6,6 total groups,full_route,HQ + A+B+C+D+E,max_seniority_reached,persistence_score,1.0,48,48
competition,hq_plus_a_b_c_d_e,HQ + A+B+C+D+E,total_groups_6,6 total groups,full_route,HQ + A+B+C+D+E,max_seniority_reached,prestige_sacrifice_score,1.0,48,48
competition,hq_plus_a_b_c_d_e,HQ + A+B+C+D+E,total_groups_6,6 total groups,full_route,HQ + A+B+C+D+E,max_seniority_reached,prestige_x_relevance,0.0,48,48
competition,hq_plus_a_b_c_d_e,HQ + A+B+C+D+E,total_groups_6,6 total groups,full_route,HQ + A+B+C+D+E,max_seniority_reached,repeat_founding_gap,0.0,48,48
competition,hq_plus_a_b_c_d_e,HQ + A+B+C+D+E,total_groups_6,6 total groups,full_route,HQ + A+B+C+D+E,max_seniority_reached,restlessness_score,1.0,48,48
competition,hq_plus_a_b_c_d_e,HQ + A+B+C+D+E,total_groups_6,6 total groups,full_route,HQ + A+B+C+D+E,max_seniority_reached,sacrifice_x_serial,1.0,48,48
competition,hq_plus_a_b_c_d_e,HQ + A+B+C+D+E,total_groups_6,6 total groups,full_route,HQ + A+B+C+D+E,max_seniority_reached,seniority_is_monotone,1.0,48,48
competition,hq_plus_a_b_c_d_e,HQ + A+B+C+D+E,total_groups_6,6 total groups,full_route,HQ + A+B+C+D+E,max_seniority_reached,stem_flag,0.0,48,48
competition,hq_plus_a_b_c_d_e,HQ + A+B+C+D+E,total_groups_6,6 total groups,full_route,HQ + A+B+C+D+E,max_seniority_reached,total_inferred_experience,1.0,48,48
competition,hq_plus_a_b_c_d_e,HQ + A+B+C+D+E,total_groups_6,6 total groups,full_route,HQ + A+B+C+D+E,max_seniority_reached,years_in_large_company,1.0,48,48
competition,hq_plus_a_b_c_d_e,HQ + A+B+C+D+E,total_groups_6,6 total groups,full_route,HQ + A+B+C+D+E,persistence_score,prestige_sacrifice_score,1.0,48,48
competition,hq_plus_a_b_c_d_e,HQ + A+B+C+D+E,total_groups_6,6 total groups,full_route,HQ + A+B+C+D+E,persistence_score,prestige_x_relevance,0.0,48,48
competition,hq_plus_a_b_c_d_e,HQ + A+B+C+D+E,total_groups_6,6 total groups,full_route,HQ + A+B+C+D+E,persistence_score,repeat_founding_gap,0.0,48,48
competition,hq_plus_a_b_c_d_e,HQ + A+B+C+D+E,total_groups_6,6 total groups,full_route,HQ + A+B+C+D+E,persistence_score,restlessness_score,1.0,48,48
competition,hq_plus_a_b_c_d_e,HQ + A+B+C+D+E,total_groups_6,6 total groups,full_route,HQ + A+B+C+D+E,persistence_score,sacrifice_x_serial,1.0,48,48
competition,hq_plus_a_b_c_d_e,HQ + A+B+C+D+E,total_groups_6,6 total groups,full_route,HQ + A+B+C+D+E,persistence_score,seniority_is_monotone,1.0,48,48
competition,hq_plus_a_b_c_d_e,HQ + A+B+C+D+E,total_groups_6,6 total groups,full_route,HQ + A+B+C+D+E,persistence_score,stem_flag,0.0,48,48
competition,hq_plus_a_b_c_d_e,HQ + A+B+C+D+E,total_groups_6,6 total groups,full_route,HQ + A+B+C+D+E,persistence_score,total_inferred_experience,1.0,48,48
competition,hq_plus_a_b_c_d_e,HQ + A+B+C+D+E,total_groups_6,6 total groups,full_route,HQ + A+B+C+D+E,persistence_score,years_in_large_company,1.0,48,48
competition,hq_plus_a_b_c_d_e,HQ + A+B+C+D+E,total_groups_6,6 total groups,full_route,HQ + A+B+C+D+E,prestige_sacrifice_score,prestige_x_relevance,0.0,48,48
competition,hq_plus_a_b_c_d_e,HQ + A+B+C+D+E,total_groups_6,6 total groups,full_route,HQ + A+B+C+D+E,prestige_sacrifice_score,repeat_founding_gap,0.0,48,48
competition,hq_plus_a_b_c_d_e,HQ + A+B+C+D+E,total_groups_6,6 total groups,full_route,HQ + A+B+C+D+E,prestige_sacrifice_score,restlessness_score,1.0,48,48
competition,hq_plus_a_b_c_d_e,HQ + A+B+C+D+E,total_groups_6,6 total groups,full_route,HQ + A+B+C+D+E,prestige_sacrifice_score,sacrifice_x_serial,1.0,48,48
competition,hq_plus_a_b_c_d_e,HQ + A+B+C+D+E,total_groups_6,6 total groups,full_route,HQ + A+B+C+D+E,prestige_sacrifice_score,seniority_is_monotone,1.0,48,48
competition,hq_plus_a_b_c_d_e,HQ + A+B+C+D+E,total_groups_6,6 total groups,full_route,HQ + A+B+C+D+E,prestige_sacrifice_score,stem_flag,0.0,48,48
competition,hq_plus_a_b_c_d_e,HQ + A+B+C+D+E,total_groups_6,6 total groups,full_route,HQ + A+B+C+D+E,prestige_sacrifice_score,total_inferred_experience,1.0,48,48
competition,hq_plus_a_b_c_d_e,HQ + A+B+C+D+E,total_groups_6,6 total groups,full_route,HQ + A+B+C+D+E,prestige_sacrifice_score,years_in_large_company,1.0,48,48
competition,hq_plus_a_b_c_d_e,HQ + A+B+C+D+E,total_groups_6,6 total groups,full_route,HQ + A+B+C+D+E,prestige_x_relevance,repeat_founding_gap,0.0,48,48
competition,hq_plus_a_b_c_d_e,HQ + A+B+C+D+E,total_groups_6,6 total groups,full_route,HQ + A+B+C+D+E,prestige_x_relevance,restlessness_score,0.0,48,48
competition,hq_plus_a_b_c_d_e,HQ + A+B+C+D+E,total_groups_6,6 total groups,full_route,HQ + A+B+C+D+E,prestige_x_relevance,sacrifice_x_serial,0.0,48,48
competition,hq_plus_a_b_c_d_e,HQ + A+B+C+D+E,total_groups_6,6 total groups,full_route,HQ + A+B+C+D+E,prestige_x_relevance,seniority_is_monotone,0.0,48,48
competition,hq_plus_a_b_c_d_e,HQ + A+B+C+D+E,total_groups_6,6 total groups,full_route,HQ + A+B+C+D+E,prestige_x_relevance,stem_flag,1.0,48,48
competition,hq_plus_a_b_c_d_e,HQ + A+B+C+D+E,total_groups_6,6 total groups,full_route,HQ + A+B+C+D+E,prestige_x_relevance,total_inferred_experience,0.0,48,48
competition,hq_plus_a_b_c_d_e,HQ + A+B+C+D+E,total_groups_6,6 total groups,full_route,HQ + A+B+C+D+E,prestige_x_relevance,years_in_large_company,0.0,48,48
competition,hq_plus_a_b_c_d_e,HQ + A+B+C+D+E,total_groups_6,6 total groups,full_route,HQ + A+B+C+D+E,repeat_founding_gap,restlessness_score,0.0,48,48
competition,hq_plus_a_b_c_d_e,HQ + A+B+C+D+E,total_groups_6,6 total groups,full_route,HQ + A+B+C+D+E,repeat_founding_gap,sacrifice_x_serial,0.0,48,48
competition,hq_plus_a_b_c_d_e,HQ + A+B+C+D+E,total_groups_6,6 total groups,full_route,HQ + A+B+C+D+E,repeat_founding_gap,seniority_is_monotone,0.0,48,48
competition,hq_plus_a_b_c_d_e,HQ + A+B+C+D+E,total_groups_6,6 total groups,full_route,HQ + A+B+C+D+E,repeat_founding_gap,stem_flag,0.0,48,48
competition,hq_plus_a_b_c_d_e,HQ + A+B+C+D+E,total_groups_6,6 total groups,full_route,HQ + A+B+C+D+E,repeat_founding_gap,total_inferred_experience,0.0,48,48
competition,hq_plus_a_b_c_d_e,HQ + A+B+C+D+E,total_groups_6,6 total groups,full_route,HQ + A+B+C+D+E,repeat_founding_gap,years_in_large_company,0.0,48,48
competition,hq_plus_a_b_c_d_e,HQ + A+B+C+D+E,total_groups_6,6 total groups,full_route,HQ + A+B+C+D+E,restlessness_score,sacrifice_x_serial,1.0,48,48
competition,hq_plus_a_b_c_d_e,HQ + A+B+C+D+E,total_groups_6,6 total groups,full_route,HQ + A+B+C+D+E,restlessness_score,seniority_is_monotone,1.0,48,48
competition,hq_plus_a_b_c_d_e,HQ + A+B+C+D+E,total_groups_6,6 total groups,full_route,HQ + A+B+C+D+E,restlessness_score,stem_flag,0.0,48,48
competition,hq_plus_a_b_c_d_e,HQ + A+B+C+D+E,total_groups_6,6 total groups,full_route,HQ + A+B+C+D+E,restlessness_score,total_inferred_experience,1.0,48,48
competition,hq_plus_a_b_c_d_e,HQ + A+B+C+D+E,total_groups_6,6 total groups,full_route,HQ + A+B+C+D+E,restlessness_score,years_in_large_company,1.0,48,48
competition,hq_plus_a_b_c_d_e,HQ + A+B+C+D+E,total_groups_6,6 total groups,full_route,HQ + A+B+C+D+E,sacrifice_x_serial,seniority_is_monotone,1.0,48,48
competition,hq_plus_a_b_c_d_e,HQ + A+B+C+D+E,total_groups_6,6 total groups,full_route,HQ + A+B+C+D+E,sacrifice_x_serial,stem_flag,0.0,48,48
competition,hq_plus_a_b_c_d_e,HQ + A+B+C+D+E,total_groups_6,6 total groups,full_route,HQ + A+B+C+D+E,sacrifice_x_serial,total_inferred_experience,1.0,48,48
competition,hq_plus_a_b_c_d_e,HQ + A+B+C+D+E,total_groups_6,6 total groups,full_route,HQ + A+B+C+D+E,sacrifice_x_serial,years_in_large_company,1.0,48,48
competition,hq_plus_a_b_c_d_e,HQ + A+B+C+D+E,total_groups_6,6 total groups,full_route,HQ + A+B+C+D+E,seniority_is_monotone,stem_flag,0.0,48,48
competition,hq_plus_a_b_c_d_e,HQ + A+B+C+D+E,total_groups_6,6 total groups,full_route,HQ + A+B+C+D+E,seniority_is_monotone,total_inferred_experience,1.0,48,48
competition,hq_plus_a_b_c_d_e,HQ + A+B+C+D+E,total_groups_6,6 total groups,full_route,HQ + A+B+C+D+E,seniority_is_monotone,years_in_large_company,1.0,48,48
competition,hq_plus_a_b_c_d_e,HQ + A+B+C+D+E,total_groups_6,6 total groups,full_route,HQ + A+B+C+D+E,stem_flag,total_inferred_experience,0.0,48,48
competition,hq_plus_a_b_c_d_e,HQ + A+B+C+D+E,total_groups_6,6 total groups,full_route,HQ + A+B+C+D+E,stem_flag,years_in_large_company,0.0,48,48
competition,hq_plus_a_b_c_d_e,HQ + A+B+C+D+E,total_groups_6,6 total groups,full_route,HQ + A+B+C+D+E,total_inferred_experience,years_in_large_company,1.0,48,48
competition,hq_plus_b_c_d_e_f,HQ + B+C+D+E+F,total_groups_6,6 total groups,full_route,HQ + B+C+D+E+F,B_evidence_support_rating,B_rubric_score,1.0,48,48
competition,hq_plus_b_c_d_e_f,HQ + B+C+D+E+F,total_groups_6,6 total groups,full_route,HQ + B+C+D+E+F,B_evidence_support_rating,C_evidence_support_rating,1.0,48,48
competition,hq_plus_b_c_d_e_f,HQ + B+C+D+E+F,total_groups_6,6 total groups,full_route,HQ + B+C+D+E+F,B_evidence_support_rating,C_latent_risk,1.0,48,48
competition,hq_plus_b_c_d_e_f,HQ + B+C+D+E+F,total_groups_6,6 total groups,full_route,HQ + B+C+D+E+F,B_evidence_support_rating,C_latent_strength,1.0,48,48
competition,hq_plus_b_c_d_e_f,HQ + B+C+D+E+F,total_groups_6,6 total groups,full_route,HQ + B+C+D+E+F,B_evidence_support_rating,D_evidence_support_rating,1.0,48,48
competition,hq_plus_b_c_d_e_f,HQ + B+C+D+E+F,total_groups_6,6 total groups,full_route,HQ + B+C+D+E+F,B_evidence_support_rating,D_overall_founder_quality,1.0,48,48
competition,hq_plus_b_c_d_e_f,HQ + B+C+D+E+F,total_groups_6,6 total groups,full_route,HQ + B+C+D+E+F,B_evidence_support_rating,E_evidence_support_rating,1.0,48,48
competition,hq_plus_b_c_d_e_f,HQ + B+C+D+E+F,total_groups_6,6 total groups,full_route,HQ + B+C+D+E+F,B_evidence_support_rating,E_hidden_risk,1.0,48,48
competition,hq_plus_b_c_d_e_f,HQ + B+C+D+E+F,total_groups_6,6 total groups,full_route,HQ + B+C+D+E+F,B_evidence_support_rating,E_hidden_upside,1.0,48,48
competition,hq_plus_b_c_d_e_f,HQ + B+C+D+E+F,total_groups_6,6 total groups,full_route,HQ + B+C+D+E+F,B_evidence_support_rating,F_career_coherence,1.0,48,48
competition,hq_plus_b_c_d_e_f,HQ + B+C+D+E+F,total_groups_6,6 total groups,full_route,HQ + B+C+D+E+F,B_evidence_support_rating,F_evidence_support_rating,1.0,48,48
competition,hq_plus_b_c_d_e_f,HQ + B+C+D+E+F,total_groups_6,6 total groups,full_route,HQ + B+C+D+E+F,B_evidence_support_rating,F_ownership_signal,1.0,48,48
competition,hq_plus_b_c_d_e_f,HQ + B+C+D+E+F,total_groups_6,6 total groups,full_route,HQ + B+C+D+E+F,B_evidence_support_rating,F_rubric_score,1.0,48,48
competition,hq_plus_b_c_d_e_f,HQ + B+C+D+E+F,total_groups_6,6 total groups,full_route,HQ + B+C+D+E+F,B_evidence_support_rating,F_scrappiness,1.0,48,48
competition,hq_plus_b_c_d_e_f,HQ + B+C+D+E+F,total_groups_6,6 total groups,full_route,HQ + B+C+D+E+F,B_evidence_support_rating,F_trajectory_strength,1.0,48,48
competition,hq_plus_b_c_d_e_f,HQ + B+C+D+E+F,total_groups_6,6 total groups,full_route,HQ + B+C+D+E+F,B_evidence_support_rating,best_degree_prestige,0.0,48,48
competition,hq_plus_b_c_d_e_f,HQ + B+C+D+E+F,total_groups_6,6 total groups,full_route,HQ + B+C+D+E+F,B_evidence_support_rating,comfort_index,0.0,48,48
competition,hq_plus_b_c_d_e_f,HQ + B+C+D+E+F,total_groups_6,6 total groups,full_route,HQ + B+C+D+E+F,B_evidence_support_rating,company_size_is_growing,0.0,48,48
competition,hq_plus_b_c_d_e_f,HQ + B+C+D+E+F,total_groups_6,6 total groups,full_route,HQ + B+C+D+E+F,B_evidence_support_rating,degree_level,0.0,48,48
competition,hq_plus_b_c_d_e_f,HQ + B+C+D+E+F,total_groups_6,6 total groups,full_route,HQ + B+C+D+E+F,B_evidence_support_rating,edu_prestige_tier,0.0,48,48
competition,hq_plus_b_c_d_e_f,HQ + B+C+D+E+F,total_groups_6,6 total groups,full_route,HQ + B+C+D+E+F,B_evidence_support_rating,exit_count,0.0,48,48
competition,hq_plus_b_c_d_e_f,HQ + B+C+D+E+F,total_groups_6,6 total groups,full_route,HQ + B+C+D+E+F,B_evidence_support_rating,exit_x_serial,0.0,48,48
competition,hq_plus_b_c_d_e_f,HQ + B+C+D+E+F,total_groups_6,6 total groups,full_route,HQ + B+C+D+E+F,B_evidence_support_rating,field_relevance_score,0.0,48,48
competition,hq_plus_b_c_d_e_f,HQ + B+C+D+E+F,total_groups_6,6 total groups,full_route,HQ + B+C+D+E+F,B_evidence_support_rating,founding_role_count,0.0,48,48
competition,hq_plus_b_c_d_e_f,HQ + B+C+D+E+F,total_groups_6,6 total groups,full_route,HQ + B+C+D+E+F,B_evidence_support_rating,founding_timing,0.0,48,48
competition,hq_plus_b_c_d_e_f,HQ + B+C+D+E+F,total_groups_6,6 total groups,full_route,HQ + B+C+D+E+F,B_evidence_support_rating,has_prior_acquisition,0.0,48,48
competition,hq_plus_b_c_d_e_f,HQ + B+C+D+E+F,total_groups_6,6 total groups,full_route,HQ + B+C+D+E+F,B_evidence_support_rating,has_prior_ipo,0.0,48,48
competition,hq_plus_b_c_d_e_f,HQ + B+C+D+E+F,total_groups_6,6 total groups,full_route,HQ + B+C+D+E+F,B_evidence_support_rating,industry_alignment,0.0,48,48
competition,hq_plus_b_c_d_e_f,HQ + B+C+D+E+F,total_groups_6,6 total groups,full_route,HQ + B+C+D+E+F,B_evidence_support_rating,industry_pivot_count,0.0,48,48
competition,hq_plus_b_c_d_e_f,HQ + B+C+D+E+F,total_groups_6,6 total groups,full_route,HQ + B+C+D+E+F,B_evidence_support_rating,industry_prestige_penalty,0.0,48,48
competition,hq_plus_b_c_d_e_f,HQ + B+C+D+E+F,total_groups_6,6 total groups,full_route,HQ + B+C+D+E+F,B_evidence_support_rating,is_serial_founder,0.0,48,48
competition,hq_plus_b_c_d_e_f,HQ + B+C+D+E+F,total_groups_6,6 total groups,full_route,HQ + B+C+D+E+F,B_evidence_support_rating,longest_founding_tenure,0.0,48,48
competition,hq_plus_b_c_d_e_f,HQ + B+C+D+E+F,total_groups_6,6 total groups,full_route,HQ + B+C+D+E+F,B_evidence_support_rating,max_company_size_before_founding,0.0,48,48
competition,hq_plus_b_c_d_e_f,HQ + B+C+D+E+F,total_groups_6,6 total groups,full_route,HQ + B+C+D+E+F,B_evidence_support_rating,max_seniority_reached,0.0,48,48
competition,hq_plus_b_c_d_e_f,HQ + B+C+D+E+F,total_groups_6,6 total groups,full_route,HQ + B+C+D+E+F,B_evidence_support_rating,persistence_score,0.0,48,48
competition,hq_plus_b_c_d_e_f,HQ + B+C+D+E+F,total_groups_6,6 total groups,full_route,HQ + B+C+D+E+F,B_evidence_support_rating,prestige_sacrifice_score,0.0,48,48
competition,hq_plus_b_c_d_e_f,HQ + B+C+D+E+F,total_groups_6,6 total groups,full_route,HQ + B+C+D+E+F,B_evidence_support_rating,prestige_x_relevance,0.0,48,48
competition,hq_plus_b_c_d_e_f,HQ + B+C+D+E+F,total_groups_6,6 total groups,full_route,HQ + B+C+D+E+F,B_evidence_support_rating,repeat_founding_gap,0.0,48,48
competition,hq_plus_b_c_d_e_f,HQ + B+C+D+E+F,total_groups_6,6 total groups,full_route,HQ + B+C+D+E+F,B_evidence_support_rating,restlessness_score,0.0,48,48
competition,hq_plus_b_c_d_e_f,HQ + B+C+D+E+F,total_groups_6,6 total groups,full_route,HQ + B+C+D+E+F,B_evidence_support_rating,sacrifice_x_serial,0.0,48,48
competition,hq_plus_b_c_d_e_f,HQ + B+C+D+E+F,total_groups_6,6 total groups,full_route,HQ + B+C+D+E+F,B_evidence_support_rating,seniority_is_monotone,0.0,48,48
competition,hq_plus_b_c_d_e_f,HQ + B+C+D+E+F,total_groups_6,6 total groups,full_route,HQ + B+C+D+E+F,B_evidence_support_rating,stem_flag,0.0,48,48
competition,hq_plus_b_c_d_e_f,HQ + B+C+D+E+F,total_groups_6,6 total groups,full_route,HQ + B+C+D+E+F,B_evidence_support_rating,total_inferred_experience,0.0,48,48
competition,hq_plus_b_c_d_e_f,HQ + B+C+D+E+F,total_groups_6,6 total groups,full_route,HQ + B+C+D+E+F,B_evidence_support_rating,years_in_large_company,0.0,48,48
competition,hq_plus_b_c_d_e_f,HQ + B+C+D+E+F,total_groups_6,6 total groups,full_route,HQ + B+C+D+E+F,B_rubric_score,C_evidence_support_rating,1.0,48,48
competition,hq_plus_b_c_d_e_f,HQ + B+C+D+E+F,total_groups_6,6 total groups,full_route,HQ + B+C+D+E+F,B_rubric_score,C_latent_risk,1.0,48,48
competition,hq_plus_b_c_d_e_f,HQ + B+C+D+E+F,total_groups_6,6 total groups,full_route,HQ + B+C+D+E+F,B_rubric_score,C_latent_strength,1.0,48,48
competition,hq_plus_b_c_d_e_f,HQ + B+C+D+E+F,total_groups_6,6 total groups,full_route,HQ + B+C+D+E+F,B_rubric_score,D_evidence_support_rating,1.0,48,48
competition,hq_plus_b_c_d_e_f,HQ + B+C+D+E+F,total_groups_6,6 total groups,full_route,HQ + B+C+D+E+F,B_rubric_score,D_overall_founder_quality,1.0,48,48
competition,hq_plus_b_c_d_e_f,HQ + B+C+D+E+F,total_groups_6,6 total groups,full_route,HQ + B+C+D+E+F,B_rubric_score,E_evidence_support_rating,1.0,48,48
competition,hq_plus_b_c_d_e_f,HQ + B+C+D+E+F,total_groups_6,6 total groups,full_route,HQ + B+C+D+E+F,B_rubric_score,E_hidden_risk,1.0,48,48
competition,hq_plus_b_c_d_e_f,HQ + B+C+D+E+F,total_groups_6,6 total groups,full_route,HQ + B+C+D+E+F,B_rubric_score,E_hidden_upside,1.0,48,48
competition,hq_plus_b_c_d_e_f,HQ + B+C+D+E+F,total_groups_6,6 total groups,full_route,HQ + B+C+D+E+F,B_rubric_score,F_career_coherence,1.0,48,48
competition,hq_plus_b_c_d_e_f,HQ + B+C+D+E+F,total_groups_6,6 total groups,full_route,HQ + B+C+D+E+F,B_rubric_score,F_evidence_support_rating,1.0,48,48
competition,hq_plus_b_c_d_e_f,HQ + B+C+D+E+F,total_groups_6,6 total groups,full_route,HQ + B+C+D+E+F,B_rubric_score,F_ownership_signal,1.0,48,48
competition,hq_plus_b_c_d_e_f,HQ + B+C+D+E+F,total_groups_6,6 total groups,full_route,HQ + B+C+D+E+F,B_rubric_score,F_rubric_score,1.0,48,48
competition,hq_plus_b_c_d_e_f,HQ + B+C+D+E+F,total_groups_6,6 total groups,full_route,HQ + B+C+D+E+F,B_rubric_score,F_scrappiness,1.0,48,48
competition,hq_plus_b_c_d_e_f,HQ + B+C+D+E+F,total_groups_6,6 total groups,full_route,HQ + B+C+D+E+F,B_rubric_score,F_trajectory_strength,1.0,48,48
competition,hq_plus_b_c_d_e_f,HQ + B+C+D+E+F,total_groups_6,6 total groups,full_route,HQ + B+C+D+E+F,B_rubric_score,best_degree_prestige,0.0,48,48
competition,hq_plus_b_c_d_e_f,HQ + B+C+D+E+F,total_groups_6,6 total groups,full_route,HQ + B+C+D+E+F,B_rubric_score,comfort_index,0.0,48,48
competition,hq_plus_b_c_d_e_f,HQ + B+C+D+E+F,total_groups_6,6 total groups,full_route,HQ + B+C+D+E+F,B_rubric_score,company_size_is_growing,0.0,48,48
competition,hq_plus_b_c_d_e_f,HQ + B+C+D+E+F,total_groups_6,6 total groups,full_route,HQ + B+C+D+E+F,B_rubric_score,degree_level,0.0,48,48
competition,hq_plus_b_c_d_e_f,HQ + B+C+D+E+F,total_groups_6,6 total groups,full_route,HQ + B+C+D+E+F,B_rubric_score,edu_prestige_tier,0.0,48,48
competition,hq_plus_b_c_d_e_f,HQ + B+C+D+E+F,total_groups_6,6 total groups,full_route,HQ + B+C+D+E+F,B_rubric_score,exit_count,0.0,48,48
competition,hq_plus_b_c_d_e_f,HQ + B+C+D+E+F,total_groups_6,6 total groups,full_route,HQ + B+C+D+E+F,B_rubric_score,exit_x_serial,0.0,48,48
competition,hq_plus_b_c_d_e_f,HQ + B+C+D+E+F,total_groups_6,6 total groups,full_route,HQ + B+C+D+E+F,B_rubric_score,field_relevance_score,0.0,48,48
competition,hq_plus_b_c_d_e_f,HQ + B+C+D+E+F,total_groups_6,6 total groups,full_route,HQ + B+C+D+E+F,B_rubric_score,founding_role_count,0.0,48,48
competition,hq_plus_b_c_d_e_f,HQ + B+C+D+E+F,total_groups_6,6 total groups,full_route,HQ + B+C+D+E+F,B_rubric_score,founding_timing,0.0,48,48
competition,hq_plus_b_c_d_e_f,HQ + B+C+D+E+F,total_groups_6,6 total groups,full_route,HQ + B+C+D+E+F,B_rubric_score,has_prior_acquisition,0.0,48,48
competition,hq_plus_b_c_d_e_f,HQ + B+C+D+E+F,total_groups_6,6 total groups,full_route,HQ + B+C+D+E+F,B_rubric_score,has_prior_ipo,0.0,48,48
competition,hq_plus_b_c_d_e_f,HQ + B+C+D+E+F,total_groups_6,6 total groups,full_route,HQ + B+C+D+E+F,B_rubric_score,industry_alignment,0.0,48,48
competition,hq_plus_b_c_d_e_f,HQ + B+C+D+E+F,total_groups_6,6 total groups,full_route,HQ + B+C+D+E+F,B_rubric_score,industry_pivot_count,0.0,48,48
competition,hq_plus_b_c_d_e_f,HQ + B+C+D+E+F,total_groups_6,6 total groups,full_route,HQ + B+C+D+E+F,B_rubric_score,industry_prestige_penalty,0.0,48,48
competition,hq_plus_b_c_d_e_f,HQ + B+C+D+E+F,total_groups_6,6 total groups,full_route,HQ + B+C+D+E+F,B_rubric_score,is_serial_founder,0.0,48,48
competition,hq_plus_b_c_d_e_f,HQ + B+C+D+E+F,total_groups_6,6 total groups,full_route,HQ + B+C+D+E+F,B_rubric_score,longest_founding_tenure,0.0,48,48
competition,hq_plus_b_c_d_e_f,HQ + B+C+D+E+F,total_groups_6,6 total groups,full_route,HQ + B+C+D+E+F,B_rubric_score,max_company_size_before_founding,0.0,48,48
competition,hq_plus_b_c_d_e_f,HQ + B+C+D+E+F,total_groups_6,6 total groups,full_route,HQ + B+C+D+E+F,B_rubric_score,max_seniority_reached,0.0,48,48
competition,hq_plus_b_c_d_e_f,HQ + B+C+D+E+F,total_groups_6,6 total groups,full_route,HQ + B+C+D+E+F,B_rubric_score,persistence_score,0.0,48,48
competition,hq_plus_b_c_d_e_f,HQ + B+C+D+E+F,total_groups_6,6 total groups,full_route,HQ + B+C+D+E+F,B_rubric_score,prestige_sacrifice_score,0.0,48,48
competition,hq_plus_b_c_d_e_f,HQ + B+C+D+E+F,total_groups_6,6 total groups,full_route,HQ + B+C+D+E+F,B_rubric_score,prestige_x_relevance,0.0,48,48
competition,hq_plus_b_c_d_e_f,HQ + B+C+D+E+F,total_groups_6,6 total groups,full_route,HQ + B+C+D+E+F,B_rubric_score,repeat_founding_gap,0.0,48,48
competition,hq_plus_b_c_d_e_f,HQ + B+C+D+E+F,total_groups_6,6 total groups,full_route,HQ + B+C+D+E+F,B_rubric_score,restlessness_score,0.0,48,48
competition,hq_plus_b_c_d_e_f,HQ + B+C+D+E+F,total_groups_6,6 total groups,full_route,HQ + B+C+D+E+F,B_rubric_score,sacrifice_x_serial,0.0,48,48
competition,hq_plus_b_c_d_e_f,HQ + B+C+D+E+F,total_groups_6,6 total groups,full_route,HQ + B+C+D+E+F,B_rubric_score,seniority_is_monotone,0.0,48,48
competition,hq_plus_b_c_d_e_f,HQ + B+C+D+E+F,total_groups_6,6 total groups,full_route,HQ + B+C+D+E+F,B_rubric_score,stem_flag,0.0,48,48
competition,hq_plus_b_c_d_e_f,HQ + B+C+D+E+F,total_groups_6,6 total groups,full_route,HQ + B+C+D+E+F,B_rubric_score,total_inferred_experience,0.0,48,48
competition,hq_plus_b_c_d_e_f,HQ + B+C+D+E+F,total_groups_6,6 total groups,full_route,HQ + B+C+D+E+F,B_rubric_score,years_in_large_company,0.0,48,48
competition,hq_plus_b_c_d_e_f,HQ + B+C+D+E+F,total_groups_6,6 total groups,full_route,HQ + B+C+D+E+F,C_evidence_support_rating,C_latent_risk,1.0,48,48
competition,hq_plus_b_c_d_e_f,HQ + B+C+D+E+F,total_groups_6,6 total groups,full_route,HQ + B+C+D+E+F,C_evidence_support_rating,C_latent_strength,1.0,48,48
competition,hq_plus_b_c_d_e_f,HQ + B+C+D+E+F,total_groups_6,6 total groups,full_route,HQ + B+C+D+E+F,C_evidence_support_rating,D_evidence_support_rating,1.0,48,48
competition,hq_plus_b_c_d_e_f,HQ + B+C+D+E+F,total_groups_6,6 total groups,full_route,HQ + B+C+D+E+F,C_evidence_support_rating,D_overall_founder_quality,1.0,48,48
competition,hq_plus_b_c_d_e_f,HQ + B+C+D+E+F,total_groups_6,6 total groups,full_route,HQ + B+C+D+E+F,C_evidence_support_rating,E_evidence_support_rating,1.0,48,48
competition,hq_plus_b_c_d_e_f,HQ + B+C+D+E+F,total_groups_6,6 total groups,full_route,HQ + B+C+D+E+F,C_evidence_support_rating,E_hidden_risk,1.0,48,48
competition,hq_plus_b_c_d_e_f,HQ + B+C+D+E+F,total_groups_6,6 total groups,full_route,HQ + B+C+D+E+F,C_evidence_support_rating,E_hidden_upside,1.0,48,48
competition,hq_plus_b_c_d_e_f,HQ + B+C+D+E+F,total_groups_6,6 total groups,full_route,HQ + B+C+D+E+F,C_evidence_support_rating,F_career_coherence,1.0,48,48
competition,hq_plus_b_c_d_e_f,HQ + B+C+D+E+F,total_groups_6,6 total groups,full_route,HQ + B+C+D+E+F,C_evidence_support_rating,F_evidence_support_rating,1.0,48,48
competition,hq_plus_b_c_d_e_f,HQ + B+C+D+E+F,total_groups_6,6 total groups,full_route,HQ + B+C+D+E+F,C_evidence_support_rating,F_ownership_signal,1.0,48,48
competition,hq_plus_b_c_d_e_f,HQ + B+C+D+E+F,total_groups_6,6 total groups,full_route,HQ + B+C+D+E+F,C_evidence_support_rating,F_rubric_score,1.0,48,48
competition,hq_plus_b_c_d_e_f,HQ + B+C+D+E+F,total_groups_6,6 total groups,full_route,HQ + B+C+D+E+F,C_evidence_support_rating,F_scrappiness,1.0,48,48
competition,hq_plus_b_c_d_e_f,HQ + B+C+D+E+F,total_groups_6,6 total groups,full_route,HQ + B+C+D+E+F,C_evidence_support_rating,F_trajectory_strength,1.0,48,48
competition,hq_plus_b_c_d_e_f,HQ + B+C+D+E+F,total_groups_6,6 total groups,full_route,HQ + B+C+D+E+F,C_evidence_support_rating,best_degree_prestige,0.0,48,48
competition,hq_plus_b_c_d_e_f,HQ + B+C+D+E+F,total_groups_6,6 total groups,full_route,HQ + B+C+D+E+F,C_evidence_support_rating,comfort_index,0.0,48,48
competition,hq_plus_b_c_d_e_f,HQ + B+C+D+E+F,total_groups_6,6 total groups,full_route,HQ + B+C+D+E+F,C_evidence_support_rating,company_size_is_growing,0.0,48,48
competition,hq_plus_b_c_d_e_f,HQ + B+C+D+E+F,total_groups_6,6 total groups,full_route,HQ + B+C+D+E+F,C_evidence_support_rating,degree_level,0.0,48,48
competition,hq_plus_b_c_d_e_f,HQ + B+C+D+E+F,total_groups_6,6 total groups,full_route,HQ + B+C+D+E+F,C_evidence_support_rating,edu_prestige_tier,0.0,48,48
competition,hq_plus_b_c_d_e_f,HQ + B+C+D+E+F,total_groups_6,6 total groups,full_route,HQ + B+C+D+E+F,C_evidence_support_rating,exit_count,0.0,48,48
competition,hq_plus_b_c_d_e_f,HQ + B+C+D+E+F,total_groups_6,6 total groups,full_route,HQ + B+C+D+E+F,C_evidence_support_rating,exit_x_serial,0.0,48,48
competition,hq_plus_b_c_d_e_f,HQ + B+C+D+E+F,total_groups_6,6 total groups,full_route,HQ + B+C+D+E+F,C_evidence_support_rating,field_relevance_score,0.0,48,48
competition,hq_plus_b_c_d_e_f,HQ + B+C+D+E+F,total_groups_6,6 total groups,full_route,HQ + B+C+D+E+F,C_evidence_support_rating,founding_role_count,0.0,48,48
competition,hq_plus_b_c_d_e_f,HQ + B+C+D+E+F,total_groups_6,6 total groups,full_route,HQ + B+C+D+E+F,C_evidence_support_rating,founding_timing,0.0,48,48
competition,hq_plus_b_c_d_e_f,HQ + B+C+D+E+F,total_groups_6,6 total groups,full_route,HQ + B+C+D+E+F,C_evidence_support_rating,has_prior_acquisition,0.0,48,48
competition,hq_plus_b_c_d_e_f,HQ + B+C+D+E+F,total_groups_6,6 total groups,full_route,HQ + B+C+D+E+F,C_evidence_support_rating,has_prior_ipo,0.0,48,48
competition,hq_plus_b_c_d_e_f,HQ + B+C+D+E+F,total_groups_6,6 total groups,full_route,HQ + B+C+D+E+F,C_evidence_support_rating,industry_alignment,0.0,48,48
competition,hq_plus_b_c_d_e_f,HQ + B+C+D+E+F,total_groups_6,6 total groups,full_route,HQ + B+C+D+E+F,C_evidence_support_rating,industry_pivot_count,0.0,48,48
competition,hq_plus_b_c_d_e_f,HQ + B+C+D+E+F,total_groups_6,6 total groups,full_route,HQ + B+C+D+E+F,C_evidence_support_rating,industry_prestige_penalty,0.0,48,48
competition,hq_plus_b_c_d_e_f,HQ + B+C+D+E+F,total_groups_6,6 total groups,full_route,HQ + B+C+D+E+F,C_evidence_support_rating,is_serial_founder,0.0,48,48
competition,hq_plus_b_c_d_e_f,HQ + B+C+D+E+F,total_groups_6,6 total groups,full_route,HQ + B+C+D+E+F,C_evidence_support_rating,longest_founding_tenure,0.0,48,48
competition,hq_plus_b_c_d_e_f,HQ + B+C+D+E+F,total_groups_6,6 total groups,full_route,HQ + B+C+D+E+F,C_evidence_support_rating,max_company_size_before_founding,0.0,48,48
competition,hq_plus_b_c_d_e_f,HQ + B+C+D+E+F,total_groups_6,6 total groups,full_route,HQ + B+C+D+E+F,C_evidence_support_rating,max_seniority_reached,0.0,48,48
competition,hq_plus_b_c_d_e_f,HQ + B+C+D+E+F,total_groups_6,6 total groups,full_route,HQ + B+C+D+E+F,C_evidence_support_rating,persistence_score,0.0,48,48
competition,hq_plus_b_c_d_e_f,HQ + B+C+D+E+F,total_groups_6,6 total groups,full_route,HQ + B+C+D+E+F,C_evidence_support_rating,prestige_sacrifice_score,0.0,48,48
competition,hq_plus_b_c_d_e_f,HQ + B+C+D+E+F,total_groups_6,6 total groups,full_route,HQ + B+C+D+E+F,C_evidence_support_rating,prestige_x_relevance,0.0,48,48
competition,hq_plus_b_c_d_e_f,HQ + B+C+D+E+F,total_groups_6,6 total groups,full_route,HQ + B+C+D+E+F,C_evidence_support_rating,repeat_founding_gap,0.0,48,48
competition,hq_plus_b_c_d_e_f,HQ + B+C+D+E+F,total_groups_6,6 total groups,full_route,HQ + B+C+D+E+F,C_evidence_support_rating,restlessness_score,0.0,48,48
competition,hq_plus_b_c_d_e_f,HQ + B+C+D+E+F,total_groups_6,6 total groups,full_route,HQ + B+C+D+E+F,C_evidence_support_rating,sacrifice_x_serial,0.0,48,48
competition,hq_plus_b_c_d_e_f,HQ + B+C+D+E+F,total_groups_6,6 total groups,full_route,HQ + B+C+D+E+F,C_evidence_support_rating,seniority_is_monotone,0.0,48,48
competition,hq_plus_b_c_d_e_f,HQ + B+C+D+E+F,total_groups_6,6 total groups,full_route,HQ + B+C+D+E+F,C_evidence_support_rating,stem_flag,0.0,48,48
competition,hq_plus_b_c_d_e_f,HQ + B+C+D+E+F,total_groups_6,6 total groups,full_route,HQ + B+C+D+E+F,C_evidence_support_rating,total_inferred_experience,0.0,48,48
competition,hq_plus_b_c_d_e_f,HQ + B+C+D+E+F,total_groups_6,6 total groups,full_route,HQ + B+C+D+E+F,C_evidence_support_rating,years_in_large_company,0.0,48,48
competition,hq_plus_b_c_d_e_f,HQ + B+C+D+E+F,total_groups_6,6 total groups,full_route,HQ + B+C+D+E+F,C_latent_risk,C_latent_strength,1.0,48,48
competition,hq_plus_b_c_d_e_f,HQ + B+C+D+E+F,total_groups_6,6 total groups,full_route,HQ + B+C+D+E+F,C_latent_risk,D_evidence_support_rating,1.0,48,48
competition,hq_plus_b_c_d_e_f,HQ + B+C+D+E+F,total_groups_6,6 total groups,full_route,HQ + B+C+D+E+F,C_latent_risk,D_overall_founder_quality,1.0,48,48
competition,hq_plus_b_c_d_e_f,HQ + B+C+D+E+F,total_groups_6,6 total groups,full_route,HQ + B+C+D+E+F,C_latent_risk,E_evidence_support_rating,1.0,48,48
competition,hq_plus_b_c_d_e_f,HQ + B+C+D+E+F,total_groups_6,6 total groups,full_route,HQ + B+C+D+E+F,C_latent_risk,E_hidden_risk,1.0,48,48
competition,hq_plus_b_c_d_e_f,HQ + B+C+D+E+F,total_groups_6,6 total groups,full_route,HQ + B+C+D+E+F,C_latent_risk,E_hidden_upside,1.0,48,48
competition,hq_plus_b_c_d_e_f,HQ + B+C+D+E+F,total_groups_6,6 total groups,full_route,HQ + B+C+D+E+F,C_latent_risk,F_career_coherence,1.0,48,48
competition,hq_plus_b_c_d_e_f,HQ + B+C+D+E+F,total_groups_6,6 total groups,full_route,HQ + B+C+D+E+F,C_latent_risk,F_evidence_support_rating,1.0,48,48
competition,hq_plus_b_c_d_e_f,HQ + B+C+D+E+F,total_groups_6,6 total groups,full_route,HQ + B+C+D+E+F,C_latent_risk,F_ownership_signal,1.0,48,48
competition,hq_plus_b_c_d_e_f,HQ + B+C+D+E+F,total_groups_6,6 total groups,full_route,HQ + B+C+D+E+F,C_latent_risk,F_rubric_score,1.0,48,48
competition,hq_plus_b_c_d_e_f,HQ + B+C+D+E+F,total_groups_6,6 total groups,full_route,HQ + B+C+D+E+F,C_latent_risk,F_scrappiness,1.0,48,48
competition,hq_plus_b_c_d_e_f,HQ + B+C+D+E+F,total_groups_6,6 total groups,full_route,HQ + B+C+D+E+F,C_latent_risk,F_trajectory_strength,1.0,48,48
competition,hq_plus_b_c_d_e_f,HQ + B+C+D+E+F,total_groups_6,6 total groups,full_route,HQ + B+C+D+E+F,C_latent_risk,best_degree_prestige,0.0,48,48
competition,hq_plus_b_c_d_e_f,HQ + B+C+D+E+F,total_groups_6,6 total groups,full_route,HQ + B+C+D+E+F,C_latent_risk,comfort_index,0.0,48,48
competition,hq_plus_b_c_d_e_f,HQ + B+C+D+E+F,total_groups_6,6 total groups,full_route,HQ + B+C+D+E+F,C_latent_risk,company_size_is_growing,0.0,48,48
competition,hq_plus_b_c_d_e_f,HQ + B+C+D+E+F,total_groups_6,6 total groups,full_route,HQ + B+C+D+E+F,C_latent_risk,degree_level,0.0,48,48
competition,hq_plus_b_c_d_e_f,HQ + B+C+D+E+F,total_groups_6,6 total groups,full_route,HQ + B+C+D+E+F,C_latent_risk,edu_prestige_tier,0.0,48,48
competition,hq_plus_b_c_d_e_f,HQ + B+C+D+E+F,total_groups_6,6 total groups,full_route,HQ + B+C+D+E+F,C_latent_risk,exit_count,0.0,48,48
competition,hq_plus_b_c_d_e_f,HQ + B+C+D+E+F,total_groups_6,6 total groups,full_route,HQ + B+C+D+E+F,C_latent_risk,exit_x_serial,0.0,48,48
competition,hq_plus_b_c_d_e_f,HQ + B+C+D+E+F,total_groups_6,6 total groups,full_route,HQ + B+C+D+E+F,C_latent_risk,field_relevance_score,0.0,48,48
competition,hq_plus_b_c_d_e_f,HQ + B+C+D+E+F,total_groups_6,6 total groups,full_route,HQ + B+C+D+E+F,C_latent_risk,founding_role_count,0.0,48,48
competition,hq_plus_b_c_d_e_f,HQ + B+C+D+E+F,total_groups_6,6 total groups,full_route,HQ + B+C+D+E+F,C_latent_risk,founding_timing,0.0,48,48
competition,hq_plus_b_c_d_e_f,HQ + B+C+D+E+F,total_groups_6,6 total groups,full_route,HQ + B+C+D+E+F,C_latent_risk,has_prior_acquisition,0.0,48,48
competition,hq_plus_b_c_d_e_f,HQ + B+C+D+E+F,total_groups_6,6 total groups,full_route,HQ + B+C+D+E+F,C_latent_risk,has_prior_ipo,0.0,48,48
competition,hq_plus_b_c_d_e_f,HQ + B+C+D+E+F,total_groups_6,6 total groups,full_route,HQ + B+C+D+E+F,C_latent_risk,industry_alignment,0.0,48,48
competition,hq_plus_b_c_d_e_f,HQ + B+C+D+E+F,total_groups_6,6 total groups,full_route,HQ + B+C+D+E+F,C_latent_risk,industry_pivot_count,0.0,48,48
competition,hq_plus_b_c_d_e_f,HQ + B+C+D+E+F,total_groups_6,6 total groups,full_route,HQ + B+C+D+E+F,C_latent_risk,industry_prestige_penalty,0.0,48,48
competition,hq_plus_b_c_d_e_f,HQ + B+C+D+E+F,total_groups_6,6 total groups,full_route,HQ + B+C+D+E+F,C_latent_risk,is_serial_founder,0.0,48,48
competition,hq_plus_b_c_d_e_f,HQ + B+C+D+E+F,total_groups_6,6 total groups,full_route,HQ + B+C+D+E+F,C_latent_risk,longest_founding_tenure,0.0,48,48
competition,hq_plus_b_c_d_e_f,HQ + B+C+D+E+F,total_groups_6,6 total groups,full_route,HQ + B+C+D+E+F,C_latent_risk,max_company_size_before_founding,0.0,48,48
competition,hq_plus_b_c_d_e_f,HQ + B+C+D+E+F,total_groups_6,6 total groups,full_route,HQ + B+C+D+E+F,C_latent_risk,max_seniority_reached,0.0,48,48
competition,hq_plus_b_c_d_e_f,HQ + B+C+D+E+F,total_groups_6,6 total groups,full_route,HQ + B+C+D+E+F,C_latent_risk,persistence_score,0.0,48,48
competition,hq_plus_b_c_d_e_f,HQ + B+C+D+E+F,total_groups_6,6 total groups,full_route,HQ + B+C+D+E+F,C_latent_risk,prestige_sacrifice_score,0.0,48,48
competition,hq_plus_b_c_d_e_f,HQ + B+C+D+E+F,total_groups_6,6 total groups,full_route,HQ + B+C+D+E+F,C_latent_risk,prestige_x_relevance,0.0,48,48
competition,hq_plus_b_c_d_e_f,HQ + B+C+D+E+F,total_groups_6,6 total groups,full_route,HQ + B+C+D+E+F,C_latent_risk,repeat_founding_gap,0.0,48,48
competition,hq_plus_b_c_d_e_f,HQ + B+C+D+E+F,total_groups_6,6 total groups,full_route,HQ + B+C+D+E+F,C_latent_risk,restlessness_score,0.0,48,48
competition,hq_plus_b_c_d_e_f,HQ + B+C+D+E+F,total_groups_6,6 total groups,full_route,HQ + B+C+D+E+F,C_latent_risk,sacrifice_x_serial,0.0,48,48
competition,hq_plus_b_c_d_e_f,HQ + B+C+D+E+F,total_groups_6,6 total groups,full_route,HQ + B+C+D+E+F,C_latent_risk,seniority_is_monotone,0.0,48,48
competition,hq_plus_b_c_d_e_f,HQ + B+C+D+E+F,total_groups_6,6 total groups,full_route,HQ + B+C+D+E+F,C_latent_risk,stem_flag,0.0,48,48
competition,hq_plus_b_c_d_e_f,HQ + B+C+D+E+F,total_groups_6,6 total groups,full_route,HQ + B+C+D+E+F,C_latent_risk,total_inferred_experience,0.0,48,48
competition,hq_plus_b_c_d_e_f,HQ + B+C+D+E+F,total_groups_6,6 total groups,full_route,HQ + B+C+D+E+F,C_latent_risk,years_in_large_company,0.0,48,48
competition,hq_plus_b_c_d_e_f,HQ + B+C+D+E+F,total_groups_6,6 total groups,full_route,HQ + B+C+D+E+F,C_latent_strength,D_evidence_support_rating,1.0,48,48
competition,hq_plus_b_c_d_e_f,HQ + B+C+D+E+F,total_groups_6,6 total groups,full_route,HQ + B+C+D+E+F,C_latent_strength,D_overall_founder_quality,1.0,48,48
competition,hq_plus_b_c_d_e_f,HQ + B+C+D+E+F,total_groups_6,6 total groups,full_route,HQ + B+C+D+E+F,C_latent_strength,E_evidence_support_rating,1.0,48,48
competition,hq_plus_b_c_d_e_f,HQ + B+C+D+E+F,total_groups_6,6 total groups,full_route,HQ + B+C+D+E+F,C_latent_strength,E_hidden_risk,1.0,48,48
competition,hq_plus_b_c_d_e_f,HQ + B+C+D+E+F,total_groups_6,6 total groups,full_route,HQ + B+C+D+E+F,C_latent_strength,E_hidden_upside,1.0,48,48
competition,hq_plus_b_c_d_e_f,HQ + B+C+D+E+F,total_groups_6,6 total groups,full_route,HQ + B+C+D+E+F,C_latent_strength,F_career_coherence,1.0,48,48
competition,hq_plus_b_c_d_e_f,HQ + B+C+D+E+F,total_groups_6,6 total groups,full_route,HQ + B+C+D+E+F,C_latent_strength,F_evidence_support_rating,1.0,48,48
competition,hq_plus_b_c_d_e_f,HQ + B+C+D+E+F,total_groups_6,6 total groups,full_route,HQ + B+C+D+E+F,C_latent_strength,F_ownership_signal,1.0,48,48
competition,hq_plus_b_c_d_e_f,HQ + B+C+D+E+F,total_groups_6,6 total groups,full_route,HQ + B+C+D+E+F,C_latent_strength,F_rubric_score,1.0,48,48
competition,hq_plus_b_c_d_e_f,HQ + B+C+D+E+F,total_groups_6,6 total groups,full_route,HQ + B+C+D+E+F,C_latent_strength,F_scrappiness,1.0,48,48
competition,hq_plus_b_c_d_e_f,HQ + B+C+D+E+F,total_groups_6,6 total groups,full_route,HQ + B+C+D+E+F,C_latent_strength,F_trajectory_strength,1.0,48,48
competition,hq_plus_b_c_d_e_f,HQ + B+C+D+E+F,total_groups_6,6 total groups,full_route,HQ + B+C+D+E+F,C_latent_strength,best_degree_prestige,0.0,48,48
competition,hq_plus_b_c_d_e_f,HQ + B+C+D+E+F,total_groups_6,6 total groups,full_route,HQ + B+C+D+E+F,C_latent_strength,comfort_index,0.0,48,48
competition,hq_plus_b_c_d_e_f,HQ + B+C+D+E+F,total_groups_6,6 total groups,full_route,HQ + B+C+D+E+F,C_latent_strength,company_size_is_growing,0.0,48,48
competition,hq_plus_b_c_d_e_f,HQ + B+C+D+E+F,total_groups_6,6 total groups,full_route,HQ + B+C+D+E+F,C_latent_strength,degree_level,0.0,48,48
competition,hq_plus_b_c_d_e_f,HQ + B+C+D+E+F,total_groups_6,6 total groups,full_route,HQ + B+C+D+E+F,C_latent_strength,edu_prestige_tier,0.0,48,48
competition,hq_plus_b_c_d_e_f,HQ + B+C+D+E+F,total_groups_6,6 total groups,full_route,HQ + B+C+D+E+F,C_latent_strength,exit_count,0.0,48,48
competition,hq_plus_b_c_d_e_f,HQ + B+C+D+E+F,total_groups_6,6 total groups,full_route,HQ + B+C+D+E+F,C_latent_strength,exit_x_serial,0.0,48,48
competition,hq_plus_b_c_d_e_f,HQ + B+C+D+E+F,total_groups_6,6 total groups,full_route,HQ + B+C+D+E+F,C_latent_strength,field_relevance_score,0.0,48,48
competition,hq_plus_b_c_d_e_f,HQ + B+C+D+E+F,total_groups_6,6 total groups,full_route,HQ + B+C+D+E+F,C_latent_strength,founding_role_count,0.0,48,48
competition,hq_plus_b_c_d_e_f,HQ + B+C+D+E+F,total_groups_6,6 total groups,full_route,HQ + B+C+D+E+F,C_latent_strength,founding_timing,0.0,48,48
competition,hq_plus_b_c_d_e_f,HQ + B+C+D+E+F,total_groups_6,6 total groups,full_route,HQ + B+C+D+E+F,C_latent_strength,has_prior_acquisition,0.0,48,48
competition,hq_plus_b_c_d_e_f,HQ + B+C+D+E+F,total_groups_6,6 total groups,full_route,HQ + B+C+D+E+F,C_latent_strength,has_prior_ipo,0.0,48,48
competition,hq_plus_b_c_d_e_f,HQ + B+C+D+E+F,total_groups_6,6 total groups,full_route,HQ + B+C+D+E+F,C_latent_strength,industry_alignment,0.0,48,48
competition,hq_plus_b_c_d_e_f,HQ + B+C+D+E+F,total_groups_6,6 total groups,full_route,HQ + B+C+D+E+F,C_latent_strength,industry_pivot_count,0.0,48,48
competition,hq_plus_b_c_d_e_f,HQ + B+C+D+E+F,total_groups_6,6 total groups,full_route,HQ + B+C+D+E+F,C_latent_strength,industry_prestige_penalty,0.0,48,48
competition,hq_plus_b_c_d_e_f,HQ + B+C+D+E+F,total_groups_6,6 total groups,full_route,HQ + B+C+D+E+F,C_latent_strength,is_serial_founder,0.0,48,48
competition,hq_plus_b_c_d_e_f,HQ + B+C+D+E+F,total_groups_6,6 total groups,full_route,HQ + B+C+D+E+F,C_latent_strength,longest_founding_tenure,0.0,48,48
competition,hq_plus_b_c_d_e_f,HQ + B+C+D+E+F,total_groups_6,6 total groups,full_route,HQ + B+C+D+E+F,C_latent_strength,max_company_size_before_founding,0.0,48,48
competition,hq_plus_b_c_d_e_f,HQ + B+C+D+E+F,total_groups_6,6 total groups,full_route,HQ + B+C+D+E+F,C_latent_strength,max_seniority_reached,0.0,48,48
competition,hq_plus_b_c_d_e_f,HQ + B+C+D+E+F,total_groups_6,6 total groups,full_route,HQ + B+C+D+E+F,C_latent_strength,persistence_score,0.0,48,48
competition,hq_plus_b_c_d_e_f,HQ + B+C+D+E+F,total_groups_6,6 total groups,full_route,HQ + B+C+D+E+F,C_latent_strength,prestige_sacrifice_score,0.0,48,48
competition,hq_plus_b_c_d_e_f,HQ + B+C+D+E+F,total_groups_6,6 total groups,full_route,HQ + B+C+D+E+F,C_latent_strength,prestige_x_relevance,0.0,48,48
competition,hq_plus_b_c_d_e_f,HQ + B+C+D+E+F,total_groups_6,6 total groups,full_route,HQ + B+C+D+E+F,C_latent_strength,repeat_founding_gap,0.0,48,48
competition,hq_plus_b_c_d_e_f,HQ + B+C+D+E+F,total_groups_6,6 total groups,full_route,HQ + B+C+D+E+F,C_latent_strength,restlessness_score,0.0,48,48
competition,hq_plus_b_c_d_e_f,HQ + B+C+D+E+F,total_groups_6,6 total groups,full_route,HQ + B+C+D+E+F,C_latent_strength,sacrifice_x_serial,0.0,48,48
competition,hq_plus_b_c_d_e_f,HQ + B+C+D+E+F,total_groups_6,6 total groups,full_route,HQ + B+C+D+E+F,C_latent_strength,seniority_is_monotone,0.0,48,48
competition,hq_plus_b_c_d_e_f,HQ + B+C+D+E+F,total_groups_6,6 total groups,full_route,HQ + B+C+D+E+F,C_latent_strength,stem_flag,0.0,48,48
competition,hq_plus_b_c_d_e_f,HQ + B+C+D+E+F,total_groups_6,6 total groups,full_route,HQ + B+C+D+E+F,C_latent_strength,total_inferred_experience,0.0,48,48
competition,hq_plus_b_c_d_e_f,HQ + B+C+D+E+F,total_groups_6,6 total groups,full_route,HQ + B+C+D+E+F,C_latent_strength,years_in_large_company,0.0,48,48
competition,hq_plus_b_c_d_e_f,HQ + B+C+D+E+F,total_groups_6,6 total groups,full_route,HQ + B+C+D+E+F,D_evidence_support_rating,D_overall_founder_quality,1.0,48,48
competition,hq_plus_b_c_d_e_f,HQ + B+C+D+E+F,total_groups_6,6 total groups,full_route,HQ + B+C+D+E+F,D_evidence_support_rating,E_evidence_support_rating,1.0,48,48
competition,hq_plus_b_c_d_e_f,HQ + B+C+D+E+F,total_groups_6,6 total groups,full_route,HQ + B+C+D+E+F,D_evidence_support_rating,E_hidden_risk,1.0,48,48
competition,hq_plus_b_c_d_e_f,HQ + B+C+D+E+F,total_groups_6,6 total groups,full_route,HQ + B+C+D+E+F,D_evidence_support_rating,E_hidden_upside,1.0,48,48
competition,hq_plus_b_c_d_e_f,HQ + B+C+D+E+F,total_groups_6,6 total groups,full_route,HQ + B+C+D+E+F,D_evidence_support_rating,F_career_coherence,1.0,48,48
competition,hq_plus_b_c_d_e_f,HQ + B+C+D+E+F,total_groups_6,6 total groups,full_route,HQ + B+C+D+E+F,D_evidence_support_rating,F_evidence_support_rating,1.0,48,48
competition,hq_plus_b_c_d_e_f,HQ + B+C+D+E+F,total_groups_6,6 total groups,full_route,HQ + B+C+D+E+F,D_evidence_support_rating,F_ownership_signal,1.0,48,48
competition,hq_plus_b_c_d_e_f,HQ + B+C+D+E+F,total_groups_6,6 total groups,full_route,HQ + B+C+D+E+F,D_evidence_support_rating,F_rubric_score,1.0,48,48
competition,hq_plus_b_c_d_e_f,HQ + B+C+D+E+F,total_groups_6,6 total groups,full_route,HQ + B+C+D+E+F,D_evidence_support_rating,F_scrappiness,1.0,48,48
competition,hq_plus_b_c_d_e_f,HQ + B+C+D+E+F,total_groups_6,6 total groups,full_route,HQ + B+C+D+E+F,D_evidence_support_rating,F_trajectory_strength,1.0,48,48
competition,hq_plus_b_c_d_e_f,HQ + B+C+D+E+F,total_groups_6,6 total groups,full_route,HQ + B+C+D+E+F,D_evidence_support_rating,best_degree_prestige,0.0,48,48
competition,hq_plus_b_c_d_e_f,HQ + B+C+D+E+F,total_groups_6,6 total groups,full_route,HQ + B+C+D+E+F,D_evidence_support_rating,comfort_index,0.0,48,48
competition,hq_plus_b_c_d_e_f,HQ + B+C+D+E+F,total_groups_6,6 total groups,full_route,HQ + B+C+D+E+F,D_evidence_support_rating,company_size_is_growing,0.0,48,48
competition,hq_plus_b_c_d_e_f,HQ + B+C+D+E+F,total_groups_6,6 total groups,full_route,HQ + B+C+D+E+F,D_evidence_support_rating,degree_level,0.0,48,48
competition,hq_plus_b_c_d_e_f,HQ + B+C+D+E+F,total_groups_6,6 total groups,full_route,HQ + B+C+D+E+F,D_evidence_support_rating,edu_prestige_tier,0.0,48,48
competition,hq_plus_b_c_d_e_f,HQ + B+C+D+E+F,total_groups_6,6 total groups,full_route,HQ + B+C+D+E+F,D_evidence_support_rating,exit_count,0.0,48,48
competition,hq_plus_b_c_d_e_f,HQ + B+C+D+E+F,total_groups_6,6 total groups,full_route,HQ + B+C+D+E+F,D_evidence_support_rating,exit_x_serial,0.0,48,48
competition,hq_plus_b_c_d_e_f,HQ + B+C+D+E+F,total_groups_6,6 total groups,full_route,HQ + B+C+D+E+F,D_evidence_support_rating,field_relevance_score,0.0,48,48
competition,hq_plus_b_c_d_e_f,HQ + B+C+D+E+F,total_groups_6,6 total groups,full_route,HQ + B+C+D+E+F,D_evidence_support_rating,founding_role_count,0.0,48,48
competition,hq_plus_b_c_d_e_f,HQ + B+C+D+E+F,total_groups_6,6 total groups,full_route,HQ + B+C+D+E+F,D_evidence_support_rating,founding_timing,0.0,48,48
competition,hq_plus_b_c_d_e_f,HQ + B+C+D+E+F,total_groups_6,6 total groups,full_route,HQ + B+C+D+E+F,D_evidence_support_rating,has_prior_acquisition,0.0,48,48
competition,hq_plus_b_c_d_e_f,HQ + B+C+D+E+F,total_groups_6,6 total groups,full_route,HQ + B+C+D+E+F,D_evidence_support_rating,has_prior_ipo,0.0,48,48
competition,hq_plus_b_c_d_e_f,HQ + B+C+D+E+F,total_groups_6,6 total groups,full_route,HQ + B+C+D+E+F,D_evidence_support_rating,industry_alignment,0.0,48,48
competition,hq_plus_b_c_d_e_f,HQ + B+C+D+E+F,total_groups_6,6 total groups,full_route,HQ + B+C+D+E+F,D_evidence_support_rating,industry_pivot_count,0.0,48,48
competition,hq_plus_b_c_d_e_f,HQ + B+C+D+E+F,total_groups_6,6 total groups,full_route,HQ + B+C+D+E+F,D_evidence_support_rating,industry_prestige_penalty,0.0,48,48
competition,hq_plus_b_c_d_e_f,HQ + B+C+D+E+F,total_groups_6,6 total groups,full_route,HQ + B+C+D+E+F,D_evidence_support_rating,is_serial_founder,0.0,48,48
competition,hq_plus_b_c_d_e_f,HQ + B+C+D+E+F,total_groups_6,6 total groups,full_route,HQ + B+C+D+E+F,D_evidence_support_rating,longest_founding_tenure,0.0,48,48
competition,hq_plus_b_c_d_e_f,HQ + B+C+D+E+F,total_groups_6,6 total groups,full_route,HQ + B+C+D+E+F,D_evidence_support_rating,max_company_size_before_founding,0.0,48,48
competition,hq_plus_b_c_d_e_f,HQ + B+C+D+E+F,total_groups_6,6 total groups,full_route,HQ + B+C+D+E+F,D_evidence_support_rating,max_seniority_reached,0.0,48,48
competition,hq_plus_b_c_d_e_f,HQ + B+C+D+E+F,total_groups_6,6 total groups,full_route,HQ + B+C+D+E+F,D_evidence_support_rating,persistence_score,0.0,48,48
competition,hq_plus_b_c_d_e_f,HQ + B+C+D+E+F,total_groups_6,6 total groups,full_route,HQ + B+C+D+E+F,D_evidence_support_rating,prestige_sacrifice_score,0.0,48,48
competition,hq_plus_b_c_d_e_f,HQ + B+C+D+E+F,total_groups_6,6 total groups,full_route,HQ + B+C+D+E+F,D_evidence_support_rating,prestige_x_relevance,0.0,48,48
competition,hq_plus_b_c_d_e_f,HQ + B+C+D+E+F,total_groups_6,6 total groups,full_route,HQ + B+C+D+E+F,D_evidence_support_rating,repeat_founding_gap,0.0,48,48
competition,hq_plus_b_c_d_e_f,HQ + B+C+D+E+F,total_groups_6,6 total groups,full_route,HQ + B+C+D+E+F,D_evidence_support_rating,restlessness_score,0.0,48,48
competition,hq_plus_b_c_d_e_f,HQ + B+C+D+E+F,total_groups_6,6 total groups,full_route,HQ + B+C+D+E+F,D_evidence_support_rating,sacrifice_x_serial,0.0,48,48
competition,hq_plus_b_c_d_e_f,HQ + B+C+D+E+F,total_groups_6,6 total groups,full_route,HQ + B+C+D+E+F,D_evidence_support_rating,seniority_is_monotone,0.0,48,48
competition,hq_plus_b_c_d_e_f,HQ + B+C+D+E+F,total_groups_6,6 total groups,full_route,HQ + B+C+D+E+F,D_evidence_support_rating,stem_flag,0.0,48,48
competition,hq_plus_b_c_d_e_f,HQ + B+C+D+E+F,total_groups_6,6 total groups,full_route,HQ + B+C+D+E+F,D_evidence_support_rating,total_inferred_experience,0.0,48,48
competition,hq_plus_b_c_d_e_f,HQ + B+C+D+E+F,total_groups_6,6 total groups,full_route,HQ + B+C+D+E+F,D_evidence_support_rating,years_in_large_company,0.0,48,48
competition,hq_plus_b_c_d_e_f,HQ + B+C+D+E+F,total_groups_6,6 total groups,full_route,HQ + B+C+D+E+F,D_overall_founder_quality,E_evidence_support_rating,1.0,48,48
competition,hq_plus_b_c_d_e_f,HQ + B+C+D+E+F,total_groups_6,6 total groups,full_route,HQ + B+C+D+E+F,D_overall_founder_quality,E_hidden_risk,1.0,48,48
competition,hq_plus_b_c_d_e_f,HQ + B+C+D+E+F,total_groups_6,6 total groups,full_route,HQ + B+C+D+E+F,D_overall_founder_quality,E_hidden_upside,1.0,48,48
competition,hq_plus_b_c_d_e_f,HQ + B+C+D+E+F,total_groups_6,6 total groups,full_route,HQ + B+C+D+E+F,D_overall_founder_quality,F_career_coherence,1.0,48,48
competition,hq_plus_b_c_d_e_f,HQ + B+C+D+E+F,total_groups_6,6 total groups,full_route,HQ + B+C+D+E+F,D_overall_founder_quality,F_evidence_support_rating,1.0,48,48
competition,hq_plus_b_c_d_e_f,HQ + B+C+D+E+F,total_groups_6,6 total groups,full_route,HQ + B+C+D+E+F,D_overall_founder_quality,F_ownership_signal,1.0,48,48
competition,hq_plus_b_c_d_e_f,HQ + B+C+D+E+F,total_groups_6,6 total groups,full_route,HQ + B+C+D+E+F,D_overall_founder_quality,F_rubric_score,1.0,48,48
competition,hq_plus_b_c_d_e_f,HQ + B+C+D+E+F,total_groups_6,6 total groups,full_route,HQ + B+C+D+E+F,D_overall_founder_quality,F_scrappiness,1.0,48,48
competition,hq_plus_b_c_d_e_f,HQ + B+C+D+E+F,total_groups_6,6 total groups,full_route,HQ + B+C+D+E+F,D_overall_founder_quality,F_trajectory_strength,1.0,48,48
competition,hq_plus_b_c_d_e_f,HQ + B+C+D+E+F,total_groups_6,6 total groups,full_route,HQ + B+C+D+E+F,D_overall_founder_quality,best_degree_prestige,0.0,48,48
competition,hq_plus_b_c_d_e_f,HQ + B+C+D+E+F,total_groups_6,6 total groups,full_route,HQ + B+C+D+E+F,D_overall_founder_quality,comfort_index,0.0,48,48
competition,hq_plus_b_c_d_e_f,HQ + B+C+D+E+F,total_groups_6,6 total groups,full_route,HQ + B+C+D+E+F,D_overall_founder_quality,company_size_is_growing,0.0,48,48
competition,hq_plus_b_c_d_e_f,HQ + B+C+D+E+F,total_groups_6,6 total groups,full_route,HQ + B+C+D+E+F,D_overall_founder_quality,degree_level,0.0,48,48
competition,hq_plus_b_c_d_e_f,HQ + B+C+D+E+F,total_groups_6,6 total groups,full_route,HQ + B+C+D+E+F,D_overall_founder_quality,edu_prestige_tier,0.0,48,48
competition,hq_plus_b_c_d_e_f,HQ + B+C+D+E+F,total_groups_6,6 total groups,full_route,HQ + B+C+D+E+F,D_overall_founder_quality,exit_count,0.0,48,48
competition,hq_plus_b_c_d_e_f,HQ + B+C+D+E+F,total_groups_6,6 total groups,full_route,HQ + B+C+D+E+F,D_overall_founder_quality,exit_x_serial,0.0,48,48
competition,hq_plus_b_c_d_e_f,HQ + B+C+D+E+F,total_groups_6,6 total groups,full_route,HQ + B+C+D+E+F,D_overall_founder_quality,field_relevance_score,0.0,48,48
competition,hq_plus_b_c_d_e_f,HQ + B+C+D+E+F,total_groups_6,6 total groups,full_route,HQ + B+C+D+E+F,D_overall_founder_quality,founding_role_count,0.0,48,48
competition,hq_plus_b_c_d_e_f,HQ + B+C+D+E+F,total_groups_6,6 total groups,full_route,HQ + B+C+D+E+F,D_overall_founder_quality,founding_timing,0.0,48,48
competition,hq_plus_b_c_d_e_f,HQ + B+C+D+E+F,total_groups_6,6 total groups,full_route,HQ + B+C+D+E+F,D_overall_founder_quality,has_prior_acquisition,0.0,48,48
competition,hq_plus_b_c_d_e_f,HQ + B+C+D+E+F,total_groups_6,6 total groups,full_route,HQ + B+C+D+E+F,D_overall_founder_quality,has_prior_ipo,0.0,48,48
competition,hq_plus_b_c_d_e_f,HQ + B+C+D+E+F,total_groups_6,6 total groups,full_route,HQ + B+C+D+E+F,D_overall_founder_quality,industry_alignment,0.0,48,48
competition,hq_plus_b_c_d_e_f,HQ + B+C+D+E+F,total_groups_6,6 total groups,full_route,HQ + B+C+D+E+F,D_overall_founder_quality,industry_pivot_count,0.0,48,48
competition,hq_plus_b_c_d_e_f,HQ + B+C+D+E+F,total_groups_6,6 total groups,full_route,HQ + B+C+D+E+F,D_overall_founder_quality,industry_prestige_penalty,0.0,48,48
competition,hq_plus_b_c_d_e_f,HQ + B+C+D+E+F,total_groups_6,6 total groups,full_route,HQ + B+C+D+E+F,D_overall_founder_quality,is_serial_founder,0.0,48,48
competition,hq_plus_b_c_d_e_f,HQ + B+C+D+E+F,total_groups_6,6 total groups,full_route,HQ + B+C+D+E+F,D_overall_founder_quality,longest_founding_tenure,0.0,48,48
competition,hq_plus_b_c_d_e_f,HQ + B+C+D+E+F,total_groups_6,6 total groups,full_route,HQ + B+C+D+E+F,D_overall_founder_quality,max_company_size_before_founding,0.0,48,48
competition,hq_plus_b_c_d_e_f,HQ + B+C+D+E+F,total_groups_6,6 total groups,full_route,HQ + B+C+D+E+F,D_overall_founder_quality,max_seniority_reached,0.0,48,48
competition,hq_plus_b_c_d_e_f,HQ + B+C+D+E+F,total_groups_6,6 total groups,full_route,HQ + B+C+D+E+F,D_overall_founder_quality,persistence_score,0.0,48,48
competition,hq_plus_b_c_d_e_f,HQ + B+C+D+E+F,total_groups_6,6 total groups,full_route,HQ + B+C+D+E+F,D_overall_founder_quality,prestige_sacrifice_score,0.0,48,48
competition,hq_plus_b_c_d_e_f,HQ + B+C+D+E+F,total_groups_6,6 total groups,full_route,HQ + B+C+D+E+F,D_overall_founder_quality,prestige_x_relevance,0.0,48,48
competition,hq_plus_b_c_d_e_f,HQ + B+C+D+E+F,total_groups_6,6 total groups,full_route,HQ + B+C+D+E+F,D_overall_founder_quality,repeat_founding_gap,0.0,48,48
competition,hq_plus_b_c_d_e_f,HQ + B+C+D+E+F,total_groups_6,6 total groups,full_route,HQ + B+C+D+E+F,D_overall_founder_quality,restlessness_score,0.0,48,48
competition,hq_plus_b_c_d_e_f,HQ + B+C+D+E+F,total_groups_6,6 total groups,full_route,HQ + B+C+D+E+F,D_overall_founder_quality,sacrifice_x_serial,0.0,48,48
competition,hq_plus_b_c_d_e_f,HQ + B+C+D+E+F,total_groups_6,6 total groups,full_route,HQ + B+C+D+E+F,D_overall_founder_quality,seniority_is_monotone,0.0,48,48
competition,hq_plus_b_c_d_e_f,HQ + B+C+D+E+F,total_groups_6,6 total groups,full_route,HQ + B+C+D+E+F,D_overall_founder_quality,stem_flag,0.0,48,48
competition,hq_plus_b_c_d_e_f,HQ + B+C+D+E+F,total_groups_6,6 total groups,full_route,HQ + B+C+D+E+F,D_overall_founder_quality,total_inferred_experience,0.0,48,48
competition,hq_plus_b_c_d_e_f,HQ + B+C+D+E+F,total_groups_6,6 total groups,full_route,HQ + B+C+D+E+F,D_overall_founder_quality,years_in_large_company,0.0,48,48
competition,hq_plus_b_c_d_e_f,HQ + B+C+D+E+F,total_groups_6,6 total groups,full_route,HQ + B+C+D+E+F,E_evidence_support_rating,E_hidden_risk,1.0,48,48
competition,hq_plus_b_c_d_e_f,HQ + B+C+D+E+F,total_groups_6,6 total groups,full_route,HQ + B+C+D+E+F,E_evidence_support_rating,E_hidden_upside,1.0,48,48
competition,hq_plus_b_c_d_e_f,HQ + B+C+D+E+F,total_groups_6,6 total groups,full_route,HQ + B+C+D+E+F,E_evidence_support_rating,F_career_coherence,1.0,48,48
competition,hq_plus_b_c_d_e_f,HQ + B+C+D+E+F,total_groups_6,6 total groups,full_route,HQ + B+C+D+E+F,E_evidence_support_rating,F_evidence_support_rating,1.0,48,48
competition,hq_plus_b_c_d_e_f,HQ + B+C+D+E+F,total_groups_6,6 total groups,full_route,HQ + B+C+D+E+F,E_evidence_support_rating,F_ownership_signal,1.0,48,48
competition,hq_plus_b_c_d_e_f,HQ + B+C+D+E+F,total_groups_6,6 total groups,full_route,HQ + B+C+D+E+F,E_evidence_support_rating,F_rubric_score,1.0,48,48
competition,hq_plus_b_c_d_e_f,HQ + B+C+D+E+F,total_groups_6,6 total groups,full_route,HQ + B+C+D+E+F,E_evidence_support_rating,F_scrappiness,1.0,48,48
competition,hq_plus_b_c_d_e_f,HQ + B+C+D+E+F,total_groups_6,6 total groups,full_route,HQ + B+C+D+E+F,E_evidence_support_rating,F_trajectory_strength,1.0,48,48
competition,hq_plus_b_c_d_e_f,HQ + B+C+D+E+F,total_groups_6,6 total groups,full_route,HQ + B+C+D+E+F,E_evidence_support_rating,best_degree_prestige,0.0,48,48
competition,hq_plus_b_c_d_e_f,HQ + B+C+D+E+F,total_groups_6,6 total groups,full_route,HQ + B+C+D+E+F,E_evidence_support_rating,comfort_index,0.0,48,48
competition,hq_plus_b_c_d_e_f,HQ + B+C+D+E+F,total_groups_6,6 total groups,full_route,HQ + B+C+D+E+F,E_evidence_support_rating,company_size_is_growing,0.0,48,48
competition,hq_plus_b_c_d_e_f,HQ + B+C+D+E+F,total_groups_6,6 total groups,full_route,HQ + B+C+D+E+F,E_evidence_support_rating,degree_level,0.0,48,48
competition,hq_plus_b_c_d_e_f,HQ + B+C+D+E+F,total_groups_6,6 total groups,full_route,HQ + B+C+D+E+F,E_evidence_support_rating,edu_prestige_tier,0.0,48,48
competition,hq_plus_b_c_d_e_f,HQ + B+C+D+E+F,total_groups_6,6 total groups,full_route,HQ + B+C+D+E+F,E_evidence_support_rating,exit_count,0.0,48,48
competition,hq_plus_b_c_d_e_f,HQ + B+C+D+E+F,total_groups_6,6 total groups,full_route,HQ + B+C+D+E+F,E_evidence_support_rating,exit_x_serial,0.0,48,48
competition,hq_plus_b_c_d_e_f,HQ + B+C+D+E+F,total_groups_6,6 total groups,full_route,HQ + B+C+D+E+F,E_evidence_support_rating,field_relevance_score,0.0,48,48
competition,hq_plus_b_c_d_e_f,HQ + B+C+D+E+F,total_groups_6,6 total groups,full_route,HQ + B+C+D+E+F,E_evidence_support_rating,founding_role_count,0.0,48,48
competition,hq_plus_b_c_d_e_f,HQ + B+C+D+E+F,total_groups_6,6 total groups,full_route,HQ + B+C+D+E+F,E_evidence_support_rating,founding_timing,0.0,48,48
competition,hq_plus_b_c_d_e_f,HQ + B+C+D+E+F,total_groups_6,6 total groups,full_route,HQ + B+C+D+E+F,E_evidence_support_rating,has_prior_acquisition,0.0,48,48
competition,hq_plus_b_c_d_e_f,HQ + B+C+D+E+F,total_groups_6,6 total groups,full_route,HQ + B+C+D+E+F,E_evidence_support_rating,has_prior_ipo,0.0,48,48
competition,hq_plus_b_c_d_e_f,HQ + B+C+D+E+F,total_groups_6,6 total groups,full_route,HQ + B+C+D+E+F,E_evidence_support_rating,industry_alignment,0.0,48,48
competition,hq_plus_b_c_d_e_f,HQ + B+C+D+E+F,total_groups_6,6 total groups,full_route,HQ + B+C+D+E+F,E_evidence_support_rating,industry_pivot_count,0.0,48,48
competition,hq_plus_b_c_d_e_f,HQ + B+C+D+E+F,total_groups_6,6 total groups,full_route,HQ + B+C+D+E+F,E_evidence_support_rating,industry_prestige_penalty,0.0,48,48
competition,hq_plus_b_c_d_e_f,HQ + B+C+D+E+F,total_groups_6,6 total groups,full_route,HQ + B+C+D+E+F,E_evidence_support_rating,is_serial_founder,0.0,48,48
competition,hq_plus_b_c_d_e_f,HQ + B+C+D+E+F,total_groups_6,6 total groups,full_route,HQ + B+C+D+E+F,E_evidence_support_rating,longest_founding_tenure,0.0,48,48
competition,hq_plus_b_c_d_e_f,HQ + B+C+D+E+F,total_groups_6,6 total groups,full_route,HQ + B+C+D+E+F,E_evidence_support_rating,max_company_size_before_founding,0.0,48,48
competition,hq_plus_b_c_d_e_f,HQ + B+C+D+E+F,total_groups_6,6 total groups,full_route,HQ + B+C+D+E+F,E_evidence_support_rating,max_seniority_reached,0.0,48,48
competition,hq_plus_b_c_d_e_f,HQ + B+C+D+E+F,total_groups_6,6 total groups,full_route,HQ + B+C+D+E+F,E_evidence_support_rating,persistence_score,0.0,48,48
competition,hq_plus_b_c_d_e_f,HQ + B+C+D+E+F,total_groups_6,6 total groups,full_route,HQ + B+C+D+E+F,E_evidence_support_rating,prestige_sacrifice_score,0.0,48,48
competition,hq_plus_b_c_d_e_f,HQ + B+C+D+E+F,total_groups_6,6 total groups,full_route,HQ + B+C+D+E+F,E_evidence_support_rating,prestige_x_relevance,0.0,48,48
competition,hq_plus_b_c_d_e_f,HQ + B+C+D+E+F,total_groups_6,6 total groups,full_route,HQ + B+C+D+E+F,E_evidence_support_rating,repeat_founding_gap,0.0,48,48
competition,hq_plus_b_c_d_e_f,HQ + B+C+D+E+F,total_groups_6,6 total groups,full_route,HQ + B+C+D+E+F,E_evidence_support_rating,restlessness_score,0.0,48,48
competition,hq_plus_b_c_d_e_f,HQ + B+C+D+E+F,total_groups_6,6 total groups,full_route,HQ + B+C+D+E+F,E_evidence_support_rating,sacrifice_x_serial,0.0,48,48
competition,hq_plus_b_c_d_e_f,HQ + B+C+D+E+F,total_groups_6,6 total groups,full_route,HQ + B+C+D+E+F,E_evidence_support_rating,seniority_is_monotone,0.0,48,48
competition,hq_plus_b_c_d_e_f,HQ + B+C+D+E+F,total_groups_6,6 total groups,full_route,HQ + B+C+D+E+F,E_evidence_support_rating,stem_flag,0.0,48,48
competition,hq_plus_b_c_d_e_f,HQ + B+C+D+E+F,total_groups_6,6 total groups,full_route,HQ + B+C+D+E+F,E_evidence_support_rating,total_inferred_experience,0.0,48,48
competition,hq_plus_b_c_d_e_f,HQ + B+C+D+E+F,total_groups_6,6 total groups,full_route,HQ + B+C+D+E+F,E_evidence_support_rating,years_in_large_company,0.0,48,48
competition,hq_plus_b_c_d_e_f,HQ + B+C+D+E+F,total_groups_6,6 total groups,full_route,HQ + B+C+D+E+F,E_hidden_risk,E_hidden_upside,1.0,48,48
competition,hq_plus_b_c_d_e_f,HQ + B+C+D+E+F,total_groups_6,6 total groups,full_route,HQ + B+C+D+E+F,E_hidden_risk,F_career_coherence,1.0,48,48
competition,hq_plus_b_c_d_e_f,HQ + B+C+D+E+F,total_groups_6,6 total groups,full_route,HQ + B+C+D+E+F,E_hidden_risk,F_evidence_support_rating,1.0,48,48
competition,hq_plus_b_c_d_e_f,HQ + B+C+D+E+F,total_groups_6,6 total groups,full_route,HQ + B+C+D+E+F,E_hidden_risk,F_ownership_signal,1.0,48,48
competition,hq_plus_b_c_d_e_f,HQ + B+C+D+E+F,total_groups_6,6 total groups,full_route,HQ + B+C+D+E+F,E_hidden_risk,F_rubric_score,1.0,48,48
competition,hq_plus_b_c_d_e_f,HQ + B+C+D+E+F,total_groups_6,6 total groups,full_route,HQ + B+C+D+E+F,E_hidden_risk,F_scrappiness,1.0,48,48
competition,hq_plus_b_c_d_e_f,HQ + B+C+D+E+F,total_groups_6,6 total groups,full_route,HQ + B+C+D+E+F,E_hidden_risk,F_trajectory_strength,1.0,48,48
competition,hq_plus_b_c_d_e_f,HQ + B+C+D+E+F,total_groups_6,6 total groups,full_route,HQ + B+C+D+E+F,E_hidden_risk,best_degree_prestige,0.0,48,48
competition,hq_plus_b_c_d_e_f,HQ + B+C+D+E+F,total_groups_6,6 total groups,full_route,HQ + B+C+D+E+F,E_hidden_risk,comfort_index,0.0,48,48
competition,hq_plus_b_c_d_e_f,HQ + B+C+D+E+F,total_groups_6,6 total groups,full_route,HQ + B+C+D+E+F,E_hidden_risk,company_size_is_growing,0.0,48,48
competition,hq_plus_b_c_d_e_f,HQ + B+C+D+E+F,total_groups_6,6 total groups,full_route,HQ + B+C+D+E+F,E_hidden_risk,degree_level,0.0,48,48
competition,hq_plus_b_c_d_e_f,HQ + B+C+D+E+F,total_groups_6,6 total groups,full_route,HQ + B+C+D+E+F,E_hidden_risk,edu_prestige_tier,0.0,48,48
competition,hq_plus_b_c_d_e_f,HQ + B+C+D+E+F,total_groups_6,6 total groups,full_route,HQ + B+C+D+E+F,E_hidden_risk,exit_count,0.0,48,48
competition,hq_plus_b_c_d_e_f,HQ + B+C+D+E+F,total_groups_6,6 total groups,full_route,HQ + B+C+D+E+F,E_hidden_risk,exit_x_serial,0.0,48,48
competition,hq_plus_b_c_d_e_f,HQ + B+C+D+E+F,total_groups_6,6 total groups,full_route,HQ + B+C+D+E+F,E_hidden_risk,field_relevance_score,0.0,48,48
competition,hq_plus_b_c_d_e_f,HQ + B+C+D+E+F,total_groups_6,6 total groups,full_route,HQ + B+C+D+E+F,E_hidden_risk,founding_role_count,0.0,48,48
competition,hq_plus_b_c_d_e_f,HQ + B+C+D+E+F,total_groups_6,6 total groups,full_route,HQ + B+C+D+E+F,E_hidden_risk,founding_timing,0.0,48,48
competition,hq_plus_b_c_d_e_f,HQ + B+C+D+E+F,total_groups_6,6 total groups,full_route,HQ + B+C+D+E+F,E_hidden_risk,has_prior_acquisition,0.0,48,48
competition,hq_plus_b_c_d_e_f,HQ + B+C+D+E+F,total_groups_6,6 total groups,full_route,HQ + B+C+D+E+F,E_hidden_risk,has_prior_ipo,0.0,48,48
competition,hq_plus_b_c_d_e_f,HQ + B+C+D+E+F,total_groups_6,6 total groups,full_route,HQ + B+C+D+E+F,E_hidden_risk,industry_alignment,0.0,48,48
competition,hq_plus_b_c_d_e_f,HQ + B+C+D+E+F,total_groups_6,6 total groups,full_route,HQ + B+C+D+E+F,E_hidden_risk,industry_pivot_count,0.0,48,48
competition,hq_plus_b_c_d_e_f,HQ + B+C+D+E+F,total_groups_6,6 total groups,full_route,HQ + B+C+D+E+F,E_hidden_risk,industry_prestige_penalty,0.0,48,48
competition,hq_plus_b_c_d_e_f,HQ + B+C+D+E+F,total_groups_6,6 total groups,full_route,HQ + B+C+D+E+F,E_hidden_risk,is_serial_founder,0.0,48,48
competition,hq_plus_b_c_d_e_f,HQ + B+C+D+E+F,total_groups_6,6 total groups,full_route,HQ + B+C+D+E+F,E_hidden_risk,longest_founding_tenure,0.0,48,48
competition,hq_plus_b_c_d_e_f,HQ + B+C+D+E+F,total_groups_6,6 total groups,full_route,HQ + B+C+D+E+F,E_hidden_risk,max_company_size_before_founding,0.0,48,48
competition,hq_plus_b_c_d_e_f,HQ + B+C+D+E+F,total_groups_6,6 total groups,full_route,HQ + B+C+D+E+F,E_hidden_risk,max_seniority_reached,0.0,48,48
competition,hq_plus_b_c_d_e_f,HQ + B+C+D+E+F,total_groups_6,6 total groups,full_route,HQ + B+C+D+E+F,E_hidden_risk,persistence_score,0.0,48,48
competition,hq_plus_b_c_d_e_f,HQ + B+C+D+E+F,total_groups_6,6 total groups,full_route,HQ + B+C+D+E+F,E_hidden_risk,prestige_sacrifice_score,0.0,48,48
competition,hq_plus_b_c_d_e_f,HQ + B+C+D+E+F,total_groups_6,6 total groups,full_route,HQ + B+C+D+E+F,E_hidden_risk,prestige_x_relevance,0.0,48,48
competition,hq_plus_b_c_d_e_f,HQ + B+C+D+E+F,total_groups_6,6 total groups,full_route,HQ + B+C+D+E+F,E_hidden_risk,repeat_founding_gap,0.0,48,48
competition,hq_plus_b_c_d_e_f,HQ + B+C+D+E+F,total_groups_6,6 total groups,full_route,HQ + B+C+D+E+F,E_hidden_risk,restlessness_score,0.0,48,48
competition,hq_plus_b_c_d_e_f,HQ + B+C+D+E+F,total_groups_6,6 total groups,full_route,HQ + B+C+D+E+F,E_hidden_risk,sacrifice_x_serial,0.0,48,48
competition,hq_plus_b_c_d_e_f,HQ + B+C+D+E+F,total_groups_6,6 total groups,full_route,HQ + B+C+D+E+F,E_hidden_risk,seniority_is_monotone,0.0,48,48
competition,hq_plus_b_c_d_e_f,HQ + B+C+D+E+F,total_groups_6,6 total groups,full_route,HQ + B+C+D+E+F,E_hidden_risk,stem_flag,0.0,48,48
competition,hq_plus_b_c_d_e_f,HQ + B+C+D+E+F,total_groups_6,6 total groups,full_route,HQ + B+C+D+E+F,E_hidden_risk,total_inferred_experience,0.0,48,48
competition,hq_plus_b_c_d_e_f,HQ + B+C+D+E+F,total_groups_6,6 total groups,full_route,HQ + B+C+D+E+F,E_hidden_risk,years_in_large_company,0.0,48,48
competition,hq_plus_b_c_d_e_f,HQ + B+C+D+E+F,total_groups_6,6 total groups,full_route,HQ + B+C+D+E+F,E_hidden_upside,F_career_coherence,1.0,48,48
competition,hq_plus_b_c_d_e_f,HQ + B+C+D+E+F,total_groups_6,6 total groups,full_route,HQ + B+C+D+E+F,E_hidden_upside,F_evidence_support_rating,1.0,48,48
competition,hq_plus_b_c_d_e_f,HQ + B+C+D+E+F,total_groups_6,6 total groups,full_route,HQ + B+C+D+E+F,E_hidden_upside,F_ownership_signal,1.0,48,48
competition,hq_plus_b_c_d_e_f,HQ + B+C+D+E+F,total_groups_6,6 total groups,full_route,HQ + B+C+D+E+F,E_hidden_upside,F_rubric_score,1.0,48,48
competition,hq_plus_b_c_d_e_f,HQ + B+C+D+E+F,total_groups_6,6 total groups,full_route,HQ + B+C+D+E+F,E_hidden_upside,F_scrappiness,1.0,48,48
competition,hq_plus_b_c_d_e_f,HQ + B+C+D+E+F,total_groups_6,6 total groups,full_route,HQ + B+C+D+E+F,E_hidden_upside,F_trajectory_strength,1.0,48,48
competition,hq_plus_b_c_d_e_f,HQ + B+C+D+E+F,total_groups_6,6 total groups,full_route,HQ + B+C+D+E+F,E_hidden_upside,best_degree_prestige,0.0,48,48
competition,hq_plus_b_c_d_e_f,HQ + B+C+D+E+F,total_groups_6,6 total groups,full_route,HQ + B+C+D+E+F,E_hidden_upside,comfort_index,0.0,48,48
competition,hq_plus_b_c_d_e_f,HQ + B+C+D+E+F,total_groups_6,6 total groups,full_route,HQ + B+C+D+E+F,E_hidden_upside,company_size_is_growing,0.0,48,48
competition,hq_plus_b_c_d_e_f,HQ + B+C+D+E+F,total_groups_6,6 total groups,full_route,HQ + B+C+D+E+F,E_hidden_upside,degree_level,0.0,48,48
competition,hq_plus_b_c_d_e_f,HQ + B+C+D+E+F,total_groups_6,6 total groups,full_route,HQ + B+C+D+E+F,E_hidden_upside,edu_prestige_tier,0.0,48,48
competition,hq_plus_b_c_d_e_f,HQ + B+C+D+E+F,total_groups_6,6 total groups,full_route,HQ + B+C+D+E+F,E_hidden_upside,exit_count,0.0,48,48
competition,hq_plus_b_c_d_e_f,HQ + B+C+D+E+F,total_groups_6,6 total groups,full_route,HQ + B+C+D+E+F,E_hidden_upside,exit_x_serial,0.0,48,48
competition,hq_plus_b_c_d_e_f,HQ + B+C+D+E+F,total_groups_6,6 total groups,full_route,HQ + B+C+D+E+F,E_hidden_upside,field_relevance_score,0.0,48,48
competition,hq_plus_b_c_d_e_f,HQ + B+C+D+E+F,total_groups_6,6 total groups,full_route,HQ + B+C+D+E+F,E_hidden_upside,founding_role_count,0.0,48,48
competition,hq_plus_b_c_d_e_f,HQ + B+C+D+E+F,total_groups_6,6 total groups,full_route,HQ + B+C+D+E+F,E_hidden_upside,founding_timing,0.0,48,48
competition,hq_plus_b_c_d_e_f,HQ + B+C+D+E+F,total_groups_6,6 total groups,full_route,HQ + B+C+D+E+F,E_hidden_upside,has_prior_acquisition,0.0,48,48
competition,hq_plus_b_c_d_e_f,HQ + B+C+D+E+F,total_groups_6,6 total groups,full_route,HQ + B+C+D+E+F,E_hidden_upside,has_prior_ipo,0.0,48,48
competition,hq_plus_b_c_d_e_f,HQ + B+C+D+E+F,total_groups_6,6 total groups,full_route,HQ + B+C+D+E+F,E_hidden_upside,industry_alignment,0.0,48,48
competition,hq_plus_b_c_d_e_f,HQ + B+C+D+E+F,total_groups_6,6 total groups,full_route,HQ + B+C+D+E+F,E_hidden_upside,industry_pivot_count,0.0,48,48
competition,hq_plus_b_c_d_e_f,HQ + B+C+D+E+F,total_groups_6,6 total groups,full_route,HQ + B+C+D+E+F,E_hidden_upside,industry_prestige_penalty,0.0,48,48
competition,hq_plus_b_c_d_e_f,HQ + B+C+D+E+F,total_groups_6,6 total groups,full_route,HQ + B+C+D+E+F,E_hidden_upside,is_serial_founder,0.0,48,48
competition,hq_plus_b_c_d_e_f,HQ + B+C+D+E+F,total_groups_6,6 total groups,full_route,HQ + B+C+D+E+F,E_hidden_upside,longest_founding_tenure,0.0,48,48
competition,hq_plus_b_c_d_e_f,HQ + B+C+D+E+F,total_groups_6,6 total groups,full_route,HQ + B+C+D+E+F,E_hidden_upside,max_company_size_before_founding,0.0,48,48
competition,hq_plus_b_c_d_e_f,HQ + B+C+D+E+F,total_groups_6,6 total groups,full_route,HQ + B+C+D+E+F,E_hidden_upside,max_seniority_reached,0.0,48,48
competition,hq_plus_b_c_d_e_f,HQ + B+C+D+E+F,total_groups_6,6 total groups,full_route,HQ + B+C+D+E+F,E_hidden_upside,persistence_score,0.0,48,48
competition,hq_plus_b_c_d_e_f,HQ + B+C+D+E+F,total_groups_6,6 total groups,full_route,HQ + B+C+D+E+F,E_hidden_upside,prestige_sacrifice_score,0.0,48,48
competition,hq_plus_b_c_d_e_f,HQ + B+C+D+E+F,total_groups_6,6 total groups,full_route,HQ + B+C+D+E+F,E_hidden_upside,prestige_x_relevance,0.0,48,48
competition,hq_plus_b_c_d_e_f,HQ + B+C+D+E+F,total_groups_6,6 total groups,full_route,HQ + B+C+D+E+F,E_hidden_upside,repeat_founding_gap,0.0,48,48
competition,hq_plus_b_c_d_e_f,HQ + B+C+D+E+F,total_groups_6,6 total groups,full_route,HQ + B+C+D+E+F,E_hidden_upside,restlessness_score,0.0,48,48
competition,hq_plus_b_c_d_e_f,HQ + B+C+D+E+F,total_groups_6,6 total groups,full_route,HQ + B+C+D+E+F,E_hidden_upside,sacrifice_x_serial,0.0,48,48
competition,hq_plus_b_c_d_e_f,HQ + B+C+D+E+F,total_groups_6,6 total groups,full_route,HQ + B+C+D+E+F,E_hidden_upside,seniority_is_monotone,0.0,48,48
competition,hq_plus_b_c_d_e_f,HQ + B+C+D+E+F,total_groups_6,6 total groups,full_route,HQ + B+C+D+E+F,E_hidden_upside,stem_flag,0.0,48,48
competition,hq_plus_b_c_d_e_f,HQ + B+C+D+E+F,total_groups_6,6 total groups,full_route,HQ + B+C+D+E+F,E_hidden_upside,total_inferred_experience,0.0,48,48
competition,hq_plus_b_c_d_e_f,HQ + B+C+D+E+F,total_groups_6,6 total groups,full_route,HQ + B+C+D+E+F,E_hidden_upside,years_in_large_company,0.0,48,48
competition,hq_plus_b_c_d_e_f,HQ + B+C+D+E+F,total_groups_6,6 total groups,full_route,HQ + B+C+D+E+F,F_career_coherence,F_evidence_support_rating,1.0,48,48
competition,hq_plus_b_c_d_e_f,HQ + B+C+D+E+F,total_groups_6,6 total groups,full_route,HQ + B+C+D+E+F,F_career_coherence,F_ownership_signal,1.0,48,48
competition,hq_plus_b_c_d_e_f,HQ + B+C+D+E+F,total_groups_6,6 total groups,full_route,HQ + B+C+D+E+F,F_career_coherence,F_rubric_score,1.0,48,48
competition,hq_plus_b_c_d_e_f,HQ + B+C+D+E+F,total_groups_6,6 total groups,full_route,HQ + B+C+D+E+F,F_career_coherence,F_scrappiness,1.0,48,48
competition,hq_plus_b_c_d_e_f,HQ + B+C+D+E+F,total_groups_6,6 total groups,full_route,HQ + B+C+D+E+F,F_career_coherence,F_trajectory_strength,1.0,48,48
competition,hq_plus_b_c_d_e_f,HQ + B+C+D+E+F,total_groups_6,6 total groups,full_route,HQ + B+C+D+E+F,F_career_coherence,best_degree_prestige,0.0,48,48
competition,hq_plus_b_c_d_e_f,HQ + B+C+D+E+F,total_groups_6,6 total groups,full_route,HQ + B+C+D+E+F,F_career_coherence,comfort_index,0.0,48,48
competition,hq_plus_b_c_d_e_f,HQ + B+C+D+E+F,total_groups_6,6 total groups,full_route,HQ + B+C+D+E+F,F_career_coherence,company_size_is_growing,0.0,48,48
competition,hq_plus_b_c_d_e_f,HQ + B+C+D+E+F,total_groups_6,6 total groups,full_route,HQ + B+C+D+E+F,F_career_coherence,degree_level,0.0,48,48
competition,hq_plus_b_c_d_e_f,HQ + B+C+D+E+F,total_groups_6,6 total groups,full_route,HQ + B+C+D+E+F,F_career_coherence,edu_prestige_tier,0.0,48,48
competition,hq_plus_b_c_d_e_f,HQ + B+C+D+E+F,total_groups_6,6 total groups,full_route,HQ + B+C+D+E+F,F_career_coherence,exit_count,0.0,48,48
competition,hq_plus_b_c_d_e_f,HQ + B+C+D+E+F,total_groups_6,6 total groups,full_route,HQ + B+C+D+E+F,F_career_coherence,exit_x_serial,0.0,48,48
competition,hq_plus_b_c_d_e_f,HQ + B+C+D+E+F,total_groups_6,6 total groups,full_route,HQ + B+C+D+E+F,F_career_coherence,field_relevance_score,0.0,48,48
competition,hq_plus_b_c_d_e_f,HQ + B+C+D+E+F,total_groups_6,6 total groups,full_route,HQ + B+C+D+E+F,F_career_coherence,founding_role_count,0.0,48,48
competition,hq_plus_b_c_d_e_f,HQ + B+C+D+E+F,total_groups_6,6 total groups,full_route,HQ + B+C+D+E+F,F_career_coherence,founding_timing,0.0,48,48
competition,hq_plus_b_c_d_e_f,HQ + B+C+D+E+F,total_groups_6,6 total groups,full_route,HQ + B+C+D+E+F,F_career_coherence,has_prior_acquisition,0.0,48,48
competition,hq_plus_b_c_d_e_f,HQ + B+C+D+E+F,total_groups_6,6 total groups,full_route,HQ + B+C+D+E+F,F_career_coherence,has_prior_ipo,0.0,48,48
competition,hq_plus_b_c_d_e_f,HQ + B+C+D+E+F,total_groups_6,6 total groups,full_route,HQ + B+C+D+E+F,F_career_coherence,industry_alignment,0.0,48,48
competition,hq_plus_b_c_d_e_f,HQ + B+C+D+E+F,total_groups_6,6 total groups,full_route,HQ + B+C+D+E+F,F_career_coherence,industry_pivot_count,0.0,48,48
competition,hq_plus_b_c_d_e_f,HQ + B+C+D+E+F,total_groups_6,6 total groups,full_route,HQ + B+C+D+E+F,F_career_coherence,industry_prestige_penalty,0.0,48,48
competition,hq_plus_b_c_d_e_f,HQ + B+C+D+E+F,total_groups_6,6 total groups,full_route,HQ + B+C+D+E+F,F_career_coherence,is_serial_founder,0.0,48,48
competition,hq_plus_b_c_d_e_f,HQ + B+C+D+E+F,total_groups_6,6 total groups,full_route,HQ + B+C+D+E+F,F_career_coherence,longest_founding_tenure,0.0,48,48
competition,hq_plus_b_c_d_e_f,HQ + B+C+D+E+F,total_groups_6,6 total groups,full_route,HQ + B+C+D+E+F,F_career_coherence,max_company_size_before_founding,0.0,48,48
competition,hq_plus_b_c_d_e_f,HQ + B+C+D+E+F,total_groups_6,6 total groups,full_route,HQ + B+C+D+E+F,F_career_coherence,max_seniority_reached,0.0,48,48
competition,hq_plus_b_c_d_e_f,HQ + B+C+D+E+F,total_groups_6,6 total groups,full_route,HQ + B+C+D+E+F,F_career_coherence,persistence_score,0.0,48,48
competition,hq_plus_b_c_d_e_f,HQ + B+C+D+E+F,total_groups_6,6 total groups,full_route,HQ + B+C+D+E+F,F_career_coherence,prestige_sacrifice_score,0.0,48,48
competition,hq_plus_b_c_d_e_f,HQ + B+C+D+E+F,total_groups_6,6 total groups,full_route,HQ + B+C+D+E+F,F_career_coherence,prestige_x_relevance,0.0,48,48
competition,hq_plus_b_c_d_e_f,HQ + B+C+D+E+F,total_groups_6,6 total groups,full_route,HQ + B+C+D+E+F,F_career_coherence,repeat_founding_gap,0.0,48,48
competition,hq_plus_b_c_d_e_f,HQ + B+C+D+E+F,total_groups_6,6 total groups,full_route,HQ + B+C+D+E+F,F_career_coherence,restlessness_score,0.0,48,48
competition,hq_plus_b_c_d_e_f,HQ + B+C+D+E+F,total_groups_6,6 total groups,full_route,HQ + B+C+D+E+F,F_career_coherence,sacrifice_x_serial,0.0,48,48
competition,hq_plus_b_c_d_e_f,HQ + B+C+D+E+F,total_groups_6,6 total groups,full_route,HQ + B+C+D+E+F,F_career_coherence,seniority_is_monotone,0.0,48,48
competition,hq_plus_b_c_d_e_f,HQ + B+C+D+E+F,total_groups_6,6 total groups,full_route,HQ + B+C+D+E+F,F_career_coherence,stem_flag,0.0,48,48
competition,hq_plus_b_c_d_e_f,HQ + B+C+D+E+F,total_groups_6,6 total groups,full_route,HQ + B+C+D+E+F,F_career_coherence,total_inferred_experience,0.0,48,48
competition,hq_plus_b_c_d_e_f,HQ + B+C+D+E+F,total_groups_6,6 total groups,full_route,HQ + B+C+D+E+F,F_career_coherence,years_in_large_company,0.0,48,48
competition,hq_plus_b_c_d_e_f,HQ + B+C+D+E+F,total_groups_6,6 total groups,full_route,HQ + B+C+D+E+F,F_evidence_support_rating,F_ownership_signal,1.0,48,48
competition,hq_plus_b_c_d_e_f,HQ + B+C+D+E+F,total_groups_6,6 total groups,full_route,HQ + B+C+D+E+F,F_evidence_support_rating,F_rubric_score,1.0,48,48
competition,hq_plus_b_c_d_e_f,HQ + B+C+D+E+F,total_groups_6,6 total groups,full_route,HQ + B+C+D+E+F,F_evidence_support_rating,F_scrappiness,1.0,48,48
competition,hq_plus_b_c_d_e_f,HQ + B+C+D+E+F,total_groups_6,6 total groups,full_route,HQ + B+C+D+E+F,F_evidence_support_rating,F_trajectory_strength,1.0,48,48
competition,hq_plus_b_c_d_e_f,HQ + B+C+D+E+F,total_groups_6,6 total groups,full_route,HQ + B+C+D+E+F,F_evidence_support_rating,best_degree_prestige,0.0,48,48
competition,hq_plus_b_c_d_e_f,HQ + B+C+D+E+F,total_groups_6,6 total groups,full_route,HQ + B+C+D+E+F,F_evidence_support_rating,comfort_index,0.0,48,48
competition,hq_plus_b_c_d_e_f,HQ + B+C+D+E+F,total_groups_6,6 total groups,full_route,HQ + B+C+D+E+F,F_evidence_support_rating,company_size_is_growing,0.0,48,48
competition,hq_plus_b_c_d_e_f,HQ + B+C+D+E+F,total_groups_6,6 total groups,full_route,HQ + B+C+D+E+F,F_evidence_support_rating,degree_level,0.0,48,48
competition,hq_plus_b_c_d_e_f,HQ + B+C+D+E+F,total_groups_6,6 total groups,full_route,HQ + B+C+D+E+F,F_evidence_support_rating,edu_prestige_tier,0.0,48,48
competition,hq_plus_b_c_d_e_f,HQ + B+C+D+E+F,total_groups_6,6 total groups,full_route,HQ + B+C+D+E+F,F_evidence_support_rating,exit_count,0.0,48,48
competition,hq_plus_b_c_d_e_f,HQ + B+C+D+E+F,total_groups_6,6 total groups,full_route,HQ + B+C+D+E+F,F_evidence_support_rating,exit_x_serial,0.0,48,48
competition,hq_plus_b_c_d_e_f,HQ + B+C+D+E+F,total_groups_6,6 total groups,full_route,HQ + B+C+D+E+F,F_evidence_support_rating,field_relevance_score,0.0,48,48
competition,hq_plus_b_c_d_e_f,HQ + B+C+D+E+F,total_groups_6,6 total groups,full_route,HQ + B+C+D+E+F,F_evidence_support_rating,founding_role_count,0.0,48,48
competition,hq_plus_b_c_d_e_f,HQ + B+C+D+E+F,total_groups_6,6 total groups,full_route,HQ + B+C+D+E+F,F_evidence_support_rating,founding_timing,0.0,48,48
competition,hq_plus_b_c_d_e_f,HQ + B+C+D+E+F,total_groups_6,6 total groups,full_route,HQ + B+C+D+E+F,F_evidence_support_rating,has_prior_acquisition,0.0,48,48
competition,hq_plus_b_c_d_e_f,HQ + B+C+D+E+F,total_groups_6,6 total groups,full_route,HQ + B+C+D+E+F,F_evidence_support_rating,has_prior_ipo,0.0,48,48
competition,hq_plus_b_c_d_e_f,HQ + B+C+D+E+F,total_groups_6,6 total groups,full_route,HQ + B+C+D+E+F,F_evidence_support_rating,industry_alignment,0.0,48,48
competition,hq_plus_b_c_d_e_f,HQ + B+C+D+E+F,total_groups_6,6 total groups,full_route,HQ + B+C+D+E+F,F_evidence_support_rating,industry_pivot_count,0.0,48,48
competition,hq_plus_b_c_d_e_f,HQ + B+C+D+E+F,total_groups_6,6 total groups,full_route,HQ + B+C+D+E+F,F_evidence_support_rating,industry_prestige_penalty,0.0,48,48
competition,hq_plus_b_c_d_e_f,HQ + B+C+D+E+F,total_groups_6,6 total groups,full_route,HQ + B+C+D+E+F,F_evidence_support_rating,is_serial_founder,0.0,48,48
competition,hq_plus_b_c_d_e_f,HQ + B+C+D+E+F,total_groups_6,6 total groups,full_route,HQ + B+C+D+E+F,F_evidence_support_rating,longest_founding_tenure,0.0,48,48
competition,hq_plus_b_c_d_e_f,HQ + B+C+D+E+F,total_groups_6,6 total groups,full_route,HQ + B+C+D+E+F,F_evidence_support_rating,max_company_size_before_founding,0.0,48,48
competition,hq_plus_b_c_d_e_f,HQ + B+C+D+E+F,total_groups_6,6 total groups,full_route,HQ + B+C+D+E+F,F_evidence_support_rating,max_seniority_reached,0.0,48,48
competition,hq_plus_b_c_d_e_f,HQ + B+C+D+E+F,total_groups_6,6 total groups,full_route,HQ + B+C+D+E+F,F_evidence_support_rating,persistence_score,0.0,48,48
competition,hq_plus_b_c_d_e_f,HQ + B+C+D+E+F,total_groups_6,6 total groups,full_route,HQ + B+C+D+E+F,F_evidence_support_rating,prestige_sacrifice_score,0.0,48,48
competition,hq_plus_b_c_d_e_f,HQ + B+C+D+E+F,total_groups_6,6 total groups,full_route,HQ + B+C+D+E+F,F_evidence_support_rating,prestige_x_relevance,0.0,48,48
competition,hq_plus_b_c_d_e_f,HQ + B+C+D+E+F,total_groups_6,6 total groups,full_route,HQ + B+C+D+E+F,F_evidence_support_rating,repeat_founding_gap,0.0,48,48
competition,hq_plus_b_c_d_e_f,HQ + B+C+D+E+F,total_groups_6,6 total groups,full_route,HQ + B+C+D+E+F,F_evidence_support_rating,restlessness_score,0.0,48,48
competition,hq_plus_b_c_d_e_f,HQ + B+C+D+E+F,total_groups_6,6 total groups,full_route,HQ + B+C+D+E+F,F_evidence_support_rating,sacrifice_x_serial,0.0,48,48
competition,hq_plus_b_c_d_e_f,HQ + B+C+D+E+F,total_groups_6,6 total groups,full_route,HQ + B+C+D+E+F,F_evidence_support_rating,seniority_is_monotone,0.0,48,48
competition,hq_plus_b_c_d_e_f,HQ + B+C+D+E+F,total_groups_6,6 total groups,full_route,HQ + B+C+D+E+F,F_evidence_support_rating,stem_flag,0.0,48,48
competition,hq_plus_b_c_d_e_f,HQ + B+C+D+E+F,total_groups_6,6 total groups,full_route,HQ + B+C+D+E+F,F_evidence_support_rating,total_inferred_experience,0.0,48,48
competition,hq_plus_b_c_d_e_f,HQ + B+C+D+E+F,total_groups_6,6 total groups,full_route,HQ + B+C+D+E+F,F_evidence_support_rating,years_in_large_company,0.0,48,48
competition,hq_plus_b_c_d_e_f,HQ + B+C+D+E+F,total_groups_6,6 total groups,full_route,HQ + B+C+D+E+F,F_ownership_signal,F_rubric_score,1.0,48,48
competition,hq_plus_b_c_d_e_f,HQ + B+C+D+E+F,total_groups_6,6 total groups,full_route,HQ + B+C+D+E+F,F_ownership_signal,F_scrappiness,1.0,48,48
competition,hq_plus_b_c_d_e_f,HQ + B+C+D+E+F,total_groups_6,6 total groups,full_route,HQ + B+C+D+E+F,F_ownership_signal,F_trajectory_strength,1.0,48,48
competition,hq_plus_b_c_d_e_f,HQ + B+C+D+E+F,total_groups_6,6 total groups,full_route,HQ + B+C+D+E+F,F_ownership_signal,best_degree_prestige,0.0,48,48
competition,hq_plus_b_c_d_e_f,HQ + B+C+D+E+F,total_groups_6,6 total groups,full_route,HQ + B+C+D+E+F,F_ownership_signal,comfort_index,0.0,48,48
competition,hq_plus_b_c_d_e_f,HQ + B+C+D+E+F,total_groups_6,6 total groups,full_route,HQ + B+C+D+E+F,F_ownership_signal,company_size_is_growing,0.0,48,48
competition,hq_plus_b_c_d_e_f,HQ + B+C+D+E+F,total_groups_6,6 total groups,full_route,HQ + B+C+D+E+F,F_ownership_signal,degree_level,0.0,48,48
competition,hq_plus_b_c_d_e_f,HQ + B+C+D+E+F,total_groups_6,6 total groups,full_route,HQ + B+C+D+E+F,F_ownership_signal,edu_prestige_tier,0.0,48,48
competition,hq_plus_b_c_d_e_f,HQ + B+C+D+E+F,total_groups_6,6 total groups,full_route,HQ + B+C+D+E+F,F_ownership_signal,exit_count,0.0,48,48
competition,hq_plus_b_c_d_e_f,HQ + B+C+D+E+F,total_groups_6,6 total groups,full_route,HQ + B+C+D+E+F,F_ownership_signal,exit_x_serial,0.0,48,48
competition,hq_plus_b_c_d_e_f,HQ + B+C+D+E+F,total_groups_6,6 total groups,full_route,HQ + B+C+D+E+F,F_ownership_signal,field_relevance_score,0.0,48,48
competition,hq_plus_b_c_d_e_f,HQ + B+C+D+E+F,total_groups_6,6 total groups,full_route,HQ + B+C+D+E+F,F_ownership_signal,founding_role_count,0.0,48,48
competition,hq_plus_b_c_d_e_f,HQ + B+C+D+E+F,total_groups_6,6 total groups,full_route,HQ + B+C+D+E+F,F_ownership_signal,founding_timing,0.0,48,48
competition,hq_plus_b_c_d_e_f,HQ + B+C+D+E+F,total_groups_6,6 total groups,full_route,HQ + B+C+D+E+F,F_ownership_signal,has_prior_acquisition,0.0,48,48
competition,hq_plus_b_c_d_e_f,HQ + B+C+D+E+F,total_groups_6,6 total groups,full_route,HQ + B+C+D+E+F,F_ownership_signal,has_prior_ipo,0.0,48,48
competition,hq_plus_b_c_d_e_f,HQ + B+C+D+E+F,total_groups_6,6 total groups,full_route,HQ + B+C+D+E+F,F_ownership_signal,industry_alignment,0.0,48,48
competition,hq_plus_b_c_d_e_f,HQ + B+C+D+E+F,total_groups_6,6 total groups,full_route,HQ + B+C+D+E+F,F_ownership_signal,industry_pivot_count,0.0,48,48
competition,hq_plus_b_c_d_e_f,HQ + B+C+D+E+F,total_groups_6,6 total groups,full_route,HQ + B+C+D+E+F,F_ownership_signal,industry_prestige_penalty,0.0,48,48
competition,hq_plus_b_c_d_e_f,HQ + B+C+D+E+F,total_groups_6,6 total groups,full_route,HQ + B+C+D+E+F,F_ownership_signal,is_serial_founder,0.0,48,48
competition,hq_plus_b_c_d_e_f,HQ + B+C+D+E+F,total_groups_6,6 total groups,full_route,HQ + B+C+D+E+F,F_ownership_signal,longest_founding_tenure,0.0,48,48
competition,hq_plus_b_c_d_e_f,HQ + B+C+D+E+F,total_groups_6,6 total groups,full_route,HQ + B+C+D+E+F,F_ownership_signal,max_company_size_before_founding,0.0,48,48
competition,hq_plus_b_c_d_e_f,HQ + B+C+D+E+F,total_groups_6,6 total groups,full_route,HQ + B+C+D+E+F,F_ownership_signal,max_seniority_reached,0.0,48,48
competition,hq_plus_b_c_d_e_f,HQ + B+C+D+E+F,total_groups_6,6 total groups,full_route,HQ + B+C+D+E+F,F_ownership_signal,persistence_score,0.0,48,48
competition,hq_plus_b_c_d_e_f,HQ + B+C+D+E+F,total_groups_6,6 total groups,full_route,HQ + B+C+D+E+F,F_ownership_signal,prestige_sacrifice_score,0.0,48,48
competition,hq_plus_b_c_d_e_f,HQ + B+C+D+E+F,total_groups_6,6 total groups,full_route,HQ + B+C+D+E+F,F_ownership_signal,prestige_x_relevance,0.0,48,48
competition,hq_plus_b_c_d_e_f,HQ + B+C+D+E+F,total_groups_6,6 total groups,full_route,HQ + B+C+D+E+F,F_ownership_signal,repeat_founding_gap,0.0,48,48
competition,hq_plus_b_c_d_e_f,HQ + B+C+D+E+F,total_groups_6,6 total groups,full_route,HQ + B+C+D+E+F,F_ownership_signal,restlessness_score,0.0,48,48
competition,hq_plus_b_c_d_e_f,HQ + B+C+D+E+F,total_groups_6,6 total groups,full_route,HQ + B+C+D+E+F,F_ownership_signal,sacrifice_x_serial,0.0,48,48
competition,hq_plus_b_c_d_e_f,HQ + B+C+D+E+F,total_groups_6,6 total groups,full_route,HQ + B+C+D+E+F,F_ownership_signal,seniority_is_monotone,0.0,48,48
competition,hq_plus_b_c_d_e_f,HQ + B+C+D+E+F,total_groups_6,6 total groups,full_route,HQ + B+C+D+E+F,F_ownership_signal,stem_flag,0.0,48,48
competition,hq_plus_b_c_d_e_f,HQ + B+C+D+E+F,total_groups_6,6 total groups,full_route,HQ + B+C+D+E+F,F_ownership_signal,total_inferred_experience,0.0,48,48
competition,hq_plus_b_c_d_e_f,HQ + B+C+D+E+F,total_groups_6,6 total groups,full_route,HQ + B+C+D+E+F,F_ownership_signal,years_in_large_company,0.0,48,48
competition,hq_plus_b_c_d_e_f,HQ + B+C+D+E+F,total_groups_6,6 total groups,full_route,HQ + B+C+D+E+F,F_rubric_score,F_scrappiness,1.0,48,48
competition,hq_plus_b_c_d_e_f,HQ + B+C+D+E+F,total_groups_6,6 total groups,full_route,HQ + B+C+D+E+F,F_rubric_score,F_trajectory_strength,1.0,48,48
competition,hq_plus_b_c_d_e_f,HQ + B+C+D+E+F,total_groups_6,6 total groups,full_route,HQ + B+C+D+E+F,F_rubric_score,best_degree_prestige,0.0,48,48
competition,hq_plus_b_c_d_e_f,HQ + B+C+D+E+F,total_groups_6,6 total groups,full_route,HQ + B+C+D+E+F,F_rubric_score,comfort_index,0.0,48,48
competition,hq_plus_b_c_d_e_f,HQ + B+C+D+E+F,total_groups_6,6 total groups,full_route,HQ + B+C+D+E+F,F_rubric_score,company_size_is_growing,0.0,48,48
competition,hq_plus_b_c_d_e_f,HQ + B+C+D+E+F,total_groups_6,6 total groups,full_route,HQ + B+C+D+E+F,F_rubric_score,degree_level,0.0,48,48
competition,hq_plus_b_c_d_e_f,HQ + B+C+D+E+F,total_groups_6,6 total groups,full_route,HQ + B+C+D+E+F,F_rubric_score,edu_prestige_tier,0.0,48,48
competition,hq_plus_b_c_d_e_f,HQ + B+C+D+E+F,total_groups_6,6 total groups,full_route,HQ + B+C+D+E+F,F_rubric_score,exit_count,0.0,48,48
competition,hq_plus_b_c_d_e_f,HQ + B+C+D+E+F,total_groups_6,6 total groups,full_route,HQ + B+C+D+E+F,F_rubric_score,exit_x_serial,0.0,48,48
competition,hq_plus_b_c_d_e_f,HQ + B+C+D+E+F,total_groups_6,6 total groups,full_route,HQ + B+C+D+E+F,F_rubric_score,field_relevance_score,0.0,48,48
competition,hq_plus_b_c_d_e_f,HQ + B+C+D+E+F,total_groups_6,6 total groups,full_route,HQ + B+C+D+E+F,F_rubric_score,founding_role_count,0.0,48,48
competition,hq_plus_b_c_d_e_f,HQ + B+C+D+E+F,total_groups_6,6 total groups,full_route,HQ + B+C+D+E+F,F_rubric_score,founding_timing,0.0,48,48
competition,hq_plus_b_c_d_e_f,HQ + B+C+D+E+F,total_groups_6,6 total groups,full_route,HQ + B+C+D+E+F,F_rubric_score,has_prior_acquisition,0.0,48,48
competition,hq_plus_b_c_d_e_f,HQ + B+C+D+E+F,total_groups_6,6 total groups,full_route,HQ + B+C+D+E+F,F_rubric_score,has_prior_ipo,0.0,48,48
competition,hq_plus_b_c_d_e_f,HQ + B+C+D+E+F,total_groups_6,6 total groups,full_route,HQ + B+C+D+E+F,F_rubric_score,industry_alignment,0.0,48,48
competition,hq_plus_b_c_d_e_f,HQ + B+C+D+E+F,total_groups_6,6 total groups,full_route,HQ + B+C+D+E+F,F_rubric_score,industry_pivot_count,0.0,48,48
competition,hq_plus_b_c_d_e_f,HQ + B+C+D+E+F,total_groups_6,6 total groups,full_route,HQ + B+C+D+E+F,F_rubric_score,industry_prestige_penalty,0.0,48,48
competition,hq_plus_b_c_d_e_f,HQ + B+C+D+E+F,total_groups_6,6 total groups,full_route,HQ + B+C+D+E+F,F_rubric_score,is_serial_founder,0.0,48,48
competition,hq_plus_b_c_d_e_f,HQ + B+C+D+E+F,total_groups_6,6 total groups,full_route,HQ + B+C+D+E+F,F_rubric_score,longest_founding_tenure,0.0,48,48
competition,hq_plus_b_c_d_e_f,HQ + B+C+D+E+F,total_groups_6,6 total groups,full_route,HQ + B+C+D+E+F,F_rubric_score,max_company_size_before_founding,0.0,48,48
competition,hq_plus_b_c_d_e_f,HQ + B+C+D+E+F,total_groups_6,6 total groups,full_route,HQ + B+C+D+E+F,F_rubric_score,max_seniority_reached,0.0,48,48
competition,hq_plus_b_c_d_e_f,HQ + B+C+D+E+F,total_groups_6,6 total groups,full_route,HQ + B+C+D+E+F,F_rubric_score,persistence_score,0.0,48,48
competition,hq_plus_b_c_d_e_f,HQ + B+C+D+E+F,total_groups_6,6 total groups,full_route,HQ + B+C+D+E+F,F_rubric_score,prestige_sacrifice_score,0.0,48,48
competition,hq_plus_b_c_d_e_f,HQ + B+C+D+E+F,total_groups_6,6 total groups,full_route,HQ + B+C+D+E+F,F_rubric_score,prestige_x_relevance,0.0,48,48
competition,hq_plus_b_c_d_e_f,HQ + B+C+D+E+F,total_groups_6,6 total groups,full_route,HQ + B+C+D+E+F,F_rubric_score,repeat_founding_gap,0.0,48,48
competition,hq_plus_b_c_d_e_f,HQ + B+C+D+E+F,total_groups_6,6 total groups,full_route,HQ + B+C+D+E+F,F_rubric_score,restlessness_score,0.0,48,48
competition,hq_plus_b_c_d_e_f,HQ + B+C+D+E+F,total_groups_6,6 total groups,full_route,HQ + B+C+D+E+F,F_rubric_score,sacrifice_x_serial,0.0,48,48
competition,hq_plus_b_c_d_e_f,HQ + B+C+D+E+F,total_groups_6,6 total groups,full_route,HQ + B+C+D+E+F,F_rubric_score,seniority_is_monotone,0.0,48,48
competition,hq_plus_b_c_d_e_f,HQ + B+C+D+E+F,total_groups_6,6 total groups,full_route,HQ + B+C+D+E+F,F_rubric_score,stem_flag,0.0,48,48
competition,hq_plus_b_c_d_e_f,HQ + B+C+D+E+F,total_groups_6,6 total groups,full_route,HQ + B+C+D+E+F,F_rubric_score,total_inferred_experience,0.0,48,48
competition,hq_plus_b_c_d_e_f,HQ + B+C+D+E+F,total_groups_6,6 total groups,full_route,HQ + B+C+D+E+F,F_rubric_score,years_in_large_company,0.0,48,48
competition,hq_plus_b_c_d_e_f,HQ + B+C+D+E+F,total_groups_6,6 total groups,full_route,HQ + B+C+D+E+F,F_scrappiness,F_trajectory_strength,1.0,48,48
competition,hq_plus_b_c_d_e_f,HQ + B+C+D+E+F,total_groups_6,6 total groups,full_route,HQ + B+C+D+E+F,F_scrappiness,best_degree_prestige,0.0,48,48
competition,hq_plus_b_c_d_e_f,HQ + B+C+D+E+F,total_groups_6,6 total groups,full_route,HQ + B+C+D+E+F,F_scrappiness,comfort_index,0.0,48,48
competition,hq_plus_b_c_d_e_f,HQ + B+C+D+E+F,total_groups_6,6 total groups,full_route,HQ + B+C+D+E+F,F_scrappiness,company_size_is_growing,0.0,48,48
competition,hq_plus_b_c_d_e_f,HQ + B+C+D+E+F,total_groups_6,6 total groups,full_route,HQ + B+C+D+E+F,F_scrappiness,degree_level,0.0,48,48
competition,hq_plus_b_c_d_e_f,HQ + B+C+D+E+F,total_groups_6,6 total groups,full_route,HQ + B+C+D+E+F,F_scrappiness,edu_prestige_tier,0.0,48,48
competition,hq_plus_b_c_d_e_f,HQ + B+C+D+E+F,total_groups_6,6 total groups,full_route,HQ + B+C+D+E+F,F_scrappiness,exit_count,0.0,48,48
competition,hq_plus_b_c_d_e_f,HQ + B+C+D+E+F,total_groups_6,6 total groups,full_route,HQ + B+C+D+E+F,F_scrappiness,exit_x_serial,0.0,48,48
competition,hq_plus_b_c_d_e_f,HQ + B+C+D+E+F,total_groups_6,6 total groups,full_route,HQ + B+C+D+E+F,F_scrappiness,field_relevance_score,0.0,48,48
competition,hq_plus_b_c_d_e_f,HQ + B+C+D+E+F,total_groups_6,6 total groups,full_route,HQ + B+C+D+E+F,F_scrappiness,founding_role_count,0.0,48,48
competition,hq_plus_b_c_d_e_f,HQ + B+C+D+E+F,total_groups_6,6 total groups,full_route,HQ + B+C+D+E+F,F_scrappiness,founding_timing,0.0,48,48
competition,hq_plus_b_c_d_e_f,HQ + B+C+D+E+F,total_groups_6,6 total groups,full_route,HQ + B+C+D+E+F,F_scrappiness,has_prior_acquisition,0.0,48,48
competition,hq_plus_b_c_d_e_f,HQ + B+C+D+E+F,total_groups_6,6 total groups,full_route,HQ + B+C+D+E+F,F_scrappiness,has_prior_ipo,0.0,48,48
competition,hq_plus_b_c_d_e_f,HQ + B+C+D+E+F,total_groups_6,6 total groups,full_route,HQ + B+C+D+E+F,F_scrappiness,industry_alignment,0.0,48,48
competition,hq_plus_b_c_d_e_f,HQ + B+C+D+E+F,total_groups_6,6 total groups,full_route,HQ + B+C+D+E+F,F_scrappiness,industry_pivot_count,0.0,48,48
competition,hq_plus_b_c_d_e_f,HQ + B+C+D+E+F,total_groups_6,6 total groups,full_route,HQ + B+C+D+E+F,F_scrappiness,industry_prestige_penalty,0.0,48,48
competition,hq_plus_b_c_d_e_f,HQ + B+C+D+E+F,total_groups_6,6 total groups,full_route,HQ + B+C+D+E+F,F_scrappiness,is_serial_founder,0.0,48,48
competition,hq_plus_b_c_d_e_f,HQ + B+C+D+E+F,total_groups_6,6 total groups,full_route,HQ + B+C+D+E+F,F_scrappiness,longest_founding_tenure,0.0,48,48
competition,hq_plus_b_c_d_e_f,HQ + B+C+D+E+F,total_groups_6,6 total groups,full_route,HQ + B+C+D+E+F,F_scrappiness,max_company_size_before_founding,0.0,48,48
competition,hq_plus_b_c_d_e_f,HQ + B+C+D+E+F,total_groups_6,6 total groups,full_route,HQ + B+C+D+E+F,F_scrappiness,max_seniority_reached,0.0,48,48
competition,hq_plus_b_c_d_e_f,HQ + B+C+D+E+F,total_groups_6,6 total groups,full_route,HQ + B+C+D+E+F,F_scrappiness,persistence_score,0.0,48,48
competition,hq_plus_b_c_d_e_f,HQ + B+C+D+E+F,total_groups_6,6 total groups,full_route,HQ + B+C+D+E+F,F_scrappiness,prestige_sacrifice_score,0.0,48,48
competition,hq_plus_b_c_d_e_f,HQ + B+C+D+E+F,total_groups_6,6 total groups,full_route,HQ + B+C+D+E+F,F_scrappiness,prestige_x_relevance,0.0,48,48
competition,hq_plus_b_c_d_e_f,HQ + B+C+D+E+F,total_groups_6,6 total groups,full_route,HQ + B+C+D+E+F,F_scrappiness,repeat_founding_gap,0.0,48,48
competition,hq_plus_b_c_d_e_f,HQ + B+C+D+E+F,total_groups_6,6 total groups,full_route,HQ + B+C+D+E+F,F_scrappiness,restlessness_score,0.0,48,48
competition,hq_plus_b_c_d_e_f,HQ + B+C+D+E+F,total_groups_6,6 total groups,full_route,HQ + B+C+D+E+F,F_scrappiness,sacrifice_x_serial,0.0,48,48
competition,hq_plus_b_c_d_e_f,HQ + B+C+D+E+F,total_groups_6,6 total groups,full_route,HQ + B+C+D+E+F,F_scrappiness,seniority_is_monotone,0.0,48,48
competition,hq_plus_b_c_d_e_f,HQ + B+C+D+E+F,total_groups_6,6 total groups,full_route,HQ + B+C+D+E+F,F_scrappiness,stem_flag,0.0,48,48
competition,hq_plus_b_c_d_e_f,HQ + B+C+D+E+F,total_groups_6,6 total groups,full_route,HQ + B+C+D+E+F,F_scrappiness,total_inferred_experience,0.0,48,48
competition,hq_plus_b_c_d_e_f,HQ + B+C+D+E+F,total_groups_6,6 total groups,full_route,HQ + B+C+D+E+F,F_scrappiness,years_in_large_company,0.0,48,48
competition,hq_plus_b_c_d_e_f,HQ + B+C+D+E+F,total_groups_6,6 total groups,full_route,HQ + B+C+D+E+F,F_trajectory_strength,best_degree_prestige,0.0,48,48
competition,hq_plus_b_c_d_e_f,HQ + B+C+D+E+F,total_groups_6,6 total groups,full_route,HQ + B+C+D+E+F,F_trajectory_strength,comfort_index,0.0,48,48
competition,hq_plus_b_c_d_e_f,HQ + B+C+D+E+F,total_groups_6,6 total groups,full_route,HQ + B+C+D+E+F,F_trajectory_strength,company_size_is_growing,0.0,48,48
competition,hq_plus_b_c_d_e_f,HQ + B+C+D+E+F,total_groups_6,6 total groups,full_route,HQ + B+C+D+E+F,F_trajectory_strength,degree_level,0.0,48,48
competition,hq_plus_b_c_d_e_f,HQ + B+C+D+E+F,total_groups_6,6 total groups,full_route,HQ + B+C+D+E+F,F_trajectory_strength,edu_prestige_tier,0.0,48,48
competition,hq_plus_b_c_d_e_f,HQ + B+C+D+E+F,total_groups_6,6 total groups,full_route,HQ + B+C+D+E+F,F_trajectory_strength,exit_count,0.0,48,48
competition,hq_plus_b_c_d_e_f,HQ + B+C+D+E+F,total_groups_6,6 total groups,full_route,HQ + B+C+D+E+F,F_trajectory_strength,exit_x_serial,0.0,48,48
competition,hq_plus_b_c_d_e_f,HQ + B+C+D+E+F,total_groups_6,6 total groups,full_route,HQ + B+C+D+E+F,F_trajectory_strength,field_relevance_score,0.0,48,48
competition,hq_plus_b_c_d_e_f,HQ + B+C+D+E+F,total_groups_6,6 total groups,full_route,HQ + B+C+D+E+F,F_trajectory_strength,founding_role_count,0.0,48,48
competition,hq_plus_b_c_d_e_f,HQ + B+C+D+E+F,total_groups_6,6 total groups,full_route,HQ + B+C+D+E+F,F_trajectory_strength,founding_timing,0.0,48,48
competition,hq_plus_b_c_d_e_f,HQ + B+C+D+E+F,total_groups_6,6 total groups,full_route,HQ + B+C+D+E+F,F_trajectory_strength,has_prior_acquisition,0.0,48,48
competition,hq_plus_b_c_d_e_f,HQ + B+C+D+E+F,total_groups_6,6 total groups,full_route,HQ + B+C+D+E+F,F_trajectory_strength,has_prior_ipo,0.0,48,48
competition,hq_plus_b_c_d_e_f,HQ + B+C+D+E+F,total_groups_6,6 total groups,full_route,HQ + B+C+D+E+F,F_trajectory_strength,industry_alignment,0.0,48,48
competition,hq_plus_b_c_d_e_f,HQ + B+C+D+E+F,total_groups_6,6 total groups,full_route,HQ + B+C+D+E+F,F_trajectory_strength,industry_pivot_count,0.0,48,48
competition,hq_plus_b_c_d_e_f,HQ + B+C+D+E+F,total_groups_6,6 total groups,full_route,HQ + B+C+D+E+F,F_trajectory_strength,industry_prestige_penalty,0.0,48,48
competition,hq_plus_b_c_d_e_f,HQ + B+C+D+E+F,total_groups_6,6 total groups,full_route,HQ + B+C+D+E+F,F_trajectory_strength,is_serial_founder,0.0,48,48
competition,hq_plus_b_c_d_e_f,HQ + B+C+D+E+F,total_groups_6,6 total groups,full_route,HQ + B+C+D+E+F,F_trajectory_strength,longest_founding_tenure,0.0,48,48
competition,hq_plus_b_c_d_e_f,HQ + B+C+D+E+F,total_groups_6,6 total groups,full_route,HQ + B+C+D+E+F,F_trajectory_strength,max_company_size_before_founding,0.0,48,48
competition,hq_plus_b_c_d_e_f,HQ + B+C+D+E+F,total_groups_6,6 total groups,full_route,HQ + B+C+D+E+F,F_trajectory_strength,max_seniority_reached,0.0,48,48
competition,hq_plus_b_c_d_e_f,HQ + B+C+D+E+F,total_groups_6,6 total groups,full_route,HQ + B+C+D+E+F,F_trajectory_strength,persistence_score,0.0,48,48
competition,hq_plus_b_c_d_e_f,HQ + B+C+D+E+F,total_groups_6,6 total groups,full_route,HQ + B+C+D+E+F,F_trajectory_strength,prestige_sacrifice_score,0.0,48,48
competition,hq_plus_b_c_d_e_f,HQ + B+C+D+E+F,total_groups_6,6 total groups,full_route,HQ + B+C+D+E+F,F_trajectory_strength,prestige_x_relevance,0.0,48,48
competition,hq_plus_b_c_d_e_f,HQ + B+C+D+E+F,total_groups_6,6 total groups,full_route,HQ + B+C+D+E+F,F_trajectory_strength,repeat_founding_gap,0.0,48,48
competition,hq_plus_b_c_d_e_f,HQ + B+C+D+E+F,total_groups_6,6 total groups,full_route,HQ + B+C+D+E+F,F_trajectory_strength,restlessness_score,0.0,48,48
competition,hq_plus_b_c_d_e_f,HQ + B+C+D+E+F,total_groups_6,6 total groups,full_route,HQ + B+C+D+E+F,F_trajectory_strength,sacrifice_x_serial,0.0,48,48
competition,hq_plus_b_c_d_e_f,HQ + B+C+D+E+F,total_groups_6,6 total groups,full_route,HQ + B+C+D+E+F,F_trajectory_strength,seniority_is_monotone,0.0,48,48
competition,hq_plus_b_c_d_e_f,HQ + B+C+D+E+F,total_groups_6,6 total groups,full_route,HQ + B+C+D+E+F,F_trajectory_strength,stem_flag,0.0,48,48
competition,hq_plus_b_c_d_e_f,HQ + B+C+D+E+F,total_groups_6,6 total groups,full_route,HQ + B+C+D+E+F,F_trajectory_strength,total_inferred_experience,0.0,48,48
competition,hq_plus_b_c_d_e_f,HQ + B+C+D+E+F,total_groups_6,6 total groups,full_route,HQ + B+C+D+E+F,F_trajectory_strength,years_in_large_company,0.0,48,48
competition,hq_plus_b_c_d_e_f,HQ + B+C+D+E+F,total_groups_6,6 total groups,full_route,HQ + B+C+D+E+F,best_degree_prestige,comfort_index,0.0,48,48
competition,hq_plus_b_c_d_e_f,HQ + B+C+D+E+F,total_groups_6,6 total groups,full_route,HQ + B+C+D+E+F,best_degree_prestige,company_size_is_growing,0.0,48,48
competition,hq_plus_b_c_d_e_f,HQ + B+C+D+E+F,total_groups_6,6 total groups,full_route,HQ + B+C+D+E+F,best_degree_prestige,degree_level,1.0,48,48
competition,hq_plus_b_c_d_e_f,HQ + B+C+D+E+F,total_groups_6,6 total groups,full_route,HQ + B+C+D+E+F,best_degree_prestige,edu_prestige_tier,1.0,48,48
competition,hq_plus_b_c_d_e_f,HQ + B+C+D+E+F,total_groups_6,6 total groups,full_route,HQ + B+C+D+E+F,best_degree_prestige,exit_count,0.0,48,48
competition,hq_plus_b_c_d_e_f,HQ + B+C+D+E+F,total_groups_6,6 total groups,full_route,HQ + B+C+D+E+F,best_degree_prestige,exit_x_serial,0.0,48,48
competition,hq_plus_b_c_d_e_f,HQ + B+C+D+E+F,total_groups_6,6 total groups,full_route,HQ + B+C+D+E+F,best_degree_prestige,field_relevance_score,1.0,48,48
competition,hq_plus_b_c_d_e_f,HQ + B+C+D+E+F,total_groups_6,6 total groups,full_route,HQ + B+C+D+E+F,best_degree_prestige,founding_role_count,0.0,48,48
competition,hq_plus_b_c_d_e_f,HQ + B+C+D+E+F,total_groups_6,6 total groups,full_route,HQ + B+C+D+E+F,best_degree_prestige,founding_timing,0.0,48,48
competition,hq_plus_b_c_d_e_f,HQ + B+C+D+E+F,total_groups_6,6 total groups,full_route,HQ + B+C+D+E+F,best_degree_prestige,has_prior_acquisition,0.0,48,48
competition,hq_plus_b_c_d_e_f,HQ + B+C+D+E+F,total_groups_6,6 total groups,full_route,HQ + B+C+D+E+F,best_degree_prestige,has_prior_ipo,0.0,48,48
competition,hq_plus_b_c_d_e_f,HQ + B+C+D+E+F,total_groups_6,6 total groups,full_route,HQ + B+C+D+E+F,best_degree_prestige,industry_alignment,0.0,48,48
competition,hq_plus_b_c_d_e_f,HQ + B+C+D+E+F,total_groups_6,6 total groups,full_route,HQ + B+C+D+E+F,best_degree_prestige,industry_pivot_count,0.0,48,48
competition,hq_plus_b_c_d_e_f,HQ + B+C+D+E+F,total_groups_6,6 total groups,full_route,HQ + B+C+D+E+F,best_degree_prestige,industry_prestige_penalty,1.0,48,48
competition,hq_plus_b_c_d_e_f,HQ + B+C+D+E+F,total_groups_6,6 total groups,full_route,HQ + B+C+D+E+F,best_degree_prestige,is_serial_founder,0.0,48,48
competition,hq_plus_b_c_d_e_f,HQ + B+C+D+E+F,total_groups_6,6 total groups,full_route,HQ + B+C+D+E+F,best_degree_prestige,longest_founding_tenure,0.0,48,48
competition,hq_plus_b_c_d_e_f,HQ + B+C+D+E+F,total_groups_6,6 total groups,full_route,HQ + B+C+D+E+F,best_degree_prestige,max_company_size_before_founding,0.0,48,48
competition,hq_plus_b_c_d_e_f,HQ + B+C+D+E+F,total_groups_6,6 total groups,full_route,HQ + B+C+D+E+F,best_degree_prestige,max_seniority_reached,0.0,48,48
competition,hq_plus_b_c_d_e_f,HQ + B+C+D+E+F,total_groups_6,6 total groups,full_route,HQ + B+C+D+E+F,best_degree_prestige,persistence_score,0.0,48,48
competition,hq_plus_b_c_d_e_f,HQ + B+C+D+E+F,total_groups_6,6 total groups,full_route,HQ + B+C+D+E+F,best_degree_prestige,prestige_sacrifice_score,0.0,48,48
competition,hq_plus_b_c_d_e_f,HQ + B+C+D+E+F,total_groups_6,6 total groups,full_route,HQ + B+C+D+E+F,best_degree_prestige,prestige_x_relevance,1.0,48,48
competition,hq_plus_b_c_d_e_f,HQ + B+C+D+E+F,total_groups_6,6 total groups,full_route,HQ + B+C+D+E+F,best_degree_prestige,repeat_founding_gap,0.0,48,48
competition,hq_plus_b_c_d_e_f,HQ + B+C+D+E+F,total_groups_6,6 total groups,full_route,HQ + B+C+D+E+F,best_degree_prestige,restlessness_score,0.0,48,48
competition,hq_plus_b_c_d_e_f,HQ + B+C+D+E+F,total_groups_6,6 total groups,full_route,HQ + B+C+D+E+F,best_degree_prestige,sacrifice_x_serial,0.0,48,48
competition,hq_plus_b_c_d_e_f,HQ + B+C+D+E+F,total_groups_6,6 total groups,full_route,HQ + B+C+D+E+F,best_degree_prestige,seniority_is_monotone,0.0,48,48
competition,hq_plus_b_c_d_e_f,HQ + B+C+D+E+F,total_groups_6,6 total groups,full_route,HQ + B+C+D+E+F,best_degree_prestige,stem_flag,1.0,48,48
competition,hq_plus_b_c_d_e_f,HQ + B+C+D+E+F,total_groups_6,6 total groups,full_route,HQ + B+C+D+E+F,best_degree_prestige,total_inferred_experience,0.0,48,48
competition,hq_plus_b_c_d_e_f,HQ + B+C+D+E+F,total_groups_6,6 total groups,full_route,HQ + B+C+D+E+F,best_degree_prestige,years_in_large_company,0.0,48,48
competition,hq_plus_b_c_d_e_f,HQ + B+C+D+E+F,total_groups_6,6 total groups,full_route,HQ + B+C+D+E+F,comfort_index,company_size_is_growing,0.0,48,48
competition,hq_plus_b_c_d_e_f,HQ + B+C+D+E+F,total_groups_6,6 total groups,full_route,HQ + B+C+D+E+F,comfort_index,degree_level,0.0,48,48
competition,hq_plus_b_c_d_e_f,HQ + B+C+D+E+F,total_groups_6,6 total groups,full_route,HQ + B+C+D+E+F,comfort_index,edu_prestige_tier,0.0,48,48
competition,hq_plus_b_c_d_e_f,HQ + B+C+D+E+F,total_groups_6,6 total groups,full_route,HQ + B+C+D+E+F,comfort_index,exit_count,0.0,48,48
competition,hq_plus_b_c_d_e_f,HQ + B+C+D+E+F,total_groups_6,6 total groups,full_route,HQ + B+C+D+E+F,comfort_index,exit_x_serial,0.0,48,48
competition,hq_plus_b_c_d_e_f,HQ + B+C+D+E+F,total_groups_6,6 total groups,full_route,HQ + B+C+D+E+F,comfort_index,field_relevance_score,0.0,48,48
competition,hq_plus_b_c_d_e_f,HQ + B+C+D+E+F,total_groups_6,6 total groups,full_route,HQ + B+C+D+E+F,comfort_index,founding_role_count,0.0,48,48
competition,hq_plus_b_c_d_e_f,HQ + B+C+D+E+F,total_groups_6,6 total groups,full_route,HQ + B+C+D+E+F,comfort_index,founding_timing,0.0,48,48
competition,hq_plus_b_c_d_e_f,HQ + B+C+D+E+F,total_groups_6,6 total groups,full_route,HQ + B+C+D+E+F,comfort_index,has_prior_acquisition,0.0,48,48
competition,hq_plus_b_c_d_e_f,HQ + B+C+D+E+F,total_groups_6,6 total groups,full_route,HQ + B+C+D+E+F,comfort_index,has_prior_ipo,0.0,48,48
competition,hq_plus_b_c_d_e_f,HQ + B+C+D+E+F,total_groups_6,6 total groups,full_route,HQ + B+C+D+E+F,comfort_index,industry_alignment,0.0,48,48
competition,hq_plus_b_c_d_e_f,HQ + B+C+D+E+F,total_groups_6,6 total groups,full_route,HQ + B+C+D+E+F,comfort_index,industry_pivot_count,0.0,48,48
competition,hq_plus_b_c_d_e_f,HQ + B+C+D+E+F,total_groups_6,6 total groups,full_route,HQ + B+C+D+E+F,comfort_index,industry_prestige_penalty,0.0,48,48
competition,hq_plus_b_c_d_e_f,HQ + B+C+D+E+F,total_groups_6,6 total groups,full_route,HQ + B+C+D+E+F,comfort_index,is_serial_founder,0.0,48,48
competition,hq_plus_b_c_d_e_f,HQ + B+C+D+E+F,total_groups_6,6 total groups,full_route,HQ + B+C+D+E+F,comfort_index,longest_founding_tenure,0.0,48,48
competition,hq_plus_b_c_d_e_f,HQ + B+C+D+E+F,total_groups_6,6 total groups,full_route,HQ + B+C+D+E+F,comfort_index,max_company_size_before_founding,0.0,48,48
competition,hq_plus_b_c_d_e_f,HQ + B+C+D+E+F,total_groups_6,6 total groups,full_route,HQ + B+C+D+E+F,comfort_index,max_seniority_reached,0.0,48,48
competition,hq_plus_b_c_d_e_f,HQ + B+C+D+E+F,total_groups_6,6 total groups,full_route,HQ + B+C+D+E+F,comfort_index,persistence_score,0.0,48,48
competition,hq_plus_b_c_d_e_f,HQ + B+C+D+E+F,total_groups_6,6 total groups,full_route,HQ + B+C+D+E+F,comfort_index,prestige_sacrifice_score,0.0,48,48
competition,hq_plus_b_c_d_e_f,HQ + B+C+D+E+F,total_groups_6,6 total groups,full_route,HQ + B+C+D+E+F,comfort_index,prestige_x_relevance,0.0,48,48
competition,hq_plus_b_c_d_e_f,HQ + B+C+D+E+F,total_groups_6,6 total groups,full_route,HQ + B+C+D+E+F,comfort_index,repeat_founding_gap,0.0,48,48
competition,hq_plus_b_c_d_e_f,HQ + B+C+D+E+F,total_groups_6,6 total groups,full_route,HQ + B+C+D+E+F,comfort_index,restlessness_score,0.0,48,48
competition,hq_plus_b_c_d_e_f,HQ + B+C+D+E+F,total_groups_6,6 total groups,full_route,HQ + B+C+D+E+F,comfort_index,sacrifice_x_serial,0.0,48,48
competition,hq_plus_b_c_d_e_f,HQ + B+C+D+E+F,total_groups_6,6 total groups,full_route,HQ + B+C+D+E+F,comfort_index,seniority_is_monotone,0.0,48,48
competition,hq_plus_b_c_d_e_f,HQ + B+C+D+E+F,total_groups_6,6 total groups,full_route,HQ + B+C+D+E+F,comfort_index,stem_flag,0.0,48,48
competition,hq_plus_b_c_d_e_f,HQ + B+C+D+E+F,total_groups_6,6 total groups,full_route,HQ + B+C+D+E+F,comfort_index,total_inferred_experience,0.0,48,48
competition,hq_plus_b_c_d_e_f,HQ + B+C+D+E+F,total_groups_6,6 total groups,full_route,HQ + B+C+D+E+F,comfort_index,years_in_large_company,0.0,48,48
competition,hq_plus_b_c_d_e_f,HQ + B+C+D+E+F,total_groups_6,6 total groups,full_route,HQ + B+C+D+E+F,company_size_is_growing,degree_level,0.0,48,48
competition,hq_plus_b_c_d_e_f,HQ + B+C+D+E+F,total_groups_6,6 total groups,full_route,HQ + B+C+D+E+F,company_size_is_growing,edu_prestige_tier,0.0,48,48
competition,hq_plus_b_c_d_e_f,HQ + B+C+D+E+F,total_groups_6,6 total groups,full_route,HQ + B+C+D+E+F,company_size_is_growing,exit_count,0.0,48,48
competition,hq_plus_b_c_d_e_f,HQ + B+C+D+E+F,total_groups_6,6 total groups,full_route,HQ + B+C+D+E+F,company_size_is_growing,exit_x_serial,0.0,48,48
competition,hq_plus_b_c_d_e_f,HQ + B+C+D+E+F,total_groups_6,6 total groups,full_route,HQ + B+C+D+E+F,company_size_is_growing,field_relevance_score,0.0,48,48
competition,hq_plus_b_c_d_e_f,HQ + B+C+D+E+F,total_groups_6,6 total groups,full_route,HQ + B+C+D+E+F,company_size_is_growing,founding_role_count,1.0,48,48
competition,hq_plus_b_c_d_e_f,HQ + B+C+D+E+F,total_groups_6,6 total groups,full_route,HQ + B+C+D+E+F,company_size_is_growing,founding_timing,1.0,48,48
competition,hq_plus_b_c_d_e_f,HQ + B+C+D+E+F,total_groups_6,6 total groups,full_route,HQ + B+C+D+E+F,company_size_is_growing,has_prior_acquisition,0.0,48,48
competition,hq_plus_b_c_d_e_f,HQ + B+C+D+E+F,total_groups_6,6 total groups,full_route,HQ + B+C+D+E+F,company_size_is_growing,has_prior_ipo,0.0,48,48
competition,hq_plus_b_c_d_e_f,HQ + B+C+D+E+F,total_groups_6,6 total groups,full_route,HQ + B+C+D+E+F,company_size_is_growing,industry_alignment,1.0,48,48
competition,hq_plus_b_c_d_e_f,HQ + B+C+D+E+F,total_groups_6,6 total groups,full_route,HQ + B+C+D+E+F,company_size_is_growing,industry_pivot_count,1.0,48,48
competition,hq_plus_b_c_d_e_f,HQ + B+C+D+E+F,total_groups_6,6 total groups,full_route,HQ + B+C+D+E+F,company_size_is_growing,industry_prestige_penalty,0.0,48,48
competition,hq_plus_b_c_d_e_f,HQ + B+C+D+E+F,total_groups_6,6 total groups,full_route,HQ + B+C+D+E+F,company_size_is_growing,is_serial_founder,1.0,48,48
competition,hq_plus_b_c_d_e_f,HQ + B+C+D+E+F,total_groups_6,6 total groups,full_route,HQ + B+C+D+E+F,company_size_is_growing,longest_founding_tenure,1.0,48,48
competition,hq_plus_b_c_d_e_f,HQ + B+C+D+E+F,total_groups_6,6 total groups,full_route,HQ + B+C+D+E+F,company_size_is_growing,max_company_size_before_founding,1.0,48,48
competition,hq_plus_b_c_d_e_f,HQ + B+C+D+E+F,total_groups_6,6 total groups,full_route,HQ + B+C+D+E+F,company_size_is_growing,max_seniority_reached,1.0,48,48
competition,hq_plus_b_c_d_e_f,HQ + B+C+D+E+F,total_groups_6,6 total groups,full_route,HQ + B+C+D+E+F,company_size_is_growing,persistence_score,1.0,48,48
competition,hq_plus_b_c_d_e_f,HQ + B+C+D+E+F,total_groups_6,6 total groups,full_route,HQ + B+C+D+E+F,company_size_is_growing,prestige_sacrifice_score,1.0,48,48
competition,hq_plus_b_c_d_e_f,HQ + B+C+D+E+F,total_groups_6,6 total groups,full_route,HQ + B+C+D+E+F,company_size_is_growing,prestige_x_relevance,0.0,48,48
competition,hq_plus_b_c_d_e_f,HQ + B+C+D+E+F,total_groups_6,6 total groups,full_route,HQ + B+C+D+E+F,company_size_is_growing,repeat_founding_gap,0.0,48,48
competition,hq_plus_b_c_d_e_f,HQ + B+C+D+E+F,total_groups_6,6 total groups,full_route,HQ + B+C+D+E+F,company_size_is_growing,restlessness_score,1.0,48,48
competition,hq_plus_b_c_d_e_f,HQ + B+C+D+E+F,total_groups_6,6 total groups,full_route,HQ + B+C+D+E+F,company_size_is_growing,sacrifice_x_serial,1.0,48,48
competition,hq_plus_b_c_d_e_f,HQ + B+C+D+E+F,total_groups_6,6 total groups,full_route,HQ + B+C+D+E+F,company_size_is_growing,seniority_is_monotone,1.0,48,48
competition,hq_plus_b_c_d_e_f,HQ + B+C+D+E+F,total_groups_6,6 total groups,full_route,HQ + B+C+D+E+F,company_size_is_growing,stem_flag,0.0,48,48
competition,hq_plus_b_c_d_e_f,HQ + B+C+D+E+F,total_groups_6,6 total groups,full_route,HQ + B+C+D+E+F,company_size_is_growing,total_inferred_experience,1.0,48,48
competition,hq_plus_b_c_d_e_f,HQ + B+C+D+E+F,total_groups_6,6 total groups,full_route,HQ + B+C+D+E+F,company_size_is_growing,years_in_large_company,1.0,48,48
competition,hq_plus_b_c_d_e_f,HQ + B+C+D+E+F,total_groups_6,6 total groups,full_route,HQ + B+C+D+E+F,degree_level,edu_prestige_tier,1.0,48,48
competition,hq_plus_b_c_d_e_f,HQ + B+C+D+E+F,total_groups_6,6 total groups,full_route,HQ + B+C+D+E+F,degree_level,exit_count,0.0,48,48
competition,hq_plus_b_c_d_e_f,HQ + B+C+D+E+F,total_groups_6,6 total groups,full_route,HQ + B+C+D+E+F,degree_level,exit_x_serial,0.0,48,48
competition,hq_plus_b_c_d_e_f,HQ + B+C+D+E+F,total_groups_6,6 total groups,full_route,HQ + B+C+D+E+F,degree_level,field_relevance_score,1.0,48,48
competition,hq_plus_b_c_d_e_f,HQ + B+C+D+E+F,total_groups_6,6 total groups,full_route,HQ + B+C+D+E+F,degree_level,founding_role_count,0.0,48,48
competition,hq_plus_b_c_d_e_f,HQ + B+C+D+E+F,total_groups_6,6 total groups,full_route,HQ + B+C+D+E+F,degree_level,founding_timing,0.0,48,48
competition,hq_plus_b_c_d_e_f,HQ + B+C+D+E+F,total_groups_6,6 total groups,full_route,HQ + B+C+D+E+F,degree_level,has_prior_acquisition,0.0,48,48
competition,hq_plus_b_c_d_e_f,HQ + B+C+D+E+F,total_groups_6,6 total groups,full_route,HQ + B+C+D+E+F,degree_level,has_prior_ipo,0.0,48,48
competition,hq_plus_b_c_d_e_f,HQ + B+C+D+E+F,total_groups_6,6 total groups,full_route,HQ + B+C+D+E+F,degree_level,industry_alignment,0.0,48,48
competition,hq_plus_b_c_d_e_f,HQ + B+C+D+E+F,total_groups_6,6 total groups,full_route,HQ + B+C+D+E+F,degree_level,industry_pivot_count,0.0,48,48
competition,hq_plus_b_c_d_e_f,HQ + B+C+D+E+F,total_groups_6,6 total groups,full_route,HQ + B+C+D+E+F,degree_level,industry_prestige_penalty,1.0,48,48
competition,hq_plus_b_c_d_e_f,HQ + B+C+D+E+F,total_groups_6,6 total groups,full_route,HQ + B+C+D+E+F,degree_level,is_serial_founder,0.0,48,48
competition,hq_plus_b_c_d_e_f,HQ + B+C+D+E+F,total_groups_6,6 total groups,full_route,HQ + B+C+D+E+F,degree_level,longest_founding_tenure,0.0,48,48
competition,hq_plus_b_c_d_e_f,HQ + B+C+D+E+F,total_groups_6,6 total groups,full_route,HQ + B+C+D+E+F,degree_level,max_company_size_before_founding,0.0,48,48
competition,hq_plus_b_c_d_e_f,HQ + B+C+D+E+F,total_groups_6,6 total groups,full_route,HQ + B+C+D+E+F,degree_level,max_seniority_reached,0.0,48,48
competition,hq_plus_b_c_d_e_f,HQ + B+C+D+E+F,total_groups_6,6 total groups,full_route,HQ + B+C+D+E+F,degree_level,persistence_score,0.0,48,48
competition,hq_plus_b_c_d_e_f,HQ + B+C+D+E+F,total_groups_6,6 total groups,full_route,HQ + B+C+D+E+F,degree_level,prestige_sacrifice_score,0.0,48,48
competition,hq_plus_b_c_d_e_f,HQ + B+C+D+E+F,total_groups_6,6 total groups,full_route,HQ + B+C+D+E+F,degree_level,prestige_x_relevance,1.0,48,48
competition,hq_plus_b_c_d_e_f,HQ + B+C+D+E+F,total_groups_6,6 total groups,full_route,HQ + B+C+D+E+F,degree_level,repeat_founding_gap,0.0,48,48
competition,hq_plus_b_c_d_e_f,HQ + B+C+D+E+F,total_groups_6,6 total groups,full_route,HQ + B+C+D+E+F,degree_level,restlessness_score,0.0,48,48
competition,hq_plus_b_c_d_e_f,HQ + B+C+D+E+F,total_groups_6,6 total groups,full_route,HQ + B+C+D+E+F,degree_level,sacrifice_x_serial,0.0,48,48
competition,hq_plus_b_c_d_e_f,HQ + B+C+D+E+F,total_groups_6,6 total groups,full_route,HQ + B+C+D+E+F,degree_level,seniority_is_monotone,0.0,48,48
competition,hq_plus_b_c_d_e_f,HQ + B+C+D+E+F,total_groups_6,6 total groups,full_route,HQ + B+C+D+E+F,degree_level,stem_flag,1.0,48,48
competition,hq_plus_b_c_d_e_f,HQ + B+C+D+E+F,total_groups_6,6 total groups,full_route,HQ + B+C+D+E+F,degree_level,total_inferred_experience,0.0,48,48
competition,hq_plus_b_c_d_e_f,HQ + B+C+D+E+F,total_groups_6,6 total groups,full_route,HQ + B+C+D+E+F,degree_level,years_in_large_company,0.0,48,48
competition,hq_plus_b_c_d_e_f,HQ + B+C+D+E+F,total_groups_6,6 total groups,full_route,HQ + B+C+D+E+F,edu_prestige_tier,exit_count,0.0,48,48
competition,hq_plus_b_c_d_e_f,HQ + B+C+D+E+F,total_groups_6,6 total groups,full_route,HQ + B+C+D+E+F,edu_prestige_tier,exit_x_serial,0.0,48,48
competition,hq_plus_b_c_d_e_f,HQ + B+C+D+E+F,total_groups_6,6 total groups,full_route,HQ + B+C+D+E+F,edu_prestige_tier,field_relevance_score,1.0,48,48
competition,hq_plus_b_c_d_e_f,HQ + B+C+D+E+F,total_groups_6,6 total groups,full_route,HQ + B+C+D+E+F,edu_prestige_tier,founding_role_count,0.0,48,48
competition,hq_plus_b_c_d_e_f,HQ + B+C+D+E+F,total_groups_6,6 total groups,full_route,HQ + B+C+D+E+F,edu_prestige_tier,founding_timing,0.0,48,48
competition,hq_plus_b_c_d_e_f,HQ + B+C+D+E+F,total_groups_6,6 total groups,full_route,HQ + B+C+D+E+F,edu_prestige_tier,has_prior_acquisition,0.0,48,48
competition,hq_plus_b_c_d_e_f,HQ + B+C+D+E+F,total_groups_6,6 total groups,full_route,HQ + B+C+D+E+F,edu_prestige_tier,has_prior_ipo,0.0,48,48
competition,hq_plus_b_c_d_e_f,HQ + B+C+D+E+F,total_groups_6,6 total groups,full_route,HQ + B+C+D+E+F,edu_prestige_tier,industry_alignment,0.0,48,48
competition,hq_plus_b_c_d_e_f,HQ + B+C+D+E+F,total_groups_6,6 total groups,full_route,HQ + B+C+D+E+F,edu_prestige_tier,industry_pivot_count,0.0,48,48
competition,hq_plus_b_c_d_e_f,HQ + B+C+D+E+F,total_groups_6,6 total groups,full_route,HQ + B+C+D+E+F,edu_prestige_tier,industry_prestige_penalty,1.0,48,48
competition,hq_plus_b_c_d_e_f,HQ + B+C+D+E+F,total_groups_6,6 total groups,full_route,HQ + B+C+D+E+F,edu_prestige_tier,is_serial_founder,0.0,48,48
competition,hq_plus_b_c_d_e_f,HQ + B+C+D+E+F,total_groups_6,6 total groups,full_route,HQ + B+C+D+E+F,edu_prestige_tier,longest_founding_tenure,0.0,48,48
competition,hq_plus_b_c_d_e_f,HQ + B+C+D+E+F,total_groups_6,6 total groups,full_route,HQ + B+C+D+E+F,edu_prestige_tier,max_company_size_before_founding,0.0,48,48
competition,hq_plus_b_c_d_e_f,HQ + B+C+D+E+F,total_groups_6,6 total groups,full_route,HQ + B+C+D+E+F,edu_prestige_tier,max_seniority_reached,0.0,48,48
competition,hq_plus_b_c_d_e_f,HQ + B+C+D+E+F,total_groups_6,6 total groups,full_route,HQ + B+C+D+E+F,edu_prestige_tier,persistence_score,0.0,48,48
competition,hq_plus_b_c_d_e_f,HQ + B+C+D+E+F,total_groups_6,6 total groups,full_route,HQ + B+C+D+E+F,edu_prestige_tier,prestige_sacrifice_score,0.0,48,48
competition,hq_plus_b_c_d_e_f,HQ + B+C+D+E+F,total_groups_6,6 total groups,full_route,HQ + B+C+D+E+F,edu_prestige_tier,prestige_x_relevance,1.0,48,48
competition,hq_plus_b_c_d_e_f,HQ + B+C+D+E+F,total_groups_6,6 total groups,full_route,HQ + B+C+D+E+F,edu_prestige_tier,repeat_founding_gap,0.0,48,48
competition,hq_plus_b_c_d_e_f,HQ + B+C+D+E+F,total_groups_6,6 total groups,full_route,HQ + B+C+D+E+F,edu_prestige_tier,restlessness_score,0.0,48,48
competition,hq_plus_b_c_d_e_f,HQ + B+C+D+E+F,total_groups_6,6 total groups,full_route,HQ + B+C+D+E+F,edu_prestige_tier,sacrifice_x_serial,0.0,48,48
competition,hq_plus_b_c_d_e_f,HQ + B+C+D+E+F,total_groups_6,6 total groups,full_route,HQ + B+C+D+E+F,edu_prestige_tier,seniority_is_monotone,0.0,48,48
competition,hq_plus_b_c_d_e_f,HQ + B+C+D+E+F,total_groups_6,6 total groups,full_route,HQ + B+C+D+E+F,edu_prestige_tier,stem_flag,1.0,48,48
competition,hq_plus_b_c_d_e_f,HQ + B+C+D+E+F,total_groups_6,6 total groups,full_route,HQ + B+C+D+E+F,edu_prestige_tier,total_inferred_experience,0.0,48,48
competition,hq_plus_b_c_d_e_f,HQ + B+C+D+E+F,total_groups_6,6 total groups,full_route,HQ + B+C+D+E+F,edu_prestige_tier,years_in_large_company,0.0,48,48
competition,hq_plus_b_c_d_e_f,HQ + B+C+D+E+F,total_groups_6,6 total groups,full_route,HQ + B+C+D+E+F,exit_count,exit_x_serial,1.0,48,48
competition,hq_plus_b_c_d_e_f,HQ + B+C+D+E+F,total_groups_6,6 total groups,full_route,HQ + B+C+D+E+F,exit_count,field_relevance_score,0.0,48,48
competition,hq_plus_b_c_d_e_f,HQ + B+C+D+E+F,total_groups_6,6 total groups,full_route,HQ + B+C+D+E+F,exit_count,founding_role_count,0.0,48,48
competition,hq_plus_b_c_d_e_f,HQ + B+C+D+E+F,total_groups_6,6 total groups,full_route,HQ + B+C+D+E+F,exit_count,founding_timing,0.0,48,48
competition,hq_plus_b_c_d_e_f,HQ + B+C+D+E+F,total_groups_6,6 total groups,full_route,HQ + B+C+D+E+F,exit_count,has_prior_acquisition,1.0,48,48
competition,hq_plus_b_c_d_e_f,HQ + B+C+D+E+F,total_groups_6,6 total groups,full_route,HQ + B+C+D+E+F,exit_count,has_prior_ipo,1.0,48,48
competition,hq_plus_b_c_d_e_f,HQ + B+C+D+E+F,total_groups_6,6 total groups,full_route,HQ + B+C+D+E+F,exit_count,industry_alignment,0.0,48,48
competition,hq_plus_b_c_d_e_f,HQ + B+C+D+E+F,total_groups_6,6 total groups,full_route,HQ + B+C+D+E+F,exit_count,industry_pivot_count,0.0,48,48
competition,hq_plus_b_c_d_e_f,HQ + B+C+D+E+F,total_groups_6,6 total groups,full_route,HQ + B+C+D+E+F,exit_count,industry_prestige_penalty,0.0,48,48
competition,hq_plus_b_c_d_e_f,HQ + B+C+D+E+F,total_groups_6,6 total groups,full_route,HQ + B+C+D+E+F,exit_count,is_serial_founder,0.0,48,48
competition,hq_plus_b_c_d_e_f,HQ + B+C+D+E+F,total_groups_6,6 total groups,full_route,HQ + B+C+D+E+F,exit_count,longest_founding_tenure,0.0,48,48
competition,hq_plus_b_c_d_e_f,HQ + B+C+D+E+F,total_groups_6,6 total groups,full_route,HQ + B+C+D+E+F,exit_count,max_company_size_before_founding,0.0,48,48
competition,hq_plus_b_c_d_e_f,HQ + B+C+D+E+F,total_groups_6,6 total groups,full_route,HQ + B+C+D+E+F,exit_count,max_seniority_reached,0.0,48,48
competition,hq_plus_b_c_d_e_f,HQ + B+C+D+E+F,total_groups_6,6 total groups,full_route,HQ + B+C+D+E+F,exit_count,persistence_score,0.0,48,48
competition,hq_plus_b_c_d_e_f,HQ + B+C+D+E+F,total_groups_6,6 total groups,full_route,HQ + B+C+D+E+F,exit_count,prestige_sacrifice_score,0.0,48,48
competition,hq_plus_b_c_d_e_f,HQ + B+C+D+E+F,total_groups_6,6 total groups,full_route,HQ + B+C+D+E+F,exit_count,prestige_x_relevance,0.0,48,48
competition,hq_plus_b_c_d_e_f,HQ + B+C+D+E+F,total_groups_6,6 total groups,full_route,HQ + B+C+D+E+F,exit_count,repeat_founding_gap,0.0,48,48
competition,hq_plus_b_c_d_e_f,HQ + B+C+D+E+F,total_groups_6,6 total groups,full_route,HQ + B+C+D+E+F,exit_count,restlessness_score,0.0,48,48
competition,hq_plus_b_c_d_e_f,HQ + B+C+D+E+F,total_groups_6,6 total groups,full_route,HQ + B+C+D+E+F,exit_count,sacrifice_x_serial,0.0,48,48
competition,hq_plus_b_c_d_e_f,HQ + B+C+D+E+F,total_groups_6,6 total groups,full_route,HQ + B+C+D+E+F,exit_count,seniority_is_monotone,0.0,48,48
competition,hq_plus_b_c_d_e_f,HQ + B+C+D+E+F,total_groups_6,6 total groups,full_route,HQ + B+C+D+E+F,exit_count,stem_flag,0.0,48,48
competition,hq_plus_b_c_d_e_f,HQ + B+C+D+E+F,total_groups_6,6 total groups,full_route,HQ + B+C+D+E+F,exit_count,total_inferred_experience,0.0,48,48
competition,hq_plus_b_c_d_e_f,HQ + B+C+D+E+F,total_groups_6,6 total groups,full_route,HQ + B+C+D+E+F,exit_count,years_in_large_company,0.0,48,48
competition,hq_plus_b_c_d_e_f,HQ + B+C+D+E+F,total_groups_6,6 total groups,full_route,HQ + B+C+D+E+F,exit_x_serial,field_relevance_score,0.0,48,48
competition,hq_plus_b_c_d_e_f,HQ + B+C+D+E+F,total_groups_6,6 total groups,full_route,HQ + B+C+D+E+F,exit_x_serial,founding_role_count,0.0,48,48
competition,hq_plus_b_c_d_e_f,HQ + B+C+D+E+F,total_groups_6,6 total groups,full_route,HQ + B+C+D+E+F,exit_x_serial,founding_timing,0.0,48,48
competition,hq_plus_b_c_d_e_f,HQ + B+C+D+E+F,total_groups_6,6 total groups,full_route,HQ + B+C+D+E+F,exit_x_serial,has_prior_acquisition,1.0,48,48
competition,hq_plus_b_c_d_e_f,HQ + B+C+D+E+F,total_groups_6,6 total groups,full_route,HQ + B+C+D+E+F,exit_x_serial,has_prior_ipo,1.0,48,48
competition,hq_plus_b_c_d_e_f,HQ + B+C+D+E+F,total_groups_6,6 total groups,full_route,HQ + B+C+D+E+F,exit_x_serial,industry_alignment,0.0,48,48
competition,hq_plus_b_c_d_e_f,HQ + B+C+D+E+F,total_groups_6,6 total groups,full_route,HQ + B+C+D+E+F,exit_x_serial,industry_pivot_count,0.0,48,48
competition,hq_plus_b_c_d_e_f,HQ + B+C+D+E+F,total_groups_6,6 total groups,full_route,HQ + B+C+D+E+F,exit_x_serial,industry_prestige_penalty,0.0,48,48
competition,hq_plus_b_c_d_e_f,HQ + B+C+D+E+F,total_groups_6,6 total groups,full_route,HQ + B+C+D+E+F,exit_x_serial,is_serial_founder,0.0,48,48
competition,hq_plus_b_c_d_e_f,HQ + B+C+D+E+F,total_groups_6,6 total groups,full_route,HQ + B+C+D+E+F,exit_x_serial,longest_founding_tenure,0.0,48,48
competition,hq_plus_b_c_d_e_f,HQ + B+C+D+E+F,total_groups_6,6 total groups,full_route,HQ + B+C+D+E+F,exit_x_serial,max_company_size_before_founding,0.0,48,48
competition,hq_plus_b_c_d_e_f,HQ + B+C+D+E+F,total_groups_6,6 total groups,full_route,HQ + B+C+D+E+F,exit_x_serial,max_seniority_reached,0.0,48,48
competition,hq_plus_b_c_d_e_f,HQ + B+C+D+E+F,total_groups_6,6 total groups,full_route,HQ + B+C+D+E+F,exit_x_serial,persistence_score,0.0,48,48
competition,hq_plus_b_c_d_e_f,HQ + B+C+D+E+F,total_groups_6,6 total groups,full_route,HQ + B+C+D+E+F,exit_x_serial,prestige_sacrifice_score,0.0,48,48
competition,hq_plus_b_c_d_e_f,HQ + B+C+D+E+F,total_groups_6,6 total groups,full_route,HQ + B+C+D+E+F,exit_x_serial,prestige_x_relevance,0.0,48,48
competition,hq_plus_b_c_d_e_f,HQ + B+C+D+E+F,total_groups_6,6 total groups,full_route,HQ + B+C+D+E+F,exit_x_serial,repeat_founding_gap,0.0,48,48
competition,hq_plus_b_c_d_e_f,HQ + B+C+D+E+F,total_groups_6,6 total groups,full_route,HQ + B+C+D+E+F,exit_x_serial,restlessness_score,0.0,48,48
competition,hq_plus_b_c_d_e_f,HQ + B+C+D+E+F,total_groups_6,6 total groups,full_route,HQ + B+C+D+E+F,exit_x_serial,sacrifice_x_serial,0.0,48,48
competition,hq_plus_b_c_d_e_f,HQ + B+C+D+E+F,total_groups_6,6 total groups,full_route,HQ + B+C+D+E+F,exit_x_serial,seniority_is_monotone,0.0,48,48
competition,hq_plus_b_c_d_e_f,HQ + B+C+D+E+F,total_groups_6,6 total groups,full_route,HQ + B+C+D+E+F,exit_x_serial,stem_flag,0.0,48,48
competition,hq_plus_b_c_d_e_f,HQ + B+C+D+E+F,total_groups_6,6 total groups,full_route,HQ + B+C+D+E+F,exit_x_serial,total_inferred_experience,0.0,48,48
competition,hq_plus_b_c_d_e_f,HQ + B+C+D+E+F,total_groups_6,6 total groups,full_route,HQ + B+C+D+E+F,exit_x_serial,years_in_large_company,0.0,48,48
competition,hq_plus_b_c_d_e_f,HQ + B+C+D+E+F,total_groups_6,6 total groups,full_route,HQ + B+C+D+E+F,field_relevance_score,founding_role_count,0.0,48,48
competition,hq_plus_b_c_d_e_f,HQ + B+C+D+E+F,total_groups_6,6 total groups,full_route,HQ + B+C+D+E+F,field_relevance_score,founding_timing,0.0,48,48
competition,hq_plus_b_c_d_e_f,HQ + B+C+D+E+F,total_groups_6,6 total groups,full_route,HQ + B+C+D+E+F,field_relevance_score,has_prior_acquisition,0.0,48,48
competition,hq_plus_b_c_d_e_f,HQ + B+C+D+E+F,total_groups_6,6 total groups,full_route,HQ + B+C+D+E+F,field_relevance_score,has_prior_ipo,0.0,48,48
competition,hq_plus_b_c_d_e_f,HQ + B+C+D+E+F,total_groups_6,6 total groups,full_route,HQ + B+C+D+E+F,field_relevance_score,industry_alignment,0.0,48,48
competition,hq_plus_b_c_d_e_f,HQ + B+C+D+E+F,total_groups_6,6 total groups,full_route,HQ + B+C+D+E+F,field_relevance_score,industry_pivot_count,0.0,48,48
competition,hq_plus_b_c_d_e_f,HQ + B+C+D+E+F,total_groups_6,6 total groups,full_route,HQ + B+C+D+E+F,field_relevance_score,industry_prestige_penalty,1.0,48,48
competition,hq_plus_b_c_d_e_f,HQ + B+C+D+E+F,total_groups_6,6 total groups,full_route,HQ + B+C+D+E+F,field_relevance_score,is_serial_founder,0.0,48,48
competition,hq_plus_b_c_d_e_f,HQ + B+C+D+E+F,total_groups_6,6 total groups,full_route,HQ + B+C+D+E+F,field_relevance_score,longest_founding_tenure,0.0,48,48
competition,hq_plus_b_c_d_e_f,HQ + B+C+D+E+F,total_groups_6,6 total groups,full_route,HQ + B+C+D+E+F,field_relevance_score,max_company_size_before_founding,0.0,48,48
competition,hq_plus_b_c_d_e_f,HQ + B+C+D+E+F,total_groups_6,6 total groups,full_route,HQ + B+C+D+E+F,field_relevance_score,max_seniority_reached,0.0,48,48
competition,hq_plus_b_c_d_e_f,HQ + B+C+D+E+F,total_groups_6,6 total groups,full_route,HQ + B+C+D+E+F,field_relevance_score,persistence_score,0.0,48,48
competition,hq_plus_b_c_d_e_f,HQ + B+C+D+E+F,total_groups_6,6 total groups,full_route,HQ + B+C+D+E+F,field_relevance_score,prestige_sacrifice_score,0.0,48,48
competition,hq_plus_b_c_d_e_f,HQ + B+C+D+E+F,total_groups_6,6 total groups,full_route,HQ + B+C+D+E+F,field_relevance_score,prestige_x_relevance,1.0,48,48
competition,hq_plus_b_c_d_e_f,HQ + B+C+D+E+F,total_groups_6,6 total groups,full_route,HQ + B+C+D+E+F,field_relevance_score,repeat_founding_gap,0.0,48,48
competition,hq_plus_b_c_d_e_f,HQ + B+C+D+E+F,total_groups_6,6 total groups,full_route,HQ + B+C+D+E+F,field_relevance_score,restlessness_score,0.0,48,48
competition,hq_plus_b_c_d_e_f,HQ + B+C+D+E+F,total_groups_6,6 total groups,full_route,HQ + B+C+D+E+F,field_relevance_score,sacrifice_x_serial,0.0,48,48
competition,hq_plus_b_c_d_e_f,HQ + B+C+D+E+F,total_groups_6,6 total groups,full_route,HQ + B+C+D+E+F,field_relevance_score,seniority_is_monotone,0.0,48,48
competition,hq_plus_b_c_d_e_f,HQ + B+C+D+E+F,total_groups_6,6 total groups,full_route,HQ + B+C+D+E+F,field_relevance_score,stem_flag,1.0,48,48
competition,hq_plus_b_c_d_e_f,HQ + B+C+D+E+F,total_groups_6,6 total groups,full_route,HQ + B+C+D+E+F,field_relevance_score,total_inferred_experience,0.0,48,48
competition,hq_plus_b_c_d_e_f,HQ + B+C+D+E+F,total_groups_6,6 total groups,full_route,HQ + B+C+D+E+F,field_relevance_score,years_in_large_company,0.0,48,48
competition,hq_plus_b_c_d_e_f,HQ + B+C+D+E+F,total_groups_6,6 total groups,full_route,HQ + B+C+D+E+F,founding_role_count,founding_timing,1.0,48,48
competition,hq_plus_b_c_d_e_f,HQ + B+C+D+E+F,total_groups_6,6 total groups,full_route,HQ + B+C+D+E+F,founding_role_count,has_prior_acquisition,0.0,48,48
competition,hq_plus_b_c_d_e_f,HQ + B+C+D+E+F,total_groups_6,6 total groups,full_route,HQ + B+C+D+E+F,founding_role_count,has_prior_ipo,0.0,48,48
competition,hq_plus_b_c_d_e_f,HQ + B+C+D+E+F,total_groups_6,6 total groups,full_route,HQ + B+C+D+E+F,founding_role_count,industry_alignment,1.0,48,48
competition,hq_plus_b_c_d_e_f,HQ + B+C+D+E+F,total_groups_6,6 total groups,full_route,HQ + B+C+D+E+F,founding_role_count,industry_pivot_count,1.0,48,48
competition,hq_plus_b_c_d_e_f,HQ + B+C+D+E+F,total_groups_6,6 total groups,full_route,HQ + B+C+D+E+F,founding_role_count,industry_prestige_penalty,0.0,48,48
competition,hq_plus_b_c_d_e_f,HQ + B+C+D+E+F,total_groups_6,6 total groups,full_route,HQ + B+C+D+E+F,founding_role_count,is_serial_founder,1.0,48,48
competition,hq_plus_b_c_d_e_f,HQ + B+C+D+E+F,total_groups_6,6 total groups,full_route,HQ + B+C+D+E+F,founding_role_count,longest_founding_tenure,1.0,48,48
competition,hq_plus_b_c_d_e_f,HQ + B+C+D+E+F,total_groups_6,6 total groups,full_route,HQ + B+C+D+E+F,founding_role_count,max_company_size_before_founding,1.0,48,48
competition,hq_plus_b_c_d_e_f,HQ + B+C+D+E+F,total_groups_6,6 total groups,full_route,HQ + B+C+D+E+F,founding_role_count,max_seniority_reached,1.0,48,48
competition,hq_plus_b_c_d_e_f,HQ + B+C+D+E+F,total_groups_6,6 total groups,full_route,HQ + B+C+D+E+F,founding_role_count,persistence_score,1.0,48,48
competition,hq_plus_b_c_d_e_f,HQ + B+C+D+E+F,total_groups_6,6 total groups,full_route,HQ + B+C+D+E+F,founding_role_count,prestige_sacrifice_score,1.0,48,48
competition,hq_plus_b_c_d_e_f,HQ + B+C+D+E+F,total_groups_6,6 total groups,full_route,HQ + B+C+D+E+F,founding_role_count,prestige_x_relevance,0.0,48,48
competition,hq_plus_b_c_d_e_f,HQ + B+C+D+E+F,total_groups_6,6 total groups,full_route,HQ + B+C+D+E+F,founding_role_count,repeat_founding_gap,0.0,48,48
competition,hq_plus_b_c_d_e_f,HQ + B+C+D+E+F,total_groups_6,6 total groups,full_route,HQ + B+C+D+E+F,founding_role_count,restlessness_score,1.0,48,48
competition,hq_plus_b_c_d_e_f,HQ + B+C+D+E+F,total_groups_6,6 total groups,full_route,HQ + B+C+D+E+F,founding_role_count,sacrifice_x_serial,1.0,48,48
competition,hq_plus_b_c_d_e_f,HQ + B+C+D+E+F,total_groups_6,6 total groups,full_route,HQ + B+C+D+E+F,founding_role_count,seniority_is_monotone,1.0,48,48
competition,hq_plus_b_c_d_e_f,HQ + B+C+D+E+F,total_groups_6,6 total groups,full_route,HQ + B+C+D+E+F,founding_role_count,stem_flag,0.0,48,48
competition,hq_plus_b_c_d_e_f,HQ + B+C+D+E+F,total_groups_6,6 total groups,full_route,HQ + B+C+D+E+F,founding_role_count,total_inferred_experience,1.0,48,48
competition,hq_plus_b_c_d_e_f,HQ + B+C+D+E+F,total_groups_6,6 total groups,full_route,HQ + B+C+D+E+F,founding_role_count,years_in_large_company,1.0,48,48
competition,hq_plus_b_c_d_e_f,HQ + B+C+D+E+F,total_groups_6,6 total groups,full_route,HQ + B+C+D+E+F,founding_timing,has_prior_acquisition,0.0,48,48
competition,hq_plus_b_c_d_e_f,HQ + B+C+D+E+F,total_groups_6,6 total groups,full_route,HQ + B+C+D+E+F,founding_timing,has_prior_ipo,0.0,48,48
competition,hq_plus_b_c_d_e_f,HQ + B+C+D+E+F,total_groups_6,6 total groups,full_route,HQ + B+C+D+E+F,founding_timing,industry_alignment,1.0,48,48
competition,hq_plus_b_c_d_e_f,HQ + B+C+D+E+F,total_groups_6,6 total groups,full_route,HQ + B+C+D+E+F,founding_timing,industry_pivot_count,1.0,48,48
competition,hq_plus_b_c_d_e_f,HQ + B+C+D+E+F,total_groups_6,6 total groups,full_route,HQ + B+C+D+E+F,founding_timing,industry_prestige_penalty,0.0,48,48
competition,hq_plus_b_c_d_e_f,HQ + B+C+D+E+F,total_groups_6,6 total groups,full_route,HQ + B+C+D+E+F,founding_timing,is_serial_founder,1.0,48,48
competition,hq_plus_b_c_d_e_f,HQ + B+C+D+E+F,total_groups_6,6 total groups,full_route,HQ + B+C+D+E+F,founding_timing,longest_founding_tenure,1.0,48,48
competition,hq_plus_b_c_d_e_f,HQ + B+C+D+E+F,total_groups_6,6 total groups,full_route,HQ + B+C+D+E+F,founding_timing,max_company_size_before_founding,1.0,48,48
competition,hq_plus_b_c_d_e_f,HQ + B+C+D+E+F,total_groups_6,6 total groups,full_route,HQ + B+C+D+E+F,founding_timing,max_seniority_reached,1.0,48,48
competition,hq_plus_b_c_d_e_f,HQ + B+C+D+E+F,total_groups_6,6 total groups,full_route,HQ + B+C+D+E+F,founding_timing,persistence_score,1.0,48,48
competition,hq_plus_b_c_d_e_f,HQ + B+C+D+E+F,total_groups_6,6 total groups,full_route,HQ + B+C+D+E+F,founding_timing,prestige_sacrifice_score,1.0,48,48
competition,hq_plus_b_c_d_e_f,HQ + B+C+D+E+F,total_groups_6,6 total groups,full_route,HQ + B+C+D+E+F,founding_timing,prestige_x_relevance,0.0,48,48
competition,hq_plus_b_c_d_e_f,HQ + B+C+D+E+F,total_groups_6,6 total groups,full_route,HQ + B+C+D+E+F,founding_timing,repeat_founding_gap,0.0,48,48
competition,hq_plus_b_c_d_e_f,HQ + B+C+D+E+F,total_groups_6,6 total groups,full_route,HQ + B+C+D+E+F,founding_timing,restlessness_score,1.0,48,48
competition,hq_plus_b_c_d_e_f,HQ + B+C+D+E+F,total_groups_6,6 total groups,full_route,HQ + B+C+D+E+F,founding_timing,sacrifice_x_serial,1.0,48,48
competition,hq_plus_b_c_d_e_f,HQ + B+C+D+E+F,total_groups_6,6 total groups,full_route,HQ + B+C+D+E+F,founding_timing,seniority_is_monotone,1.0,48,48
competition,hq_plus_b_c_d_e_f,HQ + B+C+D+E+F,total_groups_6,6 total groups,full_route,HQ + B+C+D+E+F,founding_timing,stem_flag,0.0,48,48
competition,hq_plus_b_c_d_e_f,HQ + B+C+D+E+F,total_groups_6,6 total groups,full_route,HQ + B+C+D+E+F,founding_timing,total_inferred_experience,1.0,48,48
competition,hq_plus_b_c_d_e_f,HQ + B+C+D+E+F,total_groups_6,6 total groups,full_route,HQ + B+C+D+E+F,founding_timing,years_in_large_company,1.0,48,48
competition,hq_plus_b_c_d_e_f,HQ + B+C+D+E+F,total_groups_6,6 total groups,full_route,HQ + B+C+D+E+F,has_prior_acquisition,has_prior_ipo,1.0,48,48
competition,hq_plus_b_c_d_e_f,HQ + B+C+D+E+F,total_groups_6,6 total groups,full_route,HQ + B+C+D+E+F,has_prior_acquisition,industry_alignment,0.0,48,48
competition,hq_plus_b_c_d_e_f,HQ + B+C+D+E+F,total_groups_6,6 total groups,full_route,HQ + B+C+D+E+F,has_prior_acquisition,industry_pivot_count,0.0,48,48
competition,hq_plus_b_c_d_e_f,HQ + B+C+D+E+F,total_groups_6,6 total groups,full_route,HQ + B+C+D+E+F,has_prior_acquisition,industry_prestige_penalty,0.0,48,48
competition,hq_plus_b_c_d_e_f,HQ + B+C+D+E+F,total_groups_6,6 total groups,full_route,HQ + B+C+D+E+F,has_prior_acquisition,is_serial_founder,0.0,48,48
competition,hq_plus_b_c_d_e_f,HQ + B+C+D+E+F,total_groups_6,6 total groups,full_route,HQ + B+C+D+E+F,has_prior_acquisition,longest_founding_tenure,0.0,48,48
competition,hq_plus_b_c_d_e_f,HQ + B+C+D+E+F,total_groups_6,6 total groups,full_route,HQ + B+C+D+E+F,has_prior_acquisition,max_company_size_before_founding,0.0,48,48
competition,hq_plus_b_c_d_e_f,HQ + B+C+D+E+F,total_groups_6,6 total groups,full_route,HQ + B+C+D+E+F,has_prior_acquisition,max_seniority_reached,0.0,48,48
competition,hq_plus_b_c_d_e_f,HQ + B+C+D+E+F,total_groups_6,6 total groups,full_route,HQ + B+C+D+E+F,has_prior_acquisition,persistence_score,0.0,48,48
competition,hq_plus_b_c_d_e_f,HQ + B+C+D+E+F,total_groups_6,6 total groups,full_route,HQ + B+C+D+E+F,has_prior_acquisition,prestige_sacrifice_score,0.0,48,48
competition,hq_plus_b_c_d_e_f,HQ + B+C+D+E+F,total_groups_6,6 total groups,full_route,HQ + B+C+D+E+F,has_prior_acquisition,prestige_x_relevance,0.0,48,48
competition,hq_plus_b_c_d_e_f,HQ + B+C+D+E+F,total_groups_6,6 total groups,full_route,HQ + B+C+D+E+F,has_prior_acquisition,repeat_founding_gap,0.0,48,48
competition,hq_plus_b_c_d_e_f,HQ + B+C+D+E+F,total_groups_6,6 total groups,full_route,HQ + B+C+D+E+F,has_prior_acquisition,restlessness_score,0.0,48,48
competition,hq_plus_b_c_d_e_f,HQ + B+C+D+E+F,total_groups_6,6 total groups,full_route,HQ + B+C+D+E+F,has_prior_acquisition,sacrifice_x_serial,0.0,48,48
competition,hq_plus_b_c_d_e_f,HQ + B+C+D+E+F,total_groups_6,6 total groups,full_route,HQ + B+C+D+E+F,has_prior_acquisition,seniority_is_monotone,0.0,48,48
competition,hq_plus_b_c_d_e_f,HQ + B+C+D+E+F,total_groups_6,6 total groups,full_route,HQ + B+C+D+E+F,has_prior_acquisition,stem_flag,0.0,48,48
competition,hq_plus_b_c_d_e_f,HQ + B+C+D+E+F,total_groups_6,6 total groups,full_route,HQ + B+C+D+E+F,has_prior_acquisition,total_inferred_experience,0.0,48,48
competition,hq_plus_b_c_d_e_f,HQ + B+C+D+E+F,total_groups_6,6 total groups,full_route,HQ + B+C+D+E+F,has_prior_acquisition,years_in_large_company,0.0,48,48
competition,hq_plus_b_c_d_e_f,HQ + B+C+D+E+F,total_groups_6,6 total groups,full_route,HQ + B+C+D+E+F,has_prior_ipo,industry_alignment,0.0,48,48
competition,hq_plus_b_c_d_e_f,HQ + B+C+D+E+F,total_groups_6,6 total groups,full_route,HQ + B+C+D+E+F,has_prior_ipo,industry_pivot_count,0.0,48,48
competition,hq_plus_b_c_d_e_f,HQ + B+C+D+E+F,total_groups_6,6 total groups,full_route,HQ + B+C+D+E+F,has_prior_ipo,industry_prestige_penalty,0.0,48,48
competition,hq_plus_b_c_d_e_f,HQ + B+C+D+E+F,total_groups_6,6 total groups,full_route,HQ + B+C+D+E+F,has_prior_ipo,is_serial_founder,0.0,48,48
competition,hq_plus_b_c_d_e_f,HQ + B+C+D+E+F,total_groups_6,6 total groups,full_route,HQ + B+C+D+E+F,has_prior_ipo,longest_founding_tenure,0.0,48,48
competition,hq_plus_b_c_d_e_f,HQ + B+C+D+E+F,total_groups_6,6 total groups,full_route,HQ + B+C+D+E+F,has_prior_ipo,max_company_size_before_founding,0.0,48,48
competition,hq_plus_b_c_d_e_f,HQ + B+C+D+E+F,total_groups_6,6 total groups,full_route,HQ + B+C+D+E+F,has_prior_ipo,max_seniority_reached,0.0,48,48
competition,hq_plus_b_c_d_e_f,HQ + B+C+D+E+F,total_groups_6,6 total groups,full_route,HQ + B+C+D+E+F,has_prior_ipo,persistence_score,0.0,48,48
competition,hq_plus_b_c_d_e_f,HQ + B+C+D+E+F,total_groups_6,6 total groups,full_route,HQ + B+C+D+E+F,has_prior_ipo,prestige_sacrifice_score,0.0,48,48
competition,hq_plus_b_c_d_e_f,HQ + B+C+D+E+F,total_groups_6,6 total groups,full_route,HQ + B+C+D+E+F,has_prior_ipo,prestige_x_relevance,0.0,48,48
competition,hq_plus_b_c_d_e_f,HQ + B+C+D+E+F,total_groups_6,6 total groups,full_route,HQ + B+C+D+E+F,has_prior_ipo,repeat_founding_gap,0.0,48,48
competition,hq_plus_b_c_d_e_f,HQ + B+C+D+E+F,total_groups_6,6 total groups,full_route,HQ + B+C+D+E+F,has_prior_ipo,restlessness_score,0.0,48,48
competition,hq_plus_b_c_d_e_f,HQ + B+C+D+E+F,total_groups_6,6 total groups,full_route,HQ + B+C+D+E+F,has_prior_ipo,sacrifice_x_serial,0.0,48,48
competition,hq_plus_b_c_d_e_f,HQ + B+C+D+E+F,total_groups_6,6 total groups,full_route,HQ + B+C+D+E+F,has_prior_ipo,seniority_is_monotone,0.0,48,48
competition,hq_plus_b_c_d_e_f,HQ + B+C+D+E+F,total_groups_6,6 total groups,full_route,HQ + B+C+D+E+F,has_prior_ipo,stem_flag,0.0,48,48
competition,hq_plus_b_c_d_e_f,HQ + B+C+D+E+F,total_groups_6,6 total groups,full_route,HQ + B+C+D+E+F,has_prior_ipo,total_inferred_experience,0.0,48,48
competition,hq_plus_b_c_d_e_f,HQ + B+C+D+E+F,total_groups_6,6 total groups,full_route,HQ + B+C+D+E+F,has_prior_ipo,years_in_large_company,0.0,48,48
competition,hq_plus_b_c_d_e_f,HQ + B+C+D+E+F,total_groups_6,6 total groups,full_route,HQ + B+C+D+E+F,industry_alignment,industry_pivot_count,1.0,48,48
competition,hq_plus_b_c_d_e_f,HQ + B+C+D+E+F,total_groups_6,6 total groups,full_route,HQ + B+C+D+E+F,industry_alignment,industry_prestige_penalty,0.0,48,48
competition,hq_plus_b_c_d_e_f,HQ + B+C+D+E+F,total_groups_6,6 total groups,full_route,HQ + B+C+D+E+F,industry_alignment,is_serial_founder,1.0,48,48
competition,hq_plus_b_c_d_e_f,HQ + B+C+D+E+F,total_groups_6,6 total groups,full_route,HQ + B+C+D+E+F,industry_alignment,longest_founding_tenure,1.0,48,48
competition,hq_plus_b_c_d_e_f,HQ + B+C+D+E+F,total_groups_6,6 total groups,full_route,HQ + B+C+D+E+F,industry_alignment,max_company_size_before_founding,1.0,48,48
competition,hq_plus_b_c_d_e_f,HQ + B+C+D+E+F,total_groups_6,6 total groups,full_route,HQ + B+C+D+E+F,industry_alignment,max_seniority_reached,1.0,48,48
competition,hq_plus_b_c_d_e_f,HQ + B+C+D+E+F,total_groups_6,6 total groups,full_route,HQ + B+C+D+E+F,industry_alignment,persistence_score,1.0,48,48
competition,hq_plus_b_c_d_e_f,HQ + B+C+D+E+F,total_groups_6,6 total groups,full_route,HQ + B+C+D+E+F,industry_alignment,prestige_sacrifice_score,1.0,48,48
competition,hq_plus_b_c_d_e_f,HQ + B+C+D+E+F,total_groups_6,6 total groups,full_route,HQ + B+C+D+E+F,industry_alignment,prestige_x_relevance,0.0,48,48
competition,hq_plus_b_c_d_e_f,HQ + B+C+D+E+F,total_groups_6,6 total groups,full_route,HQ + B+C+D+E+F,industry_alignment,repeat_founding_gap,0.0,48,48
competition,hq_plus_b_c_d_e_f,HQ + B+C+D+E+F,total_groups_6,6 total groups,full_route,HQ + B+C+D+E+F,industry_alignment,restlessness_score,1.0,48,48
competition,hq_plus_b_c_d_e_f,HQ + B+C+D+E+F,total_groups_6,6 total groups,full_route,HQ + B+C+D+E+F,industry_alignment,sacrifice_x_serial,1.0,48,48
competition,hq_plus_b_c_d_e_f,HQ + B+C+D+E+F,total_groups_6,6 total groups,full_route,HQ + B+C+D+E+F,industry_alignment,seniority_is_monotone,1.0,48,48
competition,hq_plus_b_c_d_e_f,HQ + B+C+D+E+F,total_groups_6,6 total groups,full_route,HQ + B+C+D+E+F,industry_alignment,stem_flag,0.0,48,48
competition,hq_plus_b_c_d_e_f,HQ + B+C+D+E+F,total_groups_6,6 total groups,full_route,HQ + B+C+D+E+F,industry_alignment,total_inferred_experience,1.0,48,48
competition,hq_plus_b_c_d_e_f,HQ + B+C+D+E+F,total_groups_6,6 total groups,full_route,HQ + B+C+D+E+F,industry_alignment,years_in_large_company,1.0,48,48
competition,hq_plus_b_c_d_e_f,HQ + B+C+D+E+F,total_groups_6,6 total groups,full_route,HQ + B+C+D+E+F,industry_pivot_count,industry_prestige_penalty,0.0,48,48
competition,hq_plus_b_c_d_e_f,HQ + B+C+D+E+F,total_groups_6,6 total groups,full_route,HQ + B+C+D+E+F,industry_pivot_count,is_serial_founder,1.0,48,48
competition,hq_plus_b_c_d_e_f,HQ + B+C+D+E+F,total_groups_6,6 total groups,full_route,HQ + B+C+D+E+F,industry_pivot_count,longest_founding_tenure,1.0,48,48
competition,hq_plus_b_c_d_e_f,HQ + B+C+D+E+F,total_groups_6,6 total groups,full_route,HQ + B+C+D+E+F,industry_pivot_count,max_company_size_before_founding,1.0,48,48
competition,hq_plus_b_c_d_e_f,HQ + B+C+D+E+F,total_groups_6,6 total groups,full_route,HQ + B+C+D+E+F,industry_pivot_count,max_seniority_reached,1.0,48,48
competition,hq_plus_b_c_d_e_f,HQ + B+C+D+E+F,total_groups_6,6 total groups,full_route,HQ + B+C+D+E+F,industry_pivot_count,persistence_score,1.0,48,48
competition,hq_plus_b_c_d_e_f,HQ + B+C+D+E+F,total_groups_6,6 total groups,full_route,HQ + B+C+D+E+F,industry_pivot_count,prestige_sacrifice_score,1.0,48,48
competition,hq_plus_b_c_d_e_f,HQ + B+C+D+E+F,total_groups_6,6 total groups,full_route,HQ + B+C+D+E+F,industry_pivot_count,prestige_x_relevance,0.0,48,48
competition,hq_plus_b_c_d_e_f,HQ + B+C+D+E+F,total_groups_6,6 total groups,full_route,HQ + B+C+D+E+F,industry_pivot_count,repeat_founding_gap,0.0,48,48
competition,hq_plus_b_c_d_e_f,HQ + B+C+D+E+F,total_groups_6,6 total groups,full_route,HQ + B+C+D+E+F,industry_pivot_count,restlessness_score,1.0,48,48
competition,hq_plus_b_c_d_e_f,HQ + B+C+D+E+F,total_groups_6,6 total groups,full_route,HQ + B+C+D+E+F,industry_pivot_count,sacrifice_x_serial,1.0,48,48
competition,hq_plus_b_c_d_e_f,HQ + B+C+D+E+F,total_groups_6,6 total groups,full_route,HQ + B+C+D+E+F,industry_pivot_count,seniority_is_monotone,1.0,48,48
competition,hq_plus_b_c_d_e_f,HQ + B+C+D+E+F,total_groups_6,6 total groups,full_route,HQ + B+C+D+E+F,industry_pivot_count,stem_flag,0.0,48,48
competition,hq_plus_b_c_d_e_f,HQ + B+C+D+E+F,total_groups_6,6 total groups,full_route,HQ + B+C+D+E+F,industry_pivot_count,total_inferred_experience,1.0,48,48
competition,hq_plus_b_c_d_e_f,HQ + B+C+D+E+F,total_groups_6,6 total groups,full_route,HQ + B+C+D+E+F,industry_pivot_count,years_in_large_company,1.0,48,48
competition,hq_plus_b_c_d_e_f,HQ + B+C+D+E+F,total_groups_6,6 total groups,full_route,HQ + B+C+D+E+F,industry_prestige_penalty,is_serial_founder,0.0,48,48
competition,hq_plus_b_c_d_e_f,HQ + B+C+D+E+F,total_groups_6,6 total groups,full_route,HQ + B+C+D+E+F,industry_prestige_penalty,longest_founding_tenure,0.0,48,48
competition,hq_plus_b_c_d_e_f,HQ + B+C+D+E+F,total_groups_6,6 total groups,full_route,HQ + B+C+D+E+F,industry_prestige_penalty,max_company_size_before_founding,0.0,48,48
competition,hq_plus_b_c_d_e_f,HQ + B+C+D+E+F,total_groups_6,6 total groups,full_route,HQ + B+C+D+E+F,industry_prestige_penalty,max_seniority_reached,0.0,48,48
competition,hq_plus_b_c_d_e_f,HQ + B+C+D+E+F,total_groups_6,6 total groups,full_route,HQ + B+C+D+E+F,industry_prestige_penalty,persistence_score,0.0,48,48
competition,hq_plus_b_c_d_e_f,HQ + B+C+D+E+F,total_groups_6,6 total groups,full_route,HQ + B+C+D+E+F,industry_prestige_penalty,prestige_sacrifice_score,0.0,48,48
competition,hq_plus_b_c_d_e_f,HQ + B+C+D+E+F,total_groups_6,6 total groups,full_route,HQ + B+C+D+E+F,industry_prestige_penalty,prestige_x_relevance,1.0,48,48
competition,hq_plus_b_c_d_e_f,HQ + B+C+D+E+F,total_groups_6,6 total groups,full_route,HQ + B+C+D+E+F,industry_prestige_penalty,repeat_founding_gap,0.0,48,48
competition,hq_plus_b_c_d_e_f,HQ + B+C+D+E+F,total_groups_6,6 total groups,full_route,HQ + B+C+D+E+F,industry_prestige_penalty,restlessness_score,0.0,48,48
competition,hq_plus_b_c_d_e_f,HQ + B+C+D+E+F,total_groups_6,6 total groups,full_route,HQ + B+C+D+E+F,industry_prestige_penalty,sacrifice_x_serial,0.0,48,48
competition,hq_plus_b_c_d_e_f,HQ + B+C+D+E+F,total_groups_6,6 total groups,full_route,HQ + B+C+D+E+F,industry_prestige_penalty,seniority_is_monotone,0.0,48,48
competition,hq_plus_b_c_d_e_f,HQ + B+C+D+E+F,total_groups_6,6 total groups,full_route,HQ + B+C+D+E+F,industry_prestige_penalty,stem_flag,1.0,48,48
competition,hq_plus_b_c_d_e_f,HQ + B+C+D+E+F,total_groups_6,6 total groups,full_route,HQ + B+C+D+E+F,industry_prestige_penalty,total_inferred_experience,0.0,48,48
competition,hq_plus_b_c_d_e_f,HQ + B+C+D+E+F,total_groups_6,6 total groups,full_route,HQ + B+C+D+E+F,industry_prestige_penalty,years_in_large_company,0.0,48,48
competition,hq_plus_b_c_d_e_f,HQ + B+C+D+E+F,total_groups_6,6 total groups,full_route,HQ + B+C+D+E+F,is_serial_founder,longest_founding_tenure,1.0,48,48
competition,hq_plus_b_c_d_e_f,HQ + B+C+D+E+F,total_groups_6,6 total groups,full_route,HQ + B+C+D+E+F,is_serial_founder,max_company_size_before_founding,1.0,48,48
competition,hq_plus_b_c_d_e_f,HQ + B+C+D+E+F,total_groups_6,6 total groups,full_route,HQ + B+C+D+E+F,is_serial_founder,max_seniority_reached,1.0,48,48
competition,hq_plus_b_c_d_e_f,HQ + B+C+D+E+F,total_groups_6,6 total groups,full_route,HQ + B+C+D+E+F,is_serial_founder,persistence_score,1.0,48,48
competition,hq_plus_b_c_d_e_f,HQ + B+C+D+E+F,total_groups_6,6 total groups,full_route,HQ + B+C+D+E+F,is_serial_founder,prestige_sacrifice_score,1.0,48,48
competition,hq_plus_b_c_d_e_f,HQ + B+C+D+E+F,total_groups_6,6 total groups,full_route,HQ + B+C+D+E+F,is_serial_founder,prestige_x_relevance,0.0,48,48
competition,hq_plus_b_c_d_e_f,HQ + B+C+D+E+F,total_groups_6,6 total groups,full_route,HQ + B+C+D+E+F,is_serial_founder,repeat_founding_gap,0.0,48,48
competition,hq_plus_b_c_d_e_f,HQ + B+C+D+E+F,total_groups_6,6 total groups,full_route,HQ + B+C+D+E+F,is_serial_founder,restlessness_score,1.0,48,48
competition,hq_plus_b_c_d_e_f,HQ + B+C+D+E+F,total_groups_6,6 total groups,full_route,HQ + B+C+D+E+F,is_serial_founder,sacrifice_x_serial,1.0,48,48
competition,hq_plus_b_c_d_e_f,HQ + B+C+D+E+F,total_groups_6,6 total groups,full_route,HQ + B+C+D+E+F,is_serial_founder,seniority_is_monotone,1.0,48,48
competition,hq_plus_b_c_d_e_f,HQ + B+C+D+E+F,total_groups_6,6 total groups,full_route,HQ + B+C+D+E+F,is_serial_founder,stem_flag,0.0,48,48
competition,hq_plus_b_c_d_e_f,HQ + B+C+D+E+F,total_groups_6,6 total groups,full_route,HQ + B+C+D+E+F,is_serial_founder,total_inferred_experience,1.0,48,48
competition,hq_plus_b_c_d_e_f,HQ + B+C+D+E+F,total_groups_6,6 total groups,full_route,HQ + B+C+D+E+F,is_serial_founder,years_in_large_company,1.0,48,48
competition,hq_plus_b_c_d_e_f,HQ + B+C+D+E+F,total_groups_6,6 total groups,full_route,HQ + B+C+D+E+F,longest_founding_tenure,max_company_size_before_founding,1.0,48,48
competition,hq_plus_b_c_d_e_f,HQ + B+C+D+E+F,total_groups_6,6 total groups,full_route,HQ + B+C+D+E+F,longest_founding_tenure,max_seniority_reached,1.0,48,48
competition,hq_plus_b_c_d_e_f,HQ + B+C+D+E+F,total_groups_6,6 total groups,full_route,HQ + B+C+D+E+F,longest_founding_tenure,persistence_score,1.0,48,48
competition,hq_plus_b_c_d_e_f,HQ + B+C+D+E+F,total_groups_6,6 total groups,full_route,HQ + B+C+D+E+F,longest_founding_tenure,prestige_sacrifice_score,1.0,48,48
competition,hq_plus_b_c_d_e_f,HQ + B+C+D+E+F,total_groups_6,6 total groups,full_route,HQ + B+C+D+E+F,longest_founding_tenure,prestige_x_relevance,0.0,48,48
competition,hq_plus_b_c_d_e_f,HQ + B+C+D+E+F,total_groups_6,6 total groups,full_route,HQ + B+C+D+E+F,longest_founding_tenure,repeat_founding_gap,0.0,48,48
competition,hq_plus_b_c_d_e_f,HQ + B+C+D+E+F,total_groups_6,6 total groups,full_route,HQ + B+C+D+E+F,longest_founding_tenure,restlessness_score,1.0,48,48
competition,hq_plus_b_c_d_e_f,HQ + B+C+D+E+F,total_groups_6,6 total groups,full_route,HQ + B+C+D+E+F,longest_founding_tenure,sacrifice_x_serial,1.0,48,48
competition,hq_plus_b_c_d_e_f,HQ + B+C+D+E+F,total_groups_6,6 total groups,full_route,HQ + B+C+D+E+F,longest_founding_tenure,seniority_is_monotone,1.0,48,48
competition,hq_plus_b_c_d_e_f,HQ + B+C+D+E+F,total_groups_6,6 total groups,full_route,HQ + B+C+D+E+F,longest_founding_tenure,stem_flag,0.0,48,48
competition,hq_plus_b_c_d_e_f,HQ + B+C+D+E+F,total_groups_6,6 total groups,full_route,HQ + B+C+D+E+F,longest_founding_tenure,total_inferred_experience,1.0,48,48
competition,hq_plus_b_c_d_e_f,HQ + B+C+D+E+F,total_groups_6,6 total groups,full_route,HQ + B+C+D+E+F,longest_founding_tenure,years_in_large_company,1.0,48,48
competition,hq_plus_b_c_d_e_f,HQ + B+C+D+E+F,total_groups_6,6 total groups,full_route,HQ + B+C+D+E+F,max_company_size_before_founding,max_seniority_reached,1.0,48,48
competition,hq_plus_b_c_d_e_f,HQ + B+C+D+E+F,total_groups_6,6 total groups,full_route,HQ + B+C+D+E+F,max_company_size_before_founding,persistence_score,1.0,48,48
competition,hq_plus_b_c_d_e_f,HQ + B+C+D+E+F,total_groups_6,6 total groups,full_route,HQ + B+C+D+E+F,max_company_size_before_founding,prestige_sacrifice_score,1.0,48,48
competition,hq_plus_b_c_d_e_f,HQ + B+C+D+E+F,total_groups_6,6 total groups,full_route,HQ + B+C+D+E+F,max_company_size_before_founding,prestige_x_relevance,0.0,48,48
competition,hq_plus_b_c_d_e_f,HQ + B+C+D+E+F,total_groups_6,6 total groups,full_route,HQ + B+C+D+E+F,max_company_size_before_founding,repeat_founding_gap,0.0,48,48
competition,hq_plus_b_c_d_e_f,HQ + B+C+D+E+F,total_groups_6,6 total groups,full_route,HQ + B+C+D+E+F,max_company_size_before_founding,restlessness_score,1.0,48,48
competition,hq_plus_b_c_d_e_f,HQ + B+C+D+E+F,total_groups_6,6 total groups,full_route,HQ + B+C+D+E+F,max_company_size_before_founding,sacrifice_x_serial,1.0,48,48
competition,hq_plus_b_c_d_e_f,HQ + B+C+D+E+F,total_groups_6,6 total groups,full_route,HQ + B+C+D+E+F,max_company_size_before_founding,seniority_is_monotone,1.0,48,48
competition,hq_plus_b_c_d_e_f,HQ + B+C+D+E+F,total_groups_6,6 total groups,full_route,HQ + B+C+D+E+F,max_company_size_before_founding,stem_flag,0.0,48,48
competition,hq_plus_b_c_d_e_f,HQ + B+C+D+E+F,total_groups_6,6 total groups,full_route,HQ + B+C+D+E+F,max_company_size_before_founding,total_inferred_experience,1.0,48,48
competition,hq_plus_b_c_d_e_f,HQ + B+C+D+E+F,total_groups_6,6 total groups,full_route,HQ + B+C+D+E+F,max_company_size_before_founding,years_in_large_company,1.0,48,48
competition,hq_plus_b_c_d_e_f,HQ + B+C+D+E+F,total_groups_6,6 total groups,full_route,HQ + B+C+D+E+F,max_seniority_reached,persistence_score,1.0,48,48
competition,hq_plus_b_c_d_e_f,HQ + B+C+D+E+F,total_groups_6,6 total groups,full_route,HQ + B+C+D+E+F,max_seniority_reached,prestige_sacrifice_score,1.0,48,48
competition,hq_plus_b_c_d_e_f,HQ + B+C+D+E+F,total_groups_6,6 total groups,full_route,HQ + B+C+D+E+F,max_seniority_reached,prestige_x_relevance,0.0,48,48
competition,hq_plus_b_c_d_e_f,HQ + B+C+D+E+F,total_groups_6,6 total groups,full_route,HQ + B+C+D+E+F,max_seniority_reached,repeat_founding_gap,0.0,48,48
competition,hq_plus_b_c_d_e_f,HQ + B+C+D+E+F,total_groups_6,6 total groups,full_route,HQ + B+C+D+E+F,max_seniority_reached,restlessness_score,1.0,48,48
competition,hq_plus_b_c_d_e_f,HQ + B+C+D+E+F,total_groups_6,6 total groups,full_route,HQ + B+C+D+E+F,max_seniority_reached,sacrifice_x_serial,1.0,48,48
competition,hq_plus_b_c_d_e_f,HQ + B+C+D+E+F,total_groups_6,6 total groups,full_route,HQ + B+C+D+E+F,max_seniority_reached,seniority_is_monotone,1.0,48,48
competition,hq_plus_b_c_d_e_f,HQ + B+C+D+E+F,total_groups_6,6 total groups,full_route,HQ + B+C+D+E+F,max_seniority_reached,stem_flag,0.0,48,48
competition,hq_plus_b_c_d_e_f,HQ + B+C+D+E+F,total_groups_6,6 total groups,full_route,HQ + B+C+D+E+F,max_seniority_reached,total_inferred_experience,1.0,48,48
competition,hq_plus_b_c_d_e_f,HQ + B+C+D+E+F,total_groups_6,6 total groups,full_route,HQ + B+C+D+E+F,max_seniority_reached,years_in_large_company,1.0,48,48
competition,hq_plus_b_c_d_e_f,HQ + B+C+D+E+F,total_groups_6,6 total groups,full_route,HQ + B+C+D+E+F,persistence_score,prestige_sacrifice_score,1.0,48,48
competition,hq_plus_b_c_d_e_f,HQ + B+C+D+E+F,total_groups_6,6 total groups,full_route,HQ + B+C+D+E+F,persistence_score,prestige_x_relevance,0.0,48,48
competition,hq_plus_b_c_d_e_f,HQ + B+C+D+E+F,total_groups_6,6 total groups,full_route,HQ + B+C+D+E+F,persistence_score,repeat_founding_gap,0.0,48,48
competition,hq_plus_b_c_d_e_f,HQ + B+C+D+E+F,total_groups_6,6 total groups,full_route,HQ + B+C+D+E+F,persistence_score,restlessness_score,1.0,48,48
competition,hq_plus_b_c_d_e_f,HQ + B+C+D+E+F,total_groups_6,6 total groups,full_route,HQ + B+C+D+E+F,persistence_score,sacrifice_x_serial,1.0,48,48
competition,hq_plus_b_c_d_e_f,HQ + B+C+D+E+F,total_groups_6,6 total groups,full_route,HQ + B+C+D+E+F,persistence_score,seniority_is_monotone,1.0,48,48
competition,hq_plus_b_c_d_e_f,HQ + B+C+D+E+F,total_groups_6,6 total groups,full_route,HQ + B+C+D+E+F,persistence_score,stem_flag,0.0,48,48
competition,hq_plus_b_c_d_e_f,HQ + B+C+D+E+F,total_groups_6,6 total groups,full_route,HQ + B+C+D+E+F,persistence_score,total_inferred_experience,1.0,48,48
competition,hq_plus_b_c_d_e_f,HQ + B+C+D+E+F,total_groups_6,6 total groups,full_route,HQ + B+C+D+E+F,persistence_score,years_in_large_company,1.0,48,48
competition,hq_plus_b_c_d_e_f,HQ + B+C+D+E+F,total_groups_6,6 total groups,full_route,HQ + B+C+D+E+F,prestige_sacrifice_score,prestige_x_relevance,0.0,48,48
competition,hq_plus_b_c_d_e_f,HQ + B+C+D+E+F,total_groups_6,6 total groups,full_route,HQ + B+C+D+E+F,prestige_sacrifice_score,repeat_founding_gap,0.0,48,48
competition,hq_plus_b_c_d_e_f,HQ + B+C+D+E+F,total_groups_6,6 total groups,full_route,HQ + B+C+D+E+F,prestige_sacrifice_score,restlessness_score,1.0,48,48
competition,hq_plus_b_c_d_e_f,HQ + B+C+D+E+F,total_groups_6,6 total groups,full_route,HQ + B+C+D+E+F,prestige_sacrifice_score,sacrifice_x_serial,1.0,48,48
competition,hq_plus_b_c_d_e_f,HQ + B+C+D+E+F,total_groups_6,6 total groups,full_route,HQ + B+C+D+E+F,prestige_sacrifice_score,seniority_is_monotone,1.0,48,48
competition,hq_plus_b_c_d_e_f,HQ + B+C+D+E+F,total_groups_6,6 total groups,full_route,HQ + B+C+D+E+F,prestige_sacrifice_score,stem_flag,0.0,48,48
competition,hq_plus_b_c_d_e_f,HQ + B+C+D+E+F,total_groups_6,6 total groups,full_route,HQ + B+C+D+E+F,prestige_sacrifice_score,total_inferred_experience,1.0,48,48
competition,hq_plus_b_c_d_e_f,HQ + B+C+D+E+F,total_groups_6,6 total groups,full_route,HQ + B+C+D+E+F,prestige_sacrifice_score,years_in_large_company,1.0,48,48
competition,hq_plus_b_c_d_e_f,HQ + B+C+D+E+F,total_groups_6,6 total groups,full_route,HQ + B+C+D+E+F,prestige_x_relevance,repeat_founding_gap,0.0,48,48
competition,hq_plus_b_c_d_e_f,HQ + B+C+D+E+F,total_groups_6,6 total groups,full_route,HQ + B+C+D+E+F,prestige_x_relevance,restlessness_score,0.0,48,48
competition,hq_plus_b_c_d_e_f,HQ + B+C+D+E+F,total_groups_6,6 total groups,full_route,HQ + B+C+D+E+F,prestige_x_relevance,sacrifice_x_serial,0.0,48,48
competition,hq_plus_b_c_d_e_f,HQ + B+C+D+E+F,total_groups_6,6 total groups,full_route,HQ + B+C+D+E+F,prestige_x_relevance,seniority_is_monotone,0.0,48,48
competition,hq_plus_b_c_d_e_f,HQ + B+C+D+E+F,total_groups_6,6 total groups,full_route,HQ + B+C+D+E+F,prestige_x_relevance,stem_flag,1.0,48,48
competition,hq_plus_b_c_d_e_f,HQ + B+C+D+E+F,total_groups_6,6 total groups,full_route,HQ + B+C+D+E+F,prestige_x_relevance,total_inferred_experience,0.0,48,48
competition,hq_plus_b_c_d_e_f,HQ + B+C+D+E+F,total_groups_6,6 total groups,full_route,HQ + B+C+D+E+F,prestige_x_relevance,years_in_large_company,0.0,48,48
competition,hq_plus_b_c_d_e_f,HQ + B+C+D+E+F,total_groups_6,6 total groups,full_route,HQ + B+C+D+E+F,repeat_founding_gap,restlessness_score,0.0,48,48
competition,hq_plus_b_c_d_e_f,HQ + B+C+D+E+F,total_groups_6,6 total groups,full_route,HQ + B+C+D+E+F,repeat_founding_gap,sacrifice_x_serial,0.0,48,48
competition,hq_plus_b_c_d_e_f,HQ + B+C+D+E+F,total_groups_6,6 total groups,full_route,HQ + B+C+D+E+F,repeat_founding_gap,seniority_is_monotone,0.0,48,48
competition,hq_plus_b_c_d_e_f,HQ + B+C+D+E+F,total_groups_6,6 total groups,full_route,HQ + B+C+D+E+F,repeat_founding_gap,stem_flag,0.0,48,48
competition,hq_plus_b_c_d_e_f,HQ + B+C+D+E+F,total_groups_6,6 total groups,full_route,HQ + B+C+D+E+F,repeat_founding_gap,total_inferred_experience,0.0,48,48
competition,hq_plus_b_c_d_e_f,HQ + B+C+D+E+F,total_groups_6,6 total groups,full_route,HQ + B+C+D+E+F,repeat_founding_gap,years_in_large_company,0.0,48,48
competition,hq_plus_b_c_d_e_f,HQ + B+C+D+E+F,total_groups_6,6 total groups,full_route,HQ + B+C+D+E+F,restlessness_score,sacrifice_x_serial,1.0,48,48
competition,hq_plus_b_c_d_e_f,HQ + B+C+D+E+F,total_groups_6,6 total groups,full_route,HQ + B+C+D+E+F,restlessness_score,seniority_is_monotone,1.0,48,48
competition,hq_plus_b_c_d_e_f,HQ + B+C+D+E+F,total_groups_6,6 total groups,full_route,HQ + B+C+D+E+F,restlessness_score,stem_flag,0.0,48,48
competition,hq_plus_b_c_d_e_f,HQ + B+C+D+E+F,total_groups_6,6 total groups,full_route,HQ + B+C+D+E+F,restlessness_score,total_inferred_experience,1.0,48,48
competition,hq_plus_b_c_d_e_f,HQ + B+C+D+E+F,total_groups_6,6 total groups,full_route,HQ + B+C+D+E+F,restlessness_score,years_in_large_company,1.0,48,48
competition,hq_plus_b_c_d_e_f,HQ + B+C+D+E+F,total_groups_6,6 total groups,full_route,HQ + B+C+D+E+F,sacrifice_x_serial,seniority_is_monotone,1.0,48,48
competition,hq_plus_b_c_d_e_f,HQ + B+C+D+E+F,total_groups_6,6 total groups,full_route,HQ + B+C+D+E+F,sacrifice_x_serial,stem_flag,0.0,48,48
competition,hq_plus_b_c_d_e_f,HQ + B+C+D+E+F,total_groups_6,6 total groups,full_route,HQ + B+C+D+E+F,sacrifice_x_serial,total_inferred_experience,1.0,48,48
competition,hq_plus_b_c_d_e_f,HQ + B+C+D+E+F,total_groups_6,6 total groups,full_route,HQ + B+C+D+E+F,sacrifice_x_serial,years_in_large_company,1.0,48,48
competition,hq_plus_b_c_d_e_f,HQ + B+C+D+E+F,total_groups_6,6 total groups,full_route,HQ + B+C+D+E+F,seniority_is_monotone,stem_flag,0.0,48,48
competition,hq_plus_b_c_d_e_f,HQ + B+C+D+E+F,total_groups_6,6 total groups,full_route,HQ + B+C+D+E+F,seniority_is_monotone,total_inferred_experience,1.0,48,48
competition,hq_plus_b_c_d_e_f,HQ + B+C+D+E+F,total_groups_6,6 total groups,full_route,HQ + B+C+D+E+F,seniority_is_monotone,years_in_large_company,1.0,48,48
competition,hq_plus_b_c_d_e_f,HQ + B+C+D+E+F,total_groups_6,6 total groups,full_route,HQ + B+C+D+E+F,stem_flag,total_inferred_experience,0.0,48,48
competition,hq_plus_b_c_d_e_f,HQ + B+C+D+E+F,total_groups_6,6 total groups,full_route,HQ + B+C+D+E+F,stem_flag,years_in_large_company,0.0,48,48
competition,hq_plus_b_c_d_e_f,HQ + B+C+D+E+F,total_groups_6,6 total groups,full_route,HQ + B+C+D+E+F,total_inferred_experience,years_in_large_company,1.0,48,48
competition,hq_plus_f,HQ + F,total_groups_6,6 total groups,full_route,HQ + F,F_career_coherence,F_evidence_support_rating,1.0,48,48
competition,hq_plus_f,HQ + F,total_groups_6,6 total groups,full_route,HQ + F,F_career_coherence,F_ownership_signal,1.0,48,48
competition,hq_plus_f,HQ + F,total_groups_6,6 total groups,full_route,HQ + F,F_career_coherence,F_rubric_score,1.0,48,48
competition,hq_plus_f,HQ + F,total_groups_6,6 total groups,full_route,HQ + F,F_career_coherence,F_scrappiness,1.0,48,48
competition,hq_plus_f,HQ + F,total_groups_6,6 total groups,full_route,HQ + F,F_career_coherence,F_trajectory_strength,1.0,48,48
competition,hq_plus_f,HQ + F,total_groups_6,6 total groups,full_route,HQ + F,F_career_coherence,best_degree_prestige,0.0,48,48
competition,hq_plus_f,HQ + F,total_groups_6,6 total groups,full_route,HQ + F,F_career_coherence,comfort_index,0.0,48,48
competition,hq_plus_f,HQ + F,total_groups_6,6 total groups,full_route,HQ + F,F_career_coherence,company_size_is_growing,0.0,48,48
competition,hq_plus_f,HQ + F,total_groups_6,6 total groups,full_route,HQ + F,F_career_coherence,degree_level,0.0,48,48
competition,hq_plus_f,HQ + F,total_groups_6,6 total groups,full_route,HQ + F,F_career_coherence,edu_prestige_tier,0.0,48,48
competition,hq_plus_f,HQ + F,total_groups_6,6 total groups,full_route,HQ + F,F_career_coherence,exit_count,0.0,48,48
competition,hq_plus_f,HQ + F,total_groups_6,6 total groups,full_route,HQ + F,F_career_coherence,exit_x_serial,0.0,48,48
competition,hq_plus_f,HQ + F,total_groups_6,6 total groups,full_route,HQ + F,F_career_coherence,field_relevance_score,0.0,48,48
competition,hq_plus_f,HQ + F,total_groups_6,6 total groups,full_route,HQ + F,F_career_coherence,founding_role_count,0.0,48,48
competition,hq_plus_f,HQ + F,total_groups_6,6 total groups,full_route,HQ + F,F_career_coherence,founding_timing,0.0,48,48
competition,hq_plus_f,HQ + F,total_groups_6,6 total groups,full_route,HQ + F,F_career_coherence,has_prior_acquisition,0.0,48,48
competition,hq_plus_f,HQ + F,total_groups_6,6 total groups,full_route,HQ + F,F_career_coherence,has_prior_ipo,0.0,48,48
competition,hq_plus_f,HQ + F,total_groups_6,6 total groups,full_route,HQ + F,F_career_coherence,industry_alignment,0.0,48,48
competition,hq_plus_f,HQ + F,total_groups_6,6 total groups,full_route,HQ + F,F_career_coherence,industry_pivot_count,0.0,48,48
competition,hq_plus_f,HQ + F,total_groups_6,6 total groups,full_route,HQ + F,F_career_coherence,industry_prestige_penalty,0.0,48,48
competition,hq_plus_f,HQ + F,total_groups_6,6 total groups,full_route,HQ + F,F_career_coherence,is_serial_founder,0.0,48,48
competition,hq_plus_f,HQ + F,total_groups_6,6 total groups,full_route,HQ + F,F_career_coherence,longest_founding_tenure,0.0,48,48
competition,hq_plus_f,HQ + F,total_groups_6,6 total groups,full_route,HQ + F,F_career_coherence,max_company_size_before_founding,0.0,48,48
competition,hq_plus_f,HQ + F,total_groups_6,6 total groups,full_route,HQ + F,F_career_coherence,max_seniority_reached,0.0,48,48
competition,hq_plus_f,HQ + F,total_groups_6,6 total groups,full_route,HQ + F,F_career_coherence,persistence_score,0.0,48,48
competition,hq_plus_f,HQ + F,total_groups_6,6 total groups,full_route,HQ + F,F_career_coherence,prestige_sacrifice_score,0.0,48,48
competition,hq_plus_f,HQ + F,total_groups_6,6 total groups,full_route,HQ + F,F_career_coherence,prestige_x_relevance,0.0,48,48
competition,hq_plus_f,HQ + F,total_groups_6,6 total groups,full_route,HQ + F,F_career_coherence,repeat_founding_gap,0.0,48,48
competition,hq_plus_f,HQ + F,total_groups_6,6 total groups,full_route,HQ + F,F_career_coherence,restlessness_score,0.0,48,48
competition,hq_plus_f,HQ + F,total_groups_6,6 total groups,full_route,HQ + F,F_career_coherence,sacrifice_x_serial,0.0,48,48
competition,hq_plus_f,HQ + F,total_groups_6,6 total groups,full_route,HQ + F,F_career_coherence,seniority_is_monotone,0.0,48,48
competition,hq_plus_f,HQ + F,total_groups_6,6 total groups,full_route,HQ + F,F_career_coherence,stem_flag,0.0,48,48
competition,hq_plus_f,HQ + F,total_groups_6,6 total groups,full_route,HQ + F,F_career_coherence,total_inferred_experience,0.0,48,48
competition,hq_plus_f,HQ + F,total_groups_6,6 total groups,full_route,HQ + F,F_career_coherence,years_in_large_company,0.0,48,48
competition,hq_plus_f,HQ + F,total_groups_6,6 total groups,full_route,HQ + F,F_evidence_support_rating,F_ownership_signal,1.0,48,48
competition,hq_plus_f,HQ + F,total_groups_6,6 total groups,full_route,HQ + F,F_evidence_support_rating,F_rubric_score,1.0,48,48
competition,hq_plus_f,HQ + F,total_groups_6,6 total groups,full_route,HQ + F,F_evidence_support_rating,F_scrappiness,1.0,48,48
competition,hq_plus_f,HQ + F,total_groups_6,6 total groups,full_route,HQ + F,F_evidence_support_rating,F_trajectory_strength,1.0,48,48
competition,hq_plus_f,HQ + F,total_groups_6,6 total groups,full_route,HQ + F,F_evidence_support_rating,best_degree_prestige,0.0,48,48
competition,hq_plus_f,HQ + F,total_groups_6,6 total groups,full_route,HQ + F,F_evidence_support_rating,comfort_index,0.0,48,48
competition,hq_plus_f,HQ + F,total_groups_6,6 total groups,full_route,HQ + F,F_evidence_support_rating,company_size_is_growing,0.0,48,48
competition,hq_plus_f,HQ + F,total_groups_6,6 total groups,full_route,HQ + F,F_evidence_support_rating,degree_level,0.0,48,48
competition,hq_plus_f,HQ + F,total_groups_6,6 total groups,full_route,HQ + F,F_evidence_support_rating,edu_prestige_tier,0.0,48,48
competition,hq_plus_f,HQ + F,total_groups_6,6 total groups,full_route,HQ + F,F_evidence_support_rating,exit_count,0.0,48,48
competition,hq_plus_f,HQ + F,total_groups_6,6 total groups,full_route,HQ + F,F_evidence_support_rating,exit_x_serial,0.0,48,48
competition,hq_plus_f,HQ + F,total_groups_6,6 total groups,full_route,HQ + F,F_evidence_support_rating,field_relevance_score,0.0,48,48
competition,hq_plus_f,HQ + F,total_groups_6,6 total groups,full_route,HQ + F,F_evidence_support_rating,founding_role_count,0.0,48,48
competition,hq_plus_f,HQ + F,total_groups_6,6 total groups,full_route,HQ + F,F_evidence_support_rating,founding_timing,0.0,48,48
competition,hq_plus_f,HQ + F,total_groups_6,6 total groups,full_route,HQ + F,F_evidence_support_rating,has_prior_acquisition,0.0,48,48
competition,hq_plus_f,HQ + F,total_groups_6,6 total groups,full_route,HQ + F,F_evidence_support_rating,has_prior_ipo,0.0,48,48
competition,hq_plus_f,HQ + F,total_groups_6,6 total groups,full_route,HQ + F,F_evidence_support_rating,industry_alignment,0.0,48,48
competition,hq_plus_f,HQ + F,total_groups_6,6 total groups,full_route,HQ + F,F_evidence_support_rating,industry_pivot_count,0.0,48,48
competition,hq_plus_f,HQ + F,total_groups_6,6 total groups,full_route,HQ + F,F_evidence_support_rating,industry_prestige_penalty,0.0,48,48
competition,hq_plus_f,HQ + F,total_groups_6,6 total groups,full_route,HQ + F,F_evidence_support_rating,is_serial_founder,0.0,48,48
competition,hq_plus_f,HQ + F,total_groups_6,6 total groups,full_route,HQ + F,F_evidence_support_rating,longest_founding_tenure,0.0,48,48
competition,hq_plus_f,HQ + F,total_groups_6,6 total groups,full_route,HQ + F,F_evidence_support_rating,max_company_size_before_founding,0.0,48,48
competition,hq_plus_f,HQ + F,total_groups_6,6 total groups,full_route,HQ + F,F_evidence_support_rating,max_seniority_reached,0.0,48,48
competition,hq_plus_f,HQ + F,total_groups_6,6 total groups,full_route,HQ + F,F_evidence_support_rating,persistence_score,0.0,48,48
competition,hq_plus_f,HQ + F,total_groups_6,6 total groups,full_route,HQ + F,F_evidence_support_rating,prestige_sacrifice_score,0.0,48,48
competition,hq_plus_f,HQ + F,total_groups_6,6 total groups,full_route,HQ + F,F_evidence_support_rating,prestige_x_relevance,0.0,48,48
competition,hq_plus_f,HQ + F,total_groups_6,6 total groups,full_route,HQ + F,F_evidence_support_rating,repeat_founding_gap,0.0,48,48
competition,hq_plus_f,HQ + F,total_groups_6,6 total groups,full_route,HQ + F,F_evidence_support_rating,restlessness_score,0.0,48,48
competition,hq_plus_f,HQ + F,total_groups_6,6 total groups,full_route,HQ + F,F_evidence_support_rating,sacrifice_x_serial,0.0,48,48
competition,hq_plus_f,HQ + F,total_groups_6,6 total groups,full_route,HQ + F,F_evidence_support_rating,seniority_is_monotone,0.0,48,48
competition,hq_plus_f,HQ + F,total_groups_6,6 total groups,full_route,HQ + F,F_evidence_support_rating,stem_flag,0.0,48,48
competition,hq_plus_f,HQ + F,total_groups_6,6 total groups,full_route,HQ + F,F_evidence_support_rating,total_inferred_experience,0.0,48,48
competition,hq_plus_f,HQ + F,total_groups_6,6 total groups,full_route,HQ + F,F_evidence_support_rating,years_in_large_company,0.0,48,48
competition,hq_plus_f,HQ + F,total_groups_6,6 total groups,full_route,HQ + F,F_ownership_signal,F_rubric_score,1.0,48,48
competition,hq_plus_f,HQ + F,total_groups_6,6 total groups,full_route,HQ + F,F_ownership_signal,F_scrappiness,1.0,48,48
competition,hq_plus_f,HQ + F,total_groups_6,6 total groups,full_route,HQ + F,F_ownership_signal,F_trajectory_strength,1.0,48,48
competition,hq_plus_f,HQ + F,total_groups_6,6 total groups,full_route,HQ + F,F_ownership_signal,best_degree_prestige,0.0,48,48
competition,hq_plus_f,HQ + F,total_groups_6,6 total groups,full_route,HQ + F,F_ownership_signal,comfort_index,0.0,48,48
competition,hq_plus_f,HQ + F,total_groups_6,6 total groups,full_route,HQ + F,F_ownership_signal,company_size_is_growing,0.0,48,48
competition,hq_plus_f,HQ + F,total_groups_6,6 total groups,full_route,HQ + F,F_ownership_signal,degree_level,0.0,48,48
competition,hq_plus_f,HQ + F,total_groups_6,6 total groups,full_route,HQ + F,F_ownership_signal,edu_prestige_tier,0.0,48,48
competition,hq_plus_f,HQ + F,total_groups_6,6 total groups,full_route,HQ + F,F_ownership_signal,exit_count,0.0,48,48
competition,hq_plus_f,HQ + F,total_groups_6,6 total groups,full_route,HQ + F,F_ownership_signal,exit_x_serial,0.0,48,48
competition,hq_plus_f,HQ + F,total_groups_6,6 total groups,full_route,HQ + F,F_ownership_signal,field_relevance_score,0.0,48,48
competition,hq_plus_f,HQ + F,total_groups_6,6 total groups,full_route,HQ + F,F_ownership_signal,founding_role_count,0.0,48,48
competition,hq_plus_f,HQ + F,total_groups_6,6 total groups,full_route,HQ + F,F_ownership_signal,founding_timing,0.0,48,48
competition,hq_plus_f,HQ + F,total_groups_6,6 total groups,full_route,HQ + F,F_ownership_signal,has_prior_acquisition,0.0,48,48
competition,hq_plus_f,HQ + F,total_groups_6,6 total groups,full_route,HQ + F,F_ownership_signal,has_prior_ipo,0.0,48,48
competition,hq_plus_f,HQ + F,total_groups_6,6 total groups,full_route,HQ + F,F_ownership_signal,industry_alignment,0.0,48,48
competition,hq_plus_f,HQ + F,total_groups_6,6 total groups,full_route,HQ + F,F_ownership_signal,industry_pivot_count,0.0,48,48
competition,hq_plus_f,HQ + F,total_groups_6,6 total groups,full_route,HQ + F,F_ownership_signal,industry_prestige_penalty,0.0,48,48
competition,hq_plus_f,HQ + F,total_groups_6,6 total groups,full_route,HQ + F,F_ownership_signal,is_serial_founder,0.0,48,48
competition,hq_plus_f,HQ + F,total_groups_6,6 total groups,full_route,HQ + F,F_ownership_signal,longest_founding_tenure,0.0,48,48
competition,hq_plus_f,HQ + F,total_groups_6,6 total groups,full_route,HQ + F,F_ownership_signal,max_company_size_before_founding,0.0,48,48
competition,hq_plus_f,HQ + F,total_groups_6,6 total groups,full_route,HQ + F,F_ownership_signal,max_seniority_reached,0.0,48,48
competition,hq_plus_f,HQ + F,total_groups_6,6 total groups,full_route,HQ + F,F_ownership_signal,persistence_score,0.0,48,48
competition,hq_plus_f,HQ + F,total_groups_6,6 total groups,full_route,HQ + F,F_ownership_signal,prestige_sacrifice_score,0.0,48,48
competition,hq_plus_f,HQ + F,total_groups_6,6 total groups,full_route,HQ + F,F_ownership_signal,prestige_x_relevance,0.0,48,48
competition,hq_plus_f,HQ + F,total_groups_6,6 total groups,full_route,HQ + F,F_ownership_signal,repeat_founding_gap,0.0,48,48
competition,hq_plus_f,HQ + F,total_groups_6,6 total groups,full_route,HQ + F,F_ownership_signal,restlessness_score,0.0,48,48
competition,hq_plus_f,HQ + F,total_groups_6,6 total groups,full_route,HQ + F,F_ownership_signal,sacrifice_x_serial,0.0,48,48
competition,hq_plus_f,HQ + F,total_groups_6,6 total groups,full_route,HQ + F,F_ownership_signal,seniority_is_monotone,0.0,48,48
competition,hq_plus_f,HQ + F,total_groups_6,6 total groups,full_route,HQ + F,F_ownership_signal,stem_flag,0.0,48,48
competition,hq_plus_f,HQ + F,total_groups_6,6 total groups,full_route,HQ + F,F_ownership_signal,total_inferred_experience,0.0,48,48
competition,hq_plus_f,HQ + F,total_groups_6,6 total groups,full_route,HQ + F,F_ownership_signal,years_in_large_company,0.0,48,48
competition,hq_plus_f,HQ + F,total_groups_6,6 total groups,full_route,HQ + F,F_rubric_score,F_scrappiness,1.0,48,48
competition,hq_plus_f,HQ + F,total_groups_6,6 total groups,full_route,HQ + F,F_rubric_score,F_trajectory_strength,1.0,48,48
competition,hq_plus_f,HQ + F,total_groups_6,6 total groups,full_route,HQ + F,F_rubric_score,best_degree_prestige,0.0,48,48
competition,hq_plus_f,HQ + F,total_groups_6,6 total groups,full_route,HQ + F,F_rubric_score,comfort_index,0.0,48,48
competition,hq_plus_f,HQ + F,total_groups_6,6 total groups,full_route,HQ + F,F_rubric_score,company_size_is_growing,0.0,48,48
competition,hq_plus_f,HQ + F,total_groups_6,6 total groups,full_route,HQ + F,F_rubric_score,degree_level,0.0,48,48
competition,hq_plus_f,HQ + F,total_groups_6,6 total groups,full_route,HQ + F,F_rubric_score,edu_prestige_tier,0.0,48,48
competition,hq_plus_f,HQ + F,total_groups_6,6 total groups,full_route,HQ + F,F_rubric_score,exit_count,0.0,48,48
competition,hq_plus_f,HQ + F,total_groups_6,6 total groups,full_route,HQ + F,F_rubric_score,exit_x_serial,0.0,48,48
competition,hq_plus_f,HQ + F,total_groups_6,6 total groups,full_route,HQ + F,F_rubric_score,field_relevance_score,0.0,48,48
competition,hq_plus_f,HQ + F,total_groups_6,6 total groups,full_route,HQ + F,F_rubric_score,founding_role_count,0.0,48,48
competition,hq_plus_f,HQ + F,total_groups_6,6 total groups,full_route,HQ + F,F_rubric_score,founding_timing,0.0,48,48
competition,hq_plus_f,HQ + F,total_groups_6,6 total groups,full_route,HQ + F,F_rubric_score,has_prior_acquisition,0.0,48,48
competition,hq_plus_f,HQ + F,total_groups_6,6 total groups,full_route,HQ + F,F_rubric_score,has_prior_ipo,0.0,48,48
competition,hq_plus_f,HQ + F,total_groups_6,6 total groups,full_route,HQ + F,F_rubric_score,industry_alignment,0.0,48,48
competition,hq_plus_f,HQ + F,total_groups_6,6 total groups,full_route,HQ + F,F_rubric_score,industry_pivot_count,0.0,48,48
competition,hq_plus_f,HQ + F,total_groups_6,6 total groups,full_route,HQ + F,F_rubric_score,industry_prestige_penalty,0.0,48,48
competition,hq_plus_f,HQ + F,total_groups_6,6 total groups,full_route,HQ + F,F_rubric_score,is_serial_founder,0.0,48,48
competition,hq_plus_f,HQ + F,total_groups_6,6 total groups,full_route,HQ + F,F_rubric_score,longest_founding_tenure,0.0,48,48
competition,hq_plus_f,HQ + F,total_groups_6,6 total groups,full_route,HQ + F,F_rubric_score,max_company_size_before_founding,0.0,48,48
competition,hq_plus_f,HQ + F,total_groups_6,6 total groups,full_route,HQ + F,F_rubric_score,max_seniority_reached,0.0,48,48
competition,hq_plus_f,HQ + F,total_groups_6,6 total groups,full_route,HQ + F,F_rubric_score,persistence_score,0.0,48,48
competition,hq_plus_f,HQ + F,total_groups_6,6 total groups,full_route,HQ + F,F_rubric_score,prestige_sacrifice_score,0.0,48,48
competition,hq_plus_f,HQ + F,total_groups_6,6 total groups,full_route,HQ + F,F_rubric_score,prestige_x_relevance,0.0,48,48
competition,hq_plus_f,HQ + F,total_groups_6,6 total groups,full_route,HQ + F,F_rubric_score,repeat_founding_gap,0.0,48,48
competition,hq_plus_f,HQ + F,total_groups_6,6 total groups,full_route,HQ + F,F_rubric_score,restlessness_score,0.0,48,48
competition,hq_plus_f,HQ + F,total_groups_6,6 total groups,full_route,HQ + F,F_rubric_score,sacrifice_x_serial,0.0,48,48
competition,hq_plus_f,HQ + F,total_groups_6,6 total groups,full_route,HQ + F,F_rubric_score,seniority_is_monotone,0.0,48,48
competition,hq_plus_f,HQ + F,total_groups_6,6 total groups,full_route,HQ + F,F_rubric_score,stem_flag,0.0,48,48
competition,hq_plus_f,HQ + F,total_groups_6,6 total groups,full_route,HQ + F,F_rubric_score,total_inferred_experience,0.0,48,48
competition,hq_plus_f,HQ + F,total_groups_6,6 total groups,full_route,HQ + F,F_rubric_score,years_in_large_company,0.0,48,48
competition,hq_plus_f,HQ + F,total_groups_6,6 total groups,full_route,HQ + F,F_scrappiness,F_trajectory_strength,1.0,48,48
competition,hq_plus_f,HQ + F,total_groups_6,6 total groups,full_route,HQ + F,F_scrappiness,best_degree_prestige,0.0,48,48
competition,hq_plus_f,HQ + F,total_groups_6,6 total groups,full_route,HQ + F,F_scrappiness,comfort_index,0.0,48,48
competition,hq_plus_f,HQ + F,total_groups_6,6 total groups,full_route,HQ + F,F_scrappiness,company_size_is_growing,0.0,48,48
competition,hq_plus_f,HQ + F,total_groups_6,6 total groups,full_route,HQ + F,F_scrappiness,degree_level,0.0,48,48
competition,hq_plus_f,HQ + F,total_groups_6,6 total groups,full_route,HQ + F,F_scrappiness,edu_prestige_tier,0.0,48,48
competition,hq_plus_f,HQ + F,total_groups_6,6 total groups,full_route,HQ + F,F_scrappiness,exit_count,0.0,48,48
competition,hq_plus_f,HQ + F,total_groups_6,6 total groups,full_route,HQ + F,F_scrappiness,exit_x_serial,0.0,48,48
competition,hq_plus_f,HQ + F,total_groups_6,6 total groups,full_route,HQ + F,F_scrappiness,field_relevance_score,0.0,48,48
competition,hq_plus_f,HQ + F,total_groups_6,6 total groups,full_route,HQ + F,F_scrappiness,founding_role_count,0.0,48,48
competition,hq_plus_f,HQ + F,total_groups_6,6 total groups,full_route,HQ + F,F_scrappiness,founding_timing,0.0,48,48
competition,hq_plus_f,HQ + F,total_groups_6,6 total groups,full_route,HQ + F,F_scrappiness,has_prior_acquisition,0.0,48,48
competition,hq_plus_f,HQ + F,total_groups_6,6 total groups,full_route,HQ + F,F_scrappiness,has_prior_ipo,0.0,48,48
competition,hq_plus_f,HQ + F,total_groups_6,6 total groups,full_route,HQ + F,F_scrappiness,industry_alignment,0.0,48,48
competition,hq_plus_f,HQ + F,total_groups_6,6 total groups,full_route,HQ + F,F_scrappiness,industry_pivot_count,0.0,48,48
competition,hq_plus_f,HQ + F,total_groups_6,6 total groups,full_route,HQ + F,F_scrappiness,industry_prestige_penalty,0.0,48,48
competition,hq_plus_f,HQ + F,total_groups_6,6 total groups,full_route,HQ + F,F_scrappiness,is_serial_founder,0.0,48,48
competition,hq_plus_f,HQ + F,total_groups_6,6 total groups,full_route,HQ + F,F_scrappiness,longest_founding_tenure,0.0,48,48
competition,hq_plus_f,HQ + F,total_groups_6,6 total groups,full_route,HQ + F,F_scrappiness,max_company_size_before_founding,0.0,48,48
competition,hq_plus_f,HQ + F,total_groups_6,6 total groups,full_route,HQ + F,F_scrappiness,max_seniority_reached,0.0,48,48
competition,hq_plus_f,HQ + F,total_groups_6,6 total groups,full_route,HQ + F,F_scrappiness,persistence_score,0.0,48,48
competition,hq_plus_f,HQ + F,total_groups_6,6 total groups,full_route,HQ + F,F_scrappiness,prestige_sacrifice_score,0.0,48,48
competition,hq_plus_f,HQ + F,total_groups_6,6 total groups,full_route,HQ + F,F_scrappiness,prestige_x_relevance,0.0,48,48
competition,hq_plus_f,HQ + F,total_groups_6,6 total groups,full_route,HQ + F,F_scrappiness,repeat_founding_gap,0.0,48,48
competition,hq_plus_f,HQ + F,total_groups_6,6 total groups,full_route,HQ + F,F_scrappiness,restlessness_score,0.0,48,48
competition,hq_plus_f,HQ + F,total_groups_6,6 total groups,full_route,HQ + F,F_scrappiness,sacrifice_x_serial,0.0,48,48
competition,hq_plus_f,HQ + F,total_groups_6,6 total groups,full_route,HQ + F,F_scrappiness,seniority_is_monotone,0.0,48,48
competition,hq_plus_f,HQ + F,total_groups_6,6 total groups,full_route,HQ + F,F_scrappiness,stem_flag,0.0,48,48
competition,hq_plus_f,HQ + F,total_groups_6,6 total groups,full_route,HQ + F,F_scrappiness,total_inferred_experience,0.0,48,48
competition,hq_plus_f,HQ + F,total_groups_6,6 total groups,full_route,HQ + F,F_scrappiness,years_in_large_company,0.0,48,48
competition,hq_plus_f,HQ + F,total_groups_6,6 total groups,full_route,HQ + F,F_trajectory_strength,best_degree_prestige,0.0,48,48
competition,hq_plus_f,HQ + F,total_groups_6,6 total groups,full_route,HQ + F,F_trajectory_strength,comfort_index,0.0,48,48
competition,hq_plus_f,HQ + F,total_groups_6,6 total groups,full_route,HQ + F,F_trajectory_strength,company_size_is_growing,0.0,48,48
competition,hq_plus_f,HQ + F,total_groups_6,6 total groups,full_route,HQ + F,F_trajectory_strength,degree_level,0.0,48,48
competition,hq_plus_f,HQ + F,total_groups_6,6 total groups,full_route,HQ + F,F_trajectory_strength,edu_prestige_tier,0.0,48,48
competition,hq_plus_f,HQ + F,total_groups_6,6 total groups,full_route,HQ + F,F_trajectory_strength,exit_count,0.0,48,48
competition,hq_plus_f,HQ + F,total_groups_6,6 total groups,full_route,HQ + F,F_trajectory_strength,exit_x_serial,0.0,48,48
competition,hq_plus_f,HQ + F,total_groups_6,6 total groups,full_route,HQ + F,F_trajectory_strength,field_relevance_score,0.0,48,48
competition,hq_plus_f,HQ + F,total_groups_6,6 total groups,full_route,HQ + F,F_trajectory_strength,founding_role_count,0.0,48,48
competition,hq_plus_f,HQ + F,total_groups_6,6 total groups,full_route,HQ + F,F_trajectory_strength,founding_timing,0.0,48,48
competition,hq_plus_f,HQ + F,total_groups_6,6 total groups,full_route,HQ + F,F_trajectory_strength,has_prior_acquisition,0.0,48,48
competition,hq_plus_f,HQ + F,total_groups_6,6 total groups,full_route,HQ + F,F_trajectory_strength,has_prior_ipo,0.0,48,48
competition,hq_plus_f,HQ + F,total_groups_6,6 total groups,full_route,HQ + F,F_trajectory_strength,industry_alignment,0.0,48,48
competition,hq_plus_f,HQ + F,total_groups_6,6 total groups,full_route,HQ + F,F_trajectory_strength,industry_pivot_count,0.0,48,48
competition,hq_plus_f,HQ + F,total_groups_6,6 total groups,full_route,HQ + F,F_trajectory_strength,industry_prestige_penalty,0.0,48,48
competition,hq_plus_f,HQ + F,total_groups_6,6 total groups,full_route,HQ + F,F_trajectory_strength,is_serial_founder,0.0,48,48
competition,hq_plus_f,HQ + F,total_groups_6,6 total groups,full_route,HQ + F,F_trajectory_strength,longest_founding_tenure,0.0,48,48
competition,hq_plus_f,HQ + F,total_groups_6,6 total groups,full_route,HQ + F,F_trajectory_strength,max_company_size_before_founding,0.0,48,48
competition,hq_plus_f,HQ + F,total_groups_6,6 total groups,full_route,HQ + F,F_trajectory_strength,max_seniority_reached,0.0,48,48
competition,hq_plus_f,HQ + F,total_groups_6,6 total groups,full_route,HQ + F,F_trajectory_strength,persistence_score,0.0,48,48
competition,hq_plus_f,HQ + F,total_groups_6,6 total groups,full_route,HQ + F,F_trajectory_strength,prestige_sacrifice_score,0.0,48,48
competition,hq_plus_f,HQ + F,total_groups_6,6 total groups,full_route,HQ + F,F_trajectory_strength,prestige_x_relevance,0.0,48,48
competition,hq_plus_f,HQ + F,total_groups_6,6 total groups,full_route,HQ + F,F_trajectory_strength,repeat_founding_gap,0.0,48,48
competition,hq_plus_f,HQ + F,total_groups_6,6 total groups,full_route,HQ + F,F_trajectory_strength,restlessness_score,0.0,48,48
competition,hq_plus_f,HQ + F,total_groups_6,6 total groups,full_route,HQ + F,F_trajectory_strength,sacrifice_x_serial,0.0,48,48
competition,hq_plus_f,HQ + F,total_groups_6,6 total groups,full_route,HQ + F,F_trajectory_strength,seniority_is_monotone,0.0,48,48
competition,hq_plus_f,HQ + F,total_groups_6,6 total groups,full_route,HQ + F,F_trajectory_strength,stem_flag,0.0,48,48
competition,hq_plus_f,HQ + F,total_groups_6,6 total groups,full_route,HQ + F,F_trajectory_strength,total_inferred_experience,0.0,48,48
competition,hq_plus_f,HQ + F,total_groups_6,6 total groups,full_route,HQ + F,F_trajectory_strength,years_in_large_company,0.0,48,48
competition,hq_plus_f,HQ + F,total_groups_6,6 total groups,full_route,HQ + F,best_degree_prestige,comfort_index,0.0,48,48
competition,hq_plus_f,HQ + F,total_groups_6,6 total groups,full_route,HQ + F,best_degree_prestige,company_size_is_growing,0.0,48,48
competition,hq_plus_f,HQ + F,total_groups_6,6 total groups,full_route,HQ + F,best_degree_prestige,degree_level,1.0,48,48
competition,hq_plus_f,HQ + F,total_groups_6,6 total groups,full_route,HQ + F,best_degree_prestige,edu_prestige_tier,1.0,48,48
competition,hq_plus_f,HQ + F,total_groups_6,6 total groups,full_route,HQ + F,best_degree_prestige,exit_count,0.0,48,48
competition,hq_plus_f,HQ + F,total_groups_6,6 total groups,full_route,HQ + F,best_degree_prestige,exit_x_serial,0.0,48,48
competition,hq_plus_f,HQ + F,total_groups_6,6 total groups,full_route,HQ + F,best_degree_prestige,field_relevance_score,1.0,48,48
competition,hq_plus_f,HQ + F,total_groups_6,6 total groups,full_route,HQ + F,best_degree_prestige,founding_role_count,0.0,48,48
competition,hq_plus_f,HQ + F,total_groups_6,6 total groups,full_route,HQ + F,best_degree_prestige,founding_timing,0.0,48,48
competition,hq_plus_f,HQ + F,total_groups_6,6 total groups,full_route,HQ + F,best_degree_prestige,has_prior_acquisition,0.0,48,48
competition,hq_plus_f,HQ + F,total_groups_6,6 total groups,full_route,HQ + F,best_degree_prestige,has_prior_ipo,0.0,48,48
competition,hq_plus_f,HQ + F,total_groups_6,6 total groups,full_route,HQ + F,best_degree_prestige,industry_alignment,0.0,48,48
competition,hq_plus_f,HQ + F,total_groups_6,6 total groups,full_route,HQ + F,best_degree_prestige,industry_pivot_count,0.0,48,48
competition,hq_plus_f,HQ + F,total_groups_6,6 total groups,full_route,HQ + F,best_degree_prestige,industry_prestige_penalty,1.0,48,48
competition,hq_plus_f,HQ + F,total_groups_6,6 total groups,full_route,HQ + F,best_degree_prestige,is_serial_founder,0.0,48,48
competition,hq_plus_f,HQ + F,total_groups_6,6 total groups,full_route,HQ + F,best_degree_prestige,longest_founding_tenure,0.0,48,48
competition,hq_plus_f,HQ + F,total_groups_6,6 total groups,full_route,HQ + F,best_degree_prestige,max_company_size_before_founding,0.0,48,48
competition,hq_plus_f,HQ + F,total_groups_6,6 total groups,full_route,HQ + F,best_degree_prestige,max_seniority_reached,0.0,48,48
competition,hq_plus_f,HQ + F,total_groups_6,6 total groups,full_route,HQ + F,best_degree_prestige,persistence_score,0.0,48,48
competition,hq_plus_f,HQ + F,total_groups_6,6 total groups,full_route,HQ + F,best_degree_prestige,prestige_sacrifice_score,0.0,48,48
competition,hq_plus_f,HQ + F,total_groups_6,6 total groups,full_route,HQ + F,best_degree_prestige,prestige_x_relevance,1.0,48,48
competition,hq_plus_f,HQ + F,total_groups_6,6 total groups,full_route,HQ + F,best_degree_prestige,repeat_founding_gap,0.0,48,48
competition,hq_plus_f,HQ + F,total_groups_6,6 total groups,full_route,HQ + F,best_degree_prestige,restlessness_score,0.0,48,48
competition,hq_plus_f,HQ + F,total_groups_6,6 total groups,full_route,HQ + F,best_degree_prestige,sacrifice_x_serial,0.0,48,48
competition,hq_plus_f,HQ + F,total_groups_6,6 total groups,full_route,HQ + F,best_degree_prestige,seniority_is_monotone,0.0,48,48
competition,hq_plus_f,HQ + F,total_groups_6,6 total groups,full_route,HQ + F,best_degree_prestige,stem_flag,1.0,48,48
competition,hq_plus_f,HQ + F,total_groups_6,6 total groups,full_route,HQ + F,best_degree_prestige,total_inferred_experience,0.0,48,48
competition,hq_plus_f,HQ + F,total_groups_6,6 total groups,full_route,HQ + F,best_degree_prestige,years_in_large_company,0.0,48,48
competition,hq_plus_f,HQ + F,total_groups_6,6 total groups,full_route,HQ + F,comfort_index,company_size_is_growing,0.0,48,48
competition,hq_plus_f,HQ + F,total_groups_6,6 total groups,full_route,HQ + F,comfort_index,degree_level,0.0,48,48
competition,hq_plus_f,HQ + F,total_groups_6,6 total groups,full_route,HQ + F,comfort_index,edu_prestige_tier,0.0,48,48
competition,hq_plus_f,HQ + F,total_groups_6,6 total groups,full_route,HQ + F,comfort_index,exit_count,0.0,48,48
competition,hq_plus_f,HQ + F,total_groups_6,6 total groups,full_route,HQ + F,comfort_index,exit_x_serial,0.0,48,48
competition,hq_plus_f,HQ + F,total_groups_6,6 total groups,full_route,HQ + F,comfort_index,field_relevance_score,0.0,48,48
competition,hq_plus_f,HQ + F,total_groups_6,6 total groups,full_route,HQ + F,comfort_index,founding_role_count,0.0,48,48
competition,hq_plus_f,HQ + F,total_groups_6,6 total groups,full_route,HQ + F,comfort_index,founding_timing,0.0,48,48
competition,hq_plus_f,HQ + F,total_groups_6,6 total groups,full_route,HQ + F,comfort_index,has_prior_acquisition,0.0,48,48
competition,hq_plus_f,HQ + F,total_groups_6,6 total groups,full_route,HQ + F,comfort_index,has_prior_ipo,0.0,48,48
competition,hq_plus_f,HQ + F,total_groups_6,6 total groups,full_route,HQ + F,comfort_index,industry_alignment,0.0,48,48
competition,hq_plus_f,HQ + F,total_groups_6,6 total groups,full_route,HQ + F,comfort_index,industry_pivot_count,0.0,48,48
competition,hq_plus_f,HQ + F,total_groups_6,6 total groups,full_route,HQ + F,comfort_index,industry_prestige_penalty,0.0,48,48
competition,hq_plus_f,HQ + F,total_groups_6,6 total groups,full_route,HQ + F,comfort_index,is_serial_founder,0.0,48,48
competition,hq_plus_f,HQ + F,total_groups_6,6 total groups,full_route,HQ + F,comfort_index,longest_founding_tenure,0.0,48,48
competition,hq_plus_f,HQ + F,total_groups_6,6 total groups,full_route,HQ + F,comfort_index,max_company_size_before_founding,0.0,48,48
competition,hq_plus_f,HQ + F,total_groups_6,6 total groups,full_route,HQ + F,comfort_index,max_seniority_reached,0.0,48,48
competition,hq_plus_f,HQ + F,total_groups_6,6 total groups,full_route,HQ + F,comfort_index,persistence_score,0.0,48,48
competition,hq_plus_f,HQ + F,total_groups_6,6 total groups,full_route,HQ + F,comfort_index,prestige_sacrifice_score,0.0,48,48
competition,hq_plus_f,HQ + F,total_groups_6,6 total groups,full_route,HQ + F,comfort_index,prestige_x_relevance,0.0,48,48
competition,hq_plus_f,HQ + F,total_groups_6,6 total groups,full_route,HQ + F,comfort_index,repeat_founding_gap,0.0,48,48
competition,hq_plus_f,HQ + F,total_groups_6,6 total groups,full_route,HQ + F,comfort_index,restlessness_score,0.0,48,48
competition,hq_plus_f,HQ + F,total_groups_6,6 total groups,full_route,HQ + F,comfort_index,sacrifice_x_serial,0.0,48,48
competition,hq_plus_f,HQ + F,total_groups_6,6 total groups,full_route,HQ + F,comfort_index,seniority_is_monotone,0.0,48,48
competition,hq_plus_f,HQ + F,total_groups_6,6 total groups,full_route,HQ + F,comfort_index,stem_flag,0.0,48,48
competition,hq_plus_f,HQ + F,total_groups_6,6 total groups,full_route,HQ + F,comfort_index,total_inferred_experience,0.0,48,48
competition,hq_plus_f,HQ + F,total_groups_6,6 total groups,full_route,HQ + F,comfort_index,years_in_large_company,0.0,48,48
competition,hq_plus_f,HQ + F,total_groups_6,6 total groups,full_route,HQ + F,company_size_is_growing,degree_level,0.0,48,48
competition,hq_plus_f,HQ + F,total_groups_6,6 total groups,full_route,HQ + F,company_size_is_growing,edu_prestige_tier,0.0,48,48
competition,hq_plus_f,HQ + F,total_groups_6,6 total groups,full_route,HQ + F,company_size_is_growing,exit_count,0.0,48,48
competition,hq_plus_f,HQ + F,total_groups_6,6 total groups,full_route,HQ + F,company_size_is_growing,exit_x_serial,0.0,48,48
competition,hq_plus_f,HQ + F,total_groups_6,6 total groups,full_route,HQ + F,company_size_is_growing,field_relevance_score,0.0,48,48
competition,hq_plus_f,HQ + F,total_groups_6,6 total groups,full_route,HQ + F,company_size_is_growing,founding_role_count,1.0,48,48
competition,hq_plus_f,HQ + F,total_groups_6,6 total groups,full_route,HQ + F,company_size_is_growing,founding_timing,1.0,48,48
competition,hq_plus_f,HQ + F,total_groups_6,6 total groups,full_route,HQ + F,company_size_is_growing,has_prior_acquisition,0.0,48,48
competition,hq_plus_f,HQ + F,total_groups_6,6 total groups,full_route,HQ + F,company_size_is_growing,has_prior_ipo,0.0,48,48
competition,hq_plus_f,HQ + F,total_groups_6,6 total groups,full_route,HQ + F,company_size_is_growing,industry_alignment,1.0,48,48
competition,hq_plus_f,HQ + F,total_groups_6,6 total groups,full_route,HQ + F,company_size_is_growing,industry_pivot_count,1.0,48,48
competition,hq_plus_f,HQ + F,total_groups_6,6 total groups,full_route,HQ + F,company_size_is_growing,industry_prestige_penalty,0.0,48,48
competition,hq_plus_f,HQ + F,total_groups_6,6 total groups,full_route,HQ + F,company_size_is_growing,is_serial_founder,1.0,48,48
competition,hq_plus_f,HQ + F,total_groups_6,6 total groups,full_route,HQ + F,company_size_is_growing,longest_founding_tenure,1.0,48,48
competition,hq_plus_f,HQ + F,total_groups_6,6 total groups,full_route,HQ + F,company_size_is_growing,max_company_size_before_founding,1.0,48,48
competition,hq_plus_f,HQ + F,total_groups_6,6 total groups,full_route,HQ + F,company_size_is_growing,max_seniority_reached,1.0,48,48
competition,hq_plus_f,HQ + F,total_groups_6,6 total groups,full_route,HQ + F,company_size_is_growing,persistence_score,1.0,48,48
competition,hq_plus_f,HQ + F,total_groups_6,6 total groups,full_route,HQ + F,company_size_is_growing,prestige_sacrifice_score,1.0,48,48
competition,hq_plus_f,HQ + F,total_groups_6,6 total groups,full_route,HQ + F,company_size_is_growing,prestige_x_relevance,0.0,48,48
competition,hq_plus_f,HQ + F,total_groups_6,6 total groups,full_route,HQ + F,company_size_is_growing,repeat_founding_gap,0.0,48,48
competition,hq_plus_f,HQ + F,total_groups_6,6 total groups,full_route,HQ + F,company_size_is_growing,restlessness_score,1.0,48,48
competition,hq_plus_f,HQ + F,total_groups_6,6 total groups,full_route,HQ + F,company_size_is_growing,sacrifice_x_serial,1.0,48,48
competition,hq_plus_f,HQ + F,total_groups_6,6 total groups,full_route,HQ + F,company_size_is_growing,seniority_is_monotone,1.0,48,48
competition,hq_plus_f,HQ + F,total_groups_6,6 total groups,full_route,HQ + F,company_size_is_growing,stem_flag,0.0,48,48
competition,hq_plus_f,HQ + F,total_groups_6,6 total groups,full_route,HQ + F,company_size_is_growing,total_inferred_experience,1.0,48,48
competition,hq_plus_f,HQ + F,total_groups_6,6 total groups,full_route,HQ + F,company_size_is_growing,years_in_large_company,1.0,48,48
competition,hq_plus_f,HQ + F,total_groups_6,6 total groups,full_route,HQ + F,degree_level,edu_prestige_tier,1.0,48,48
competition,hq_plus_f,HQ + F,total_groups_6,6 total groups,full_route,HQ + F,degree_level,exit_count,0.0,48,48
competition,hq_plus_f,HQ + F,total_groups_6,6 total groups,full_route,HQ + F,degree_level,exit_x_serial,0.0,48,48
competition,hq_plus_f,HQ + F,total_groups_6,6 total groups,full_route,HQ + F,degree_level,field_relevance_score,1.0,48,48
competition,hq_plus_f,HQ + F,total_groups_6,6 total groups,full_route,HQ + F,degree_level,founding_role_count,0.0,48,48
competition,hq_plus_f,HQ + F,total_groups_6,6 total groups,full_route,HQ + F,degree_level,founding_timing,0.0,48,48
competition,hq_plus_f,HQ + F,total_groups_6,6 total groups,full_route,HQ + F,degree_level,has_prior_acquisition,0.0,48,48
competition,hq_plus_f,HQ + F,total_groups_6,6 total groups,full_route,HQ + F,degree_level,has_prior_ipo,0.0,48,48
competition,hq_plus_f,HQ + F,total_groups_6,6 total groups,full_route,HQ + F,degree_level,industry_alignment,0.0,48,48
competition,hq_plus_f,HQ + F,total_groups_6,6 total groups,full_route,HQ + F,degree_level,industry_pivot_count,0.0,48,48
competition,hq_plus_f,HQ + F,total_groups_6,6 total groups,full_route,HQ + F,degree_level,industry_prestige_penalty,1.0,48,48
competition,hq_plus_f,HQ + F,total_groups_6,6 total groups,full_route,HQ + F,degree_level,is_serial_founder,0.0,48,48
competition,hq_plus_f,HQ + F,total_groups_6,6 total groups,full_route,HQ + F,degree_level,longest_founding_tenure,0.0,48,48
competition,hq_plus_f,HQ + F,total_groups_6,6 total groups,full_route,HQ + F,degree_level,max_company_size_before_founding,0.0,48,48
competition,hq_plus_f,HQ + F,total_groups_6,6 total groups,full_route,HQ + F,degree_level,max_seniority_reached,0.0,48,48
competition,hq_plus_f,HQ + F,total_groups_6,6 total groups,full_route,HQ + F,degree_level,persistence_score,0.0,48,48
competition,hq_plus_f,HQ + F,total_groups_6,6 total groups,full_route,HQ + F,degree_level,prestige_sacrifice_score,0.0,48,48
competition,hq_plus_f,HQ + F,total_groups_6,6 total groups,full_route,HQ + F,degree_level,prestige_x_relevance,1.0,48,48
competition,hq_plus_f,HQ + F,total_groups_6,6 total groups,full_route,HQ + F,degree_level,repeat_founding_gap,0.0,48,48
competition,hq_plus_f,HQ + F,total_groups_6,6 total groups,full_route,HQ + F,degree_level,restlessness_score,0.0,48,48
competition,hq_plus_f,HQ + F,total_groups_6,6 total groups,full_route,HQ + F,degree_level,sacrifice_x_serial,0.0,48,48
competition,hq_plus_f,HQ + F,total_groups_6,6 total groups,full_route,HQ + F,degree_level,seniority_is_monotone,0.0,48,48
competition,hq_plus_f,HQ + F,total_groups_6,6 total groups,full_route,HQ + F,degree_level,stem_flag,1.0,48,48
competition,hq_plus_f,HQ + F,total_groups_6,6 total groups,full_route,HQ + F,degree_level,total_inferred_experience,0.0,48,48
competition,hq_plus_f,HQ + F,total_groups_6,6 total groups,full_route,HQ + F,degree_level,years_in_large_company,0.0,48,48
competition,hq_plus_f,HQ + F,total_groups_6,6 total groups,full_route,HQ + F,edu_prestige_tier,exit_count,0.0,48,48
competition,hq_plus_f,HQ + F,total_groups_6,6 total groups,full_route,HQ + F,edu_prestige_tier,exit_x_serial,0.0,48,48
competition,hq_plus_f,HQ + F,total_groups_6,6 total groups,full_route,HQ + F,edu_prestige_tier,field_relevance_score,1.0,48,48
competition,hq_plus_f,HQ + F,total_groups_6,6 total groups,full_route,HQ + F,edu_prestige_tier,founding_role_count,0.0,48,48
competition,hq_plus_f,HQ + F,total_groups_6,6 total groups,full_route,HQ + F,edu_prestige_tier,founding_timing,0.0,48,48
competition,hq_plus_f,HQ + F,total_groups_6,6 total groups,full_route,HQ + F,edu_prestige_tier,has_prior_acquisition,0.0,48,48
competition,hq_plus_f,HQ + F,total_groups_6,6 total groups,full_route,HQ + F,edu_prestige_tier,has_prior_ipo,0.0,48,48
competition,hq_plus_f,HQ + F,total_groups_6,6 total groups,full_route,HQ + F,edu_prestige_tier,industry_alignment,0.0,48,48
competition,hq_plus_f,HQ + F,total_groups_6,6 total groups,full_route,HQ + F,edu_prestige_tier,industry_pivot_count,0.0,48,48
competition,hq_plus_f,HQ + F,total_groups_6,6 total groups,full_route,HQ + F,edu_prestige_tier,industry_prestige_penalty,1.0,48,48
competition,hq_plus_f,HQ + F,total_groups_6,6 total groups,full_route,HQ + F,edu_prestige_tier,is_serial_founder,0.0,48,48
competition,hq_plus_f,HQ + F,total_groups_6,6 total groups,full_route,HQ + F,edu_prestige_tier,longest_founding_tenure,0.0,48,48
competition,hq_plus_f,HQ + F,total_groups_6,6 total groups,full_route,HQ + F,edu_prestige_tier,max_company_size_before_founding,0.0,48,48
competition,hq_plus_f,HQ + F,total_groups_6,6 total groups,full_route,HQ + F,edu_prestige_tier,max_seniority_reached,0.0,48,48
competition,hq_plus_f,HQ + F,total_groups_6,6 total groups,full_route,HQ + F,edu_prestige_tier,persistence_score,0.0,48,48
competition,hq_plus_f,HQ + F,total_groups_6,6 total groups,full_route,HQ + F,edu_prestige_tier,prestige_sacrifice_score,0.0,48,48
competition,hq_plus_f,HQ + F,total_groups_6,6 total groups,full_route,HQ + F,edu_prestige_tier,prestige_x_relevance,1.0,48,48
competition,hq_plus_f,HQ + F,total_groups_6,6 total groups,full_route,HQ + F,edu_prestige_tier,repeat_founding_gap,0.0,48,48
competition,hq_plus_f,HQ + F,total_groups_6,6 total groups,full_route,HQ + F,edu_prestige_tier,restlessness_score,0.0,48,48
competition,hq_plus_f,HQ + F,total_groups_6,6 total groups,full_route,HQ + F,edu_prestige_tier,sacrifice_x_serial,0.0,48,48
competition,hq_plus_f,HQ + F,total_groups_6,6 total groups,full_route,HQ + F,edu_prestige_tier,seniority_is_monotone,0.0,48,48
competition,hq_plus_f,HQ + F,total_groups_6,6 total groups,full_route,HQ + F,edu_prestige_tier,stem_flag,1.0,48,48
competition,hq_plus_f,HQ + F,total_groups_6,6 total groups,full_route,HQ + F,edu_prestige_tier,total_inferred_experience,0.0,48,48
competition,hq_plus_f,HQ + F,total_groups_6,6 total groups,full_route,HQ + F,edu_prestige_tier,years_in_large_company,0.0,48,48
competition,hq_plus_f,HQ + F,total_groups_6,6 total groups,full_route,HQ + F,exit_count,exit_x_serial,1.0,48,48
competition,hq_plus_f,HQ + F,total_groups_6,6 total groups,full_route,HQ + F,exit_count,field_relevance_score,0.0,48,48
competition,hq_plus_f,HQ + F,total_groups_6,6 total groups,full_route,HQ + F,exit_count,founding_role_count,0.0,48,48
competition,hq_plus_f,HQ + F,total_groups_6,6 total groups,full_route,HQ + F,exit_count,founding_timing,0.0,48,48
competition,hq_plus_f,HQ + F,total_groups_6,6 total groups,full_route,HQ + F,exit_count,has_prior_acquisition,1.0,48,48
competition,hq_plus_f,HQ + F,total_groups_6,6 total groups,full_route,HQ + F,exit_count,has_prior_ipo,1.0,48,48
competition,hq_plus_f,HQ + F,total_groups_6,6 total groups,full_route,HQ + F,exit_count,industry_alignment,0.0,48,48
competition,hq_plus_f,HQ + F,total_groups_6,6 total groups,full_route,HQ + F,exit_count,industry_pivot_count,0.0,48,48
competition,hq_plus_f,HQ + F,total_groups_6,6 total groups,full_route,HQ + F,exit_count,industry_prestige_penalty,0.0,48,48
competition,hq_plus_f,HQ + F,total_groups_6,6 total groups,full_route,HQ + F,exit_count,is_serial_founder,0.0,48,48
competition,hq_plus_f,HQ + F,total_groups_6,6 total groups,full_route,HQ + F,exit_count,longest_founding_tenure,0.0,48,48
competition,hq_plus_f,HQ + F,total_groups_6,6 total groups,full_route,HQ + F,exit_count,max_company_size_before_founding,0.0,48,48
competition,hq_plus_f,HQ + F,total_groups_6,6 total groups,full_route,HQ + F,exit_count,max_seniority_reached,0.0,48,48
competition,hq_plus_f,HQ + F,total_groups_6,6 total groups,full_route,HQ + F,exit_count,persistence_score,0.0,48,48
competition,hq_plus_f,HQ + F,total_groups_6,6 total groups,full_route,HQ + F,exit_count,prestige_sacrifice_score,0.0,48,48
competition,hq_plus_f,HQ + F,total_groups_6,6 total groups,full_route,HQ + F,exit_count,prestige_x_relevance,0.0,48,48
competition,hq_plus_f,HQ + F,total_groups_6,6 total groups,full_route,HQ + F,exit_count,repeat_founding_gap,0.0,48,48
competition,hq_plus_f,HQ + F,total_groups_6,6 total groups,full_route,HQ + F,exit_count,restlessness_score,0.0,48,48
competition,hq_plus_f,HQ + F,total_groups_6,6 total groups,full_route,HQ + F,exit_count,sacrifice_x_serial,0.0,48,48
competition,hq_plus_f,HQ + F,total_groups_6,6 total groups,full_route,HQ + F,exit_count,seniority_is_monotone,0.0,48,48
competition,hq_plus_f,HQ + F,total_groups_6,6 total groups,full_route,HQ + F,exit_count,stem_flag,0.0,48,48
competition,hq_plus_f,HQ + F,total_groups_6,6 total groups,full_route,HQ + F,exit_count,total_inferred_experience,0.0,48,48
competition,hq_plus_f,HQ + F,total_groups_6,6 total groups,full_route,HQ + F,exit_count,years_in_large_company,0.0,48,48
competition,hq_plus_f,HQ + F,total_groups_6,6 total groups,full_route,HQ + F,exit_x_serial,field_relevance_score,0.0,48,48
competition,hq_plus_f,HQ + F,total_groups_6,6 total groups,full_route,HQ + F,exit_x_serial,founding_role_count,0.0,48,48
competition,hq_plus_f,HQ + F,total_groups_6,6 total groups,full_route,HQ + F,exit_x_serial,founding_timing,0.0,48,48
competition,hq_plus_f,HQ + F,total_groups_6,6 total groups,full_route,HQ + F,exit_x_serial,has_prior_acquisition,1.0,48,48
competition,hq_plus_f,HQ + F,total_groups_6,6 total groups,full_route,HQ + F,exit_x_serial,has_prior_ipo,1.0,48,48
competition,hq_plus_f,HQ + F,total_groups_6,6 total groups,full_route,HQ + F,exit_x_serial,industry_alignment,0.0,48,48
competition,hq_plus_f,HQ + F,total_groups_6,6 total groups,full_route,HQ + F,exit_x_serial,industry_pivot_count,0.0,48,48
competition,hq_plus_f,HQ + F,total_groups_6,6 total groups,full_route,HQ + F,exit_x_serial,industry_prestige_penalty,0.0,48,48
competition,hq_plus_f,HQ + F,total_groups_6,6 total groups,full_route,HQ + F,exit_x_serial,is_serial_founder,0.0,48,48
competition,hq_plus_f,HQ + F,total_groups_6,6 total groups,full_route,HQ + F,exit_x_serial,longest_founding_tenure,0.0,48,48
competition,hq_plus_f,HQ + F,total_groups_6,6 total groups,full_route,HQ + F,exit_x_serial,max_company_size_before_founding,0.0,48,48
competition,hq_plus_f,HQ + F,total_groups_6,6 total groups,full_route,HQ + F,exit_x_serial,max_seniority_reached,0.0,48,48
competition,hq_plus_f,HQ + F,total_groups_6,6 total groups,full_route,HQ + F,exit_x_serial,persistence_score,0.0,48,48
competition,hq_plus_f,HQ + F,total_groups_6,6 total groups,full_route,HQ + F,exit_x_serial,prestige_sacrifice_score,0.0,48,48
competition,hq_plus_f,HQ + F,total_groups_6,6 total groups,full_route,HQ + F,exit_x_serial,prestige_x_relevance,0.0,48,48
competition,hq_plus_f,HQ + F,total_groups_6,6 total groups,full_route,HQ + F,exit_x_serial,repeat_founding_gap,0.0,48,48
competition,hq_plus_f,HQ + F,total_groups_6,6 total groups,full_route,HQ + F,exit_x_serial,restlessness_score,0.0,48,48
competition,hq_plus_f,HQ + F,total_groups_6,6 total groups,full_route,HQ + F,exit_x_serial,sacrifice_x_serial,0.0,48,48
competition,hq_plus_f,HQ + F,total_groups_6,6 total groups,full_route,HQ + F,exit_x_serial,seniority_is_monotone,0.0,48,48
competition,hq_plus_f,HQ + F,total_groups_6,6 total groups,full_route,HQ + F,exit_x_serial,stem_flag,0.0,48,48
competition,hq_plus_f,HQ + F,total_groups_6,6 total groups,full_route,HQ + F,exit_x_serial,total_inferred_experience,0.0,48,48
competition,hq_plus_f,HQ + F,total_groups_6,6 total groups,full_route,HQ + F,exit_x_serial,years_in_large_company,0.0,48,48
competition,hq_plus_f,HQ + F,total_groups_6,6 total groups,full_route,HQ + F,field_relevance_score,founding_role_count,0.0,48,48
competition,hq_plus_f,HQ + F,total_groups_6,6 total groups,full_route,HQ + F,field_relevance_score,founding_timing,0.0,48,48
competition,hq_plus_f,HQ + F,total_groups_6,6 total groups,full_route,HQ + F,field_relevance_score,has_prior_acquisition,0.0,48,48
competition,hq_plus_f,HQ + F,total_groups_6,6 total groups,full_route,HQ + F,field_relevance_score,has_prior_ipo,0.0,48,48
competition,hq_plus_f,HQ + F,total_groups_6,6 total groups,full_route,HQ + F,field_relevance_score,industry_alignment,0.0,48,48
competition,hq_plus_f,HQ + F,total_groups_6,6 total groups,full_route,HQ + F,field_relevance_score,industry_pivot_count,0.0,48,48
competition,hq_plus_f,HQ + F,total_groups_6,6 total groups,full_route,HQ + F,field_relevance_score,industry_prestige_penalty,1.0,48,48
competition,hq_plus_f,HQ + F,total_groups_6,6 total groups,full_route,HQ + F,field_relevance_score,is_serial_founder,0.0,48,48
competition,hq_plus_f,HQ + F,total_groups_6,6 total groups,full_route,HQ + F,field_relevance_score,longest_founding_tenure,0.0,48,48
competition,hq_plus_f,HQ + F,total_groups_6,6 total groups,full_route,HQ + F,field_relevance_score,max_company_size_before_founding,0.0,48,48
competition,hq_plus_f,HQ + F,total_groups_6,6 total groups,full_route,HQ + F,field_relevance_score,max_seniority_reached,0.0,48,48
competition,hq_plus_f,HQ + F,total_groups_6,6 total groups,full_route,HQ + F,field_relevance_score,persistence_score,0.0,48,48
competition,hq_plus_f,HQ + F,total_groups_6,6 total groups,full_route,HQ + F,field_relevance_score,prestige_sacrifice_score,0.0,48,48
competition,hq_plus_f,HQ + F,total_groups_6,6 total groups,full_route,HQ + F,field_relevance_score,prestige_x_relevance,1.0,48,48
competition,hq_plus_f,HQ + F,total_groups_6,6 total groups,full_route,HQ + F,field_relevance_score,repeat_founding_gap,0.0,48,48
competition,hq_plus_f,HQ + F,total_groups_6,6 total groups,full_route,HQ + F,field_relevance_score,restlessness_score,0.0,48,48
competition,hq_plus_f,HQ + F,total_groups_6,6 total groups,full_route,HQ + F,field_relevance_score,sacrifice_x_serial,0.0,48,48
competition,hq_plus_f,HQ + F,total_groups_6,6 total groups,full_route,HQ + F,field_relevance_score,seniority_is_monotone,0.0,48,48
competition,hq_plus_f,HQ + F,total_groups_6,6 total groups,full_route,HQ + F,field_relevance_score,stem_flag,1.0,48,48
competition,hq_plus_f,HQ + F,total_groups_6,6 total groups,full_route,HQ + F,field_relevance_score,total_inferred_experience,0.0,48,48
competition,hq_plus_f,HQ + F,total_groups_6,6 total groups,full_route,HQ + F,field_relevance_score,years_in_large_company,0.0,48,48
competition,hq_plus_f,HQ + F,total_groups_6,6 total groups,full_route,HQ + F,founding_role_count,founding_timing,1.0,48,48
competition,hq_plus_f,HQ + F,total_groups_6,6 total groups,full_route,HQ + F,founding_role_count,has_prior_acquisition,0.0,48,48
competition,hq_plus_f,HQ + F,total_groups_6,6 total groups,full_route,HQ + F,founding_role_count,has_prior_ipo,0.0,48,48
competition,hq_plus_f,HQ + F,total_groups_6,6 total groups,full_route,HQ + F,founding_role_count,industry_alignment,1.0,48,48
competition,hq_plus_f,HQ + F,total_groups_6,6 total groups,full_route,HQ + F,founding_role_count,industry_pivot_count,1.0,48,48
competition,hq_plus_f,HQ + F,total_groups_6,6 total groups,full_route,HQ + F,founding_role_count,industry_prestige_penalty,0.0,48,48
competition,hq_plus_f,HQ + F,total_groups_6,6 total groups,full_route,HQ + F,founding_role_count,is_serial_founder,1.0,48,48
competition,hq_plus_f,HQ + F,total_groups_6,6 total groups,full_route,HQ + F,founding_role_count,longest_founding_tenure,1.0,48,48
competition,hq_plus_f,HQ + F,total_groups_6,6 total groups,full_route,HQ + F,founding_role_count,max_company_size_before_founding,1.0,48,48
competition,hq_plus_f,HQ + F,total_groups_6,6 total groups,full_route,HQ + F,founding_role_count,max_seniority_reached,1.0,48,48
competition,hq_plus_f,HQ + F,total_groups_6,6 total groups,full_route,HQ + F,founding_role_count,persistence_score,1.0,48,48
competition,hq_plus_f,HQ + F,total_groups_6,6 total groups,full_route,HQ + F,founding_role_count,prestige_sacrifice_score,1.0,48,48
competition,hq_plus_f,HQ + F,total_groups_6,6 total groups,full_route,HQ + F,founding_role_count,prestige_x_relevance,0.0,48,48
competition,hq_plus_f,HQ + F,total_groups_6,6 total groups,full_route,HQ + F,founding_role_count,repeat_founding_gap,0.0,48,48
competition,hq_plus_f,HQ + F,total_groups_6,6 total groups,full_route,HQ + F,founding_role_count,restlessness_score,1.0,48,48
competition,hq_plus_f,HQ + F,total_groups_6,6 total groups,full_route,HQ + F,founding_role_count,sacrifice_x_serial,1.0,48,48
competition,hq_plus_f,HQ + F,total_groups_6,6 total groups,full_route,HQ + F,founding_role_count,seniority_is_monotone,1.0,48,48
competition,hq_plus_f,HQ + F,total_groups_6,6 total groups,full_route,HQ + F,founding_role_count,stem_flag,0.0,48,48
competition,hq_plus_f,HQ + F,total_groups_6,6 total groups,full_route,HQ + F,founding_role_count,total_inferred_experience,1.0,48,48
competition,hq_plus_f,HQ + F,total_groups_6,6 total groups,full_route,HQ + F,founding_role_count,years_in_large_company,1.0,48,48
competition,hq_plus_f,HQ + F,total_groups_6,6 total groups,full_route,HQ + F,founding_timing,has_prior_acquisition,0.0,48,48
competition,hq_plus_f,HQ + F,total_groups_6,6 total groups,full_route,HQ + F,founding_timing,has_prior_ipo,0.0,48,48
competition,hq_plus_f,HQ + F,total_groups_6,6 total groups,full_route,HQ + F,founding_timing,industry_alignment,1.0,48,48
competition,hq_plus_f,HQ + F,total_groups_6,6 total groups,full_route,HQ + F,founding_timing,industry_pivot_count,1.0,48,48
competition,hq_plus_f,HQ + F,total_groups_6,6 total groups,full_route,HQ + F,founding_timing,industry_prestige_penalty,0.0,48,48
competition,hq_plus_f,HQ + F,total_groups_6,6 total groups,full_route,HQ + F,founding_timing,is_serial_founder,1.0,48,48
competition,hq_plus_f,HQ + F,total_groups_6,6 total groups,full_route,HQ + F,founding_timing,longest_founding_tenure,1.0,48,48
competition,hq_plus_f,HQ + F,total_groups_6,6 total groups,full_route,HQ + F,founding_timing,max_company_size_before_founding,1.0,48,48
competition,hq_plus_f,HQ + F,total_groups_6,6 total groups,full_route,HQ + F,founding_timing,max_seniority_reached,1.0,48,48
competition,hq_plus_f,HQ + F,total_groups_6,6 total groups,full_route,HQ + F,founding_timing,persistence_score,1.0,48,48
competition,hq_plus_f,HQ + F,total_groups_6,6 total groups,full_route,HQ + F,founding_timing,prestige_sacrifice_score,1.0,48,48
competition,hq_plus_f,HQ + F,total_groups_6,6 total groups,full_route,HQ + F,founding_timing,prestige_x_relevance,0.0,48,48
competition,hq_plus_f,HQ + F,total_groups_6,6 total groups,full_route,HQ + F,founding_timing,repeat_founding_gap,0.0,48,48
competition,hq_plus_f,HQ + F,total_groups_6,6 total groups,full_route,HQ + F,founding_timing,restlessness_score,1.0,48,48
competition,hq_plus_f,HQ + F,total_groups_6,6 total groups,full_route,HQ + F,founding_timing,sacrifice_x_serial,1.0,48,48
competition,hq_plus_f,HQ + F,total_groups_6,6 total groups,full_route,HQ + F,founding_timing,seniority_is_monotone,1.0,48,48
competition,hq_plus_f,HQ + F,total_groups_6,6 total groups,full_route,HQ + F,founding_timing,stem_flag,0.0,48,48
competition,hq_plus_f,HQ + F,total_groups_6,6 total groups,full_route,HQ + F,founding_timing,total_inferred_experience,1.0,48,48
competition,hq_plus_f,HQ + F,total_groups_6,6 total groups,full_route,HQ + F,founding_timing,years_in_large_company,1.0,48,48
competition,hq_plus_f,HQ + F,total_groups_6,6 total groups,full_route,HQ + F,has_prior_acquisition,has_prior_ipo,1.0,48,48
competition,hq_plus_f,HQ + F,total_groups_6,6 total groups,full_route,HQ + F,has_prior_acquisition,industry_alignment,0.0,48,48
competition,hq_plus_f,HQ + F,total_groups_6,6 total groups,full_route,HQ + F,has_prior_acquisition,industry_pivot_count,0.0,48,48
competition,hq_plus_f,HQ + F,total_groups_6,6 total groups,full_route,HQ + F,has_prior_acquisition,industry_prestige_penalty,0.0,48,48
competition,hq_plus_f,HQ + F,total_groups_6,6 total groups,full_route,HQ + F,has_prior_acquisition,is_serial_founder,0.0,48,48
competition,hq_plus_f,HQ + F,total_groups_6,6 total groups,full_route,HQ + F,has_prior_acquisition,longest_founding_tenure,0.0,48,48
competition,hq_plus_f,HQ + F,total_groups_6,6 total groups,full_route,HQ + F,has_prior_acquisition,max_company_size_before_founding,0.0,48,48
competition,hq_plus_f,HQ + F,total_groups_6,6 total groups,full_route,HQ + F,has_prior_acquisition,max_seniority_reached,0.0,48,48
competition,hq_plus_f,HQ + F,total_groups_6,6 total groups,full_route,HQ + F,has_prior_acquisition,persistence_score,0.0,48,48
competition,hq_plus_f,HQ + F,total_groups_6,6 total groups,full_route,HQ + F,has_prior_acquisition,prestige_sacrifice_score,0.0,48,48
competition,hq_plus_f,HQ + F,total_groups_6,6 total groups,full_route,HQ + F,has_prior_acquisition,prestige_x_relevance,0.0,48,48
competition,hq_plus_f,HQ + F,total_groups_6,6 total groups,full_route,HQ + F,has_prior_acquisition,repeat_founding_gap,0.0,48,48
competition,hq_plus_f,HQ + F,total_groups_6,6 total groups,full_route,HQ + F,has_prior_acquisition,restlessness_score,0.0,48,48
competition,hq_plus_f,HQ + F,total_groups_6,6 total groups,full_route,HQ + F,has_prior_acquisition,sacrifice_x_serial,0.0,48,48
competition,hq_plus_f,HQ + F,total_groups_6,6 total groups,full_route,HQ + F,has_prior_acquisition,seniority_is_monotone,0.0,48,48
competition,hq_plus_f,HQ + F,total_groups_6,6 total groups,full_route,HQ + F,has_prior_acquisition,stem_flag,0.0,48,48
competition,hq_plus_f,HQ + F,total_groups_6,6 total groups,full_route,HQ + F,has_prior_acquisition,total_inferred_experience,0.0,48,48
competition,hq_plus_f,HQ + F,total_groups_6,6 total groups,full_route,HQ + F,has_prior_acquisition,years_in_large_company,0.0,48,48
competition,hq_plus_f,HQ + F,total_groups_6,6 total groups,full_route,HQ + F,has_prior_ipo,industry_alignment,0.0,48,48
competition,hq_plus_f,HQ + F,total_groups_6,6 total groups,full_route,HQ + F,has_prior_ipo,industry_pivot_count,0.0,48,48
competition,hq_plus_f,HQ + F,total_groups_6,6 total groups,full_route,HQ + F,has_prior_ipo,industry_prestige_penalty,0.0,48,48
competition,hq_plus_f,HQ + F,total_groups_6,6 total groups,full_route,HQ + F,has_prior_ipo,is_serial_founder,0.0,48,48
competition,hq_plus_f,HQ + F,total_groups_6,6 total groups,full_route,HQ + F,has_prior_ipo,longest_founding_tenure,0.0,48,48
competition,hq_plus_f,HQ + F,total_groups_6,6 total groups,full_route,HQ + F,has_prior_ipo,max_company_size_before_founding,0.0,48,48
competition,hq_plus_f,HQ + F,total_groups_6,6 total groups,full_route,HQ + F,has_prior_ipo,max_seniority_reached,0.0,48,48
competition,hq_plus_f,HQ + F,total_groups_6,6 total groups,full_route,HQ + F,has_prior_ipo,persistence_score,0.0,48,48
competition,hq_plus_f,HQ + F,total_groups_6,6 total groups,full_route,HQ + F,has_prior_ipo,prestige_sacrifice_score,0.0,48,48
competition,hq_plus_f,HQ + F,total_groups_6,6 total groups,full_route,HQ + F,has_prior_ipo,prestige_x_relevance,0.0,48,48
competition,hq_plus_f,HQ + F,total_groups_6,6 total groups,full_route,HQ + F,has_prior_ipo,repeat_founding_gap,0.0,48,48
competition,hq_plus_f,HQ + F,total_groups_6,6 total groups,full_route,HQ + F,has_prior_ipo,restlessness_score,0.0,48,48
competition,hq_plus_f,HQ + F,total_groups_6,6 total groups,full_route,HQ + F,has_prior_ipo,sacrifice_x_serial,0.0,48,48
competition,hq_plus_f,HQ + F,total_groups_6,6 total groups,full_route,HQ + F,has_prior_ipo,seniority_is_monotone,0.0,48,48
competition,hq_plus_f,HQ + F,total_groups_6,6 total groups,full_route,HQ + F,has_prior_ipo,stem_flag,0.0,48,48
competition,hq_plus_f,HQ + F,total_groups_6,6 total groups,full_route,HQ + F,has_prior_ipo,total_inferred_experience,0.0,48,48
competition,hq_plus_f,HQ + F,total_groups_6,6 total groups,full_route,HQ + F,has_prior_ipo,years_in_large_company,0.0,48,48
competition,hq_plus_f,HQ + F,total_groups_6,6 total groups,full_route,HQ + F,industry_alignment,industry_pivot_count,1.0,48,48
competition,hq_plus_f,HQ + F,total_groups_6,6 total groups,full_route,HQ + F,industry_alignment,industry_prestige_penalty,0.0,48,48
competition,hq_plus_f,HQ + F,total_groups_6,6 total groups,full_route,HQ + F,industry_alignment,is_serial_founder,1.0,48,48
competition,hq_plus_f,HQ + F,total_groups_6,6 total groups,full_route,HQ + F,industry_alignment,longest_founding_tenure,1.0,48,48
competition,hq_plus_f,HQ + F,total_groups_6,6 total groups,full_route,HQ + F,industry_alignment,max_company_size_before_founding,1.0,48,48
competition,hq_plus_f,HQ + F,total_groups_6,6 total groups,full_route,HQ + F,industry_alignment,max_seniority_reached,1.0,48,48
competition,hq_plus_f,HQ + F,total_groups_6,6 total groups,full_route,HQ + F,industry_alignment,persistence_score,1.0,48,48
competition,hq_plus_f,HQ + F,total_groups_6,6 total groups,full_route,HQ + F,industry_alignment,prestige_sacrifice_score,1.0,48,48
competition,hq_plus_f,HQ + F,total_groups_6,6 total groups,full_route,HQ + F,industry_alignment,prestige_x_relevance,0.0,48,48
competition,hq_plus_f,HQ + F,total_groups_6,6 total groups,full_route,HQ + F,industry_alignment,repeat_founding_gap,0.0,48,48
competition,hq_plus_f,HQ + F,total_groups_6,6 total groups,full_route,HQ + F,industry_alignment,restlessness_score,1.0,48,48
competition,hq_plus_f,HQ + F,total_groups_6,6 total groups,full_route,HQ + F,industry_alignment,sacrifice_x_serial,1.0,48,48
competition,hq_plus_f,HQ + F,total_groups_6,6 total groups,full_route,HQ + F,industry_alignment,seniority_is_monotone,1.0,48,48
competition,hq_plus_f,HQ + F,total_groups_6,6 total groups,full_route,HQ + F,industry_alignment,stem_flag,0.0,48,48
competition,hq_plus_f,HQ + F,total_groups_6,6 total groups,full_route,HQ + F,industry_alignment,total_inferred_experience,1.0,48,48
competition,hq_plus_f,HQ + F,total_groups_6,6 total groups,full_route,HQ + F,industry_alignment,years_in_large_company,1.0,48,48
competition,hq_plus_f,HQ + F,total_groups_6,6 total groups,full_route,HQ + F,industry_pivot_count,industry_prestige_penalty,0.0,48,48
competition,hq_plus_f,HQ + F,total_groups_6,6 total groups,full_route,HQ + F,industry_pivot_count,is_serial_founder,1.0,48,48
competition,hq_plus_f,HQ + F,total_groups_6,6 total groups,full_route,HQ + F,industry_pivot_count,longest_founding_tenure,1.0,48,48
competition,hq_plus_f,HQ + F,total_groups_6,6 total groups,full_route,HQ + F,industry_pivot_count,max_company_size_before_founding,1.0,48,48
competition,hq_plus_f,HQ + F,total_groups_6,6 total groups,full_route,HQ + F,industry_pivot_count,max_seniority_reached,1.0,48,48
competition,hq_plus_f,HQ + F,total_groups_6,6 total groups,full_route,HQ + F,industry_pivot_count,persistence_score,1.0,48,48
competition,hq_plus_f,HQ + F,total_groups_6,6 total groups,full_route,HQ + F,industry_pivot_count,prestige_sacrifice_score,1.0,48,48
competition,hq_plus_f,HQ + F,total_groups_6,6 total groups,full_route,HQ + F,industry_pivot_count,prestige_x_relevance,0.0,48,48
competition,hq_plus_f,HQ + F,total_groups_6,6 total groups,full_route,HQ + F,industry_pivot_count,repeat_founding_gap,0.0,48,48
competition,hq_plus_f,HQ + F,total_groups_6,6 total groups,full_route,HQ + F,industry_pivot_count,restlessness_score,1.0,48,48
competition,hq_plus_f,HQ + F,total_groups_6,6 total groups,full_route,HQ + F,industry_pivot_count,sacrifice_x_serial,1.0,48,48
competition,hq_plus_f,HQ + F,total_groups_6,6 total groups,full_route,HQ + F,industry_pivot_count,seniority_is_monotone,1.0,48,48
competition,hq_plus_f,HQ + F,total_groups_6,6 total groups,full_route,HQ + F,industry_pivot_count,stem_flag,0.0,48,48
competition,hq_plus_f,HQ + F,total_groups_6,6 total groups,full_route,HQ + F,industry_pivot_count,total_inferred_experience,1.0,48,48
competition,hq_plus_f,HQ + F,total_groups_6,6 total groups,full_route,HQ + F,industry_pivot_count,years_in_large_company,1.0,48,48
competition,hq_plus_f,HQ + F,total_groups_6,6 total groups,full_route,HQ + F,industry_prestige_penalty,is_serial_founder,0.0,48,48
competition,hq_plus_f,HQ + F,total_groups_6,6 total groups,full_route,HQ + F,industry_prestige_penalty,longest_founding_tenure,0.0,48,48
competition,hq_plus_f,HQ + F,total_groups_6,6 total groups,full_route,HQ + F,industry_prestige_penalty,max_company_size_before_founding,0.0,48,48
competition,hq_plus_f,HQ + F,total_groups_6,6 total groups,full_route,HQ + F,industry_prestige_penalty,max_seniority_reached,0.0,48,48
competition,hq_plus_f,HQ + F,total_groups_6,6 total groups,full_route,HQ + F,industry_prestige_penalty,persistence_score,0.0,48,48
competition,hq_plus_f,HQ + F,total_groups_6,6 total groups,full_route,HQ + F,industry_prestige_penalty,prestige_sacrifice_score,0.0,48,48
competition,hq_plus_f,HQ + F,total_groups_6,6 total groups,full_route,HQ + F,industry_prestige_penalty,prestige_x_relevance,1.0,48,48
competition,hq_plus_f,HQ + F,total_groups_6,6 total groups,full_route,HQ + F,industry_prestige_penalty,repeat_founding_gap,0.0,48,48
competition,hq_plus_f,HQ + F,total_groups_6,6 total groups,full_route,HQ + F,industry_prestige_penalty,restlessness_score,0.0,48,48
competition,hq_plus_f,HQ + F,total_groups_6,6 total groups,full_route,HQ + F,industry_prestige_penalty,sacrifice_x_serial,0.0,48,48
competition,hq_plus_f,HQ + F,total_groups_6,6 total groups,full_route,HQ + F,industry_prestige_penalty,seniority_is_monotone,0.0,48,48
competition,hq_plus_f,HQ + F,total_groups_6,6 total groups,full_route,HQ + F,industry_prestige_penalty,stem_flag,1.0,48,48
competition,hq_plus_f,HQ + F,total_groups_6,6 total groups,full_route,HQ + F,industry_prestige_penalty,total_inferred_experience,0.0,48,48
competition,hq_plus_f,HQ + F,total_groups_6,6 total groups,full_route,HQ + F,industry_prestige_penalty,years_in_large_company,0.0,48,48
competition,hq_plus_f,HQ + F,total_groups_6,6 total groups,full_route,HQ + F,is_serial_founder,longest_founding_tenure,1.0,48,48
competition,hq_plus_f,HQ + F,total_groups_6,6 total groups,full_route,HQ + F,is_serial_founder,max_company_size_before_founding,1.0,48,48
competition,hq_plus_f,HQ + F,total_groups_6,6 total groups,full_route,HQ + F,is_serial_founder,max_seniority_reached,1.0,48,48
competition,hq_plus_f,HQ + F,total_groups_6,6 total groups,full_route,HQ + F,is_serial_founder,persistence_score,1.0,48,48
competition,hq_plus_f,HQ + F,total_groups_6,6 total groups,full_route,HQ + F,is_serial_founder,prestige_sacrifice_score,1.0,48,48
competition,hq_plus_f,HQ + F,total_groups_6,6 total groups,full_route,HQ + F,is_serial_founder,prestige_x_relevance,0.0,48,48
competition,hq_plus_f,HQ + F,total_groups_6,6 total groups,full_route,HQ + F,is_serial_founder,repeat_founding_gap,0.0,48,48
competition,hq_plus_f,HQ + F,total_groups_6,6 total groups,full_route,HQ + F,is_serial_founder,restlessness_score,1.0,48,48
competition,hq_plus_f,HQ + F,total_groups_6,6 total groups,full_route,HQ + F,is_serial_founder,sacrifice_x_serial,1.0,48,48
competition,hq_plus_f,HQ + F,total_groups_6,6 total groups,full_route,HQ + F,is_serial_founder,seniority_is_monotone,1.0,48,48
competition,hq_plus_f,HQ + F,total_groups_6,6 total groups,full_route,HQ + F,is_serial_founder,stem_flag,0.0,48,48
competition,hq_plus_f,HQ + F,total_groups_6,6 total groups,full_route,HQ + F,is_serial_founder,total_inferred_experience,1.0,48,48
competition,hq_plus_f,HQ + F,total_groups_6,6 total groups,full_route,HQ + F,is_serial_founder,years_in_large_company,1.0,48,48
competition,hq_plus_f,HQ + F,total_groups_6,6 total groups,full_route,HQ + F,longest_founding_tenure,max_company_size_before_founding,1.0,48,48
competition,hq_plus_f,HQ + F,total_groups_6,6 total groups,full_route,HQ + F,longest_founding_tenure,max_seniority_reached,1.0,48,48
competition,hq_plus_f,HQ + F,total_groups_6,6 total groups,full_route,HQ + F,longest_founding_tenure,persistence_score,1.0,48,48
competition,hq_plus_f,HQ + F,total_groups_6,6 total groups,full_route,HQ + F,longest_founding_tenure,prestige_sacrifice_score,1.0,48,48
competition,hq_plus_f,HQ + F,total_groups_6,6 total groups,full_route,HQ + F,longest_founding_tenure,prestige_x_relevance,0.0,48,48
competition,hq_plus_f,HQ + F,total_groups_6,6 total groups,full_route,HQ + F,longest_founding_tenure,repeat_founding_gap,0.0,48,48
competition,hq_plus_f,HQ + F,total_groups_6,6 total groups,full_route,HQ + F,longest_founding_tenure,restlessness_score,1.0,48,48
competition,hq_plus_f,HQ + F,total_groups_6,6 total groups,full_route,HQ + F,longest_founding_tenure,sacrifice_x_serial,1.0,48,48
competition,hq_plus_f,HQ + F,total_groups_6,6 total groups,full_route,HQ + F,longest_founding_tenure,seniority_is_monotone,1.0,48,48
competition,hq_plus_f,HQ + F,total_groups_6,6 total groups,full_route,HQ + F,longest_founding_tenure,stem_flag,0.0,48,48
competition,hq_plus_f,HQ + F,total_groups_6,6 total groups,full_route,HQ + F,longest_founding_tenure,total_inferred_experience,1.0,48,48
competition,hq_plus_f,HQ + F,total_groups_6,6 total groups,full_route,HQ + F,longest_founding_tenure,years_in_large_company,1.0,48,48
competition,hq_plus_f,HQ + F,total_groups_6,6 total groups,full_route,HQ + F,max_company_size_before_founding,max_seniority_reached,1.0,48,48
competition,hq_plus_f,HQ + F,total_groups_6,6 total groups,full_route,HQ + F,max_company_size_before_founding,persistence_score,1.0,48,48
competition,hq_plus_f,HQ + F,total_groups_6,6 total groups,full_route,HQ + F,max_company_size_before_founding,prestige_sacrifice_score,1.0,48,48
competition,hq_plus_f,HQ + F,total_groups_6,6 total groups,full_route,HQ + F,max_company_size_before_founding,prestige_x_relevance,0.0,48,48
competition,hq_plus_f,HQ + F,total_groups_6,6 total groups,full_route,HQ + F,max_company_size_before_founding,repeat_founding_gap,0.0,48,48
competition,hq_plus_f,HQ + F,total_groups_6,6 total groups,full_route,HQ + F,max_company_size_before_founding,restlessness_score,1.0,48,48
competition,hq_plus_f,HQ + F,total_groups_6,6 total groups,full_route,HQ + F,max_company_size_before_founding,sacrifice_x_serial,1.0,48,48
competition,hq_plus_f,HQ + F,total_groups_6,6 total groups,full_route,HQ + F,max_company_size_before_founding,seniority_is_monotone,1.0,48,48
competition,hq_plus_f,HQ + F,total_groups_6,6 total groups,full_route,HQ + F,max_company_size_before_founding,stem_flag,0.0,48,48
competition,hq_plus_f,HQ + F,total_groups_6,6 total groups,full_route,HQ + F,max_company_size_before_founding,total_inferred_experience,1.0,48,48
competition,hq_plus_f,HQ + F,total_groups_6,6 total groups,full_route,HQ + F,max_company_size_before_founding,years_in_large_company,1.0,48,48
competition,hq_plus_f,HQ + F,total_groups_6,6 total groups,full_route,HQ + F,max_seniority_reached,persistence_score,1.0,48,48
competition,hq_plus_f,HQ + F,total_groups_6,6 total groups,full_route,HQ + F,max_seniority_reached,prestige_sacrifice_score,1.0,48,48
competition,hq_plus_f,HQ + F,total_groups_6,6 total groups,full_route,HQ + F,max_seniority_reached,prestige_x_relevance,0.0,48,48
competition,hq_plus_f,HQ + F,total_groups_6,6 total groups,full_route,HQ + F,max_seniority_reached,repeat_founding_gap,0.0,48,48
competition,hq_plus_f,HQ + F,total_groups_6,6 total groups,full_route,HQ + F,max_seniority_reached,restlessness_score,1.0,48,48
competition,hq_plus_f,HQ + F,total_groups_6,6 total groups,full_route,HQ + F,max_seniority_reached,sacrifice_x_serial,1.0,48,48
competition,hq_plus_f,HQ + F,total_groups_6,6 total groups,full_route,HQ + F,max_seniority_reached,seniority_is_monotone,1.0,48,48
competition,hq_plus_f,HQ + F,total_groups_6,6 total groups,full_route,HQ + F,max_seniority_reached,stem_flag,0.0,48,48
competition,hq_plus_f,HQ + F,total_groups_6,6 total groups,full_route,HQ + F,max_seniority_reached,total_inferred_experience,1.0,48,48
competition,hq_plus_f,HQ + F,total_groups_6,6 total groups,full_route,HQ + F,max_seniority_reached,years_in_large_company,1.0,48,48
competition,hq_plus_f,HQ + F,total_groups_6,6 total groups,full_route,HQ + F,persistence_score,prestige_sacrifice_score,1.0,48,48
competition,hq_plus_f,HQ + F,total_groups_6,6 total groups,full_route,HQ + F,persistence_score,prestige_x_relevance,0.0,48,48
competition,hq_plus_f,HQ + F,total_groups_6,6 total groups,full_route,HQ + F,persistence_score,repeat_founding_gap,0.0,48,48
competition,hq_plus_f,HQ + F,total_groups_6,6 total groups,full_route,HQ + F,persistence_score,restlessness_score,1.0,48,48
competition,hq_plus_f,HQ + F,total_groups_6,6 total groups,full_route,HQ + F,persistence_score,sacrifice_x_serial,1.0,48,48
competition,hq_plus_f,HQ + F,total_groups_6,6 total groups,full_route,HQ + F,persistence_score,seniority_is_monotone,1.0,48,48
competition,hq_plus_f,HQ + F,total_groups_6,6 total groups,full_route,HQ + F,persistence_score,stem_flag,0.0,48,48
competition,hq_plus_f,HQ + F,total_groups_6,6 total groups,full_route,HQ + F,persistence_score,total_inferred_experience,1.0,48,48
competition,hq_plus_f,HQ + F,total_groups_6,6 total groups,full_route,HQ + F,persistence_score,years_in_large_company,1.0,48,48
competition,hq_plus_f,HQ + F,total_groups_6,6 total groups,full_route,HQ + F,prestige_sacrifice_score,prestige_x_relevance,0.0,48,48
competition,hq_plus_f,HQ + F,total_groups_6,6 total groups,full_route,HQ + F,prestige_sacrifice_score,repeat_founding_gap,0.0,48,48
competition,hq_plus_f,HQ + F,total_groups_6,6 total groups,full_route,HQ + F,prestige_sacrifice_score,restlessness_score,1.0,48,48
competition,hq_plus_f,HQ + F,total_groups_6,6 total groups,full_route,HQ + F,prestige_sacrifice_score,sacrifice_x_serial,1.0,48,48
competition,hq_plus_f,HQ + F,total_groups_6,6 total groups,full_route,HQ + F,prestige_sacrifice_score,seniority_is_monotone,1.0,48,48
competition,hq_plus_f,HQ + F,total_groups_6,6 total groups,full_route,HQ + F,prestige_sacrifice_score,stem_flag,0.0,48,48
competition,hq_plus_f,HQ + F,total_groups_6,6 total groups,full_route,HQ + F,prestige_sacrifice_score,total_inferred_experience,1.0,48,48
competition,hq_plus_f,HQ + F,total_groups_6,6 total groups,full_route,HQ + F,prestige_sacrifice_score,years_in_large_company,1.0,48,48
competition,hq_plus_f,HQ + F,total_groups_6,6 total groups,full_route,HQ + F,prestige_x_relevance,repeat_founding_gap,0.0,48,48
competition,hq_plus_f,HQ + F,total_groups_6,6 total groups,full_route,HQ + F,prestige_x_relevance,restlessness_score,0.0,48,48
competition,hq_plus_f,HQ + F,total_groups_6,6 total groups,full_route,HQ + F,prestige_x_relevance,sacrifice_x_serial,0.0,48,48
competition,hq_plus_f,HQ + F,total_groups_6,6 total groups,full_route,HQ + F,prestige_x_relevance,seniority_is_monotone,0.0,48,48
competition,hq_plus_f,HQ + F,total_groups_6,6 total groups,full_route,HQ + F,prestige_x_relevance,stem_flag,1.0,48,48
competition,hq_plus_f,HQ + F,total_groups_6,6 total groups,full_route,HQ + F,prestige_x_relevance,total_inferred_experience,0.0,48,48
competition,hq_plus_f,HQ + F,total_groups_6,6 total groups,full_route,HQ + F,prestige_x_relevance,years_in_large_company,0.0,48,48
competition,hq_plus_f,HQ + F,total_groups_6,6 total groups,full_route,HQ + F,repeat_founding_gap,restlessness_score,0.0,48,48
competition,hq_plus_f,HQ + F,total_groups_6,6 total groups,full_route,HQ + F,repeat_founding_gap,sacrifice_x_serial,0.0,48,48
competition,hq_plus_f,HQ + F,total_groups_6,6 total groups,full_route,HQ + F,repeat_founding_gap,seniority_is_monotone,0.0,48,48
competition,hq_plus_f,HQ + F,total_groups_6,6 total groups,full_route,HQ + F,repeat_founding_gap,stem_flag,0.0,48,48
competition,hq_plus_f,HQ + F,total_groups_6,6 total groups,full_route,HQ + F,repeat_founding_gap,total_inferred_experience,0.0,48,48
competition,hq_plus_f,HQ + F,total_groups_6,6 total groups,full_route,HQ + F,repeat_founding_gap,years_in_large_company,0.0,48,48
competition,hq_plus_f,HQ + F,total_groups_6,6 total groups,full_route,HQ + F,restlessness_score,sacrifice_x_serial,1.0,48,48
competition,hq_plus_f,HQ + F,total_groups_6,6 total groups,full_route,HQ + F,restlessness_score,seniority_is_monotone,1.0,48,48
competition,hq_plus_f,HQ + F,total_groups_6,6 total groups,full_route,HQ + F,restlessness_score,stem_flag,0.0,48,48
competition,hq_plus_f,HQ + F,total_groups_6,6 total groups,full_route,HQ + F,restlessness_score,total_inferred_experience,1.0,48,48
competition,hq_plus_f,HQ + F,total_groups_6,6 total groups,full_route,HQ + F,restlessness_score,years_in_large_company,1.0,48,48
competition,hq_plus_f,HQ + F,total_groups_6,6 total groups,full_route,HQ + F,sacrifice_x_serial,seniority_is_monotone,1.0,48,48
competition,hq_plus_f,HQ + F,total_groups_6,6 total groups,full_route,HQ + F,sacrifice_x_serial,stem_flag,0.0,48,48
competition,hq_plus_f,HQ + F,total_groups_6,6 total groups,full_route,HQ + F,sacrifice_x_serial,total_inferred_experience,1.0,48,48
competition,hq_plus_f,HQ + F,total_groups_6,6 total groups,full_route,HQ + F,sacrifice_x_serial,years_in_large_company,1.0,48,48
competition,hq_plus_f,HQ + F,total_groups_6,6 total groups,full_route,HQ + F,seniority_is_monotone,stem_flag,0.0,48,48
competition,hq_plus_f,HQ + F,total_groups_6,6 total groups,full_route,HQ + F,seniority_is_monotone,total_inferred_experience,1.0,48,48
competition,hq_plus_f,HQ + F,total_groups_6,6 total groups,full_route,HQ + F,seniority_is_monotone,years_in_large_company,1.0,48,48
competition,hq_plus_f,HQ + F,total_groups_6,6 total groups,full_route,HQ + F,stem_flag,total_inferred_experience,0.0,48,48
competition,hq_plus_f,HQ + F,total_groups_6,6 total groups,full_route,HQ + F,stem_flag,years_in_large_company,0.0,48,48
competition,hq_plus_f,HQ + F,total_groups_6,6 total groups,full_route,HQ + F,total_inferred_experience,years_in_large_company,1.0,48,48
