feature_name,feature_group,selection_frequency,positive_selection_frequency,negative_selection_frequency,sign_consistency,sign_stable,dominant_sign,best_c_value,subsample_count,c_grid_size,stable_at_0p6,stable_at_0p8,stable_at_0p9,selection_freq_c_0p01,positive_selection_freq_c_0p01,negative_selection_freq_c_0p01,selection_freq_c_0p03,positive_selection_freq_c_0p03,negative_selection_freq_c_0p03,selection_freq_c_0p1,positive_selection_freq_c_0p1,negative_selection_freq_c_0p1,selection_freq_c_0p3,positive_selection_freq_c_0p3,negative_selection_freq_c_0p3,selection_freq_c_1p0,positive_selection_freq_c_1p0,negative_selection_freq_c_1p0,selection_freq_c_3p0,positive_selection_freq_c_3p0,negative_selection_freq_c_3p0,family_id,family_label,family_display_label,outer_split_id,repeat_index,fold_index
best_degree_prestige,hq,1.0,1.0,0.0,1.0,True,positive,0.1,100,6,True,True,True,0.0,0.0,0.0,0.93,0.93,0.0,1.0,1.0,0.0,0.99,0.99,0.0,0.99,0.98,0.01,0.99,0.98,0.01,reasoning_A,A,HQ + A,repeat_01_fold_01,1,1
edu_prestige_tier,hq,1.0,1.0,0.0,1.0,True,positive,0.1,100,6,True,True,True,0.0,0.0,0.0,0.93,0.93,0.0,1.0,1.0,0.0,0.99,0.99,0.0,0.99,0.98,0.01,0.99,0.98,0.01,reasoning_A,A,HQ + A,repeat_01_fold_01,1,1
industry_alignment,hq,1.0,1.0,0.0,1.0,True,positive,1.0,100,6,True,True,True,0.0,0.0,0.0,0.19,0.19,0.0,0.97,0.97,0.0,0.99,0.99,0.0,1.0,1.0,0.0,1.0,1.0,0.0,reasoning_A,A,HQ + A,repeat_01_fold_01,1,1
max_seniority_reached,hq,1.0,0.96,0.04,0.96,True,positive,3.0,100,6,True,True,True,0.0,0.0,0.0,0.0,0.0,0.0,0.56,0.56,0.0,0.95,0.95,0.0,0.97,0.96,0.01,1.0,0.96,0.04,reasoning_A,A,HQ + A,repeat_01_fold_01,1,1
restlessness_score,hq,1.0,0.0,1.0,1.0,True,negative,1.0,100,6,True,True,True,0.0,0.0,0.0,0.0,0.0,0.0,0.64,0.0,0.64,0.97,0.0,0.97,1.0,0.0,1.0,1.0,0.0,1.0,reasoning_A,A,HQ + A,repeat_01_fold_01,1,1
seniority_is_monotone,hq,1.0,0.08,0.92,0.92,True,negative,3.0,100,6,True,True,True,0.0,0.0,0.0,0.0,0.0,0.0,0.4,0.0,0.4,0.79,0.04,0.75,0.99,0.08,0.91,1.0,0.08,0.92,reasoning_A,A,HQ + A,repeat_01_fold_01,1,1
years_in_large_company,hq,1.0,0.95,0.05,0.95,True,positive,3.0,100,6,True,True,True,0.0,0.0,0.0,0.03,0.03,0.0,0.59,0.59,0.0,0.89,0.89,0.0,0.94,0.93,0.01,1.0,0.95,0.05,reasoning_A,A,HQ + A,repeat_01_fold_01,1,1
comfort_index,hq,0.99,0.86,0.13,0.8686868686868687,False,positive,3.0,100,6,True,True,True,0.0,0.0,0.0,0.06,0.06,0.0,0.64,0.62,0.02,0.84,0.79,0.05,0.91,0.82,0.09,0.99,0.86,0.13,reasoning_A,A,HQ + A,repeat_01_fold_01,1,1
industry_prestige_penalty,hq,0.99,0.93,0.06,0.9393939393939394,True,positive,3.0,100,6,True,True,True,0.0,0.0,0.0,0.02,0.02,0.0,0.68,0.68,0.0,0.85,0.85,0.0,0.93,0.9,0.03,0.99,0.93,0.06,reasoning_A,A,HQ + A,repeat_01_fold_01,1,1
total_inferred_experience,hq,0.99,0.05,0.94,0.9494949494949495,True,negative,3.0,100,6,True,True,True,0.0,0.0,0.0,0.0,0.0,0.0,0.78,0.0,0.78,0.96,0.0,0.96,0.95,0.01,0.94,0.99,0.05,0.94,reasoning_A,A,HQ + A,repeat_01_fold_01,1,1
is_serial_founder,hq,0.98,0.11,0.87,0.8877551020408163,False,negative,3.0,100,6,True,True,True,0.0,0.0,0.0,0.0,0.0,0.0,0.15,0.0,0.15,0.53,0.04,0.49,0.88,0.08,0.8,0.98,0.11,0.87,reasoning_A,A,HQ + A,repeat_01_fold_01,1,1
repeat_founding_gap,hq,0.98,0.48,0.5,0.5102040816326531,False,negative,3.0,100,6,True,True,True,0.0,0.0,0.0,0.0,0.0,0.0,0.14,0.04,0.1,0.59,0.29,0.3,0.92,0.46,0.46,0.98,0.48,0.5,reasoning_A,A,HQ + A,repeat_01_fold_01,1,1
degree_level,hq,0.97,0.21,0.76,0.7835051546391752,False,negative,3.0,100,6,True,True,True,0.0,0.0,0.0,0.0,0.0,0.0,0.11,0.03,0.08,0.67,0.13,0.54,0.91,0.18,0.73,0.97,0.21,0.76,reasoning_A,A,HQ + A,repeat_01_fold_01,1,1
longest_founding_tenure,hq,0.97,0.11,0.86,0.8865979381443299,False,negative,3.0,100,6,True,True,True,0.0,0.0,0.0,0.0,0.0,0.0,0.58,0.0,0.58,0.92,0.01,0.91,0.9,0.03,0.87,0.97,0.11,0.86,reasoning_A,A,HQ + A,repeat_01_fold_01,1,1
company_size_is_growing,hq,0.96,0.7,0.26,0.7291666666666666,False,positive,3.0,100,6,True,True,True,0.0,0.0,0.0,0.0,0.0,0.0,0.13,0.0,0.13,0.54,0.23,0.31,0.81,0.55,0.26,0.96,0.7,0.26,reasoning_A,A,HQ + A,repeat_01_fold_01,1,1
founding_role_count,hq,0.95,0.88,0.07,0.9263157894736842,True,positive,3.0,100,6,True,True,True,0.0,0.0,0.0,0.0,0.0,0.0,0.05,0.03,0.02,0.53,0.48,0.05,0.85,0.8,0.05,0.95,0.88,0.07,reasoning_A,A,HQ + A,repeat_01_fold_01,1,1
industry_pivot_count,hq,0.95,0.38,0.57,0.6,False,negative,3.0,100,6,True,True,True,0.0,0.0,0.0,0.0,0.0,0.0,0.07,0.0,0.07,0.49,0.11,0.38,0.87,0.3,0.57,0.95,0.38,0.57,reasoning_A,A,HQ + A,repeat_01_fold_01,1,1
max_company_size_before_founding,hq,0.95,0.85,0.1,0.8947368421052632,False,positive,3.0,100,6,True,True,True,0.0,0.0,0.0,0.03,0.03,0.0,0.49,0.49,0.0,0.78,0.78,0.0,0.88,0.83,0.05,0.95,0.85,0.1,reasoning_A,A,HQ + A,repeat_01_fold_01,1,1
field_relevance_score,hq,0.93,0.25,0.68,0.7311827956989247,False,negative,3.0,100,6,True,True,True,0.0,0.0,0.0,0.0,0.0,0.0,0.1,0.0,0.1,0.5,0.03,0.47,0.82,0.13,0.69,0.93,0.25,0.68,reasoning_A,A,HQ + A,repeat_01_fold_01,1,1
stem_flag,hq,0.93,0.67,0.26,0.7204301075268817,False,positive,3.0,100,6,True,True,True,0.0,0.0,0.0,0.0,0.0,0.0,0.1,0.09,0.01,0.52,0.37,0.15,0.78,0.57,0.21,0.93,0.67,0.26,reasoning_A,A,HQ + A,repeat_01_fold_01,1,1
prestige_x_relevance,hq,0.92,0.33,0.59,0.6413043478260869,False,negative,3.0,100,6,True,True,True,0.0,0.0,0.0,0.33,0.33,0.0,0.29,0.29,0.0,0.3,0.24,0.06,0.71,0.32,0.39,0.92,0.33,0.59,reasoning_A,A,HQ + A,repeat_01_fold_01,1,1
exit_x_serial,hq,0.91,0.49,0.42,0.5384615384615384,False,positive,3.0,100,6,True,True,True,0.0,0.0,0.0,0.23,0.23,0.0,0.47,0.47,0.0,0.67,0.63,0.04,0.79,0.53,0.26,0.91,0.49,0.42,reasoning_A,A,HQ + A,repeat_01_fold_01,1,1
founding_timing,hq,0.89,0.47,0.42,0.5280898876404494,False,positive,3.0,100,6,True,True,False,0.0,0.0,0.0,0.0,0.0,0.0,0.05,0.0,0.05,0.27,0.03,0.24,0.66,0.3,0.36,0.89,0.47,0.42,reasoning_A,A,HQ + A,repeat_01_fold_01,1,1
persistence_score,hq,0.89,0.42,0.47,0.5280898876404494,False,negative,3.0,100,6,True,True,False,0.0,0.0,0.0,0.0,0.0,0.0,0.03,0.03,0.0,0.41,0.27,0.14,0.78,0.38,0.4,0.89,0.42,0.47,reasoning_A,A,HQ + A,repeat_01_fold_01,1,1
prestige_sacrifice_score,hq,0.89,0.51,0.38,0.5730337078651685,False,positive,3.0,100,6,True,True,False,0.0,0.0,0.0,0.08,0.08,0.0,0.57,0.57,0.0,0.57,0.57,0.0,0.76,0.55,0.21,0.89,0.51,0.38,reasoning_A,A,HQ + A,repeat_01_fold_01,1,1
sacrifice_x_serial,hq,0.85,0.59,0.26,0.6941176470588235,False,positive,3.0,100,6,True,True,False,0.0,0.0,0.0,0.0,0.0,0.0,0.1,0.09,0.01,0.43,0.34,0.09,0.75,0.52,0.23,0.85,0.59,0.26,reasoning_A,A,HQ + A,repeat_01_fold_01,1,1
exit_count,hq,0.78,0.76,0.02,0.9743589743589743,True,positive,3.0,100,6,True,False,False,0.0,0.0,0.0,0.55,0.55,0.0,0.68,0.68,0.0,0.7,0.69,0.01,0.75,0.72,0.03,0.78,0.76,0.02,reasoning_A,A,HQ + A,repeat_01_fold_01,1,1
has_prior_acquisition,hq,0.74,0.69,0.05,0.9324324324324323,True,positive,3.0,100,6,True,False,False,0.0,0.0,0.0,0.44,0.44,0.0,0.53,0.53,0.0,0.55,0.54,0.01,0.57,0.52,0.05,0.74,0.69,0.05,reasoning_A,A,HQ + A,repeat_01_fold_01,1,1
has_prior_ipo,hq,0.74,0.55,0.19,0.7432432432432433,False,positive,3.0,100,6,True,False,False,0.0,0.0,0.0,0.03,0.03,0.0,0.24,0.21,0.03,0.45,0.33,0.12,0.63,0.44,0.19,0.74,0.55,0.19,reasoning_A,A,HQ + A,repeat_01_fold_01,1,1
A_evidence_support_rating,reasoning,1.0,1.0,0.0,1.0,True,positive,0.03,100,6,True,True,True,0.0,0.0,0.0,1.0,1.0,0.0,1.0,1.0,0.0,1.0,1.0,0.0,1.0,1.0,0.0,1.0,1.0,0.0,reasoning_A,A,HQ + A,repeat_01_fold_01,1,1
A_scrappiness,reasoning,1.0,0.0,1.0,1.0,True,negative,0.1,100,6,True,True,True,0.0,0.0,0.0,0.4,0.0,0.4,1.0,0.0,1.0,1.0,0.0,1.0,1.0,0.0,1.0,1.0,0.0,1.0,reasoning_A,A,HQ + A,repeat_01_fold_01,1,1
A_trajectory_strength,reasoning,0.99,0.13,0.86,0.8686868686868687,False,negative,3.0,100,6,True,True,True,0.0,0.0,0.0,0.0,0.0,0.0,0.3,0.0,0.3,0.82,0.01,0.81,0.94,0.09,0.85,0.99,0.13,0.86,reasoning_A,A,HQ + A,repeat_01_fold_01,1,1
A_ownership_signal,reasoning,0.95,0.1,0.85,0.8947368421052632,False,negative,3.0,100,6,True,True,True,0.0,0.0,0.0,0.34,0.0,0.34,0.92,0.0,0.92,0.88,0.01,0.87,0.89,0.05,0.84,0.95,0.1,0.85,reasoning_A,A,HQ + A,repeat_01_fold_01,1,1
A_career_coherence,reasoning,0.91,0.25,0.66,0.7252747252747253,False,negative,3.0,100,6,True,True,True,0.0,0.0,0.0,0.0,0.0,0.0,0.03,0.0,0.03,0.48,0.07,0.41,0.78,0.19,0.59,0.91,0.25,0.66,reasoning_A,A,HQ + A,repeat_01_fold_01,1,1
best_degree_prestige,hq,1.0,0.99,0.01,0.99,True,positive,1.0,100,6,True,True,True,0.0,0.0,0.0,0.88,0.88,0.0,0.99,0.99,0.0,0.99,0.99,0.0,1.0,0.99,0.01,1.0,0.99,0.01,reasoning_F,F,HQ + F,repeat_01_fold_01,1,1
edu_prestige_tier,hq,1.0,0.99,0.01,0.99,True,positive,1.0,100,6,True,True,True,0.0,0.0,0.0,0.88,0.88,0.0,0.99,0.99,0.0,0.99,0.99,0.0,1.0,0.99,0.01,1.0,0.99,0.01,reasoning_F,F,HQ + F,repeat_01_fold_01,1,1
industry_alignment,hq,1.0,0.99,0.01,0.99,True,positive,1.0,100,6,True,True,True,0.0,0.0,0.0,0.19,0.19,0.0,0.92,0.92,0.0,0.99,0.99,0.0,1.0,0.99,0.01,1.0,0.99,0.01,reasoning_F,F,HQ + F,repeat_01_fold_01,1,1
restlessness_score,hq,1.0,0.0,1.0,1.0,True,negative,1.0,100,6,True,True,True,0.0,0.0,0.0,0.0,0.0,0.0,0.58,0.0,0.58,0.97,0.0,0.97,1.0,0.0,1.0,1.0,0.0,1.0,reasoning_F,F,HQ + F,repeat_01_fold_01,1,1
years_in_large_company,hq,1.0,0.96,0.04,0.96,True,positive,3.0,100,6,True,True,True,0.0,0.0,0.0,0.01,0.01,0.0,0.56,0.56,0.0,0.84,0.84,0.0,0.97,0.95,0.02,1.0,0.96,0.04,reasoning_F,F,HQ + F,repeat_01_fold_01,1,1
max_seniority_reached,hq,0.99,0.97,0.02,0.9797979797979798,True,positive,1.0,100,6,True,True,True,0.0,0.0,0.0,0.01,0.01,0.0,0.52,0.52,0.0,0.94,0.94,0.0,0.99,0.97,0.02,0.99,0.97,0.02,reasoning_F,F,HQ + F,repeat_01_fold_01,1,1
seniority_is_monotone,hq,0.98,0.07,0.91,0.9285714285714286,True,negative,3.0,100,6,True,True,True,0.0,0.0,0.0,0.0,0.0,0.0,0.33,0.01,0.32,0.78,0.02,0.76,0.94,0.06,0.88,0.98,0.07,0.91,reasoning_F,F,HQ + F,repeat_01_fold_01,1,1
comfort_index,hq,0.97,0.73,0.24,0.7525773195876289,False,positive,3.0,100,6,True,True,True,0.0,0.0,0.0,0.05,0.05,0.0,0.58,0.56,0.02,0.88,0.73,0.15,0.91,0.72,0.19,0.97,0.73,0.24,reasoning_F,F,HQ + F,repeat_01_fold_01,1,1
degree_level,hq,0.97,0.14,0.83,0.8556701030927835,False,negative,3.0,100,6,True,True,True,0.0,0.0,0.0,0.0,0.0,0.0,0.19,0.06,0.13,0.68,0.11,0.57,0.91,0.13,0.78,0.97,0.14,0.83,reasoning_F,F,HQ + F,repeat_01_fold_01,1,1
field_relevance_score,hq,0.97,0.34,0.63,0.6494845360824743,False,negative,3.0,100,6,True,True,True,0.0,0.0,0.0,0.0,0.0,0.0,0.05,0.02,0.03,0.48,0.1,0.38,0.77,0.21,0.56,0.97,0.34,0.63,reasoning_F,F,HQ + F,repeat_01_fold_01,1,1
industry_pivot_count,hq,0.97,0.47,0.5,0.5154639175257733,False,negative,3.0,100,6,True,True,True,0.0,0.0,0.0,0.0,0.0,0.0,0.09,0.0,0.09,0.45,0.18,0.27,0.76,0.35,0.41,0.97,0.47,0.5,reasoning_F,F,HQ + F,repeat_01_fold_01,1,1
industry_prestige_penalty,hq,0.97,0.66,0.31,0.6804123711340206,False,positive,3.0,100,6,True,True,True,0.0,0.0,0.0,0.09,0.09,0.0,0.57,0.55,0.02,0.78,0.62,0.16,0.92,0.65,0.27,0.97,0.66,0.31,reasoning_F,F,HQ + F,repeat_01_fold_01,1,1
repeat_founding_gap,hq,0.97,0.55,0.42,0.5670103092783506,False,positive,3.0,100,6,True,True,True,0.0,0.0,0.0,0.0,0.0,0.0,0.2,0.1,0.1,0.65,0.36,0.29,0.87,0.5,0.37,0.97,0.55,0.42,reasoning_F,F,HQ + F,repeat_01_fold_01,1,1
total_inferred_experience,hq,0.97,0.05,0.92,0.9484536082474228,True,negative,3.0,100,6,True,True,True,0.0,0.0,0.0,0.0,0.0,0.0,0.78,0.0,0.78,0.94,0.0,0.94,0.92,0.0,0.92,0.97,0.05,0.92,reasoning_F,F,HQ + F,repeat_01_fold_01,1,1
longest_founding_tenure,hq,0.96,0.15,0.81,0.8437500000000001,False,negative,3.0,100,6,True,True,True,0.0,0.0,0.0,0.0,0.0,0.0,0.59,0.0,0.59,0.89,0.0,0.89,0.91,0.04,0.87,0.96,0.15,0.81,reasoning_F,F,HQ + F,repeat_01_fold_01,1,1
exit_x_serial,hq,0.95,0.5,0.45,0.5263157894736842,False,positive,3.0,100,6,True,True,True,0.0,0.0,0.0,0.28,0.28,0.0,0.44,0.44,0.0,0.64,0.55,0.09,0.85,0.5,0.35,0.95,0.5,0.45,reasoning_F,F,HQ + F,repeat_01_fold_01,1,1
is_serial_founder,hq,0.95,0.09,0.86,0.9052631578947369,True,negative,3.0,100,6,True,True,True,0.0,0.0,0.0,0.0,0.0,0.0,0.12,0.0,0.12,0.66,0.05,0.61,0.88,0.07,0.81,0.95,0.09,0.86,reasoning_F,F,HQ + F,repeat_01_fold_01,1,1
prestige_sacrifice_score,hq,0.95,0.61,0.34,0.6421052631578947,False,positive,3.0,100,6,True,True,True,0.0,0.0,0.0,0.13,0.13,0.0,0.61,0.61,0.0,0.67,0.67,0.0,0.78,0.63,0.15,0.95,0.61,0.34,reasoning_F,F,HQ + F,repeat_01_fold_01,1,1
stem_flag,hq,0.95,0.77,0.18,0.8105263157894738,False,positive,3.0,100,6,True,True,True,0.0,0.0,0.0,0.0,0.0,0.0,0.07,0.06,0.01,0.47,0.37,0.1,0.87,0.71,0.16,0.95,0.77,0.18,reasoning_F,F,HQ + F,repeat_01_fold_01,1,1
founding_role_count,hq,0.94,0.8,0.14,0.8510638297872342,False,positive,3.0,100,6,True,True,True,0.0,0.0,0.0,0.0,0.0,0.0,0.05,0.02,0.03,0.49,0.43,0.06,0.84,0.74,0.1,0.94,0.8,0.14,reasoning_F,F,HQ + F,repeat_01_fold_01,1,1
company_size_is_growing,hq,0.93,0.57,0.36,0.6129032258064515,False,positive,3.0,100,6,True,True,True,0.0,0.0,0.0,0.0,0.0,0.0,0.25,0.02,0.23,0.54,0.23,0.31,0.87,0.51,0.36,0.93,0.57,0.36,reasoning_F,F,HQ + F,repeat_01_fold_01,1,1
persistence_score,hq,0.93,0.46,0.47,0.5053763440860215,False,negative,3.0,100,6,True,True,True,0.0,0.0,0.0,0.0,0.0,0.0,0.02,0.02,0.0,0.42,0.24,0.18,0.85,0.44,0.41,0.93,0.46,0.47,reasoning_F,F,HQ + F,repeat_01_fold_01,1,1
max_company_size_before_founding,hq,0.92,0.82,0.1,0.8913043478260869,False,positive,3.0,100,6,True,True,True,0.0,0.0,0.0,0.03,0.03,0.0,0.46,0.46,0.0,0.77,0.77,0.0,0.87,0.82,0.05,0.92,0.82,0.1,reasoning_F,F,HQ + F,repeat_01_fold_01,1,1
prestige_x_relevance,hq,0.91,0.45,0.46,0.5054945054945055,False,negative,3.0,100,6,True,True,True,0.0,0.0,0.0,0.34,0.34,0.0,0.45,0.45,0.0,0.5,0.46,0.04,0.74,0.45,0.29,0.91,0.45,0.46,reasoning_F,F,HQ + F,repeat_01_fold_01,1,1
founding_timing,hq,0.9,0.52,0.38,0.5777777777777778,False,positive,3.0,100,6,True,True,True,0.0,0.0,0.0,0.0,0.0,0.0,0.08,0.0,0.08,0.28,0.0,0.28,0.7,0.35,0.35,0.9,0.52,0.38,reasoning_F,F,HQ + F,repeat_01_fold_01,1,1
sacrifice_x_serial,hq,0.87,0.7,0.17,0.8045977011494252,False,positive,3.0,100,6,True,True,False,0.0,0.0,0.0,0.0,0.0,0.0,0.13,0.13,0.0,0.5,0.45,0.05,0.78,0.65,0.13,0.87,0.7,0.17,reasoning_F,F,HQ + F,repeat_01_fold_01,1,1
exit_count,hq,0.78,0.75,0.03,0.9615384615384615,True,positive,3.0,100,6,True,False,False,0.0,0.0,0.0,0.49,0.49,0.0,0.64,0.64,0.0,0.72,0.7,0.02,0.74,0.71,0.03,0.78,0.75,0.03,reasoning_F,F,HQ + F,repeat_01_fold_01,1,1
has_prior_acquisition,hq,0.69,0.68,0.01,0.9855072463768118,True,positive,3.0,100,6,True,False,False,0.0,0.0,0.0,0.35,0.35,0.0,0.6,0.6,0.0,0.61,0.61,0.0,0.64,0.63,0.01,0.69,0.68,0.01,reasoning_F,F,HQ + F,repeat_01_fold_01,1,1
has_prior_ipo,hq,0.57,0.34,0.23,0.5964912280701755,False,positive,3.0,100,6,False,False,False,0.0,0.0,0.0,0.03,0.03,0.0,0.24,0.17,0.07,0.46,0.24,0.22,0.54,0.29,0.25,0.57,0.34,0.23,reasoning_F,F,HQ + F,repeat_01_fold_01,1,1
F_career_coherence,reasoning,1.0,0.0,1.0,1.0,True,negative,0.3,100,6,True,True,True,0.0,0.0,0.0,0.0,0.0,0.0,0.62,0.0,0.62,1.0,0.0,1.0,1.0,0.0,1.0,1.0,0.0,1.0,reasoning_F,F,HQ + F,repeat_01_fold_01,1,1
F_evidence_support_rating,reasoning,1.0,1.0,0.0,1.0,True,positive,0.3,100,6,True,True,True,0.0,0.0,0.0,0.0,0.0,0.0,0.85,0.85,0.0,1.0,1.0,0.0,1.0,1.0,0.0,1.0,1.0,0.0,reasoning_F,F,HQ + F,repeat_01_fold_01,1,1
F_trajectory_strength,reasoning,1.0,1.0,0.0,1.0,True,positive,3.0,100,6,True,True,True,0.0,0.0,0.0,0.0,0.0,0.0,0.0,0.0,0.0,0.08,0.08,0.0,0.93,0.93,0.0,1.0,1.0,0.0,reasoning_F,F,HQ + F,repeat_01_fold_01,1,1
F_rubric_score,reasoning,0.96,0.0,0.96,1.0,True,negative,3.0,100,6,True,True,True,0.0,0.0,0.0,0.0,0.0,0.0,0.0,0.0,0.0,0.05,0.0,0.05,0.44,0.0,0.44,0.96,0.0,0.96,reasoning_F,F,HQ + F,repeat_01_fold_01,1,1
F_scrappiness,reasoning,0.82,0.39,0.43,0.524390243902439,False,negative,3.0,100,6,True,True,False,0.0,0.0,0.0,0.0,0.0,0.0,0.0,0.0,0.0,0.1,0.07,0.03,0.55,0.25,0.3,0.82,0.39,0.43,reasoning_F,F,HQ + F,repeat_01_fold_01,1,1
F_ownership_signal,reasoning,0.81,0.52,0.29,0.6419753086419753,False,positive,3.0,100,6,True,True,False,0.0,0.0,0.0,0.0,0.0,0.0,0.0,0.0,0.0,0.07,0.04,0.03,0.43,0.28,0.15,0.81,0.52,0.29,reasoning_F,F,HQ + F,repeat_01_fold_01,1,1
comfort_index,hq,1.0,0.93,0.07,0.93,True,positive,3.0,100,6,True,True,True,0.0,0.0,0.0,0.04,0.04,0.0,0.75,0.75,0.0,0.93,0.9,0.03,0.98,0.92,0.06,1.0,0.93,0.07,reasoning_A,A,HQ + A,repeat_01_fold_02,1,2
industry_alignment,hq,1.0,1.0,0.0,1.0,True,positive,0.3,100,6,True,True,True,0.0,0.0,0.0,0.53,0.53,0.0,0.98,0.98,0.0,1.0,1.0,0.0,1.0,1.0,0.0,1.0,1.0,0.0,reasoning_A,A,HQ + A,repeat_01_fold_02,1,2
industry_prestige_penalty,hq,1.0,0.99,0.01,0.99,True,positive,3.0,100,6,True,True,True,0.0,0.0,0.0,0.45,0.45,0.0,0.91,0.91,0.0,0.97,0.97,0.0,0.99,0.99,0.0,1.0,0.99,0.01,reasoning_A,A,HQ + A,repeat_01_fold_02,1,2
max_seniority_reached,hq,1.0,1.0,0.0,1.0,True,positive,3.0,100,6,True,True,True,0.0,0.0,0.0,0.0,0.0,0.0,0.55,0.55,0.0,0.99,0.99,0.0,0.99,0.99,0.0,1.0,1.0,0.0,reasoning_A,A,HQ + A,repeat_01_fold_02,1,2
best_degree_prestige,hq,0.99,0.95,0.04,0.9595959595959596,True,positive,3.0,100,6,True,True,True,0.0,0.0,0.0,0.77,0.77,0.0,0.94,0.94,0.0,0.95,0.95,0.0,0.97,0.95,0.02,0.99,0.95,0.04,reasoning_A,A,HQ + A,repeat_01_fold_02,1,2
edu_prestige_tier,hq,0.99,0.95,0.04,0.9595959595959596,True,positive,3.0,100,6,True,True,True,0.0,0.0,0.0,0.77,0.77,0.0,0.94,0.94,0.0,0.95,0.95,0.0,0.97,0.95,0.02,0.99,0.95,0.04,reasoning_A,A,HQ + A,repeat_01_fold_02,1,2
seniority_is_monotone,hq,0.99,0.84,0.15,0.8484848484848485,False,positive,3.0,100,6,True,True,True,0.0,0.0,0.0,0.0,0.0,0.0,0.32,0.3,0.02,0.81,0.69,0.12,0.97,0.83,0.14,0.99,0.84,0.15,reasoning_A,A,HQ + A,repeat_01_fold_02,1,2
total_inferred_experience,hq,0.99,0.03,0.96,0.9696969696969697,True,negative,3.0,100,6,True,True,True,0.0,0.0,0.0,0.0,0.0,0.0,0.65,0.0,0.65,0.93,0.0,0.93,0.98,0.01,0.97,0.99,0.03,0.96,reasoning_A,A,HQ + A,repeat_01_fold_02,1,2
degree_level,hq,0.98,0.06,0.92,0.9387755102040817,True,negative,3.0,100,6,True,True,True,0.0,0.0,0.0,0.0,0.0,0.0,0.22,0.01,0.21,0.81,0.04,0.77,0.97,0.06,0.91,0.98,0.06,0.92,reasoning_A,A,HQ + A,repeat_01_fold_02,1,2
exit_x_serial,hq,0.98,0.73,0.25,0.7448979591836735,False,positive,3.0,100,6,True,True,True,0.0,0.0,0.0,0.31,0.31,0.0,0.44,0.44,0.0,0.69,0.61,0.08,0.89,0.69,0.2,0.98,0.73,0.25,reasoning_A,A,HQ + A,repeat_01_fold_02,1,2
industry_pivot_count,hq,0.98,0.13,0.85,0.8673469387755102,False,negative,3.0,100,6,True,True,True,0.0,0.0,0.0,0.0,0.0,0.0,0.25,0.02,0.23,0.76,0.06,0.7,0.95,0.13,0.82,0.98,0.13,0.85,reasoning_A,A,HQ + A,repeat_01_fold_02,1,2
prestige_sacrifice_score,hq,0.98,0.98,0.0,1.0,True,positive,0.3,100,6,True,True,True,0.0,0.0,0.0,0.55,0.55,0.0,0.96,0.96,0.0,0.98,0.98,0.0,0.97,0.96,0.01,0.97,0.93,0.04,reasoning_A,A,HQ + A,repeat_01_fold_02,1,2
repeat_founding_gap,hq,0.98,0.64,0.34,0.653061224489796,False,positive,3.0,100,6,True,True,True,0.0,0.0,0.0,0.0,0.0,0.0,0.31,0.27,0.04,0.72,0.58,0.14,0.91,0.64,0.27,0.98,0.64,0.34,reasoning_A,A,HQ + A,repeat_01_fold_02,1,2
company_size_is_growing,hq,0.97,0.42,0.55,0.5670103092783506,False,negative,3.0,100,6,True,True,True,0.0,0.0,0.0,0.0,0.0,0.0,0.22,0.07,0.15,0.6,0.21,0.39,0.93,0.39,0.54,0.97,0.42,0.55,reasoning_A,A,HQ + A,repeat_01_fold_02,1,2
longest_founding_tenure,hq,0.97,0.21,0.76,0.7835051546391752,False,negative,3.0,100,6,True,True,True,0.0,0.0,0.0,0.0,0.0,0.0,0.85,0.0,0.85,0.9,0.0,0.9,0.85,0.06,0.79,0.97,0.21,0.76,reasoning_A,A,HQ + A,repeat_01_fold_02,1,2
restlessness_score,hq,0.97,0.61,0.36,0.6288659793814433,False,positive,3.0,100,6,True,True,True,0.0,0.0,0.0,0.0,0.0,0.0,0.11,0.07,0.04,0.6,0.4,0.2,0.92,0.59,0.33,0.97,0.61,0.36,reasoning_A,A,HQ + A,repeat_01_fold_02,1,2
founding_role_count,hq,0.96,0.12,0.84,0.875,False,negative,3.0,100,6,True,True,True,0.0,0.0,0.0,0.0,0.0,0.0,0.33,0.0,0.33,0.65,0.0,0.65,0.85,0.06,0.79,0.96,0.12,0.84,reasoning_A,A,HQ + A,repeat_01_fold_02,1,2
sacrifice_x_serial,hq,0.95,0.82,0.13,0.8631578947368421,False,positive,3.0,100,6,True,True,True,0.0,0.0,0.0,0.0,0.0,0.0,0.05,0.04,0.01,0.44,0.39,0.05,0.84,0.73,0.11,0.95,0.82,0.13,reasoning_A,A,HQ + A,repeat_01_fold_02,1,2
field_relevance_score,hq,0.94,0.42,0.52,0.5531914893617021,False,negative,3.0,100,6,True,True,True,0.0,0.0,0.0,0.0,0.0,0.0,0.04,0.02,0.02,0.46,0.16,0.3,0.8,0.33,0.47,0.94,0.42,0.52,reasoning_A,A,HQ + A,repeat_01_fold_02,1,2
is_serial_founder,hq,0.94,0.13,0.81,0.8617021276595745,False,negative,3.0,100,6,True,True,True,0.0,0.0,0.0,0.0,0.0,0.0,0.19,0.0,0.19,0.59,0.01,0.58,0.87,0.11,0.76,0.94,0.13,0.81,reasoning_A,A,HQ + A,repeat_01_fold_02,1,2
max_company_size_before_founding,hq,0.94,0.43,0.51,0.5425531914893618,False,negative,3.0,100,6,True,True,True,0.0,0.0,0.0,0.01,0.01,0.0,0.11,0.11,0.0,0.35,0.27,0.08,0.83,0.4,0.43,0.94,0.43,0.51,reasoning_A,A,HQ + A,repeat_01_fold_02,1,2
years_in_large_company,hq,0.94,0.75,0.19,0.797872340425532,False,positive,3.0,100,6,True,True,True,0.0,0.0,0.0,0.0,0.0,0.0,0.15,0.15,0.0,0.57,0.53,0.04,0.84,0.71,0.13,0.94,0.75,0.19,reasoning_A,A,HQ + A,repeat_01_fold_02,1,2
persistence_score,hq,0.93,0.6,0.33,0.6451612903225806,False,positive,3.0,100,6,True,True,True,0.0,0.0,0.0,0.0,0.0,0.0,0.03,0.0,0.03,0.51,0.35,0.16,0.84,0.57,0.27,0.93,0.6,0.33,reasoning_A,A,HQ + A,repeat_01_fold_02,1,2
prestige_x_relevance,hq,0.93,0.51,0.42,0.5483870967741935,False,positive,3.0,100,6,True,True,True,0.0,0.0,0.0,0.51,0.51,0.0,0.54,0.54,0.0,0.54,0.5,0.04,0.74,0.52,0.22,0.93,0.51,0.42,reasoning_A,A,HQ + A,repeat_01_fold_02,1,2
has_prior_ipo,hq,0.92,0.83,0.09,0.9021739130434782,True,positive,3.0,100,6,True,True,True,0.0,0.0,0.0,0.35,0.35,0.0,0.73,0.71,0.02,0.82,0.79,0.03,0.85,0.8,0.05,0.92,0.83,0.09,reasoning_A,A,HQ + A,repeat_01_fold_02,1,2
stem_flag,hq,0.92,0.5,0.42,0.5434782608695652,False,positive,3.0,100,6,True,True,True,0.0,0.0,0.0,0.0,0.0,0.0,0.06,0.04,0.02,0.43,0.22,0.21,0.78,0.43,0.35,0.92,0.5,0.42,reasoning_A,A,HQ + A,repeat_01_fold_02,1,2
founding_timing,hq,0.87,0.66,0.21,0.7586206896551725,False,positive,3.0,100,6,True,True,False,0.0,0.0,0.0,0.0,0.0,0.0,0.02,0.0,0.02,0.16,0.05,0.11,0.64,0.48,0.16,0.87,0.66,0.21,reasoning_A,A,HQ + A,repeat_01_fold_02,1,2
exit_count,hq,0.76,0.76,0.0,1.0,True,positive,0.1,100,6,True,False,False,0.0,0.0,0.0,0.43,0.43,0.0,0.76,0.76,0.0,0.73,0.73,0.0,0.74,0.73,0.01,0.74,0.72,0.02,reasoning_A,A,HQ + A,repeat_01_fold_02,1,2
has_prior_acquisition,hq,0.47,0.29,0.18,0.6170212765957447,False,positive,3.0,100,6,False,False,False,0.0,0.0,0.0,0.04,0.04,0.0,0.15,0.15,0.0,0.2,0.17,0.03,0.3,0.15,0.15,0.47,0.29,0.18,reasoning_A,A,HQ + A,repeat_01_fold_02,1,2
A_evidence_support_rating,reasoning,1.0,1.0,0.0,1.0,True,positive,0.03,100,6,True,True,True,0.0,0.0,0.0,1.0,1.0,0.0,1.0,1.0,0.0,1.0,1.0,0.0,1.0,1.0,0.0,1.0,1.0,0.0,reasoning_A,A,HQ + A,repeat_01_fold_02,1,2
A_scrappiness,reasoning,1.0,0.0,1.0,1.0,True,negative,0.1,100,6,True,True,True,0.0,0.0,0.0,0.29,0.0,0.29,1.0,0.0,1.0,1.0,0.0,1.0,1.0,0.0,1.0,1.0,0.0,1.0,reasoning_A,A,HQ + A,repeat_01_fold_02,1,2
A_career_coherence,reasoning,0.98,0.11,0.87,0.8877551020408163,False,negative,3.0,100,6,True,True,True,0.0,0.0,0.0,0.0,0.0,0.0,0.08,0.0,0.08,0.66,0.01,0.65,0.86,0.06,0.8,0.98,0.11,0.87,reasoning_A,A,HQ + A,repeat_01_fold_02,1,2
A_ownership_signal,reasoning,0.97,0.27,0.7,0.7216494845360825,False,negative,3.0,100,6,True,True,True,0.0,0.0,0.0,0.12,0.0,0.12,0.71,0.0,0.71,0.73,0.02,0.71,0.88,0.18,0.7,0.97,0.27,0.7,reasoning_A,A,HQ + A,repeat_01_fold_02,1,2
A_trajectory_strength,reasoning,0.95,0.16,0.79,0.8315789473684211,False,negative,3.0,100,6,True,True,True,0.0,0.0,0.0,0.0,0.0,0.0,0.33,0.0,0.33,0.72,0.01,0.71,0.9,0.14,0.76,0.95,0.16,0.79,reasoning_A,A,HQ + A,repeat_01_fold_02,1,2
best_degree_prestige,hq,1.0,0.99,0.01,0.99,True,positive,1.0,100,6,True,True,True,0.0,0.0,0.0,0.92,0.92,0.0,0.99,0.99,0.0,0.99,0.99,0.0,1.0,0.99,0.01,0.99,0.98,0.01,reasoning_F,F,HQ + F,repeat_01_fold_02,1,2
edu_prestige_tier,hq,1.0,0.99,0.01,0.99,True,positive,1.0,100,6,True,True,True,0.0,0.0,0.0,0.92,0.92,0.0,0.99,0.99,0.0,0.99,0.99,0.0,1.0,0.99,0.01,0.99,0.98,0.01,reasoning_F,F,HQ + F,repeat_01_fold_02,1,2
industry_alignment,hq,1.0,1.0,0.0,1.0,True,positive,0.1,100,6,True,True,True,0.0,0.0,0.0,0.5,0.5,0.0,1.0,1.0,0.0,1.0,1.0,0.0,1.0,1.0,0.0,1.0,1.0,0.0,reasoning_F,F,HQ + F,repeat_01_fold_02,1,2
max_seniority_reached,hq,1.0,0.97,0.03,0.97,True,positive,3.0,100,6,True,True,True,0.0,0.0,0.0,0.0,0.0,0.0,0.58,0.58,0.0,0.94,0.94,0.0,0.98,0.97,0.01,1.0,0.97,0.03,reasoning_F,F,HQ + F,repeat_01_fold_02,1,2
repeat_founding_gap,hq,1.0,0.81,0.19,0.81,False,positive,3.0,100,6,True,True,True,0.0,0.0,0.0,0.01,0.01,0.0,0.42,0.4,0.02,0.79,0.72,0.07,0.95,0.78,0.17,1.0,0.81,0.19,reasoning_F,F,HQ + F,repeat_01_fold_02,1,2
years_in_large_company,hq,1.0,0.89,0.11,0.89,False,positive,3.0,100,6,True,True,True,0.0,0.0,0.0,0.0,0.0,0.0,0.26,0.26,0.0,0.81,0.78,0.03,0.96,0.88,0.08,1.0,0.89,0.11,reasoning_F,F,HQ + F,repeat_01_fold_02,1,2
comfort_index,hq,0.99,0.8,0.19,0.8080808080808082,False,positive,3.0,100,6,True,True,True,0.0,0.0,0.0,0.04,0.04,0.0,0.68,0.67,0.01,0.89,0.8,0.09,0.97,0.8,0.17,0.99,0.8,0.19,reasoning_F,F,HQ + F,repeat_01_fold_02,1,2
degree_level,hq,0.99,0.06,0.93,0.9393939393939394,True,negative,3.0,100,6,True,True,True,0.0,0.0,0.0,0.0,0.0,0.0,0.2,0.01,0.19,0.82,0.01,0.81,0.97,0.04,0.93,0.99,0.06,0.93,reasoning_F,F,HQ + F,repeat_01_fold_02,1,2
industry_prestige_penalty,hq,0.99,0.94,0.05,0.9494949494949495,True,positive,3.0,100,6,True,True,True,0.0,0.0,0.0,0.46,0.46,0.0,0.85,0.85,0.0,0.93,0.93,0.0,0.97,0.94,0.03,0.99,0.94,0.05,reasoning_F,F,HQ + F,repeat_01_fold_02,1,2
prestige_sacrifice_score,hq,0.99,0.99,0.0,1.0,True,positive,1.0,100,6,True,True,True,0.0,0.0,0.0,0.56,0.56,0.0,0.97,0.97,0.0,0.98,0.98,0.0,0.99,0.99,0.0,0.99,0.98,0.01,reasoning_F,F,HQ + F,repeat_01_fold_02,1,2
stem_flag,hq,0.99,0.44,0.55,0.5555555555555556,False,negative,3.0,100,6,True,True,True,0.0,0.0,0.0,0.0,0.0,0.0,0.06,0.04,0.02,0.48,0.19,0.29,0.82,0.4,0.42,0.99,0.44,0.55,reasoning_F,F,HQ + F,repeat_01_fold_02,1,2
is_serial_founder,hq,0.98,0.19,0.79,0.8061224489795918,False,negative,3.0,100,6,True,True,True,0.0,0.0,0.0,0.0,0.0,0.0,0.39,0.0,0.39,0.66,0.02,0.64,0.9,0.15,0.75,0.98,0.19,0.79,reasoning_F,F,HQ + F,repeat_01_fold_02,1,2
seniority_is_monotone,hq,0.98,0.79,0.19,0.8061224489795918,False,positive,3.0,100,6,True,True,True,0.0,0.0,0.0,0.0,0.0,0.0,0.35,0.31,0.04,0.73,0.62,0.11,0.94,0.77,0.17,0.98,0.79,0.19,reasoning_F,F,HQ + F,repeat_01_fold_02,1,2
company_size_is_growing,hq,0.97,0.5,0.47,0.5154639175257733,False,positive,3.0,100,6,True,True,True,0.0,0.0,0.0,0.0,0.0,0.0,0.15,0.02,0.13,0.56,0.28,0.28,0.86,0.46,0.4,0.97,0.5,0.47,reasoning_F,F,HQ + F,repeat_01_fold_02,1,2
persistence_score,hq,0.97,0.5,0.47,0.5154639175257733,False,positive,3.0,100,6,True,True,True,0.0,0.0,0.0,0.0,0.0,0.0,0.06,0.02,0.04,0.51,0.34,0.17,0.81,0.48,0.33,0.97,0.5,0.47,reasoning_F,F,HQ + F,repeat_01_fold_02,1,2
industry_pivot_count,hq,0.96,0.08,0.88,0.9166666666666667,True,negative,3.0,100,6,True,True,True,0.0,0.0,0.0,0.0,0.0,0.0,0.26,0.0,0.26,0.73,0.03,0.7,0.93,0.06,0.87,0.96,0.08,0.88,reasoning_F,F,HQ + F,repeat_01_fold_02,1,2
total_inferred_experience,hq,0.96,0.02,0.94,0.9791666666666666,True,negative,3.0,100,6,True,True,True,0.0,0.0,0.0,0.0,0.0,0.0,0.64,0.0,0.64,0.92,0.0,0.92,0.95,0.0,0.95,0.96,0.02,0.94,reasoning_F,F,HQ + F,repeat_01_fold_02,1,2
longest_founding_tenure,hq,0.95,0.34,0.61,0.6421052631578947,False,negative,3.0,100,6,True,True,True,0.0,0.0,0.0,0.01,0.0,0.01,0.76,0.0,0.76,0.77,0.0,0.77,0.85,0.17,0.68,0.95,0.34,0.61,reasoning_F,F,HQ + F,repeat_01_fold_02,1,2
restlessness_score,hq,0.95,0.72,0.23,0.7578947368421053,False,positive,3.0,100,6,True,True,True,0.0,0.0,0.0,0.0,0.0,0.0,0.19,0.16,0.03,0.67,0.49,0.18,0.89,0.67,0.22,0.95,0.72,0.23,reasoning_F,F,HQ + F,repeat_01_fold_02,1,2
exit_x_serial,hq,0.94,0.64,0.3,0.6808510638297873,False,positive,3.0,100,6,True,True,True,0.0,0.0,0.0,0.24,0.24,0.0,0.35,0.35,0.0,0.62,0.57,0.05,0.89,0.65,0.24,0.94,0.64,0.3,reasoning_F,F,HQ + F,repeat_01_fold_02,1,2
founding_role_count,hq,0.94,0.12,0.82,0.8723404255319149,False,negative,3.0,100,6,True,True,True,0.0,0.0,0.0,0.0,0.0,0.0,0.4,0.0,0.4,0.73,0.01,0.72,0.89,0.1,0.79,0.94,0.12,0.82,reasoning_F,F,HQ + F,repeat_01_fold_02,1,2
founding_timing,hq,0.94,0.75,0.19,0.797872340425532,False,positive,3.0,100,6,True,True,True,0.0,0.0,0.0,0.0,0.0,0.0,0.0,0.0,0.0,0.11,0.01,0.1,0.71,0.56,0.15,0.94,0.75,0.19,reasoning_F,F,HQ + F,repeat_01_fold_02,1,2
field_relevance_score,hq,0.93,0.51,0.42,0.5483870967741935,False,positive,3.0,100,6,True,True,True,0.0,0.0,0.0,0.0,0.0,0.0,0.07,0.02,0.05,0.51,0.18,0.33,0.84,0.42,0.42,0.93,0.51,0.42,reasoning_F,F,HQ + F,repeat_01_fold_02,1,2
has_prior_ipo,hq,0.91,0.86,0.05,0.945054945054945,True,positive,3.0,100,6,True,True,True,0.0,0.0,0.0,0.34,0.34,0.0,0.72,0.71,0.01,0.84,0.8,0.04,0.89,0.84,0.05,0.91,0.86,0.05,reasoning_F,F,HQ + F,repeat_01_fold_02,1,2
prestige_x_relevance,hq,0.9,0.52,0.38,0.5777777777777778,False,positive,3.0,100,6,True,True,True,0.0,0.0,0.0,0.46,0.46,0.0,0.53,0.53,0.0,0.6,0.59,0.01,0.82,0.54,0.28,0.9,0.52,0.38,reasoning_F,F,HQ + F,repeat_01_fold_02,1,2
sacrifice_x_serial,hq,0.9,0.69,0.21,0.7666666666666666,False,positive,3.0,100,6,True,True,True,0.0,0.0,0.0,0.0,0.0,0.0,0.0,0.0,0.0,0.24,0.18,0.06,0.74,0.56,0.18,0.9,0.69,0.21,reasoning_F,F,HQ + F,repeat_01_fold_02,1,2
max_company_size_before_founding,hq,0.89,0.29,0.6,0.6741573033707865,False,negative,3.0,100,6,True,True,False,0.0,0.0,0.0,0.01,0.01,0.0,0.12,0.12,0.0,0.33,0.19,0.14,0.86,0.27,0.59,0.89,0.29,0.6,reasoning_F,F,HQ + F,repeat_01_fold_02,1,2
exit_count,hq,0.79,0.79,0.0,1.0,True,positive,0.1,100,6,True,False,False,0.0,0.0,0.0,0.51,0.51,0.0,0.79,0.79,0.0,0.78,0.78,0.0,0.76,0.76,0.0,0.78,0.77,0.01,reasoning_F,F,HQ + F,repeat_01_fold_02,1,2
has_prior_acquisition,hq,0.35,0.19,0.16,0.5428571428571429,False,positive,3.0,100,6,False,False,False,0.0,0.0,0.0,0.03,0.03,0.0,0.07,0.07,0.0,0.15,0.11,0.04,0.25,0.11,0.14,0.35,0.19,0.16,reasoning_F,F,HQ + F,repeat_01_fold_02,1,2
F_career_coherence,reasoning,1.0,0.0,1.0,1.0,True,negative,0.3,100,6,True,True,True,0.0,0.0,0.0,0.02,0.0,0.02,0.64,0.0,0.64,1.0,0.0,1.0,1.0,0.0,1.0,1.0,0.0,1.0,reasoning_F,F,HQ + F,repeat_01_fold_02,1,2
F_evidence_support_rating,reasoning,1.0,1.0,0.0,1.0,True,positive,1.0,100,6,True,True,True,0.0,0.0,0.0,0.0,0.0,0.0,0.19,0.19,0.0,0.96,0.96,0.0,1.0,1.0,0.0,1.0,1.0,0.0,reasoning_F,F,HQ + F,repeat_01_fold_02,1,2
F_scrappiness,reasoning,0.84,0.21,0.63,0.75,False,negative,3.0,100,6,True,True,False,0.0,0.0,0.0,0.0,0.0,0.0,0.0,0.0,0.0,0.08,0.03,0.05,0.52,0.21,0.31,0.84,0.21,0.63,reasoning_F,F,HQ + F,repeat_01_fold_02,1,2
F_trajectory_strength,reasoning,0.82,0.67,0.15,0.8170731707317074,False,positive,3.0,100,6,True,True,False,0.0,0.0,0.0,0.0,0.0,0.0,0.0,0.0,0.0,0.03,0.0,0.03,0.46,0.41,0.05,0.82,0.67,0.15,reasoning_F,F,HQ + F,repeat_01_fold_02,1,2
F_ownership_signal,reasoning,0.81,0.59,0.22,0.728395061728395,False,positive,3.0,100,6,True,True,False,0.0,0.0,0.0,0.0,0.0,0.0,0.0,0.0,0.0,0.03,0.03,0.0,0.53,0.49,0.04,0.81,0.59,0.22,reasoning_F,F,HQ + F,repeat_01_fold_02,1,2
F_rubric_score,reasoning,0.73,0.55,0.18,0.7534246575342467,False,positive,3.0,100,6,True,False,False,0.0,0.0,0.0,0.0,0.0,0.0,0.0,0.0,0.0,0.01,0.0,0.01,0.34,0.3,0.04,0.73,0.55,0.18,reasoning_F,F,HQ + F,repeat_01_fold_02,1,2
degree_level,hq,1.0,0.03,0.97,0.97,True,negative,3.0,100,6,True,True,True,0.0,0.0,0.0,0.0,0.0,0.0,0.29,0.02,0.27,0.82,0.02,0.8,0.95,0.02,0.93,1.0,0.03,0.97,reasoning_A,A,HQ + A,repeat_01_fold_03,1,3
industry_alignment,hq,1.0,0.99,0.01,0.99,True,positive,1.0,100,6,True,True,True,0.0,0.0,0.0,0.05,0.05,0.0,0.7,0.7,0.0,0.96,0.95,0.01,1.0,0.99,0.01,1.0,0.99,0.01,reasoning_A,A,HQ + A,repeat_01_fold_03,1,3
industry_prestige_penalty,hq,0.99,0.96,0.03,0.9696969696969697,True,positive,3.0,100,6,True,True,True,0.0,0.0,0.0,0.41,0.41,0.0,0.85,0.85,0.0,0.92,0.92,0.0,0.98,0.95,0.03,0.99,0.96,0.03,reasoning_A,A,HQ + A,repeat_01_fold_03,1,3
max_seniority_reached,hq,0.99,0.95,0.04,0.9595959595959596,True,positive,3.0,100,6,True,True,True,0.0,0.0,0.0,0.0,0.0,0.0,0.39,0.39,0.0,0.85,0.85,0.0,0.95,0.95,0.0,0.99,0.95,0.04,reasoning_A,A,HQ + A,repeat_01_fold_03,1,3
repeat_founding_gap,hq,0.99,0.35,0.64,0.6464646464646465,False,negative,3.0,100,6,True,True,True,0.0,0.0,0.0,0.0,0.0,0.0,0.19,0.04,0.15,0.72,0.27,0.45,0.92,0.35,0.57,0.99,0.35,0.64,reasoning_A,A,HQ + A,repeat_01_fold_03,1,3
sacrifice_x_serial,hq,0.99,0.97,0.02,0.9797979797979798,True,positive,3.0,100,6,True,True,True,0.0,0.0,0.0,0.01,0.01,0.0,0.33,0.33,0.0,0.77,0.77,0.0,0.96,0.95,0.01,0.99,0.97,0.02,reasoning_A,A,HQ + A,repeat_01_fold_03,1,3
comfort_index,hq,0.97,0.88,0.09,0.9072164948453608,True,positive,3.0,100,6,True,True,True,0.0,0.0,0.0,0.02,0.02,0.0,0.59,0.59,0.0,0.84,0.81,0.03,0.94,0.86,0.08,0.97,0.88,0.09,reasoning_A,A,HQ + A,repeat_01_fold_03,1,3
is_serial_founder,hq,0.97,0.14,0.83,0.8556701030927835,False,negative,3.0,100,6,True,True,True,0.0,0.0,0.0,0.0,0.0,0.0,0.03,0.0,0.03,0.5,0.01,0.49,0.88,0.11,0.77,0.97,0.14,0.83,reasoning_A,A,HQ + A,repeat_01_fold_03,1,3
prestige_x_relevance,hq,0.97,0.97,0.0,1.0,True,positive,0.03,100,6,True,True,True,0.0,0.0,0.0,0.97,0.97,0.0,0.97,0.97,0.0,0.77,0.77,0.0,0.81,0.71,0.1,0.94,0.68,0.26,reasoning_A,A,HQ + A,repeat_01_fold_03,1,3
seniority_is_monotone,hq,0.97,0.14,0.83,0.8556701030927835,False,negative,3.0,100,6,True,True,True,0.0,0.0,0.0,0.0,0.0,0.0,0.4,0.0,0.4,0.79,0.07,0.72,0.93,0.12,0.81,0.97,0.14,0.83,reasoning_A,A,HQ + A,repeat_01_fold_03,1,3
best_degree_prestige,hq,0.96,0.78,0.18,0.8125000000000001,False,positive,3.0,100,6,True,True,True,0.0,0.0,0.0,0.15,0.15,0.0,0.53,0.53,0.0,0.71,0.71,0.0,0.85,0.77,0.08,0.96,0.78,0.18,reasoning_A,A,HQ + A,repeat_01_fold_03,1,3
edu_prestige_tier,hq,0.96,0.78,0.18,0.8125000000000001,False,positive,3.0,100,6,True,True,True,0.0,0.0,0.0,0.15,0.15,0.0,0.53,0.53,0.0,0.71,0.71,0.0,0.85,0.77,0.08,0.96,0.78,0.18,reasoning_A,A,HQ + A,repeat_01_fold_03,1,3
industry_pivot_count,hq,0.96,0.1,0.86,0.8958333333333334,False,negative,3.0,100,6,True,True,True,0.0,0.0,0.0,0.0,0.0,0.0,0.24,0.0,0.24,0.72,0.01,0.71,0.88,0.07,0.81,0.96,0.1,0.86,reasoning_A,A,HQ + A,repeat_01_fold_03,1,3
stem_flag,hq,0.96,0.84,0.12,0.875,False,positive,3.0,100,6,True,True,True,0.0,0.0,0.0,0.03,0.03,0.0,0.4,0.4,0.0,0.71,0.69,0.02,0.89,0.8,0.09,0.96,0.84,0.12,reasoning_A,A,HQ + A,repeat_01_fold_03,1,3
years_in_large_company,hq,0.96,0.89,0.07,0.9270833333333334,True,positive,3.0,100,6,True,True,True,0.0,0.0,0.0,0.01,0.01,0.0,0.33,0.33,0.0,0.81,0.77,0.04,0.93,0.87,0.06,0.96,0.89,0.07,reasoning_A,A,HQ + A,repeat_01_fold_03,1,3
company_size_is_growing,hq,0.94,0.72,0.22,0.7659574468085106,False,positive,3.0,100,6,True,True,True,0.0,0.0,0.0,0.0,0.0,0.0,0.14,0.01,0.13,0.56,0.39,0.17,0.87,0.66,0.21,0.94,0.72,0.22,reasoning_A,A,HQ + A,repeat_01_fold_03,1,3
exit_count,hq,0.94,0.94,0.0,1.0,True,positive,0.3,100,6,True,True,True,0.0,0.0,0.0,0.83,0.83,0.0,0.93,0.93,0.0,0.94,0.94,0.0,0.94,0.94,0.0,0.94,0.94,0.0,reasoning_A,A,HQ + A,repeat_01_fold_03,1,3
exit_x_serial,hq,0.94,0.49,0.45,0.5212765957446809,False,positive,3.0,100,6,True,True,True,0.0,0.0,0.0,0.25,0.25,0.0,0.33,0.33,0.0,0.62,0.44,0.18,0.87,0.49,0.38,0.94,0.49,0.45,reasoning_A,A,HQ + A,repeat_01_fold_03,1,3
founding_role_count,hq,0.94,0.37,0.57,0.6063829787234042,False,negative,3.0,100,6,True,True,True,0.0,0.0,0.0,0.0,0.0,0.0,0.05,0.0,0.05,0.36,0.04,0.32,0.74,0.27,0.47,0.94,0.37,0.57,reasoning_A,A,HQ + A,repeat_01_fold_03,1,3
has_prior_ipo,hq,0.94,0.92,0.02,0.9787234042553192,True,positive,3.0,100,6,True,True,True,0.0,0.0,0.0,0.25,0.25,0.0,0.75,0.74,0.01,0.89,0.87,0.02,0.93,0.91,0.02,0.94,0.92,0.02,reasoning_A,A,HQ + A,repeat_01_fold_03,1,3
longest_founding_tenure,hq,0.93,0.13,0.8,0.8602150537634409,False,negative,3.0,100,6,True,True,True,0.0,0.0,0.0,0.0,0.0,0.0,0.31,0.0,0.31,0.74,0.0,0.74,0.9,0.08,0.82,0.93,0.13,0.8,reasoning_A,A,HQ + A,repeat_01_fold_03,1,3
restlessness_score,hq,0.93,0.17,0.76,0.8172043010752688,False,negative,3.0,100,6,True,True,True,0.0,0.0,0.0,0.0,0.0,0.0,0.18,0.0,0.18,0.73,0.09,0.64,0.88,0.14,0.74,0.93,0.17,0.76,reasoning_A,A,HQ + A,repeat_01_fold_03,1,3
max_company_size_before_founding,hq,0.92,0.82,0.1,0.8913043478260869,False,positive,3.0,100,6,True,True,True,0.0,0.0,0.0,0.06,0.06,0.0,0.44,0.44,0.0,0.75,0.71,0.04,0.84,0.77,0.07,0.92,0.82,0.1,reasoning_A,A,HQ + A,repeat_01_fold_03,1,3
persistence_score,hq,0.92,0.59,0.33,0.6413043478260869,False,positive,3.0,100,6,True,True,True,0.0,0.0,0.0,0.0,0.0,0.0,0.08,0.06,0.02,0.52,0.38,0.14,0.84,0.55,0.29,0.92,0.59,0.33,reasoning_A,A,HQ + A,repeat_01_fold_03,1,3
field_relevance_score,hq,0.91,0.41,0.5,0.5494505494505494,False,negative,3.0,100,6,True,True,True,0.0,0.0,0.0,0.0,0.0,0.0,0.17,0.17,0.0,0.38,0.33,0.05,0.73,0.39,0.34,0.91,0.41,0.5,reasoning_A,A,HQ + A,repeat_01_fold_03,1,3
prestige_sacrifice_score,hq,0.91,0.32,0.59,0.6483516483516483,False,negative,3.0,100,6,True,True,True,0.0,0.0,0.0,0.05,0.05,0.0,0.43,0.43,0.0,0.48,0.47,0.01,0.76,0.34,0.42,0.91,0.32,0.59,reasoning_A,A,HQ + A,repeat_01_fold_03,1,3
total_inferred_experience,hq,0.9,0.27,0.63,0.7,False,negative,3.0,100,6,True,True,True,0.0,0.0,0.0,0.0,0.0,0.0,0.43,0.0,0.43,0.64,0.0,0.64,0.73,0.13,0.6,0.9,0.27,0.63,reasoning_A,A,HQ + A,repeat_01_fold_03,1,3
founding_timing,hq,0.86,0.27,0.59,0.686046511627907,False,negative,3.0,100,6,True,True,False,0.0,0.0,0.0,0.0,0.0,0.0,0.25,0.0,0.25,0.56,0.0,0.56,0.69,0.12,0.57,0.86,0.27,0.59,reasoning_A,A,HQ + A,repeat_01_fold_03,1,3
has_prior_acquisition,hq,0.44,0.39,0.05,0.8863636363636364,False,positive,3.0,100,6,False,False,False,0.0,0.0,0.0,0.08,0.08,0.0,0.12,0.12,0.0,0.12,0.1,0.02,0.14,0.09,0.05,0.44,0.39,0.05,reasoning_A,A,HQ + A,repeat_01_fold_03,1,3
A_evidence_support_rating,reasoning,1.0,1.0,0.0,1.0,True,positive,0.03,100,6,True,True,True,0.0,0.0,0.0,1.0,1.0,0.0,1.0,1.0,0.0,1.0,1.0,0.0,1.0,1.0,0.0,1.0,1.0,0.0,reasoning_A,A,HQ + A,repeat_01_fold_03,1,3
A_scrappiness,reasoning,1.0,0.0,1.0,1.0,True,negative,0.1,100,6,True,True,True,0.0,0.0,0.0,0.36,0.0,0.36,1.0,0.0,1.0,1.0,0.0,1.0,1.0,0.0,1.0,1.0,0.0,1.0,reasoning_A,A,HQ + A,repeat_01_fold_03,1,3
A_career_coherence,reasoning,0.96,0.02,0.94,0.9791666666666666,True,negative,3.0,100,6,True,True,True,0.0,0.0,0.0,0.0,0.0,0.0,0.39,0.0,0.39,0.88,0.0,0.88,0.94,0.01,0.93,0.96,0.02,0.94,reasoning_A,A,HQ + A,repeat_01_fold_03,1,3
A_ownership_signal,reasoning,0.96,0.29,0.67,0.6979166666666667,False,negative,3.0,100,6,True,True,True,0.0,0.0,0.0,0.19,0.0,0.19,0.78,0.0,0.78,0.74,0.01,0.73,0.86,0.19,0.67,0.96,0.29,0.67,reasoning_A,A,HQ + A,repeat_01_fold_03,1,3
A_trajectory_strength,reasoning,0.93,0.14,0.79,0.8494623655913979,False,negative,3.0,100,6,True,True,True,0.0,0.0,0.0,0.0,0.0,0.0,0.33,0.0,0.33,0.72,0.01,0.71,0.87,0.1,0.77,0.93,0.14,0.79,reasoning_A,A,HQ + A,repeat_01_fold_03,1,3
industry_alignment,hq,1.0,0.99,0.01,0.99,True,positive,1.0,100,6,True,True,True,0.0,0.0,0.0,0.04,0.04,0.0,0.75,0.75,0.0,0.99,0.98,0.01,1.0,0.99,0.01,1.0,0.99,0.01,reasoning_F,F,HQ + F,repeat_01_fold_03,1,3
comfort_index,hq,0.99,0.88,0.11,0.888888888888889,False,positive,3.0,100,6,True,True,True,0.0,0.0,0.0,0.0,0.0,0.0,0.57,0.57,0.0,0.86,0.81,0.05,0.93,0.85,0.08,0.99,0.88,0.11,reasoning_F,F,HQ + F,repeat_01_fold_03,1,3
degree_level,hq,0.99,0.01,0.98,0.98989898989899,True,negative,3.0,100,6,True,True,True,0.0,0.0,0.0,0.0,0.0,0.0,0.18,0.01,0.17,0.9,0.01,0.89,0.97,0.01,0.96,0.99,0.01,0.98,reasoning_F,F,HQ + F,repeat_01_fold_03,1,3
industry_prestige_penalty,hq,0.99,0.95,0.04,0.9595959595959596,True,positive,3.0,100,6,True,True,True,0.0,0.0,0.0,0.35,0.35,0.0,0.88,0.88,0.0,0.93,0.93,0.0,0.98,0.95,0.03,0.99,0.95,0.04,reasoning_F,F,HQ + F,repeat_01_fold_03,1,3
prestige_x_relevance,hq,0.99,0.99,0.0,1.0,True,positive,0.1,100,6,True,True,True,0.0,0.0,0.0,0.98,0.98,0.0,0.99,0.99,0.0,0.9,0.9,0.0,0.81,0.74,0.07,0.87,0.71,0.16,reasoning_F,F,HQ + F,repeat_01_fold_03,1,3
years_in_large_company,hq,0.99,0.94,0.05,0.9494949494949495,True,positive,3.0,100,6,True,True,True,0.0,0.0,0.0,0.01,0.01,0.0,0.29,0.29,0.0,0.87,0.84,0.03,0.94,0.89,0.05,0.99,0.94,0.05,reasoning_F,F,HQ + F,repeat_01_fold_03,1,3
industry_pivot_count,hq,0.98,0.18,0.8,0.8163265306122449,False,negative,3.0,100,6,True,True,True,0.0,0.0,0.0,0.0,0.0,0.0,0.16,0.0,0.16,0.71,0.06,0.65,0.9,0.14,0.76,0.98,0.18,0.8,reasoning_F,F,HQ + F,repeat_01_fold_03,1,3
sacrifice_x_serial,hq,0.98,0.96,0.02,0.9795918367346939,True,positive,3.0,100,6,True,True,True,0.0,0.0,0.0,0.04,0.04,0.0,0.27,0.27,0.0,0.73,0.72,0.01,0.92,0.91,0.01,0.98,0.96,0.02,reasoning_F,F,HQ + F,repeat_01_fold_03,1,3
company_size_is_growing,hq,0.97,0.54,0.43,0.5567010309278351,False,positive,3.0,100,6,True,True,True,0.0,0.0,0.0,0.0,0.0,0.0,0.14,0.02,0.12,0.65,0.3,0.35,0.92,0.52,0.4,0.97,0.54,0.43,reasoning_F,F,HQ + F,repeat_01_fold_03,1,3
longest_founding_tenure,hq,0.97,0.38,0.59,0.6082474226804123,False,negative,3.0,100,6,True,True,True,0.0,0.0,0.0,0.0,0.0,0.0,0.33,0.0,0.33,0.58,0.02,0.56,0.83,0.26,0.57,0.97,0.38,0.59,reasoning_F,F,HQ + F,repeat_01_fold_03,1,3
max_seniority_reached,hq,0.97,0.96,0.01,0.9896907216494846,True,positive,3.0,100,6,True,True,True,0.0,0.0,0.0,0.0,0.0,0.0,0.32,0.32,0.0,0.81,0.79,0.02,0.94,0.92,0.02,0.97,0.96,0.01,reasoning_F,F,HQ + F,repeat_01_fold_03,1,3
repeat_founding_gap,hq,0.97,0.52,0.45,0.5360824742268041,False,positive,3.0,100,6,True,True,True,0.0,0.0,0.0,0.0,0.0,0.0,0.21,0.08,0.13,0.69,0.35,0.34,0.89,0.48,0.41,0.97,0.52,0.45,reasoning_F,F,HQ + F,repeat_01_fold_03,1,3
restlessness_score,hq,0.97,0.32,0.65,0.6701030927835052,False,negative,3.0,100,6,True,True,True,0.0,0.0,0.0,0.0,0.0,0.0,0.13,0.0,0.13,0.54,0.1,0.44,0.85,0.27,0.58,0.97,0.32,0.65,reasoning_F,F,HQ + F,repeat_01_fold_03,1,3
seniority_is_monotone,hq,0.97,0.12,0.85,0.8762886597938144,False,negative,3.0,100,6,True,True,True,0.0,0.0,0.0,0.0,0.0,0.0,0.38,0.0,0.38,0.78,0.02,0.76,0.93,0.1,0.83,0.97,0.12,0.85,reasoning_F,F,HQ + F,repeat_01_fold_03,1,3
best_degree_prestige,hq,0.96,0.8,0.16,0.8333333333333334,False,positive,3.0,100,6,True,True,True,0.0,0.0,0.0,0.12,0.12,0.0,0.5,0.5,0.0,0.71,0.69,0.02,0.9,0.79,0.11,0.96,0.8,0.16,reasoning_F,F,HQ + F,repeat_01_fold_03,1,3
edu_prestige_tier,hq,0.96,0.8,0.16,0.8333333333333334,False,positive,3.0,100,6,True,True,True,0.0,0.0,0.0,0.12,0.12,0.0,0.5,0.5,0.0,0.71,0.69,0.02,0.9,0.79,0.11,0.96,0.8,0.16,reasoning_F,F,HQ + F,repeat_01_fold_03,1,3
has_prior_ipo,hq,0.96,0.94,0.02,0.9791666666666666,True,positive,3.0,100,6,True,True,True,0.0,0.0,0.0,0.25,0.25,0.0,0.73,0.73,0.0,0.92,0.9,0.02,0.93,0.91,0.02,0.96,0.94,0.02,reasoning_F,F,HQ + F,repeat_01_fold_03,1,3
max_company_size_before_founding,hq,0.96,0.76,0.2,0.7916666666666667,False,positive,3.0,100,6,True,True,True,0.0,0.0,0.0,0.02,0.02,0.0,0.36,0.36,0.0,0.62,0.59,0.03,0.92,0.73,0.19,0.96,0.76,0.2,reasoning_F,F,HQ + F,repeat_01_fold_03,1,3
persistence_score,hq,0.96,0.39,0.57,0.59375,False,negative,3.0,100,6,True,True,True,0.0,0.0,0.0,0.0,0.0,0.0,0.07,0.02,0.05,0.44,0.23,0.21,0.82,0.36,0.46,0.96,0.39,0.57,reasoning_F,F,HQ + F,repeat_01_fold_03,1,3
founding_role_count,hq,0.95,0.2,0.75,0.7894736842105263,False,negative,3.0,100,6,True,True,True,0.0,0.0,0.0,0.0,0.0,0.0,0.17,0.0,0.17,0.56,0.03,0.53,0.82,0.13,0.69,0.95,0.2,0.75,reasoning_F,F,HQ + F,repeat_01_fold_03,1,3
is_serial_founder,hq,0.95,0.22,0.73,0.768421052631579,False,negative,3.0,100,6,True,True,True,0.0,0.0,0.0,0.0,0.0,0.0,0.05,0.0,0.05,0.42,0.04,0.38,0.82,0.12,0.7,0.95,0.22,0.73,reasoning_F,F,HQ + F,repeat_01_fold_03,1,3
stem_flag,hq,0.95,0.71,0.24,0.7473684210526316,False,positive,3.0,100,6,True,True,True,0.0,0.0,0.0,0.02,0.02,0.0,0.32,0.32,0.0,0.56,0.53,0.03,0.81,0.63,0.18,0.95,0.71,0.24,reasoning_F,F,HQ + F,repeat_01_fold_03,1,3
exit_count,hq,0.94,0.94,0.0,1.0,True,positive,0.1,100,6,True,True,True,0.01,0.01,0.0,0.82,0.82,0.0,0.94,0.94,0.0,0.93,0.93,0.0,0.91,0.91,0.0,0.91,0.91,0.0,reasoning_F,F,HQ + F,repeat_01_fold_03,1,3
field_relevance_score,hq,0.94,0.68,0.26,0.723404255319149,False,positive,3.0,100,6,True,True,True,0.0,0.0,0.0,0.0,0.0,0.0,0.25,0.25,0.0,0.54,0.49,0.05,0.75,0.6,0.15,0.94,0.68,0.26,reasoning_F,F,HQ + F,repeat_01_fold_03,1,3
prestige_sacrifice_score,hq,0.94,0.43,0.51,0.5425531914893618,False,negative,3.0,100,6,True,True,True,0.0,0.0,0.0,0.08,0.08,0.0,0.54,0.54,0.0,0.58,0.56,0.02,0.72,0.43,0.29,0.94,0.43,0.51,reasoning_F,F,HQ + F,repeat_01_fold_03,1,3
total_inferred_experience,hq,0.91,0.19,0.72,0.7912087912087912,False,negative,3.0,100,6,True,True,True,0.0,0.0,0.0,0.0,0.0,0.0,0.44,0.0,0.44,0.67,0.0,0.67,0.79,0.09,0.7,0.91,0.19,0.72,reasoning_F,F,HQ + F,repeat_01_fold_03,1,3
exit_x_serial,hq,0.9,0.49,0.41,0.5444444444444444,False,positive,3.0,100,6,True,True,True,0.0,0.0,0.0,0.2,0.2,0.0,0.23,0.22,0.01,0.55,0.38,0.17,0.79,0.44,0.35,0.9,0.49,0.41,reasoning_F,F,HQ + F,repeat_01_fold_03,1,3
founding_timing,hq,0.89,0.22,0.67,0.752808988764045,False,negative,3.0,100,6,True,True,False,0.0,0.0,0.0,0.0,0.0,0.0,0.25,0.0,0.25,0.69,0.0,0.69,0.77,0.1,0.67,0.89,0.22,0.67,reasoning_F,F,HQ + F,repeat_01_fold_03,1,3
has_prior_acquisition,hq,0.38,0.31,0.07,0.8157894736842105,False,positive,3.0,100,6,False,False,False,0.0,0.0,0.0,0.07,0.07,0.0,0.1,0.1,0.0,0.09,0.08,0.01,0.14,0.08,0.06,0.38,0.31,0.07,reasoning_F,F,HQ + F,repeat_01_fold_03,1,3
F_career_coherence,reasoning,1.0,0.0,1.0,1.0,True,negative,0.3,100,6,True,True,True,0.0,0.0,0.0,0.0,0.0,0.0,0.86,0.0,0.86,1.0,0.0,1.0,1.0,0.0,1.0,1.0,0.0,1.0,reasoning_F,F,HQ + F,repeat_01_fold_03,1,3
F_evidence_support_rating,reasoning,1.0,1.0,0.0,1.0,True,positive,0.3,100,6,True,True,True,0.0,0.0,0.0,0.0,0.0,0.0,0.85,0.85,0.0,1.0,1.0,0.0,1.0,1.0,0.0,1.0,1.0,0.0,reasoning_F,F,HQ + F,repeat_01_fold_03,1,3
F_ownership_signal,reasoning,0.93,0.89,0.04,0.9569892473118279,True,positive,3.0,100,6,True,True,True,0.0,0.0,0.0,0.0,0.0,0.0,0.0,0.0,0.0,0.25,0.25,0.0,0.83,0.82,0.01,0.93,0.89,0.04,reasoning_F,F,HQ + F,repeat_01_fold_03,1,3
F_trajectory_strength,reasoning,0.92,0.86,0.06,0.9347826086956521,True,positive,3.0,100,6,True,True,True,0.0,0.0,0.0,0.0,0.0,0.0,0.0,0.0,0.0,0.01,0.01,0.0,0.65,0.6,0.05,0.92,0.86,0.06,reasoning_F,F,HQ + F,repeat_01_fold_03,1,3
F_rubric_score,reasoning,0.8,0.21,0.59,0.7374999999999999,False,negative,3.0,100,6,True,True,False,0.0,0.0,0.0,0.0,0.0,0.0,0.0,0.0,0.0,0.01,0.0,0.01,0.31,0.11,0.2,0.8,0.21,0.59,reasoning_F,F,HQ + F,repeat_01_fold_03,1,3
F_scrappiness,reasoning,0.8,0.4,0.4,0.5,False,positive,3.0,100,6,True,True,False,0.0,0.0,0.0,0.0,0.0,0.0,0.0,0.0,0.0,0.11,0.1,0.01,0.52,0.32,0.2,0.8,0.4,0.4,reasoning_F,F,HQ + F,repeat_01_fold_03,1,3
best_degree_prestige,hq,1.0,0.94,0.06,0.94,True,positive,3.0,100,6,True,True,True,0.0,0.0,0.0,0.65,0.65,0.0,0.88,0.88,0.0,0.94,0.94,0.0,0.98,0.94,0.04,1.0,0.94,0.06,reasoning_A,A,HQ + A,repeat_02_fold_01,2,1
edu_prestige_tier,hq,1.0,0.94,0.06,0.94,True,positive,3.0,100,6,True,True,True,0.0,0.0,0.0,0.65,0.65,0.0,0.88,0.88,0.0,0.94,0.94,0.0,0.98,0.94,0.04,1.0,0.94,0.06,reasoning_A,A,HQ + A,repeat_02_fold_01,2,1
industry_alignment,hq,1.0,1.0,0.0,1.0,True,positive,0.3,100,6,True,True,True,0.0,0.0,0.0,0.38,0.38,0.0,0.97,0.97,0.0,1.0,1.0,0.0,1.0,1.0,0.0,1.0,1.0,0.0,reasoning_A,A,HQ + A,repeat_02_fold_01,2,1
industry_prestige_penalty,hq,1.0,0.96,0.04,0.96,True,positive,1.0,100,6,True,True,True,0.0,0.0,0.0,0.3,0.3,0.0,0.83,0.83,0.0,0.96,0.95,0.01,1.0,0.96,0.04,1.0,0.96,0.04,reasoning_A,A,HQ + A,repeat_02_fold_01,2,1
repeat_founding_gap,hq,1.0,0.1,0.9,0.9,True,negative,3.0,100,6,True,True,True,0.0,0.0,0.0,0.0,0.0,0.0,0.45,0.0,0.45,0.77,0.05,0.72,0.94,0.1,0.84,1.0,0.1,0.9,reasoning_A,A,HQ + A,repeat_02_fold_01,2,1
comfort_index,hq,0.99,0.89,0.1,0.898989898989899,False,positive,3.0,100,6,True,True,True,0.0,0.0,0.0,0.08,0.08,0.0,0.75,0.75,0.0,0.89,0.86,0.03,0.95,0.89,0.06,0.99,0.89,0.1,reasoning_A,A,HQ + A,repeat_02_fold_01,2,1
degree_level,hq,0.99,0.2,0.79,0.797979797979798,False,negative,3.0,100,6,True,True,True,0.0,0.0,0.0,0.0,0.0,0.0,0.15,0.05,0.1,0.68,0.12,0.56,0.94,0.18,0.76,0.99,0.2,0.79,reasoning_A,A,HQ + A,repeat_02_fold_01,2,1
longest_founding_tenure,hq,0.98,0.08,0.9,0.9183673469387755,True,negative,3.0,100,6,True,True,True,0.0,0.0,0.0,0.0,0.0,0.0,0.79,0.0,0.79,0.94,0.0,0.94,0.96,0.04,0.92,0.98,0.08,0.9,reasoning_A,A,HQ + A,repeat_02_fold_01,2,1
max_seniority_reached,hq,0.98,0.96,0.02,0.9795918367346939,True,positive,3.0,100,6,True,True,True,0.0,0.0,0.0,0.0,0.0,0.0,0.39,0.39,0.0,0.92,0.92,0.0,0.96,0.96,0.0,0.98,0.96,0.02,reasoning_A,A,HQ + A,repeat_02_fold_01,2,1
company_size_is_growing,hq,0.97,0.36,0.61,0.6288659793814433,False,negative,3.0,100,6,True,True,True,0.0,0.0,0.0,0.0,0.0,0.0,0.35,0.0,0.35,0.67,0.12,0.55,0.91,0.32,0.59,0.97,0.36,0.61,reasoning_A,A,HQ + A,repeat_02_fold_01,2,1
founding_role_count,hq,0.97,0.42,0.55,0.5670103092783506,False,negative,3.0,100,6,True,True,True,0.0,0.0,0.0,0.0,0.0,0.0,0.05,0.0,0.05,0.39,0.12,0.27,0.82,0.38,0.44,0.97,0.42,0.55,reasoning_A,A,HQ + A,repeat_02_fold_01,2,1
industry_pivot_count,hq,0.97,0.08,0.89,0.9175257731958764,True,negative,3.0,100,6,True,True,True,0.0,0.0,0.0,0.0,0.0,0.0,0.27,0.0,0.27,0.74,0.01,0.73,0.91,0.06,0.85,0.97,0.08,0.89,reasoning_A,A,HQ + A,repeat_02_fold_01,2,1
persistence_score,hq,0.97,0.84,0.13,0.865979381443299,False,positive,3.0,100,6,True,True,True,0.0,0.0,0.0,0.0,0.0,0.0,0.16,0.14,0.02,0.65,0.61,0.04,0.88,0.78,0.1,0.97,0.84,0.13,reasoning_A,A,HQ + A,repeat_02_fold_01,2,1
seniority_is_monotone,hq,0.97,0.18,0.79,0.8144329896907218,False,negative,3.0,100,6,True,True,True,0.0,0.0,0.0,0.0,0.0,0.0,0.24,0.02,0.22,0.67,0.1,0.57,0.89,0.16,0.73,0.97,0.18,0.79,reasoning_A,A,HQ + A,repeat_02_fold_01,2,1
exit_x_serial,hq,0.95,0.4,0.55,0.5789473684210527,False,negative,3.0,100,6,True,True,True,0.0,0.0,0.0,0.1,0.1,0.0,0.27,0.26,0.01,0.68,0.38,0.3,0.87,0.37,0.5,0.95,0.4,0.55,reasoning_A,A,HQ + A,repeat_02_fold_01,2,1
field_relevance_score,hq,0.95,0.39,0.56,0.5894736842105264,False,negative,3.0,100,6,True,True,True,0.0,0.0,0.0,0.0,0.0,0.0,0.05,0.04,0.01,0.39,0.16,0.23,0.79,0.33,0.46,0.95,0.39,0.56,reasoning_A,A,HQ + A,repeat_02_fold_01,2,1
restlessness_score,hq,0.95,0.15,0.8,0.8421052631578948,False,negative,3.0,100,6,True,True,True,0.0,0.0,0.0,0.0,0.0,0.0,0.29,0.0,0.29,0.77,0.05,0.72,0.92,0.12,0.8,0.95,0.15,0.8,reasoning_A,A,HQ + A,repeat_02_fold_01,2,1
years_in_large_company,hq,0.95,0.77,0.18,0.8105263157894738,False,positive,3.0,100,6,True,True,True,0.0,0.0,0.0,0.01,0.01,0.0,0.47,0.47,0.0,0.79,0.75,0.04,0.87,0.76,0.11,0.95,0.77,0.18,reasoning_A,A,HQ + A,repeat_02_fold_01,2,1
prestige_x_relevance,hq,0.94,0.75,0.19,0.797872340425532,False,positive,3.0,100,6,True,True,True,0.0,0.0,0.0,0.76,0.76,0.0,0.74,0.74,0.0,0.7,0.7,0.0,0.83,0.72,0.11,0.94,0.75,0.19,reasoning_A,A,HQ + A,repeat_02_fold_01,2,1
total_inferred_experience,hq,0.94,0.06,0.88,0.9361702127659575,True,negative,3.0,100,6,True,True,True,0.0,0.0,0.0,0.0,0.0,0.0,0.49,0.0,0.49,0.74,0.0,0.74,0.9,0.03,0.87,0.94,0.06,0.88,reasoning_A,A,HQ + A,repeat_02_fold_01,2,1
max_company_size_before_founding,hq,0.93,0.81,0.12,0.8709677419354839,False,positive,3.0,100,6,True,True,True,0.0,0.0,0.0,0.05,0.05,0.0,0.26,0.26,0.0,0.53,0.53,0.0,0.85,0.77,0.08,0.93,0.81,0.12,reasoning_A,A,HQ + A,repeat_02_fold_01,2,1
sacrifice_x_serial,hq,0.93,0.69,0.24,0.7419354838709676,False,positive,3.0,100,6,True,True,True,0.0,0.0,0.0,0.01,0.01,0.0,0.16,0.16,0.0,0.47,0.44,0.03,0.74,0.62,0.12,0.93,0.69,0.24,reasoning_A,A,HQ + A,repeat_02_fold_01,2,1
founding_timing,hq,0.91,0.72,0.19,0.7912087912087912,False,positive,3.0,100,6,True,True,True,0.0,0.0,0.0,0.0,0.0,0.0,0.02,0.0,0.02,0.2,0.12,0.08,0.73,0.58,0.15,0.91,0.72,0.19,reasoning_A,A,HQ + A,repeat_02_fold_01,2,1
prestige_sacrifice_score,hq,0.91,0.61,0.3,0.6703296703296703,False,positive,3.0,100,6,True,True,True,0.0,0.0,0.0,0.46,0.46,0.0,0.85,0.85,0.0,0.85,0.85,0.0,0.77,0.68,0.09,0.91,0.61,0.3,reasoning_A,A,HQ + A,repeat_02_fold_01,2,1
stem_flag,hq,0.91,0.53,0.38,0.5824175824175825,False,positive,3.0,100,6,True,True,True,0.0,0.0,0.0,0.0,0.0,0.0,0.11,0.11,0.0,0.44,0.29,0.15,0.76,0.43,0.33,0.91,0.53,0.38,reasoning_A,A,HQ + A,repeat_02_fold_01,2,1
is_serial_founder,hq,0.89,0.35,0.54,0.6067415730337079,False,negative,3.0,100,6,True,True,False,0.0,0.0,0.0,0.0,0.0,0.0,0.04,0.0,0.04,0.32,0.11,0.21,0.77,0.3,0.47,0.89,0.35,0.54,reasoning_A,A,HQ + A,repeat_02_fold_01,2,1
exit_count,hq,0.88,0.85,0.03,0.9659090909090908,True,positive,3.0,100,6,True,True,False,0.0,0.0,0.0,0.56,0.56,0.0,0.81,0.81,0.0,0.83,0.83,0.0,0.86,0.84,0.02,0.88,0.85,0.03,reasoning_A,A,HQ + A,repeat_02_fold_01,2,1
has_prior_ipo,hq,0.86,0.8,0.06,0.930232558139535,True,positive,3.0,100,6,True,True,False,0.0,0.0,0.0,0.12,0.12,0.0,0.56,0.55,0.01,0.74,0.69,0.05,0.77,0.72,0.05,0.86,0.8,0.06,reasoning_A,A,HQ + A,repeat_02_fold_01,2,1
has_prior_acquisition,hq,0.46,0.38,0.08,0.8260869565217391,False,positive,3.0,100,6,False,False,False,0.0,0.0,0.0,0.11,0.11,0.0,0.27,0.27,0.0,0.27,0.25,0.02,0.27,0.24,0.03,0.46,0.38,0.08,reasoning_A,A,HQ + A,repeat_02_fold_01,2,1
A_evidence_support_rating,reasoning,1.0,1.0,0.0,1.0,True,positive,0.03,100,6,True,True,True,0.0,0.0,0.0,1.0,1.0,0.0,1.0,1.0,0.0,1.0,1.0,0.0,1.0,1.0,0.0,1.0,1.0,0.0,reasoning_A,A,HQ + A,repeat_02_fold_01,2,1
A_scrappiness,reasoning,1.0,0.0,1.0,1.0,True,negative,0.1,100,6,True,True,True,0.0,0.0,0.0,0.64,0.0,0.64,1.0,0.0,1.0,1.0,0.0,1.0,1.0,0.0,1.0,1.0,0.0,1.0,reasoning_A,A,HQ + A,repeat_02_fold_01,2,1
A_career_coherence,reasoning,0.98,0.04,0.94,0.9591836734693877,True,negative,3.0,100,6,True,True,True,0.0,0.0,0.0,0.0,0.0,0.0,0.26,0.0,0.26,0.83,0.01,0.82,0.95,0.03,0.92,0.98,0.04,0.94,reasoning_A,A,HQ + A,repeat_02_fold_01,2,1
A_ownership_signal,reasoning,0.94,0.25,0.69,0.7340425531914894,False,negative,3.0,100,6,True,True,True,0.0,0.0,0.0,0.14,0.0,0.14,0.72,0.0,0.72,0.75,0.03,0.72,0.89,0.19,0.7,0.94,0.25,0.69,reasoning_A,A,HQ + A,repeat_02_fold_01,2,1
A_trajectory_strength,reasoning,0.9,0.29,0.61,0.6777777777777777,False,negative,3.0,100,6,True,True,True,0.0,0.0,0.0,0.0,0.0,0.0,0.23,0.0,0.23,0.56,0.04,0.52,0.8,0.2,0.6,0.9,0.29,0.61,reasoning_A,A,HQ + A,repeat_02_fold_01,2,1
industry_alignment,hq,1.0,1.0,0.0,1.0,True,positive,1.0,100,6,True,True,True,0.0,0.0,0.0,0.31,0.31,0.0,0.95,0.95,0.0,0.99,0.99,0.0,1.0,1.0,0.0,1.0,1.0,0.0,reasoning_F,F,HQ + F,repeat_02_fold_01,2,1
comfort_index,hq,0.99,0.79,0.2,0.797979797979798,False,positive,3.0,100,6,True,True,True,0.0,0.0,0.0,0.13,0.13,0.0,0.63,0.63,0.0,0.83,0.77,0.06,0.98,0.79,0.19,0.99,0.79,0.2,reasoning_F,F,HQ + F,repeat_02_fold_01,2,1
longest_founding_tenure,hq,0.99,0.14,0.85,0.8585858585858586,False,negative,3.0,100,6,True,True,True,0.0,0.0,0.0,0.0,0.0,0.0,0.7,0.0,0.7,0.92,0.0,0.92,0.92,0.05,0.87,0.99,0.14,0.85,reasoning_F,F,HQ + F,repeat_02_fold_01,2,1
max_seniority_reached,hq,0.99,0.95,0.04,0.9595959595959596,True,positive,3.0,100,6,True,True,True,0.0,0.0,0.0,0.0,0.0,0.0,0.41,0.41,0.0,0.91,0.9,0.01,0.97,0.95,0.02,0.99,0.95,0.04,reasoning_F,F,HQ + F,repeat_02_fold_01,2,1
restlessness_score,hq,0.99,0.16,0.83,0.8383838383838383,False,negative,3.0,100,6,True,True,True,0.0,0.0,0.0,0.0,0.0,0.0,0.31,0.0,0.31,0.74,0.04,0.7,0.94,0.15,0.79,0.99,0.16,0.83,reasoning_F,F,HQ + F,repeat_02_fold_01,2,1
years_in_large_company,hq,0.99,0.86,0.13,0.8686868686868687,False,positive,3.0,100,6,True,True,True,0.0,0.0,0.0,0.05,0.05,0.0,0.4,0.4,0.0,0.81,0.78,0.03,0.94,0.85,0.09,0.99,0.86,0.13,reasoning_F,F,HQ + F,repeat_02_fold_01,2,1
total_inferred_experience,hq,0.98,0.02,0.96,0.9795918367346939,True,negative,3.0,100,6,True,True,True,0.0,0.0,0.0,0.0,0.0,0.0,0.64,0.0,0.64,0.9,0.0,0.9,0.95,0.01,0.94,0.98,0.02,0.96,reasoning_F,F,HQ + F,repeat_02_fold_01,2,1
best_degree_prestige,hq,0.97,0.91,0.06,0.9381443298969073,True,positive,3.0,100,6,True,True,True,0.0,0.0,0.0,0.6,0.6,0.0,0.92,0.92,0.0,0.94,0.94,0.0,0.94,0.92,0.02,0.97,0.91,0.06,reasoning_F,F,HQ + F,repeat_02_fold_01,2,1
edu_prestige_tier,hq,0.97,0.91,0.06,0.9381443298969073,True,positive,3.0,100,6,True,True,True,0.0,0.0,0.0,0.6,0.6,0.0,0.92,0.92,0.0,0.94,0.94,0.0,0.94,0.92,0.02,0.97,0.91,0.06,reasoning_F,F,HQ + F,repeat_02_fold_01,2,1
industry_prestige_penalty,hq,0.97,0.82,0.15,0.845360824742268,False,positive,3.0,100,6,True,True,True,0.0,0.0,0.0,0.18,0.18,0.0,0.68,0.67,0.01,0.85,0.77,0.08,0.95,0.81,0.14,0.97,0.82,0.15,reasoning_F,F,HQ + F,repeat_02_fold_01,2,1
repeat_founding_gap,hq,0.97,0.16,0.81,0.8350515463917526,False,negative,3.0,100,6,True,True,True,0.0,0.0,0.0,0.0,0.0,0.0,0.42,0.0,0.42,0.82,0.11,0.71,0.93,0.16,0.77,0.97,0.16,0.81,reasoning_F,F,HQ + F,repeat_02_fold_01,2,1
sacrifice_x_serial,hq,0.97,0.8,0.17,0.8247422680412372,False,positive,3.0,100,6,True,True,True,0.0,0.0,0.0,0.0,0.0,0.0,0.13,0.13,0.0,0.54,0.49,0.05,0.85,0.75,0.1,0.97,0.8,0.17,reasoning_F,F,HQ + F,repeat_02_fold_01,2,1
seniority_is_monotone,hq,0.97,0.19,0.78,0.8041237113402062,False,negative,3.0,100,6,True,True,True,0.0,0.0,0.0,0.0,0.0,0.0,0.22,0.01,0.21,0.75,0.15,0.6,0.92,0.19,0.73,0.97,0.19,0.78,reasoning_F,F,HQ + F,repeat_02_fold_01,2,1
industry_pivot_count,hq,0.96,0.19,0.77,0.8020833333333334,False,negative,3.0,100,6,True,True,True,0.0,0.0,0.0,0.0,0.0,0.0,0.32,0.0,0.32,0.7,0.02,0.68,0.88,0.11,0.77,0.96,0.19,0.77,reasoning_F,F,HQ + F,repeat_02_fold_01,2,1
degree_level,hq,0.95,0.27,0.68,0.7157894736842106,False,negative,3.0,100,6,True,True,True,0.0,0.0,0.0,0.0,0.0,0.0,0.12,0.09,0.03,0.69,0.2,0.49,0.9,0.25,0.65,0.95,0.27,0.68,reasoning_F,F,HQ + F,repeat_02_fold_01,2,1
exit_x_serial,hq,0.95,0.38,0.57,0.6,False,negative,3.0,100,6,True,True,True,0.0,0.0,0.0,0.11,0.11,0.0,0.27,0.26,0.01,0.54,0.37,0.17,0.88,0.39,0.49,0.95,0.38,0.57,reasoning_F,F,HQ + F,repeat_02_fold_01,2,1
company_size_is_growing,hq,0.94,0.17,0.77,0.8191489361702128,False,negative,3.0,100,6,True,True,True,0.0,0.0,0.0,0.0,0.0,0.0,0.5,0.0,0.5,0.76,0.03,0.73,0.85,0.1,0.75,0.94,0.17,0.77,reasoning_F,F,HQ + F,repeat_02_fold_01,2,1
field_relevance_score,hq,0.94,0.44,0.5,0.5319148936170213,False,negative,3.0,100,6,True,True,True,0.0,0.0,0.0,0.0,0.0,0.0,0.05,0.03,0.02,0.37,0.21,0.16,0.76,0.34,0.42,0.94,0.44,0.5,reasoning_F,F,HQ + F,repeat_02_fold_01,2,1
founding_role_count,hq,0.94,0.46,0.48,0.5106382978723404,False,negative,3.0,100,6,True,True,True,0.0,0.0,0.0,0.0,0.0,0.0,0.13,0.0,0.13,0.35,0.07,0.28,0.82,0.39,0.43,0.94,0.46,0.48,reasoning_F,F,HQ + F,repeat_02_fold_01,2,1
is_serial_founder,hq,0.94,0.2,0.74,0.7872340425531915,False,negative,3.0,100,6,True,True,True,0.0,0.0,0.0,0.0,0.0,0.0,0.11,0.01,0.1,0.4,0.09,0.31,0.82,0.17,0.65,0.94,0.2,0.74,reasoning_F,F,HQ + F,repeat_02_fold_01,2,1
max_company_size_before_founding,hq,0.93,0.7,0.23,0.7526881720430106,False,positive,3.0,100,6,True,True,True,0.0,0.0,0.0,0.06,0.06,0.0,0.3,0.3,0.0,0.57,0.54,0.03,0.79,0.65,0.14,0.93,0.7,0.23,reasoning_F,F,HQ + F,repeat_02_fold_01,2,1
prestige_sacrifice_score,hq,0.93,0.93,0.0,1.0,True,positive,0.1,100,6,True,True,True,0.0,0.0,0.0,0.45,0.45,0.0,0.93,0.93,0.0,0.92,0.92,0.0,0.87,0.81,0.06,0.85,0.71,0.14,reasoning_F,F,HQ + F,repeat_02_fold_01,2,1
exit_count,hq,0.91,0.9,0.01,0.989010989010989,True,positive,3.0,100,6,True,True,True,0.0,0.0,0.0,0.58,0.58,0.0,0.84,0.84,0.0,0.88,0.88,0.0,0.88,0.87,0.01,0.91,0.9,0.01,reasoning_F,F,HQ + F,repeat_02_fold_01,2,1
stem_flag,hq,0.91,0.47,0.44,0.5164835164835164,False,positive,3.0,100,6,True,True,True,0.0,0.0,0.0,0.0,0.0,0.0,0.12,0.1,0.02,0.43,0.32,0.11,0.76,0.43,0.33,0.91,0.47,0.44,reasoning_F,F,HQ + F,repeat_02_fold_01,2,1
persistence_score,hq,0.9,0.69,0.21,0.7666666666666666,False,positive,3.0,100,6,True,True,True,0.0,0.0,0.0,0.0,0.0,0.0,0.06,0.05,0.01,0.64,0.54,0.1,0.86,0.67,0.19,0.9,0.69,0.21,reasoning_F,F,HQ + F,repeat_02_fold_01,2,1
prestige_x_relevance,hq,0.89,0.75,0.14,0.8426966292134831,False,positive,3.0,100,6,True,True,False,0.0,0.0,0.0,0.7,0.7,0.0,0.84,0.84,0.0,0.75,0.75,0.0,0.79,0.74,0.05,0.89,0.75,0.14,reasoning_F,F,HQ + F,repeat_02_fold_01,2,1
founding_timing,hq,0.88,0.76,0.12,0.8636363636363636,False,positive,3.0,100,6,True,True,False,0.0,0.0,0.0,0.0,0.0,0.0,0.0,0.0,0.0,0.1,0.03,0.07,0.69,0.58,0.11,0.88,0.76,0.12,reasoning_F,F,HQ + F,repeat_02_fold_01,2,1
has_prior_ipo,hq,0.78,0.77,0.01,0.9871794871794871,True,positive,3.0,100,6,True,False,False,0.0,0.0,0.0,0.08,0.08,0.0,0.41,0.41,0.0,0.6,0.6,0.0,0.7,0.69,0.01,0.78,0.77,0.01,reasoning_F,F,HQ + F,repeat_02_fold_01,2,1
has_prior_acquisition,hq,0.48,0.4,0.08,0.8333333333333334,False,positive,3.0,100,6,False,False,False,0.0,0.0,0.0,0.11,0.11,0.0,0.31,0.31,0.0,0.26,0.25,0.01,0.32,0.26,0.06,0.48,0.4,0.08,reasoning_F,F,HQ + F,repeat_02_fold_01,2,1
F_career_coherence,reasoning,1.0,0.0,1.0,1.0,True,negative,0.3,100,6,True,True,True,0.0,0.0,0.0,0.0,0.0,0.0,0.63,0.0,0.63,1.0,0.0,1.0,1.0,0.0,1.0,1.0,0.0,1.0,reasoning_F,F,HQ + F,repeat_02_fold_01,2,1
F_evidence_support_rating,reasoning,1.0,1.0,0.0,1.0,True,positive,0.3,100,6,True,True,True,0.0,0.0,0.0,0.0,0.0,0.0,0.55,0.55,0.0,1.0,1.0,0.0,1.0,1.0,0.0,1.0,1.0,0.0,reasoning_F,F,HQ + F,repeat_02_fold_01,2,1
F_trajectory_strength,reasoning,0.98,0.98,0.0,1.0,True,positive,3.0,100,6,True,True,True,0.0,0.0,0.0,0.0,0.0,0.0,0.0,0.0,0.0,0.08,0.08,0.0,0.88,0.88,0.0,0.98,0.98,0.0,reasoning_F,F,HQ + F,repeat_02_fold_01,2,1
F_scrappiness,reasoning,0.87,0.52,0.35,0.5977011494252874,False,positive,3.0,100,6,True,True,False,0.0,0.0,0.0,0.0,0.0,0.0,0.0,0.0,0.0,0.25,0.23,0.02,0.72,0.5,0.22,0.87,0.52,0.35,reasoning_F,F,HQ + F,repeat_02_fold_01,2,1
F_ownership_signal,reasoning,0.82,0.6,0.22,0.7317073170731707,False,positive,3.0,100,6,True,True,False,0.0,0.0,0.0,0.0,0.0,0.0,0.0,0.0,0.0,0.13,0.13,0.0,0.54,0.5,0.04,0.82,0.6,0.22,reasoning_F,F,HQ + F,repeat_02_fold_01,2,1
F_rubric_score,reasoning,0.72,0.17,0.55,0.763888888888889,False,negative,3.0,100,6,True,False,False,0.0,0.0,0.0,0.0,0.0,0.0,0.0,0.0,0.0,0.01,0.0,0.01,0.24,0.11,0.13,0.72,0.17,0.55,reasoning_F,F,HQ + F,repeat_02_fold_01,2,1
degree_level,hq,1.0,0.06,0.94,0.94,True,negative,3.0,100,6,True,True,True,0.0,0.0,0.0,0.0,0.0,0.0,0.23,0.01,0.22,0.82,0.03,0.79,0.96,0.05,0.91,1.0,0.06,0.94,reasoning_A,A,HQ + A,repeat_02_fold_02,2,2
industry_alignment,hq,1.0,0.99,0.01,0.99,True,positive,3.0,100,6,True,True,True,0.0,0.0,0.0,0.06,0.06,0.0,0.88,0.88,0.0,0.98,0.97,0.01,0.99,0.98,0.01,1.0,0.99,0.01,reasoning_A,A,HQ + A,repeat_02_fold_02,2,2
best_degree_prestige,hq,0.99,0.97,0.02,0.9797979797979798,True,positive,3.0,100,6,True,True,True,0.0,0.0,0.0,0.63,0.63,0.0,0.93,0.93,0.0,0.97,0.97,0.0,0.98,0.97,0.01,0.99,0.97,0.02,reasoning_A,A,HQ + A,repeat_02_fold_02,2,2
edu_prestige_tier,hq,0.99,0.97,0.02,0.9797979797979798,True,positive,3.0,100,6,True,True,True,0.0,0.0,0.0,0.63,0.63,0.0,0.93,0.93,0.0,0.97,0.97,0.0,0.98,0.97,0.01,0.99,0.97,0.02,reasoning_A,A,HQ + A,repeat_02_fold_02,2,2
max_seniority_reached,hq,0.99,0.86,0.13,0.8686868686868687,False,positive,3.0,100,6,True,True,True,0.0,0.0,0.0,0.0,0.0,0.0,0.3,0.3,0.0,0.8,0.79,0.01,0.94,0.87,0.07,0.99,0.86,0.13,reasoning_A,A,HQ + A,repeat_02_fold_02,2,2
stem_flag,hq,0.99,0.94,0.05,0.9494949494949495,True,positive,3.0,100,6,True,True,True,0.0,0.0,0.0,0.0,0.0,0.0,0.58,0.58,0.0,0.84,0.82,0.02,0.96,0.92,0.04,0.99,0.94,0.05,reasoning_A,A,HQ + A,repeat_02_fold_02,2,2
years_in_large_company,hq,0.99,0.9,0.09,0.9090909090909092,True,positive,3.0,100,6,True,True,True,0.0,0.0,0.0,0.01,0.01,0.0,0.37,0.37,0.0,0.78,0.77,0.01,0.94,0.9,0.04,0.99,0.9,0.09,reasoning_A,A,HQ + A,repeat_02_fold_02,2,2
industry_prestige_penalty,hq,0.98,0.91,0.07,0.9285714285714286,True,positive,3.0,100,6,True,True,True,0.0,0.0,0.0,0.19,0.19,0.0,0.72,0.72,0.0,0.89,0.87,0.02,0.97,0.9,0.07,0.98,0.91,0.07,reasoning_A,A,HQ + A,repeat_02_fold_02,2,2
longest_founding_tenure,hq,0.98,0.01,0.97,0.9897959183673469,True,negative,1.0,100,6,True,True,True,0.0,0.0,0.0,0.0,0.0,0.0,0.83,0.0,0.83,0.96,0.0,0.96,0.98,0.01,0.97,0.98,0.03,0.95,reasoning_A,A,HQ + A,repeat_02_fold_02,2,2
persistence_score,hq,0.98,0.85,0.13,0.8673469387755102,False,positive,3.0,100,6,True,True,True,0.0,0.0,0.0,0.0,0.0,0.0,0.08,0.08,0.0,0.73,0.66,0.07,0.95,0.83,0.12,0.98,0.85,0.13,reasoning_A,A,HQ + A,repeat_02_fold_02,2,2
seniority_is_monotone,hq,0.98,0.58,0.4,0.5918367346938775,False,positive,3.0,100,6,True,True,True,0.0,0.0,0.0,0.0,0.0,0.0,0.11,0.08,0.03,0.55,0.37,0.18,0.88,0.56,0.32,0.98,0.58,0.4,reasoning_A,A,HQ + A,repeat_02_fold_02,2,2
company_size_is_growing,hq,0.97,0.66,0.31,0.6804123711340206,False,positive,3.0,100,6,True,True,True,0.0,0.0,0.0,0.0,0.0,0.0,0.13,0.06,0.07,0.65,0.41,0.24,0.87,0.58,0.29,0.97,0.66,0.31,reasoning_A,A,HQ + A,repeat_02_fold_02,2,2
repeat_founding_gap,hq,0.97,0.83,0.14,0.8556701030927835,False,positive,3.0,100,6,True,True,True,0.0,0.0,0.0,0.01,0.01,0.0,0.39,0.39,0.0,0.75,0.68,0.07,0.92,0.79,0.13,0.97,0.83,0.14,reasoning_A,A,HQ + A,repeat_02_fold_02,2,2
comfort_index,hq,0.96,0.31,0.65,0.6770833333333334,False,negative,3.0,100,6,True,True,True,0.0,0.0,0.0,0.0,0.0,0.0,0.07,0.02,0.05,0.54,0.13,0.41,0.84,0.26,0.58,0.96,0.31,0.65,reasoning_A,A,HQ + A,repeat_02_fold_02,2,2
exit_count,hq,0.96,0.96,0.0,1.0,True,positive,0.3,100,6,True,True,True,0.0,0.0,0.0,0.9,0.9,0.0,0.95,0.95,0.0,0.96,0.96,0.0,0.92,0.91,0.01,0.93,0.92,0.01,reasoning_A,A,HQ + A,repeat_02_fold_02,2,2
field_relevance_score,hq,0.96,0.39,0.57,0.59375,False,negative,3.0,100,6,True,True,True,0.0,0.0,0.0,0.0,0.0,0.0,0.09,0.09,0.0,0.34,0.18,0.16,0.78,0.3,0.48,0.96,0.39,0.57,reasoning_A,A,HQ + A,repeat_02_fold_02,2,2
industry_pivot_count,hq,0.95,0.38,0.57,0.6,False,negative,3.0,100,6,True,True,True,0.0,0.0,0.0,0.0,0.0,0.0,0.07,0.0,0.07,0.53,0.14,0.39,0.85,0.3,0.55,0.95,0.38,0.57,reasoning_A,A,HQ + A,repeat_02_fold_02,2,2
is_serial_founder,hq,0.95,0.39,0.56,0.5894736842105264,False,negative,3.0,100,6,True,True,True,0.0,0.0,0.0,0.0,0.0,0.0,0.08,0.0,0.08,0.42,0.09,0.33,0.79,0.26,0.53,0.95,0.39,0.56,reasoning_A,A,HQ + A,repeat_02_fold_02,2,2
exit_x_serial,hq,0.94,0.67,0.27,0.7127659574468086,False,positive,3.0,100,6,True,True,True,0.0,0.0,0.0,0.28,0.28,0.0,0.48,0.48,0.0,0.68,0.58,0.1,0.87,0.65,0.22,0.94,0.67,0.27,reasoning_A,A,HQ + A,repeat_02_fold_02,2,2
has_prior_ipo,hq,0.94,0.91,0.03,0.9680851063829788,True,positive,3.0,100,6,True,True,True,0.0,0.0,0.0,0.33,0.33,0.0,0.7,0.7,0.0,0.83,0.81,0.02,0.88,0.86,0.02,0.94,0.91,0.03,reasoning_A,A,HQ + A,repeat_02_fold_02,2,2
founding_role_count,hq,0.93,0.46,0.47,0.5053763440860215,False,negative,3.0,100,6,True,True,True,0.0,0.0,0.0,0.0,0.0,0.0,0.08,0.0,0.08,0.39,0.07,0.32,0.79,0.35,0.44,0.93,0.46,0.47,reasoning_A,A,HQ + A,repeat_02_fold_02,2,2
prestige_x_relevance,hq,0.93,0.28,0.65,0.6989247311827956,False,negative,3.0,100,6,True,True,True,0.0,0.0,0.0,0.76,0.76,0.0,0.52,0.52,0.0,0.38,0.32,0.06,0.79,0.27,0.52,0.93,0.28,0.65,reasoning_A,A,HQ + A,repeat_02_fold_02,2,2
total_inferred_experience,hq,0.93,0.11,0.82,0.8817204301075268,False,negative,3.0,100,6,True,True,True,0.0,0.0,0.0,0.02,0.0,0.02,0.77,0.0,0.77,0.85,0.0,0.85,0.88,0.05,0.83,0.93,0.11,0.82,reasoning_A,A,HQ + A,repeat_02_fold_02,2,2
max_company_size_before_founding,hq,0.92,0.63,0.29,0.6847826086956521,False,positive,3.0,100,6,True,True,True,0.0,0.0,0.0,0.01,0.01,0.0,0.27,0.27,0.0,0.49,0.46,0.03,0.78,0.59,0.19,0.92,0.63,0.29,reasoning_A,A,HQ + A,repeat_02_fold_02,2,2
founding_timing,hq,0.91,0.28,0.63,0.6923076923076923,False,negative,3.0,100,6,True,True,True,0.0,0.0,0.0,0.0,0.0,0.0,0.1,0.0,0.1,0.39,0.0,0.39,0.71,0.13,0.58,0.91,0.28,0.63,reasoning_A,A,HQ + A,repeat_02_fold_02,2,2
restlessness_score,hq,0.9,0.37,0.53,0.5888888888888889,False,negative,3.0,100,6,True,True,True,0.0,0.0,0.0,0.0,0.0,0.0,0.18,0.07,0.11,0.56,0.27,0.29,0.84,0.34,0.5,0.9,0.37,0.53,reasoning_A,A,HQ + A,repeat_02_fold_02,2,2
prestige_sacrifice_score,hq,0.86,0.64,0.22,0.7441860465116279,False,positive,3.0,100,6,True,True,False,0.0,0.0,0.0,0.0,0.0,0.0,0.41,0.41,0.0,0.66,0.66,0.0,0.76,0.66,0.1,0.86,0.64,0.22,reasoning_A,A,HQ + A,repeat_02_fold_02,2,2
sacrifice_x_serial,hq,0.85,0.57,0.28,0.6705882352941176,False,positive,3.0,100,6,True,True,False,0.0,0.0,0.0,0.0,0.0,0.0,0.03,0.03,0.0,0.37,0.3,0.07,0.64,0.51,0.13,0.85,0.57,0.28,reasoning_A,A,HQ + A,repeat_02_fold_02,2,2
has_prior_acquisition,hq,0.33,0.28,0.05,0.8484848484848485,False,positive,3.0,100,6,False,False,False,0.0,0.0,0.0,0.08,0.08,0.0,0.14,0.14,0.0,0.14,0.13,0.01,0.16,0.13,0.03,0.33,0.28,0.05,reasoning_A,A,HQ + A,repeat_02_fold_02,2,2
A_evidence_support_rating,reasoning,1.0,1.0,0.0,1.0,True,positive,0.03,100,6,True,True,True,0.0,0.0,0.0,1.0,1.0,0.0,1.0,1.0,0.0,1.0,1.0,0.0,1.0,1.0,0.0,1.0,1.0,0.0,reasoning_A,A,HQ + A,repeat_02_fold_02,2,2
A_scrappiness,reasoning,1.0,0.0,1.0,1.0,True,negative,0.3,100,6,True,True,True,0.0,0.0,0.0,0.03,0.0,0.03,0.99,0.0,0.99,1.0,0.0,1.0,1.0,0.0,1.0,1.0,0.0,1.0,reasoning_A,A,HQ + A,repeat_02_fold_02,2,2
A_trajectory_strength,reasoning,0.98,0.13,0.85,0.8673469387755102,False,negative,3.0,100,6,True,True,True,0.0,0.0,0.0,0.0,0.0,0.0,0.37,0.0,0.37,0.76,0.01,0.75,0.91,0.09,0.82,0.98,0.13,0.85,reasoning_A,A,HQ + A,repeat_02_fold_02,2,2
A_ownership_signal,reasoning,0.97,0.02,0.95,0.979381443298969,True,negative,1.0,100,6,True,True,True,0.0,0.0,0.0,0.43,0.0,0.43,0.96,0.0,0.96,0.95,0.0,0.95,0.97,0.02,0.95,0.97,0.04,0.93,reasoning_A,A,HQ + A,repeat_02_fold_02,2,2
A_career_coherence,reasoning,0.96,0.15,0.81,0.8437500000000001,False,negative,3.0,100,6,True,True,True,0.0,0.0,0.0,0.0,0.0,0.0,0.12,0.0,0.12,0.71,0.02,0.69,0.91,0.12,0.79,0.96,0.15,0.81,reasoning_A,A,HQ + A,repeat_02_fold_02,2,2
best_degree_prestige,hq,1.0,1.0,0.0,1.0,True,positive,0.3,100,6,True,True,True,0.0,0.0,0.0,0.7,0.7,0.0,0.94,0.94,0.0,1.0,1.0,0.0,1.0,1.0,0.0,1.0,1.0,0.0,reasoning_F,F,HQ + F,repeat_02_fold_02,2,2
company_size_is_growing,hq,1.0,0.59,0.41,0.59,False,positive,3.0,100,6,True,True,True,0.0,0.0,0.0,0.0,0.0,0.0,0.16,0.02,0.14,0.65,0.41,0.24,0.89,0.56,0.33,1.0,0.59,0.41,reasoning_F,F,HQ + F,repeat_02_fold_02,2,2
degree_level,hq,1.0,0.06,0.94,0.94,True,negative,3.0,100,6,True,True,True,0.0,0.0,0.0,0.0,0.0,0.0,0.23,0.03,0.2,0.84,0.05,0.79,0.95,0.06,0.89,1.0,0.06,0.94,reasoning_F,F,HQ + F,repeat_02_fold_02,2,2
edu_prestige_tier,hq,1.0,1.0,0.0,1.0,True,positive,0.3,100,6,True,True,True,0.0,0.0,0.0,0.7,0.7,0.0,0.94,0.94,0.0,1.0,1.0,0.0,1.0,1.0,0.0,1.0,1.0,0.0,reasoning_F,F,HQ + F,repeat_02_fold_02,2,2
industry_alignment,hq,1.0,0.99,0.01,0.99,True,positive,1.0,100,6,True,True,True,0.0,0.0,0.0,0.08,0.08,0.0,0.87,0.87,0.0,0.96,0.96,0.0,1.0,0.99,0.01,1.0,0.99,0.01,reasoning_F,F,HQ + F,repeat_02_fold_02,2,2
repeat_founding_gap,hq,1.0,0.85,0.15,0.85,False,positive,3.0,100,6,True,True,True,0.0,0.0,0.0,0.01,0.01,0.0,0.52,0.5,0.02,0.86,0.79,0.07,0.95,0.84,0.11,1.0,0.85,0.15,reasoning_F,F,HQ + F,repeat_02_fold_02,2,2
industry_prestige_penalty,hq,0.99,0.84,0.15,0.8484848484848485,False,positive,3.0,100,6,True,True,True,0.0,0.0,0.0,0.16,0.16,0.0,0.71,0.71,0.0,0.86,0.8,0.06,0.98,0.84,0.14,0.99,0.84,0.15,reasoning_F,F,HQ + F,repeat_02_fold_02,2,2
persistence_score,hq,0.99,0.88,0.11,0.888888888888889,False,positive,3.0,100,6,True,True,True,0.0,0.0,0.0,0.0,0.0,0.0,0.15,0.15,0.0,0.78,0.74,0.04,0.98,0.87,0.11,0.99,0.88,0.11,reasoning_F,F,HQ + F,repeat_02_fold_02,2,2
seniority_is_monotone,hq,0.99,0.59,0.4,0.5959595959595959,False,positive,3.0,100,6,True,True,True,0.0,0.0,0.0,0.0,0.0,0.0,0.22,0.13,0.09,0.7,0.42,0.28,0.95,0.56,0.39,0.99,0.59,0.4,reasoning_F,F,HQ + F,repeat_02_fold_02,2,2
total_inferred_experience,hq,0.99,0.13,0.86,0.8686868686868687,False,negative,3.0,100,6,True,True,True,0.0,0.0,0.0,0.0,0.0,0.0,0.77,0.0,0.77,0.86,0.0,0.86,0.89,0.04,0.85,0.99,0.13,0.86,reasoning_F,F,HQ + F,repeat_02_fold_02,2,2
years_in_large_company,hq,0.99,0.9,0.09,0.9090909090909092,True,positive,3.0,100,6,True,True,True,0.0,0.0,0.0,0.0,0.0,0.0,0.45,0.45,0.0,0.86,0.84,0.02,0.93,0.88,0.05,0.99,0.9,0.09,reasoning_F,F,HQ + F,repeat_02_fold_02,2,2
longest_founding_tenure,hq,0.98,0.04,0.94,0.9591836734693877,True,negative,1.0,100,6,True,True,True,0.0,0.0,0.0,0.0,0.0,0.0,0.64,0.0,0.64,0.91,0.0,0.91,0.98,0.04,0.94,0.98,0.06,0.92,reasoning_F,F,HQ + F,repeat_02_fold_02,2,2
comfort_index,hq,0.97,0.24,0.73,0.7525773195876289,False,negative,3.0,100,6,True,True,True,0.0,0.0,0.0,0.0,0.0,0.0,0.08,0.0,0.08,0.61,0.09,0.52,0.88,0.19,0.69,0.97,0.24,0.73,reasoning_F,F,HQ + F,repeat_02_fold_02,2,2
max_seniority_reached,hq,0.97,0.82,0.15,0.845360824742268,False,positive,3.0,100,6,True,True,True,0.0,0.0,0.0,0.0,0.0,0.0,0.26,0.26,0.0,0.8,0.77,0.03,0.93,0.85,0.08,0.97,0.82,0.15,reasoning_F,F,HQ + F,repeat_02_fold_02,2,2
stem_flag,hq,0.97,0.86,0.11,0.8865979381443299,False,positive,3.0,100,6,True,True,True,0.0,0.0,0.0,0.03,0.03,0.0,0.42,0.42,0.0,0.77,0.75,0.02,0.92,0.84,0.08,0.97,0.86,0.11,reasoning_F,F,HQ + F,repeat_02_fold_02,2,2
exit_count,hq,0.96,0.96,0.0,1.0,True,positive,3.0,100,6,True,True,True,0.0,0.0,0.0,0.9,0.9,0.0,0.94,0.94,0.0,0.94,0.94,0.0,0.95,0.95,0.0,0.96,0.96,0.0,reasoning_F,F,HQ + F,repeat_02_fold_02,2,2
exit_x_serial,hq,0.96,0.47,0.49,0.5104166666666666,False,negative,3.0,100,6,True,True,True,0.0,0.0,0.0,0.25,0.25,0.0,0.41,0.4,0.01,0.65,0.49,0.16,0.91,0.49,0.42,0.96,0.47,0.49,reasoning_F,F,HQ + F,repeat_02_fold_02,2,2
field_relevance_score,hq,0.95,0.44,0.51,0.5368421052631579,False,negative,3.0,100,6,True,True,True,0.0,0.0,0.0,0.0,0.0,0.0,0.05,0.05,0.0,0.35,0.23,0.12,0.78,0.37,0.41,0.95,0.44,0.51,reasoning_F,F,HQ + F,repeat_02_fold_02,2,2
prestige_sacrifice_score,hq,0.94,0.86,0.08,0.9148936170212766,True,positive,3.0,100,6,True,True,True,0.0,0.0,0.0,0.0,0.0,0.0,0.59,0.59,0.0,0.83,0.83,0.0,0.88,0.86,0.02,0.94,0.86,0.08,reasoning_F,F,HQ + F,repeat_02_fold_02,2,2
restlessness_score,hq,0.94,0.52,0.42,0.5531914893617021,False,positive,3.0,100,6,True,True,True,0.0,0.0,0.0,0.0,0.0,0.0,0.14,0.1,0.04,0.57,0.3,0.27,0.81,0.46,0.35,0.94,0.52,0.42,reasoning_F,F,HQ + F,repeat_02_fold_02,2,2
industry_pivot_count,hq,0.93,0.29,0.64,0.6881720430107526,False,negative,3.0,100,6,True,True,True,0.0,0.0,0.0,0.0,0.0,0.0,0.08,0.03,0.05,0.51,0.1,0.41,0.8,0.21,0.59,0.93,0.29,0.64,reasoning_F,F,HQ + F,repeat_02_fold_02,2,2
max_company_size_before_founding,hq,0.93,0.37,0.56,0.6021505376344086,False,negative,3.0,100,6,True,True,True,0.0,0.0,0.0,0.01,0.01,0.0,0.23,0.23,0.0,0.36,0.27,0.09,0.75,0.32,0.43,0.93,0.37,0.56,reasoning_F,F,HQ + F,repeat_02_fold_02,2,2
is_serial_founder,hq,0.92,0.37,0.55,0.5978260869565217,False,negative,3.0,100,6,True,True,True,0.0,0.0,0.0,0.0,0.0,0.0,0.13,0.0,0.13,0.44,0.1,0.34,0.75,0.26,0.49,0.92,0.37,0.55,reasoning_F,F,HQ + F,repeat_02_fold_02,2,2
founding_timing,hq,0.89,0.32,0.57,0.6404494382022471,False,negative,3.0,100,6,True,True,False,0.0,0.0,0.0,0.0,0.0,0.0,0.13,0.0,0.13,0.4,0.0,0.4,0.71,0.18,0.53,0.89,0.32,0.57,reasoning_F,F,HQ + F,repeat_02_fold_02,2,2
founding_role_count,hq,0.87,0.43,0.44,0.5057471264367817,False,negative,3.0,100,6,True,True,False,0.0,0.0,0.0,0.0,0.0,0.0,0.1,0.0,0.1,0.4,0.12,0.28,0.76,0.35,0.41,0.87,0.43,0.44,reasoning_F,F,HQ + F,repeat_02_fold_02,2,2
sacrifice_x_serial,hq,0.87,0.49,0.38,0.5632183908045977,False,positive,3.0,100,6,True,True,False,0.0,0.0,0.0,0.0,0.0,0.0,0.09,0.09,0.0,0.4,0.25,0.15,0.75,0.46,0.29,0.87,0.49,0.38,reasoning_F,F,HQ + F,repeat_02_fold_02,2,2
prestige_x_relevance,hq,0.86,0.26,0.6,0.6976744186046512,False,negative,3.0,100,6,True,True,False,0.0,0.0,0.0,0.68,0.68,0.0,0.56,0.56,0.0,0.43,0.41,0.02,0.66,0.27,0.39,0.86,0.26,0.6,reasoning_F,F,HQ + F,repeat_02_fold_02,2,2
has_prior_ipo,hq,0.83,0.81,0.02,0.9759036144578315,True,positive,3.0,100,6,True,True,False,0.0,0.0,0.0,0.24,0.24,0.0,0.57,0.57,0.0,0.74,0.73,0.01,0.81,0.79,0.02,0.83,0.81,0.02,reasoning_F,F,HQ + F,repeat_02_fold_02,2,2
has_prior_acquisition,hq,0.33,0.31,0.02,0.9393939393939393,True,positive,3.0,100,6,False,False,False,0.0,0.0,0.0,0.07,0.07,0.0,0.23,0.23,0.0,0.22,0.22,0.0,0.19,0.18,0.01,0.33,0.31,0.02,reasoning_F,F,HQ + F,repeat_02_fold_02,2,2
F_career_coherence,reasoning,1.0,0.01,0.99,0.99,True,negative,3.0,100,6,True,True,True,0.0,0.0,0.0,0.0,0.0,0.0,0.75,0.0,0.75,0.98,0.0,0.98,0.99,0.0,0.99,1.0,0.01,0.99,reasoning_F,F,HQ + F,repeat_02_fold_02,2,2
F_evidence_support_rating,reasoning,1.0,1.0,0.0,1.0,True,positive,0.3,100,6,True,True,True,0.0,0.0,0.0,0.01,0.01,0.0,0.74,0.74,0.0,1.0,1.0,0.0,1.0,1.0,0.0,1.0,1.0,0.0,reasoning_F,F,HQ + F,repeat_02_fold_02,2,2
F_trajectory_strength,reasoning,0.92,0.91,0.01,0.9891304347826086,True,positive,3.0,100,6,True,True,True,0.0,0.0,0.0,0.0,0.0,0.0,0.0,0.0,0.0,0.0,0.0,0.0,0.58,0.58,0.0,0.92,0.91,0.01,reasoning_F,F,HQ + F,repeat_02_fold_02,2,2
F_scrappiness,reasoning,0.81,0.47,0.34,0.5802469135802468,False,positive,3.0,100,6,True,True,False,0.0,0.0,0.0,0.0,0.0,0.0,0.0,0.0,0.0,0.11,0.06,0.05,0.48,0.36,0.12,0.81,0.47,0.34,reasoning_F,F,HQ + F,repeat_02_fold_02,2,2
F_ownership_signal,reasoning,0.79,0.46,0.33,0.5822784810126582,False,positive,3.0,100,6,True,False,False,0.0,0.0,0.0,0.0,0.0,0.0,0.02,0.0,0.02,0.08,0.01,0.07,0.54,0.33,0.21,0.79,0.46,0.33,reasoning_F,F,HQ + F,repeat_02_fold_02,2,2
F_rubric_score,reasoning,0.74,0.07,0.67,0.9054054054054055,True,negative,3.0,100,6,True,False,False,0.0,0.0,0.0,0.0,0.0,0.0,0.03,0.0,0.03,0.12,0.0,0.12,0.25,0.04,0.21,0.74,0.07,0.67,reasoning_F,F,HQ + F,repeat_02_fold_02,2,2
comfort_index,hq,1.0,0.99,0.01,0.99,True,positive,1.0,100,6,True,True,True,0.0,0.0,0.0,0.34,0.34,0.0,0.96,0.96,0.0,0.98,0.98,0.0,1.0,0.99,0.01,1.0,0.99,0.01,reasoning_A,A,HQ + A,repeat_02_fold_03,2,3
industry_alignment,hq,1.0,1.0,0.0,1.0,True,positive,0.3,100,6,True,True,True,0.0,0.0,0.0,0.25,0.25,0.0,0.97,0.97,0.0,1.0,1.0,0.0,1.0,1.0,0.0,1.0,1.0,0.0,reasoning_A,A,HQ + A,repeat_02_fold_03,2,3
is_serial_founder,hq,1.0,0.01,0.99,0.99,True,negative,3.0,100,6,True,True,True,0.0,0.0,0.0,0.0,0.0,0.0,0.56,0.0,0.56,0.92,0.0,0.92,0.98,0.0,0.98,1.0,0.01,0.99,reasoning_A,A,HQ + A,repeat_02_fold_03,2,3
max_seniority_reached,hq,1.0,1.0,0.0,1.0,True,positive,0.3,100,6,True,True,True,0.0,0.0,0.0,0.0,0.0,0.0,0.76,0.76,0.0,1.0,1.0,0.0,1.0,1.0,0.0,1.0,1.0,0.0,reasoning_A,A,HQ + A,repeat_02_fold_03,2,3
repeat_founding_gap,hq,1.0,0.62,0.38,0.62,False,positive,3.0,100,6,True,True,True,0.0,0.0,0.0,0.0,0.0,0.0,0.19,0.16,0.03,0.71,0.53,0.18,0.91,0.61,0.3,1.0,0.62,0.38,reasoning_A,A,HQ + A,repeat_02_fold_03,2,3
degree_level,hq,0.99,0.08,0.91,0.9191919191919192,True,negative,3.0,100,6,True,True,True,0.0,0.0,0.0,0.0,0.0,0.0,0.24,0.01,0.23,0.84,0.05,0.79,0.94,0.06,0.88,0.99,0.08,0.91,reasoning_A,A,HQ + A,repeat_02_fold_03,2,3
industry_prestige_penalty,hq,0.99,0.97,0.02,0.9797979797979798,True,positive,0.3,100,6,True,True,True,0.0,0.0,0.0,0.43,0.43,0.0,0.92,0.92,0.0,0.99,0.97,0.02,0.99,0.97,0.02,0.99,0.97,0.02,reasoning_A,A,HQ + A,repeat_02_fold_03,2,3
restlessness_score,hq,0.99,0.04,0.95,0.9595959595959596,True,negative,3.0,100,6,True,True,True,0.0,0.0,0.0,0.0,0.0,0.0,0.4,0.0,0.4,0.89,0.0,0.89,0.97,0.02,0.95,0.99,0.04,0.95,reasoning_A,A,HQ + A,repeat_02_fold_03,2,3
company_size_is_growing,hq,0.98,0.75,0.23,0.7653061224489796,False,positive,3.0,100,6,True,True,True,0.0,0.0,0.0,0.0,0.0,0.0,0.14,0.07,0.07,0.74,0.55,0.19,0.94,0.72,0.22,0.98,0.75,0.23,reasoning_A,A,HQ + A,repeat_02_fold_03,2,3
sacrifice_x_serial,hq,0.98,0.98,0.0,1.0,True,positive,3.0,100,6,True,True,True,0.0,0.0,0.0,0.0,0.0,0.0,0.04,0.04,0.0,0.73,0.73,0.0,0.97,0.97,0.0,0.98,0.98,0.0,reasoning_A,A,HQ + A,repeat_02_fold_03,2,3
best_degree_prestige,hq,0.97,0.9,0.07,0.9278350515463918,True,positive,3.0,100,6,True,True,True,0.0,0.0,0.0,0.78,0.78,0.0,0.96,0.96,0.0,0.95,0.95,0.0,0.92,0.89,0.03,0.97,0.9,0.07,reasoning_A,A,HQ + A,repeat_02_fold_03,2,3
edu_prestige_tier,hq,0.97,0.9,0.07,0.9278350515463918,True,positive,3.0,100,6,True,True,True,0.0,0.0,0.0,0.78,0.78,0.0,0.96,0.96,0.0,0.95,0.95,0.0,0.92,0.89,0.03,0.97,0.9,0.07,reasoning_A,A,HQ + A,repeat_02_fold_03,2,3
seniority_is_monotone,hq,0.97,0.19,0.78,0.8041237113402062,False,negative,3.0,100,6,True,True,True,0.0,0.0,0.0,0.0,0.0,0.0,0.22,0.01,0.21,0.73,0.06,0.67,0.89,0.14,0.75,0.97,0.19,0.78,reasoning_A,A,HQ + A,repeat_02_fold_03,2,3
exit_x_serial,hq,0.96,0.85,0.11,0.8854166666666666,False,positive,3.0,100,6,True,True,True,0.0,0.0,0.0,0.51,0.51,0.0,0.7,0.7,0.0,0.86,0.84,0.02,0.91,0.85,0.06,0.96,0.85,0.11,reasoning_A,A,HQ + A,repeat_02_fold_03,2,3
industry_pivot_count,hq,0.96,0.2,0.76,0.7916666666666667,False,negative,3.0,100,6,True,True,True,0.0,0.0,0.0,0.0,0.0,0.0,0.28,0.0,0.28,0.69,0.02,0.67,0.9,0.15,0.75,0.96,0.2,0.76,reasoning_A,A,HQ + A,repeat_02_fold_03,2,3
max_company_size_before_founding,hq,0.96,0.86,0.1,0.8958333333333334,False,positive,3.0,100,6,True,True,True,0.0,0.0,0.0,0.04,0.04,0.0,0.52,0.52,0.0,0.74,0.74,0.0,0.91,0.84,0.07,0.96,0.86,0.1,reasoning_A,A,HQ + A,repeat_02_fold_03,2,3
years_in_large_company,hq,0.96,0.88,0.08,0.9166666666666667,True,positive,3.0,100,6,True,True,True,0.0,0.0,0.0,0.0,0.0,0.0,0.2,0.2,0.0,0.66,0.66,0.0,0.88,0.84,0.04,0.96,0.88,0.08,reasoning_A,A,HQ + A,repeat_02_fold_03,2,3
persistence_score,hq,0.94,0.08,0.86,0.9148936170212766,True,negative,3.0,100,6,True,True,True,0.0,0.0,0.0,0.0,0.0,0.0,0.17,0.0,0.17,0.68,0.01,0.67,0.88,0.05,0.83,0.94,0.08,0.86,reasoning_A,A,HQ + A,repeat_02_fold_03,2,3
prestige_x_relevance,hq,0.94,0.77,0.17,0.8191489361702128,False,positive,3.0,100,6,True,True,True,0.0,0.0,0.0,0.6,0.6,0.0,0.72,0.72,0.0,0.75,0.73,0.02,0.85,0.74,0.11,0.94,0.77,0.17,reasoning_A,A,HQ + A,repeat_02_fold_03,2,3
has_prior_ipo,hq,0.93,0.87,0.06,0.9354838709677419,True,positive,3.0,100,6,True,True,True,0.0,0.0,0.0,0.15,0.15,0.0,0.69,0.69,0.0,0.83,0.8,0.03,0.92,0.87,0.05,0.93,0.87,0.06,reasoning_A,A,HQ + A,repeat_02_fold_03,2,3
field_relevance_score,hq,0.92,0.2,0.72,0.7826086956521738,False,negative,3.0,100,6,True,True,True,0.0,0.0,0.0,0.0,0.0,0.0,0.02,0.0,0.02,0.47,0.01,0.46,0.84,0.14,0.7,0.92,0.2,0.72,reasoning_A,A,HQ + A,repeat_02_fold_03,2,3
founding_timing,hq,0.92,0.31,0.61,0.6630434782608695,False,negative,3.0,100,6,True,True,True,0.0,0.0,0.0,0.0,0.0,0.0,0.23,0.0,0.23,0.51,0.0,0.51,0.79,0.17,0.62,0.92,0.31,0.61,reasoning_A,A,HQ + A,repeat_02_fold_03,2,3
longest_founding_tenure,hq,0.92,0.48,0.44,0.5217391304347826,False,positive,3.0,100,6,True,True,True,0.0,0.0,0.0,0.0,0.0,0.0,0.3,0.0,0.3,0.52,0.06,0.46,0.82,0.36,0.46,0.92,0.48,0.44,reasoning_A,A,HQ + A,repeat_02_fold_03,2,3
stem_flag,hq,0.91,0.52,0.39,0.5714285714285714,False,positive,3.0,100,6,True,True,True,0.0,0.0,0.0,0.0,0.0,0.0,0.12,0.04,0.08,0.46,0.22,0.24,0.76,0.44,0.32,0.91,0.52,0.39,reasoning_A,A,HQ + A,repeat_02_fold_03,2,3
founding_role_count,hq,0.89,0.33,0.56,0.6292134831460675,False,negative,3.0,100,6,True,True,False,0.0,0.0,0.0,0.0,0.0,0.0,0.11,0.0,0.11,0.33,0.03,0.3,0.69,0.26,0.43,0.89,0.33,0.56,reasoning_A,A,HQ + A,repeat_02_fold_03,2,3
prestige_sacrifice_score,hq,0.89,0.52,0.37,0.5842696629213483,False,positive,3.0,100,6,True,True,False,0.0,0.0,0.0,0.26,0.26,0.0,0.75,0.75,0.0,0.75,0.75,0.0,0.76,0.61,0.15,0.89,0.52,0.37,reasoning_A,A,HQ + A,repeat_02_fold_03,2,3
total_inferred_experience,hq,0.87,0.09,0.78,0.896551724137931,False,negative,3.0,100,6,True,True,False,0.0,0.0,0.0,0.0,0.0,0.0,0.61,0.0,0.61,0.75,0.0,0.75,0.83,0.05,0.78,0.87,0.09,0.78,reasoning_A,A,HQ + A,repeat_02_fold_03,2,3
exit_count,hq,0.75,0.75,0.0,1.0,True,positive,0.1,100,6,True,False,False,0.0,0.0,0.0,0.41,0.41,0.0,0.75,0.75,0.0,0.66,0.66,0.0,0.64,0.63,0.01,0.62,0.6,0.02,reasoning_A,A,HQ + A,repeat_02_fold_03,2,3
has_prior_acquisition,hq,0.48,0.17,0.31,0.6458333333333334,False,negative,3.0,100,6,False,False,False,0.0,0.0,0.0,0.11,0.11,0.0,0.14,0.14,0.0,0.18,0.13,0.05,0.33,0.12,0.21,0.48,0.17,0.31,reasoning_A,A,HQ + A,repeat_02_fold_03,2,3
A_evidence_support_rating,reasoning,1.0,1.0,0.0,1.0,True,positive,0.03,100,6,True,True,True,0.0,0.0,0.0,1.0,1.0,0.0,1.0,1.0,0.0,1.0,1.0,0.0,1.0,1.0,0.0,1.0,1.0,0.0,reasoning_A,A,HQ + A,repeat_02_fold_03,2,3
A_scrappiness,reasoning,1.0,0.0,1.0,1.0,True,negative,0.1,100,6,True,True,True,0.0,0.0,0.0,0.41,0.0,0.41,1.0,0.0,1.0,1.0,0.0,1.0,1.0,0.0,1.0,1.0,0.0,1.0,reasoning_A,A,HQ + A,repeat_02_fold_03,2,3
A_trajectory_strength,reasoning,0.99,0.06,0.93,0.9393939393939394,True,negative,3.0,100,6,True,True,True,0.0,0.0,0.0,0.0,0.0,0.0,0.46,0.0,0.46,0.83,0.01,0.82,0.97,0.04,0.93,0.99,0.06,0.93,reasoning_A,A,HQ + A,repeat_02_fold_03,2,3
A_career_coherence,reasoning,0.97,0.07,0.9,0.9278350515463918,True,negative,3.0,100,6,True,True,True,0.0,0.0,0.0,0.0,0.0,0.0,0.1,0.0,0.1,0.7,0.0,0.7,0.87,0.02,0.85,0.97,0.07,0.9,reasoning_A,A,HQ + A,repeat_02_fold_03,2,3
A_ownership_signal,reasoning,0.93,0.61,0.32,0.6559139784946236,False,positive,3.0,100,6,True,True,True,0.0,0.0,0.0,0.03,0.0,0.03,0.47,0.0,0.47,0.48,0.12,0.36,0.82,0.48,0.34,0.93,0.61,0.32,reasoning_A,A,HQ + A,repeat_02_fold_03,2,3
comfort_index,hq,1.0,0.98,0.02,0.98,True,positive,3.0,100,6,True,True,True,0.0,0.0,0.0,0.3,0.3,0.0,0.94,0.94,0.0,0.98,0.98,0.0,0.99,0.98,0.01,1.0,0.98,0.02,reasoning_F,F,HQ + F,repeat_02_fold_03,2,3
company_size_is_growing,hq,1.0,0.85,0.15,0.85,False,positive,3.0,100,6,True,True,True,0.0,0.0,0.0,0.0,0.0,0.0,0.18,0.13,0.05,0.74,0.6,0.14,0.92,0.77,0.15,1.0,0.85,0.15,reasoning_F,F,HQ + F,repeat_02_fold_03,2,3
degree_level,hq,1.0,0.09,0.91,0.91,True,negative,3.0,100,6,True,True,True,0.0,0.0,0.0,0.0,0.0,0.0,0.17,0.01,0.16,0.79,0.04,0.75,0.96,0.06,0.9,1.0,0.09,0.91,reasoning_F,F,HQ + F,repeat_02_fold_03,2,3
industry_alignment,hq,1.0,1.0,0.0,1.0,True,positive,0.3,100,6,True,True,True,0.0,0.0,0.0,0.26,0.26,0.0,0.99,0.99,0.0,1.0,1.0,0.0,1.0,1.0,0.0,1.0,1.0,0.0,reasoning_F,F,HQ + F,repeat_02_fold_03,2,3
is_serial_founder,hq,1.0,0.0,1.0,1.0,True,negative,1.0,100,6,True,True,True,0.0,0.0,0.0,0.0,0.0,0.0,0.52,0.0,0.52,0.92,0.0,0.92,1.0,0.0,1.0,1.0,0.0,1.0,reasoning_F,F,HQ + F,repeat_02_fold_03,2,3
max_seniority_reached,hq,1.0,1.0,0.0,1.0,True,positive,1.0,100,6,True,True,True,0.0,0.0,0.0,0.01,0.01,0.0,0.76,0.76,0.0,0.99,0.99,0.0,1.0,1.0,0.0,1.0,1.0,0.0,reasoning_F,F,HQ + F,repeat_02_fold_03,2,3
sacrifice_x_serial,hq,1.0,1.0,0.0,1.0,True,positive,3.0,100,6,True,True,True,0.0,0.0,0.0,0.01,0.01,0.0,0.11,0.11,0.0,0.77,0.77,0.0,0.96,0.96,0.0,1.0,1.0,0.0,reasoning_F,F,HQ + F,repeat_02_fold_03,2,3
industry_prestige_penalty,hq,0.99,0.98,0.01,0.98989898989899,True,positive,1.0,100,6,True,True,True,0.0,0.0,0.0,0.59,0.59,0.0,0.93,0.93,0.0,0.98,0.97,0.01,0.99,0.98,0.01,0.99,0.98,0.01,reasoning_F,F,HQ + F,repeat_02_fold_03,2,3
persistence_score,hq,0.99,0.04,0.95,0.9595959595959596,True,negative,3.0,100,6,True,True,True,0.0,0.0,0.0,0.0,0.0,0.0,0.21,0.0,0.21,0.77,0.01,0.76,0.94,0.03,0.91,0.99,0.04,0.95,reasoning_F,F,HQ + F,repeat_02_fold_03,2,3
seniority_is_monotone,hq,0.99,0.12,0.87,0.8787878787878788,False,negative,3.0,100,6,True,True,True,0.0,0.0,0.0,0.0,0.0,0.0,0.47,0.01,0.46,0.88,0.07,0.81,0.98,0.11,0.87,0.99,0.12,0.87,reasoning_F,F,HQ + F,repeat_02_fold_03,2,3
restlessness_score,hq,0.98,0.15,0.83,0.846938775510204,False,negative,3.0,100,6,True,True,True,0.0,0.0,0.0,0.0,0.0,0.0,0.36,0.0,0.36,0.72,0.02,0.7,0.89,0.08,0.81,0.98,0.15,0.83,reasoning_F,F,HQ + F,repeat_02_fold_03,2,3
best_degree_prestige,hq,0.97,0.92,0.05,0.9484536082474228,True,positive,3.0,100,6,True,True,True,0.0,0.0,0.0,0.67,0.67,0.0,0.92,0.92,0.0,0.94,0.94,0.0,0.96,0.93,0.03,0.97,0.92,0.05,reasoning_F,F,HQ + F,repeat_02_fold_03,2,3
edu_prestige_tier,hq,0.97,0.92,0.05,0.9484536082474228,True,positive,3.0,100,6,True,True,True,0.0,0.0,0.0,0.67,0.67,0.0,0.92,0.92,0.0,0.94,0.94,0.0,0.96,0.93,0.03,0.97,0.92,0.05,reasoning_F,F,HQ + F,repeat_02_fold_03,2,3
exit_x_serial,hq,0.97,0.86,0.11,0.8865979381443299,False,positive,3.0,100,6,True,True,True,0.0,0.0,0.0,0.5,0.5,0.0,0.66,0.66,0.0,0.82,0.79,0.03,0.92,0.85,0.07,0.97,0.86,0.11,reasoning_F,F,HQ + F,repeat_02_fold_03,2,3
repeat_founding_gap,hq,0.97,0.68,0.29,0.7010309278350516,False,positive,3.0,100,6,True,True,True,0.0,0.0,0.0,0.0,0.0,0.0,0.23,0.19,0.04,0.66,0.51,0.15,0.9,0.65,0.25,0.97,0.68,0.29,reasoning_F,F,HQ + F,repeat_02_fold_03,2,3
industry_pivot_count,hq,0.96,0.18,0.78,0.8125000000000001,False,negative,3.0,100,6,True,True,True,0.0,0.0,0.0,0.0,0.0,0.0,0.3,0.0,0.3,0.65,0.04,0.61,0.89,0.15,0.74,0.96,0.18,0.78,reasoning_F,F,HQ + F,repeat_02_fold_03,2,3
prestige_x_relevance,hq,0.96,0.68,0.28,0.7083333333333334,False,positive,3.0,100,6,True,True,True,0.0,0.0,0.0,0.6,0.6,0.0,0.74,0.74,0.0,0.74,0.74,0.0,0.8,0.69,0.11,0.96,0.68,0.28,reasoning_F,F,HQ + F,repeat_02_fold_03,2,3
years_in_large_company,hq,0.96,0.9,0.06,0.9375000000000001,True,positive,3.0,100,6,True,True,True,0.0,0.0,0.0,0.0,0.0,0.0,0.28,0.28,0.0,0.83,0.82,0.01,0.95,0.9,0.05,0.96,0.9,0.06,reasoning_F,F,HQ + F,repeat_02_fold_03,2,3
longest_founding_tenure,hq,0.95,0.75,0.2,0.7894736842105263,False,positive,3.0,100,6,True,True,True,0.0,0.0,0.0,0.0,0.0,0.0,0.28,0.0,0.28,0.32,0.09,0.23,0.76,0.54,0.22,0.95,0.75,0.2,reasoning_F,F,HQ + F,repeat_02_fold_03,2,3
total_inferred_experience,hq,0.95,0.07,0.88,0.9263157894736842,True,negative,3.0,100,6,True,True,True,0.0,0.0,0.0,0.0,0.0,0.0,0.63,0.0,0.63,0.76,0.0,0.76,0.87,0.03,0.84,0.95,0.07,0.88,reasoning_F,F,HQ + F,repeat_02_fold_03,2,3
field_relevance_score,hq,0.93,0.36,0.57,0.6129032258064515,False,negative,3.0,100,6,True,True,True,0.0,0.0,0.0,0.0,0.0,0.0,0.0,0.0,0.0,0.47,0.11,0.36,0.78,0.26,0.52,0.93,0.36,0.57,reasoning_F,F,HQ + F,repeat_02_fold_03,2,3
has_prior_ipo,hq,0.93,0.88,0.05,0.9462365591397849,True,positive,3.0,100,6,True,True,True,0.0,0.0,0.0,0.2,0.2,0.0,0.64,0.64,0.0,0.85,0.82,0.03,0.88,0.85,0.03,0.93,0.88,0.05,reasoning_F,F,HQ + F,repeat_02_fold_03,2,3
max_company_size_before_founding,hq,0.93,0.84,0.09,0.9032258064516128,True,positive,3.0,100,6,True,True,True,0.0,0.0,0.0,0.05,0.05,0.0,0.41,0.41,0.0,0.68,0.67,0.01,0.87,0.8,0.07,0.93,0.84,0.09,reasoning_F,F,HQ + F,repeat_02_fold_03,2,3
stem_flag,hq,0.93,0.41,0.52,0.5591397849462365,False,negative,3.0,100,6,True,True,True,0.0,0.0,0.0,0.0,0.0,0.0,0.06,0.02,0.04,0.45,0.11,0.34,0.78,0.31,0.47,0.93,0.41,0.52,reasoning_F,F,HQ + F,repeat_02_fold_03,2,3
founding_role_count,hq,0.92,0.37,0.55,0.5978260869565217,False,negative,3.0,100,6,True,True,True,0.0,0.0,0.0,0.0,0.0,0.0,0.16,0.0,0.16,0.41,0.06,0.35,0.76,0.28,0.48,0.92,0.37,0.55,reasoning_F,F,HQ + F,repeat_02_fold_03,2,3
prestige_sacrifice_score,hq,0.91,0.61,0.3,0.6703296703296703,False,positive,3.0,100,6,True,True,True,0.0,0.0,0.0,0.37,0.37,0.0,0.83,0.83,0.0,0.8,0.8,0.0,0.81,0.69,0.12,0.91,0.61,0.3,reasoning_F,F,HQ + F,repeat_02_fold_03,2,3
founding_timing,hq,0.9,0.29,0.61,0.6777777777777777,False,negative,3.0,100,6,True,True,True,0.0,0.0,0.0,0.0,0.0,0.0,0.3,0.0,0.3,0.63,0.0,0.63,0.75,0.13,0.62,0.9,0.29,0.61,reasoning_F,F,HQ + F,repeat_02_fold_03,2,3
exit_count,hq,0.77,0.77,0.0,1.0,True,positive,0.1,100,6,True,False,False,0.0,0.0,0.0,0.49,0.49,0.0,0.77,0.77,0.0,0.7,0.7,0.0,0.68,0.66,0.02,0.69,0.65,0.04,reasoning_F,F,HQ + F,repeat_02_fold_03,2,3
has_prior_acquisition,hq,0.39,0.09,0.3,0.7692307692307692,False,negative,3.0,100,6,False,False,False,0.0,0.0,0.0,0.08,0.08,0.0,0.14,0.14,0.0,0.2,0.11,0.09,0.35,0.1,0.25,0.39,0.09,0.3,reasoning_F,F,HQ + F,repeat_02_fold_03,2,3
F_career_coherence,reasoning,1.0,0.0,1.0,1.0,True,negative,0.3,100,6,True,True,True,0.0,0.0,0.0,0.0,0.0,0.0,0.57,0.0,0.57,1.0,0.0,1.0,1.0,0.0,1.0,1.0,0.0,1.0,reasoning_F,F,HQ + F,repeat_02_fold_03,2,3
F_evidence_support_rating,reasoning,1.0,1.0,0.0,1.0,True,positive,1.0,100,6,True,True,True,0.0,0.0,0.0,0.0,0.0,0.0,0.48,0.48,0.0,0.99,0.99,0.0,1.0,1.0,0.0,1.0,1.0,0.0,reasoning_F,F,HQ + F,repeat_02_fold_03,2,3
F_ownership_signal,reasoning,0.92,0.85,0.07,0.9239130434782608,True,positive,3.0,100,6,True,True,True,0.0,0.0,0.0,0.0,0.0,0.0,0.0,0.0,0.0,0.26,0.26,0.0,0.78,0.78,0.0,0.92,0.85,0.07,reasoning_F,F,HQ + F,repeat_02_fold_03,2,3
F_scrappiness,reasoning,0.92,0.21,0.71,0.7717391304347825,False,negative,3.0,100,6,True,True,True,0.0,0.0,0.0,0.0,0.0,0.0,0.02,0.0,0.02,0.11,0.03,0.08,0.58,0.14,0.44,0.92,0.21,0.71,reasoning_F,F,HQ + F,repeat_02_fold_03,2,3
F_trajectory_strength,reasoning,0.91,0.76,0.15,0.8351648351648352,False,positive,3.0,100,6,True,True,True,0.0,0.0,0.0,0.0,0.0,0.0,0.0,0.0,0.0,0.03,0.01,0.02,0.46,0.39,0.07,0.91,0.76,0.15,reasoning_F,F,HQ + F,repeat_02_fold_03,2,3
F_rubric_score,reasoning,0.69,0.21,0.48,0.6956521739130435,False,negative,3.0,100,6,True,False,False,0.0,0.0,0.0,0.0,0.0,0.0,0.01,0.0,0.01,0.01,0.0,0.01,0.26,0.11,0.15,0.69,0.21,0.48,reasoning_F,F,HQ + F,repeat_02_fold_03,2,3
best_degree_prestige,hq,1.0,1.0,0.0,1.0,True,positive,1.0,100,6,True,True,True,0.0,0.0,0.0,0.69,0.69,0.0,0.93,0.93,0.0,0.98,0.98,0.0,1.0,1.0,0.0,0.98,0.98,0.0,reasoning_A,A,HQ + A,repeat_03_fold_01,3,1
comfort_index,hq,1.0,0.93,0.07,0.93,True,positive,3.0,100,6,True,True,True,0.0,0.0,0.0,0.17,0.17,0.0,0.77,0.77,0.0,0.94,0.91,0.03,0.99,0.93,0.06,1.0,0.93,0.07,reasoning_A,A,HQ + A,repeat_03_fold_01,3,1
degree_level,hq,1.0,0.1,0.9,0.9,True,negative,3.0,100,6,True,True,True,0.0,0.0,0.0,0.0,0.0,0.0,0.13,0.06,0.07,0.76,0.07,0.69,0.95,0.09,0.86,1.0,0.1,0.9,reasoning_A,A,HQ + A,repeat_03_fold_01,3,1
edu_prestige_tier,hq,1.0,1.0,0.0,1.0,True,positive,1.0,100,6,True,True,True,0.0,0.0,0.0,0.69,0.69,0.0,0.93,0.93,0.0,0.98,0.98,0.0,1.0,1.0,0.0,0.98,0.98,0.0,reasoning_A,A,HQ + A,repeat_03_fold_01,3,1
industry_alignment,hq,1.0,0.99,0.01,0.99,True,positive,1.0,100,6,True,True,True,0.0,0.0,0.0,0.29,0.29,0.0,0.96,0.96,0.0,0.98,0.98,0.0,1.0,0.99,0.01,1.0,0.99,0.01,reasoning_A,A,HQ + A,repeat_03_fold_01,3,1
industry_prestige_penalty,hq,1.0,0.98,0.02,0.98,True,positive,3.0,100,6,True,True,True,0.0,0.0,0.0,0.47,0.47,0.0,0.93,0.93,0.0,0.97,0.96,0.01,0.99,0.98,0.01,1.0,0.98,0.02,reasoning_A,A,HQ + A,repeat_03_fold_01,3,1
max_seniority_reached,hq,1.0,1.0,0.0,1.0,True,positive,0.3,100,6,True,True,True,0.0,0.0,0.0,0.03,0.03,0.0,0.87,0.87,0.0,1.0,1.0,0.0,1.0,1.0,0.0,1.0,1.0,0.0,reasoning_A,A,HQ + A,repeat_03_fold_01,3,1
industry_pivot_count,hq,0.99,0.11,0.88,0.888888888888889,False,negative,3.0,100,6,True,True,True,0.0,0.0,0.0,0.0,0.0,0.0,0.33,0.0,0.33,0.78,0.0,0.78,0.91,0.06,0.85,0.99,0.11,0.88,reasoning_A,A,HQ + A,repeat_03_fold_01,3,1
longest_founding_tenure,hq,0.99,0.03,0.96,0.9696969696969697,True,negative,3.0,100,6,True,True,True,0.0,0.0,0.0,0.0,0.0,0.0,0.87,0.0,0.87,0.96,0.0,0.96,0.98,0.01,0.97,0.99,0.03,0.96,reasoning_A,A,HQ + A,repeat_03_fold_01,3,1
restlessness_score,hq,0.99,0.08,0.91,0.9191919191919192,True,negative,3.0,100,6,True,True,True,0.0,0.0,0.0,0.0,0.0,0.0,0.31,0.01,0.3,0.75,0.02,0.73,0.95,0.06,0.89,0.99,0.08,0.91,reasoning_A,A,HQ + A,repeat_03_fold_01,3,1
years_in_large_company,hq,0.99,0.8,0.19,0.8080808080808082,False,positive,3.0,100,6,True,True,True,0.0,0.0,0.0,0.03,0.03,0.0,0.4,0.4,0.0,0.71,0.67,0.04,0.96,0.79,0.17,0.99,0.8,0.19,reasoning_A,A,HQ + A,repeat_03_fold_01,3,1
repeat_founding_gap,hq,0.97,0.38,0.59,0.6082474226804123,False,negative,3.0,100,6,True,True,True,0.0,0.0,0.0,0.0,0.0,0.0,0.22,0.03,0.19,0.62,0.2,0.42,0.88,0.34,0.54,0.97,0.38,0.59,reasoning_A,A,HQ + A,repeat_03_fold_01,3,1
company_size_is_growing,hq,0.96,0.1,0.86,0.8958333333333334,False,negative,1.0,100,6,True,True,True,0.0,0.0,0.0,0.01,0.0,0.01,0.61,0.0,0.61,0.9,0.05,0.85,0.96,0.1,0.86,0.95,0.11,0.84,reasoning_A,A,HQ + A,repeat_03_fold_01,3,1
is_serial_founder,hq,0.96,0.12,0.84,0.875,False,negative,3.0,100,6,True,True,True,0.0,0.0,0.0,0.0,0.0,0.0,0.17,0.0,0.17,0.57,0.02,0.55,0.86,0.08,0.78,0.96,0.12,0.84,reasoning_A,A,HQ + A,repeat_03_fold_01,3,1
persistence_score,hq,0.96,0.75,0.21,0.78125,False,positive,3.0,100,6,True,True,True,0.0,0.0,0.0,0.0,0.0,0.0,0.14,0.11,0.03,0.63,0.54,0.09,0.87,0.71,0.16,0.96,0.75,0.21,reasoning_A,A,HQ + A,repeat_03_fold_01,3,1
prestige_x_relevance,hq,0.96,0.36,0.6,0.625,False,negative,3.0,100,6,True,True,True,0.0,0.0,0.0,0.49,0.49,0.0,0.41,0.41,0.0,0.37,0.25,0.12,0.83,0.34,0.49,0.96,0.36,0.6,reasoning_A,A,HQ + A,repeat_03_fold_01,3,1
stem_flag,hq,0.96,0.9,0.06,0.9375000000000001,True,positive,3.0,100,6,True,True,True,0.0,0.0,0.0,0.0,0.0,0.0,0.35,0.34,0.01,0.71,0.67,0.04,0.91,0.85,0.06,0.96,0.9,0.06,reasoning_A,A,HQ + A,repeat_03_fold_01,3,1
max_company_size_before_founding,hq,0.95,0.81,0.14,0.8526315789473685,False,positive,3.0,100,6,True,True,True,0.0,0.0,0.0,0.02,0.02,0.0,0.34,0.34,0.0,0.67,0.65,0.02,0.87,0.79,0.08,0.95,0.81,0.14,reasoning_A,A,HQ + A,repeat_03_fold_01,3,1
prestige_sacrifice_score,hq,0.95,0.88,0.07,0.9263157894736842,True,positive,3.0,100,6,True,True,True,0.0,0.0,0.0,0.84,0.84,0.0,0.94,0.94,0.0,0.93,0.93,0.0,0.94,0.91,0.03,0.95,0.88,0.07,reasoning_A,A,HQ + A,repeat_03_fold_01,3,1
exit_x_serial,hq,0.94,0.53,0.41,0.5638297872340426,False,positive,3.0,100,6,True,True,True,0.0,0.0,0.0,0.35,0.35,0.0,0.44,0.44,0.0,0.61,0.51,0.1,0.87,0.55,0.32,0.94,0.53,0.41,reasoning_A,A,HQ + A,repeat_03_fold_01,3,1
field_relevance_score,hq,0.94,0.3,0.64,0.6808510638297873,False,negative,3.0,100,6,True,True,True,0.0,0.0,0.0,0.0,0.0,0.0,0.06,0.05,0.01,0.41,0.09,0.32,0.76,0.16,0.6,0.94,0.3,0.64,reasoning_A,A,HQ + A,repeat_03_fold_01,3,1
seniority_is_monotone,hq,0.93,0.44,0.49,0.5268817204301075,False,negative,3.0,100,6,True,True,True,0.0,0.0,0.0,0.0,0.0,0.0,0.09,0.02,0.07,0.65,0.27,0.38,0.86,0.41,0.45,0.93,0.44,0.49,reasoning_A,A,HQ + A,repeat_03_fold_01,3,1
sacrifice_x_serial,hq,0.92,0.79,0.13,0.8586956521739131,False,positive,3.0,100,6,True,True,True,0.0,0.0,0.0,0.02,0.02,0.0,0.09,0.09,0.0,0.48,0.46,0.02,0.83,0.73,0.1,0.92,0.79,0.13,reasoning_A,A,HQ + A,repeat_03_fold_01,3,1
founding_role_count,hq,0.91,0.67,0.24,0.7362637362637363,False,positive,3.0,100,6,True,True,True,0.0,0.0,0.0,0.0,0.0,0.0,0.05,0.0,0.05,0.39,0.22,0.17,0.76,0.54,0.22,0.91,0.67,0.24,reasoning_A,A,HQ + A,repeat_03_fold_01,3,1
founding_timing,hq,0.91,0.38,0.53,0.5824175824175825,False,negative,3.0,100,6,True,True,True,0.0,0.0,0.0,0.0,0.0,0.0,0.06,0.0,0.06,0.37,0.02,0.35,0.71,0.23,0.48,0.91,0.38,0.53,reasoning_A,A,HQ + A,repeat_03_fold_01,3,1
exit_count,hq,0.9,0.88,0.02,0.9777777777777777,True,positive,3.0,100,6,True,True,True,0.0,0.0,0.0,0.66,0.66,0.0,0.81,0.81,0.0,0.83,0.83,0.0,0.84,0.83,0.01,0.9,0.88,0.02,reasoning_A,A,HQ + A,repeat_03_fold_01,3,1
total_inferred_experience,hq,0.9,0.25,0.65,0.7222222222222222,False,negative,3.0,100,6,True,True,True,0.0,0.0,0.0,0.0,0.0,0.0,0.35,0.0,0.35,0.65,0.01,0.64,0.8,0.15,0.65,0.9,0.25,0.65,reasoning_A,A,HQ + A,repeat_03_fold_01,3,1
has_prior_ipo,hq,0.88,0.81,0.07,0.9204545454545455,True,positive,3.0,100,6,True,True,False,0.0,0.0,0.0,0.18,0.18,0.0,0.63,0.61,0.02,0.8,0.74,0.06,0.85,0.78,0.07,0.88,0.81,0.07,reasoning_A,A,HQ + A,repeat_03_fold_01,3,1
has_prior_acquisition,hq,0.56,0.49,0.07,0.8749999999999999,False,positive,3.0,100,6,False,False,False,0.0,0.0,0.0,0.15,0.15,0.0,0.21,0.21,0.0,0.22,0.21,0.01,0.25,0.2,0.05,0.56,0.49,0.07,reasoning_A,A,HQ + A,repeat_03_fold_01,3,1
A_evidence_support_rating,reasoning,1.0,1.0,0.0,1.0,True,positive,0.03,100,6,True,True,True,0.0,0.0,0.0,1.0,1.0,0.0,1.0,1.0,0.0,1.0,1.0,0.0,1.0,1.0,0.0,1.0,1.0,0.0,reasoning_A,A,HQ + A,repeat_03_fold_01,3,1
A_scrappiness,reasoning,1.0,0.0,1.0,1.0,True,negative,0.1,100,6,True,True,True,0.0,0.0,0.0,0.82,0.0,0.82,1.0,0.0,1.0,1.0,0.0,1.0,1.0,0.0,1.0,1.0,0.0,1.0,reasoning_A,A,HQ + A,repeat_03_fold_01,3,1
A_ownership_signal,reasoning,0.99,0.34,0.65,0.6565656565656566,False,negative,3.0,100,6,True,True,True,0.0,0.0,0.0,0.32,0.0,0.32,0.75,0.0,0.75,0.72,0.04,0.68,0.91,0.26,0.65,0.99,0.34,0.65,reasoning_A,A,HQ + A,repeat_03_fold_01,3,1
A_trajectory_strength,reasoning,0.97,0.05,0.92,0.9484536082474228,True,negative,3.0,100,6,True,True,True,0.0,0.0,0.0,0.0,0.0,0.0,0.56,0.0,0.56,0.88,0.01,0.87,0.96,0.04,0.92,0.97,0.05,0.92,reasoning_A,A,HQ + A,repeat_03_fold_01,3,1
A_career_coherence,reasoning,0.96,0.12,0.84,0.875,False,negative,3.0,100,6,True,True,True,0.0,0.0,0.0,0.0,0.0,0.0,0.11,0.0,0.11,0.73,0.03,0.7,0.91,0.08,0.83,0.96,0.12,0.84,reasoning_A,A,HQ + A,repeat_03_fold_01,3,1
comfort_index,hq,1.0,0.95,0.05,0.95,True,positive,3.0,100,6,True,True,True,0.0,0.0,0.0,0.1,0.1,0.0,0.86,0.86,0.0,0.96,0.94,0.02,0.99,0.95,0.04,1.0,0.95,0.05,reasoning_F,F,HQ + F,repeat_03_fold_01,3,1
industry_alignment,hq,1.0,1.0,0.0,1.0,True,positive,0.1,100,6,True,True,True,0.0,0.0,0.0,0.34,0.34,0.0,1.0,1.0,0.0,1.0,1.0,0.0,1.0,1.0,0.0,1.0,1.0,0.0,reasoning_F,F,HQ + F,repeat_03_fold_01,3,1
industry_prestige_penalty,hq,1.0,0.96,0.04,0.96,True,positive,1.0,100,6,True,True,True,0.0,0.0,0.0,0.39,0.39,0.0,0.95,0.95,0.0,0.98,0.96,0.02,1.0,0.96,0.04,1.0,0.96,0.04,reasoning_F,F,HQ + F,repeat_03_fold_01,3,1
best_degree_prestige,hq,0.99,0.95,0.04,0.9595959595959596,True,positive,3.0,100,6,True,True,True,0.0,0.0,0.0,0.7,0.7,0.0,0.9,0.9,0.0,0.94,0.94,0.0,0.97,0.95,0.02,0.99,0.95,0.04,reasoning_F,F,HQ + F,repeat_03_fold_01,3,1
edu_prestige_tier,hq,0.99,0.95,0.04,0.9595959595959596,True,positive,3.0,100,6,True,True,True,0.0,0.0,0.0,0.7,0.7,0.0,0.9,0.9,0.0,0.94,0.94,0.0,0.97,0.95,0.02,0.99,0.95,0.04,reasoning_F,F,HQ + F,repeat_03_fold_01,3,1
industry_pivot_count,hq,0.99,0.1,0.89,0.898989898989899,False,negative,3.0,100,6,True,True,True,0.0,0.0,0.0,0.0,0.0,0.0,0.38,0.0,0.38,0.78,0.01,0.77,0.91,0.06,0.85,0.99,0.1,0.89,reasoning_F,F,HQ + F,repeat_03_fold_01,3,1
longest_founding_tenure,hq,0.99,0.04,0.95,0.9595959595959596,True,negative,3.0,100,6,True,True,True,0.0,0.0,0.0,0.0,0.0,0.0,0.74,0.0,0.74,0.97,0.0,0.97,0.95,0.0,0.95,0.99,0.04,0.95,reasoning_F,F,HQ + F,repeat_03_fold_01,3,1
persistence_score,hq,0.99,0.75,0.24,0.7575757575757576,False,positive,3.0,100,6,True,True,True,0.0,0.0,0.0,0.0,0.0,0.0,0.18,0.18,0.0,0.63,0.55,0.08,0.89,0.7,0.19,0.99,0.75,0.24,reasoning_F,F,HQ + F,repeat_03_fold_01,3,1
prestige_sacrifice_score,hq,0.99,0.92,0.07,0.9292929292929294,True,positive,3.0,100,6,True,True,True,0.0,0.0,0.0,0.79,0.79,0.0,0.9,0.9,0.0,0.93,0.93,0.0,0.96,0.93,0.03,0.99,0.92,0.07,reasoning_F,F,HQ + F,repeat_03_fold_01,3,1
repeat_founding_gap,hq,0.99,0.64,0.35,0.6464646464646465,False,positive,3.0,100,6,True,True,True,0.0,0.0,0.0,0.0,0.0,0.0,0.29,0.2,0.09,0.68,0.43,0.25,0.92,0.6,0.32,0.99,0.64,0.35,reasoning_F,F,HQ + F,repeat_03_fold_01,3,1
company_size_is_growing,hq,0.98,0.1,0.88,0.8979591836734694,False,negative,3.0,100,6,True,True,True,0.0,0.0,0.0,0.0,0.0,0.0,0.66,0.0,0.66,0.86,0.02,0.84,0.95,0.08,0.87,0.98,0.1,0.88,reasoning_F,F,HQ + F,repeat_03_fold_01,3,1
degree_level,hq,0.98,0.17,0.81,0.826530612244898,False,negative,3.0,100,6,True,True,True,0.0,0.0,0.0,0.0,0.0,0.0,0.08,0.05,0.03,0.66,0.12,0.54,0.92,0.15,0.77,0.98,0.17,0.81,reasoning_F,F,HQ + F,repeat_03_fold_01,3,1
seniority_is_monotone,hq,0.98,0.33,0.65,0.663265306122449,False,negative,3.0,100,6,True,True,True,0.0,0.0,0.0,0.0,0.0,0.0,0.31,0.01,0.3,0.69,0.14,0.55,0.94,0.3,0.64,0.98,0.33,0.65,reasoning_F,F,HQ + F,repeat_03_fold_01,3,1
max_seniority_reached,hq,0.97,0.95,0.02,0.979381443298969,True,positive,3.0,100,6,True,True,True,0.0,0.0,0.0,0.02,0.02,0.0,0.8,0.8,0.0,0.96,0.96,0.0,0.96,0.96,0.0,0.97,0.95,0.02,reasoning_F,F,HQ + F,repeat_03_fold_01,3,1
is_serial_founder,hq,0.96,0.11,0.85,0.8854166666666666,False,negative,3.0,100,6,True,True,True,0.0,0.0,0.0,0.0,0.0,0.0,0.19,0.0,0.19,0.7,0.03,0.67,0.88,0.08,0.8,0.96,0.11,0.85,reasoning_F,F,HQ + F,repeat_03_fold_01,3,1
restlessness_score,hq,0.96,0.31,0.65,0.6770833333333334,False,negative,3.0,100,6,True,True,True,0.0,0.0,0.0,0.0,0.0,0.0,0.19,0.01,0.18,0.55,0.07,0.48,0.89,0.3,0.59,0.96,0.31,0.65,reasoning_F,F,HQ + F,repeat_03_fold_01,3,1
sacrifice_x_serial,hq,0.95,0.68,0.27,0.7157894736842106,False,positive,3.0,100,6,True,True,True,0.0,0.0,0.0,0.0,0.0,0.0,0.06,0.06,0.0,0.45,0.39,0.06,0.78,0.6,0.18,0.95,0.68,0.27,reasoning_F,F,HQ + F,repeat_03_fold_01,3,1
years_in_large_company,hq,0.95,0.89,0.06,0.9368421052631579,True,positive,3.0,100,6,True,True,True,0.0,0.0,0.0,0.04,0.04,0.0,0.48,0.48,0.0,0.76,0.76,0.0,0.88,0.84,0.04,0.95,0.89,0.06,reasoning_F,F,HQ + F,repeat_03_fold_01,3,1
prestige_x_relevance,hq,0.94,0.45,0.49,0.5212765957446809,False,negative,3.0,100,6,True,True,True,0.0,0.0,0.0,0.5,0.5,0.0,0.54,0.54,0.0,0.43,0.39,0.04,0.76,0.41,0.35,0.94,0.45,0.49,reasoning_F,F,HQ + F,repeat_03_fold_01,3,1
exit_x_serial,hq,0.93,0.5,0.43,0.5376344086021505,False,positive,3.0,100,6,True,True,True,0.0,0.0,0.0,0.35,0.35,0.0,0.43,0.43,0.0,0.66,0.5,0.16,0.9,0.52,0.38,0.93,0.5,0.43,reasoning_F,F,HQ + F,repeat_03_fold_01,3,1
founding_role_count,hq,0.93,0.65,0.28,0.6989247311827956,False,positive,3.0,100,6,True,True,True,0.0,0.0,0.0,0.0,0.0,0.0,0.05,0.0,0.05,0.42,0.25,0.17,0.79,0.56,0.23,0.93,0.65,0.28,reasoning_F,F,HQ + F,repeat_03_fold_01,3,1
founding_timing,hq,0.93,0.3,0.63,0.6774193548387096,False,negative,3.0,100,6,True,True,True,0.0,0.0,0.0,0.0,0.0,0.0,0.08,0.0,0.08,0.43,0.0,0.43,0.76,0.17,0.59,0.93,0.3,0.63,reasoning_F,F,HQ + F,repeat_03_fold_01,3,1
stem_flag,hq,0.92,0.8,0.12,0.8695652173913043,False,positive,3.0,100,6,True,True,True,0.0,0.0,0.0,0.0,0.0,0.0,0.2,0.2,0.0,0.51,0.49,0.02,0.82,0.73,0.09,0.92,0.8,0.12,reasoning_F,F,HQ + F,repeat_03_fold_01,3,1
field_relevance_score,hq,0.91,0.32,0.59,0.6483516483516483,False,negative,3.0,100,6,True,True,True,0.0,0.0,0.0,0.01,0.01,0.0,0.06,0.06,0.0,0.49,0.19,0.3,0.85,0.27,0.58,0.91,0.32,0.59,reasoning_F,F,HQ + F,repeat_03_fold_01,3,1
max_company_size_before_founding,hq,0.91,0.63,0.28,0.6923076923076923,False,positive,3.0,100,6,True,True,True,0.0,0.0,0.0,0.01,0.01,0.0,0.25,0.25,0.0,0.57,0.56,0.01,0.79,0.59,0.2,0.91,0.63,0.28,reasoning_F,F,HQ + F,repeat_03_fold_01,3,1
total_inferred_experience,hq,0.89,0.29,0.6,0.6741573033707865,False,negative,3.0,100,6,True,True,False,0.0,0.0,0.0,0.0,0.0,0.0,0.38,0.0,0.38,0.59,0.0,0.59,0.75,0.15,0.6,0.89,0.29,0.6,reasoning_F,F,HQ + F,repeat_03_fold_01,3,1
exit_count,hq,0.87,0.86,0.01,0.9885057471264368,True,positive,3.0,100,6,True,True,False,0.0,0.0,0.0,0.7,0.7,0.0,0.84,0.84,0.0,0.83,0.83,0.0,0.85,0.85,0.0,0.87,0.86,0.01,reasoning_F,F,HQ + F,repeat_03_fold_01,3,1
has_prior_ipo,hq,0.85,0.78,0.07,0.9176470588235295,True,positive,3.0,100,6,True,True,False,0.0,0.0,0.0,0.14,0.14,0.0,0.47,0.45,0.02,0.64,0.58,0.06,0.78,0.71,0.07,0.85,0.78,0.07,reasoning_F,F,HQ + F,repeat_03_fold_01,3,1
has_prior_acquisition,hq,0.47,0.39,0.08,0.8297872340425533,False,positive,3.0,100,6,False,False,False,0.0,0.0,0.0,0.16,0.16,0.0,0.33,0.33,0.0,0.34,0.33,0.01,0.3,0.24,0.06,0.47,0.39,0.08,reasoning_F,F,HQ + F,repeat_03_fold_01,3,1
F_career_coherence,reasoning,1.0,0.0,1.0,1.0,True,negative,0.3,100,6,True,True,True,0.0,0.0,0.0,0.0,0.0,0.0,0.58,0.0,0.58,1.0,0.0,1.0,1.0,0.0,1.0,1.0,0.0,1.0,reasoning_F,F,HQ + F,repeat_03_fold_01,3,1
F_evidence_support_rating,reasoning,1.0,1.0,0.0,1.0,True,positive,0.3,100,6,True,True,True,0.0,0.0,0.0,0.0,0.0,0.0,0.58,0.58,0.0,1.0,1.0,0.0,1.0,1.0,0.0,1.0,1.0,0.0,reasoning_F,F,HQ + F,repeat_03_fold_01,3,1
F_trajectory_strength,reasoning,0.94,0.91,0.03,0.9680851063829788,True,positive,3.0,100,6,True,True,True,0.0,0.0,0.0,0.0,0.0,0.0,0.01,0.0,0.01,0.08,0.07,0.01,0.84,0.83,0.01,0.94,0.91,0.03,reasoning_F,F,HQ + F,repeat_03_fold_01,3,1
F_ownership_signal,reasoning,0.87,0.72,0.15,0.8275862068965517,False,positive,3.0,100,6,True,True,False,0.0,0.0,0.0,0.0,0.0,0.0,0.0,0.0,0.0,0.13,0.13,0.0,0.64,0.59,0.05,0.87,0.72,0.15,reasoning_F,F,HQ + F,repeat_03_fold_01,3,1
F_scrappiness,reasoning,0.85,0.48,0.37,0.5647058823529412,False,positive,3.0,100,6,True,True,False,0.0,0.0,0.0,0.0,0.0,0.0,0.0,0.0,0.0,0.22,0.2,0.02,0.63,0.46,0.17,0.85,0.48,0.37,reasoning_F,F,HQ + F,repeat_03_fold_01,3,1
F_rubric_score,reasoning,0.68,0.18,0.5,0.7352941176470588,False,negative,3.0,100,6,True,False,False,0.0,0.0,0.0,0.0,0.0,0.0,0.0,0.0,0.0,0.01,0.01,0.0,0.22,0.09,0.13,0.68,0.18,0.5,reasoning_F,F,HQ + F,repeat_03_fold_01,3,1
comfort_index,hq,1.0,0.86,0.14,0.86,False,positive,3.0,100,6,True,True,True,0.0,0.0,0.0,0.0,0.0,0.0,0.48,0.48,0.0,0.82,0.74,0.08,0.96,0.85,0.11,1.0,0.86,0.14,reasoning_A,A,HQ + A,repeat_03_fold_02,3,2
industry_alignment,hq,1.0,1.0,0.0,1.0,True,positive,1.0,100,6,True,True,True,0.0,0.0,0.0,0.06,0.06,0.0,0.91,0.91,0.0,0.99,0.99,0.0,1.0,1.0,0.0,1.0,1.0,0.0,reasoning_A,A,HQ + A,repeat_03_fold_02,3,2
industry_prestige_penalty,hq,1.0,0.92,0.08,0.92,True,positive,3.0,100,6,True,True,True,0.0,0.0,0.0,0.18,0.18,0.0,0.74,0.74,0.0,0.87,0.86,0.01,0.95,0.89,0.06,1.0,0.92,0.08,reasoning_A,A,HQ + A,repeat_03_fold_02,3,2
seniority_is_monotone,hq,1.0,0.42,0.58,0.58,False,negative,3.0,100,6,True,True,True,0.0,0.0,0.0,0.0,0.0,0.0,0.11,0.03,0.08,0.62,0.23,0.39,0.93,0.38,0.55,1.0,0.42,0.58,reasoning_A,A,HQ + A,repeat_03_fold_02,3,2
max_seniority_reached,hq,0.99,0.98,0.01,0.98989898989899,True,positive,3.0,100,6,True,True,True,0.0,0.0,0.0,0.0,0.0,0.0,0.34,0.34,0.0,0.88,0.88,0.0,0.97,0.97,0.0,0.99,0.98,0.01,reasoning_A,A,HQ + A,repeat_03_fold_02,3,2
sacrifice_x_serial,hq,0.99,0.97,0.02,0.9797979797979798,True,positive,3.0,100,6,True,True,True,0.0,0.0,0.0,0.0,0.0,0.0,0.34,0.34,0.0,0.75,0.75,0.0,0.94,0.94,0.0,0.99,0.97,0.02,reasoning_A,A,HQ + A,repeat_03_fold_02,3,2
total_inferred_experience,hq,0.99,0.02,0.97,0.9797979797979798,True,negative,3.0,100,6,True,True,True,0.0,0.0,0.0,0.0,0.0,0.0,0.88,0.0,0.88,0.97,0.0,0.97,0.97,0.0,0.97,0.99,0.02,0.97,reasoning_A,A,HQ + A,repeat_03_fold_02,3,2
years_in_large_company,hq,0.99,0.81,0.18,0.8181818181818182,False,positive,3.0,100,6,True,True,True,0.0,0.0,0.0,0.0,0.0,0.0,0.25,0.25,0.0,0.75,0.72,0.03,0.96,0.8,0.16,0.99,0.81,0.18,reasoning_A,A,HQ + A,repeat_03_fold_02,3,2
best_degree_prestige,hq,0.98,0.92,0.06,0.9387755102040817,True,positive,3.0,100,6,True,True,True,0.0,0.0,0.0,0.75,0.75,0.0,0.92,0.92,0.0,0.94,0.94,0.0,0.95,0.92,0.03,0.98,0.92,0.06,reasoning_A,A,HQ + A,repeat_03_fold_02,3,2
degree_level,hq,0.98,0.24,0.74,0.7551020408163265,False,negative,3.0,100,6,True,True,True,0.0,0.0,0.0,0.0,0.0,0.0,0.1,0.05,0.05,0.64,0.09,0.55,0.91,0.19,0.72,0.98,0.24,0.74,reasoning_A,A,HQ + A,repeat_03_fold_02,3,2
edu_prestige_tier,hq,0.98,0.92,0.06,0.9387755102040817,True,positive,3.0,100,6,True,True,True,0.0,0.0,0.0,0.75,0.75,0.0,0.92,0.92,0.0,0.94,0.94,0.0,0.95,0.92,0.03,0.98,0.92,0.06,reasoning_A,A,HQ + A,repeat_03_fold_02,3,2
is_serial_founder,hq,0.98,0.04,0.94,0.9591836734693877,True,negative,3.0,100,6,True,True,True,0.0,0.0,0.0,0.0,0.0,0.0,0.08,0.0,0.08,0.59,0.01,0.58,0.89,0.02,0.87,0.98,0.04,0.94,reasoning_A,A,HQ + A,repeat_03_fold_02,3,2
exit_x_serial,hq,0.97,0.41,0.56,0.577319587628866,False,negative,3.0,100,6,True,True,True,0.0,0.0,0.0,0.12,0.12,0.0,0.36,0.36,0.0,0.64,0.41,0.23,0.88,0.42,0.46,0.97,0.41,0.56,reasoning_A,A,HQ + A,repeat_03_fold_02,3,2
field_relevance_score,hq,0.97,0.14,0.83,0.8556701030927835,False,negative,3.0,100,6,True,True,True,0.0,0.0,0.0,0.0,0.0,0.0,0.06,0.05,0.01,0.46,0.07,0.39,0.93,0.13,0.8,0.97,0.14,0.83,reasoning_A,A,HQ + A,repeat_03_fold_02,3,2
founding_timing,hq,0.97,0.62,0.35,0.6391752577319588,False,positive,3.0,100,6,True,True,True,0.0,0.0,0.0,0.0,0.0,0.0,0.04,0.0,0.04,0.28,0.03,0.25,0.73,0.41,0.32,0.97,0.62,0.35,reasoning_A,A,HQ + A,repeat_03_fold_02,3,2
industry_pivot_count,hq,0.97,0.52,0.45,0.5360824742268041,False,positive,3.0,100,6,True,True,True,0.0,0.0,0.0,0.0,0.0,0.0,0.11,0.0,0.11,0.55,0.19,0.36,0.9,0.45,0.45,0.97,0.52,0.45,reasoning_A,A,HQ + A,repeat_03_fold_02,3,2
repeat_founding_gap,hq,0.97,0.45,0.52,0.5360824742268041,False,negative,3.0,100,6,True,True,True,0.0,0.0,0.0,0.0,0.0,0.0,0.14,0.08,0.06,0.54,0.3,0.24,0.9,0.43,0.47,0.97,0.45,0.52,reasoning_A,A,HQ + A,repeat_03_fold_02,3,2
company_size_is_growing,hq,0.95,0.74,0.21,0.7789473684210526,False,positive,3.0,100,6,True,True,True,0.0,0.0,0.0,0.0,0.0,0.0,0.1,0.04,0.06,0.64,0.44,0.2,0.87,0.66,0.21,0.95,0.74,0.21,reasoning_A,A,HQ + A,repeat_03_fold_02,3,2
longest_founding_tenure,hq,0.95,0.25,0.7,0.7368421052631579,False,negative,3.0,100,6,True,True,True,0.0,0.0,0.0,0.0,0.0,0.0,0.54,0.0,0.54,0.78,0.0,0.78,0.88,0.14,0.74,0.95,0.25,0.7,reasoning_A,A,HQ + A,repeat_03_fold_02,3,2
max_company_size_before_founding,hq,0.95,0.69,0.26,0.7263157894736841,False,positive,3.0,100,6,True,True,True,0.0,0.0,0.0,0.01,0.01,0.0,0.28,0.28,0.0,0.5,0.45,0.05,0.8,0.59,0.21,0.95,0.69,0.26,reasoning_A,A,HQ + A,repeat_03_fold_02,3,2
prestige_x_relevance,hq,0.94,0.72,0.22,0.7659574468085106,False,positive,3.0,100,6,True,True,True,0.0,0.0,0.0,0.75,0.75,0.0,0.75,0.75,0.0,0.71,0.71,0.0,0.82,0.72,0.1,0.94,0.72,0.22,reasoning_A,A,HQ + A,repeat_03_fold_02,3,2
restlessness_score,hq,0.94,0.15,0.79,0.8404255319148937,False,negative,3.0,100,6,True,True,True,0.0,0.0,0.0,0.0,0.0,0.0,0.17,0.01,0.16,0.65,0.07,0.58,0.87,0.12,0.75,0.94,0.15,0.79,reasoning_A,A,HQ + A,repeat_03_fold_02,3,2
persistence_score,hq,0.93,0.38,0.55,0.5913978494623656,False,negative,3.0,100,6,True,True,True,0.0,0.0,0.0,0.0,0.0,0.0,0.08,0.06,0.02,0.53,0.27,0.26,0.84,0.37,0.47,0.93,0.38,0.55,reasoning_A,A,HQ + A,repeat_03_fold_02,3,2
prestige_sacrifice_score,hq,0.92,0.49,0.43,0.5326086956521738,False,positive,3.0,100,6,True,True,True,0.0,0.0,0.0,0.07,0.07,0.0,0.54,0.54,0.0,0.63,0.59,0.04,0.74,0.52,0.22,0.92,0.49,0.43,reasoning_A,A,HQ + A,repeat_03_fold_02,3,2
stem_flag,hq,0.92,0.79,0.13,0.8586956521739131,False,positive,3.0,100,6,True,True,True,0.0,0.0,0.0,0.0,0.0,0.0,0.21,0.2,0.01,0.54,0.51,0.03,0.82,0.72,0.1,0.92,0.79,0.13,reasoning_A,A,HQ + A,repeat_03_fold_02,3,2
exit_count,hq,0.89,0.88,0.01,0.9887640449438202,True,positive,3.0,100,6,True,True,False,0.0,0.0,0.0,0.74,0.74,0.0,0.82,0.82,0.0,0.85,0.85,0.0,0.86,0.86,0.0,0.89,0.88,0.01,reasoning_A,A,HQ + A,repeat_03_fold_02,3,2
founding_role_count,hq,0.85,0.56,0.29,0.6588235294117648,False,positive,3.0,100,6,True,True,False,0.0,0.0,0.0,0.0,0.0,0.0,0.02,0.0,0.02,0.23,0.1,0.13,0.69,0.48,0.21,0.85,0.56,0.29,reasoning_A,A,HQ + A,repeat_03_fold_02,3,2
has_prior_ipo,hq,0.85,0.8,0.05,0.9411764705882354,True,positive,3.0,100,6,True,True,False,0.0,0.0,0.0,0.22,0.22,0.0,0.58,0.58,0.0,0.76,0.72,0.04,0.82,0.77,0.05,0.85,0.8,0.05,reasoning_A,A,HQ + A,repeat_03_fold_02,3,2
has_prior_acquisition,hq,0.51,0.44,0.07,0.8627450980392157,False,positive,3.0,100,6,False,False,False,0.0,0.0,0.0,0.19,0.19,0.0,0.23,0.23,0.0,0.23,0.22,0.01,0.29,0.22,0.07,0.51,0.44,0.07,reasoning_A,A,HQ + A,repeat_03_fold_02,3,2
A_evidence_support_rating,reasoning,1.0,1.0,0.0,1.0,True,positive,0.1,100,6,True,True,True,0.0,0.0,0.0,0.9,0.9,0.0,1.0,1.0,0.0,1.0,1.0,0.0,1.0,1.0,0.0,1.0,1.0,0.0,reasoning_A,A,HQ + A,repeat_03_fold_02,3,2
A_scrappiness,reasoning,1.0,0.0,1.0,1.0,True,negative,0.1,100,6,True,True,True,0.0,0.0,0.0,0.24,0.0,0.24,1.0,0.0,1.0,1.0,0.0,1.0,1.0,0.0,1.0,1.0,0.0,1.0,reasoning_A,A,HQ + A,repeat_03_fold_02,3,2
A_ownership_signal,reasoning,0.99,0.06,0.93,0.9393939393939394,True,negative,3.0,100,6,True,True,True,0.0,0.0,0.0,0.27,0.0,0.27,0.95,0.0,0.95,0.94,0.0,0.94,0.96,0.03,0.93,0.99,0.06,0.93,reasoning_A,A,HQ + A,repeat_03_fold_02,3,2
A_career_coherence,reasoning,0.94,0.09,0.85,0.9042553191489362,True,negative,3.0,100,6,True,True,True,0.0,0.0,0.0,0.0,0.0,0.0,0.12,0.0,0.12,0.7,0.01,0.69,0.89,0.06,0.83,0.94,0.09,0.85,reasoning_A,A,HQ + A,repeat_03_fold_02,3,2
A_trajectory_strength,reasoning,0.86,0.29,0.57,0.6627906976744186,False,negative,3.0,100,6,True,True,False,0.0,0.0,0.0,0.0,0.0,0.0,0.13,0.0,0.13,0.46,0.01,0.45,0.71,0.18,0.53,0.86,0.29,0.57,reasoning_A,A,HQ + A,repeat_03_fold_02,3,2
industry_alignment,hq,1.0,0.99,0.01,0.99,True,positive,3.0,100,6,True,True,True,0.0,0.0,0.0,0.09,0.09,0.0,0.88,0.88,0.0,0.99,0.99,0.0,0.99,0.99,0.0,1.0,0.99,0.01,reasoning_F,F,HQ + F,repeat_03_fold_02,3,2
best_degree_prestige,hq,0.99,0.98,0.01,0.98989898989899,True,positive,1.0,100,6,True,True,True,0.0,0.0,0.0,0.78,0.78,0.0,0.97,0.97,0.0,0.97,0.97,0.0,0.99,0.98,0.01,0.99,0.98,0.01,reasoning_F,F,HQ + F,repeat_03_fold_02,3,2
degree_level,hq,0.99,0.18,0.81,0.8181818181818182,False,negative,3.0,100,6,True,True,True,0.0,0.0,0.0,0.0,0.0,0.0,0.15,0.05,0.1,0.63,0.09,0.54,0.93,0.16,0.77,0.99,0.18,0.81,reasoning_F,F,HQ + F,repeat_03_fold_02,3,2
edu_prestige_tier,hq,0.99,0.98,0.01,0.98989898989899,True,positive,1.0,100,6,True,True,True,0.0,0.0,0.0,0.78,0.78,0.0,0.97,0.97,0.0,0.97,0.97,0.0,0.99,0.98,0.01,0.99,0.98,0.01,reasoning_F,F,HQ + F,repeat_03_fold_02,3,2
industry_prestige_penalty,hq,0.99,0.74,0.25,0.7474747474747475,False,positive,3.0,100,6,True,True,True,0.0,0.0,0.0,0.17,0.17,0.0,0.66,0.65,0.01,0.82,0.72,0.1,0.92,0.72,0.2,0.99,0.74,0.25,reasoning_F,F,HQ + F,repeat_03_fold_02,3,2
total_inferred_experience,hq,0.99,0.0,0.99,1.0,True,negative,0.3,100,6,True,True,True,0.0,0.0,0.0,0.0,0.0,0.0,0.97,0.0,0.97,0.99,0.0,0.99,0.98,0.0,0.98,0.99,0.01,0.98,reasoning_F,F,HQ + F,repeat_03_fold_02,3,2
is_serial_founder,hq,0.98,0.08,0.9,0.9183673469387755,True,negative,3.0,100,6,True,True,True,0.0,0.0,0.0,0.0,0.0,0.0,0.04,0.0,0.04,0.5,0.01,0.49,0.94,0.07,0.87,0.98,0.08,0.9,reasoning_F,F,HQ + F,repeat_03_fold_02,3,2
max_seniority_reached,hq,0.98,0.97,0.01,0.9897959183673469,True,positive,3.0,100,6,True,True,True,0.0,0.0,0.0,0.0,0.0,0.0,0.48,0.48,0.0,0.9,0.9,0.0,0.95,0.95,0.0,0.98,0.97,0.01,reasoning_F,F,HQ + F,repeat_03_fold_02,3,2
restlessness_score,hq,0.98,0.09,0.89,0.9081632653061225,True,negative,3.0,100,6,True,True,True,0.0,0.0,0.0,0.0,0.0,0.0,0.27,0.0,0.27,0.77,0.02,0.75,0.91,0.06,0.85,0.98,0.09,0.89,reasoning_F,F,HQ + F,repeat_03_fold_02,3,2
sacrifice_x_serial,hq,0.98,0.95,0.03,0.9693877551020408,True,positive,3.0,100,6,True,True,True,0.0,0.0,0.0,0.02,0.02,0.0,0.28,0.28,0.0,0.81,0.81,0.0,0.96,0.94,0.02,0.98,0.95,0.03,reasoning_F,F,HQ + F,repeat_03_fold_02,3,2
stem_flag,hq,0.97,0.89,0.08,0.9175257731958764,True,positive,3.0,100,6,True,True,True,0.0,0.0,0.0,0.0,0.0,0.0,0.24,0.24,0.0,0.6,0.56,0.04,0.87,0.8,0.07,0.97,0.89,0.08,reasoning_F,F,HQ + F,repeat_03_fold_02,3,2
comfort_index,hq,0.96,0.75,0.21,0.78125,False,positive,3.0,100,6,True,True,True,0.0,0.0,0.0,0.01,0.01,0.0,0.47,0.46,0.01,0.76,0.72,0.04,0.91,0.76,0.15,0.96,0.75,0.21,reasoning_F,F,HQ + F,repeat_03_fold_02,3,2
company_size_is_growing,hq,0.96,0.72,0.24,0.75,False,positive,3.0,100,6,True,True,True,0.0,0.0,0.0,0.0,0.0,0.0,0.18,0.14,0.04,0.7,0.51,0.19,0.95,0.71,0.24,0.96,0.72,0.24,reasoning_F,F,HQ + F,repeat_03_fold_02,3,2
exit_x_serial,hq,0.96,0.28,0.68,0.7083333333333334,False,negative,3.0,100,6,True,True,True,0.0,0.0,0.0,0.13,0.13,0.0,0.2,0.19,0.01,0.53,0.3,0.23,0.8,0.28,0.52,0.96,0.28,0.68,reasoning_F,F,HQ + F,repeat_03_fold_02,3,2
longest_founding_tenure,hq,0.96,0.29,0.67,0.6979166666666667,False,negative,3.0,100,6,True,True,True,0.0,0.0,0.0,0.0,0.0,0.0,0.5,0.0,0.5,0.79,0.02,0.77,0.83,0.12,0.71,0.96,0.29,0.67,reasoning_F,F,HQ + F,repeat_03_fold_02,3,2
max_company_size_before_founding,hq,0.96,0.62,0.34,0.6458333333333334,False,positive,3.0,100,6,True,True,True,0.0,0.0,0.0,0.0,0.0,0.0,0.32,0.32,0.0,0.53,0.48,0.05,0.9,0.61,0.29,0.96,0.62,0.34,reasoning_F,F,HQ + F,repeat_03_fold_02,3,2
repeat_founding_gap,hq,0.96,0.42,0.54,0.5625000000000001,False,negative,3.0,100,6,True,True,True,0.0,0.0,0.0,0.0,0.0,0.0,0.12,0.05,0.07,0.61,0.31,0.3,0.88,0.39,0.49,0.96,0.42,0.54,reasoning_F,F,HQ + F,repeat_03_fold_02,3,2
seniority_is_monotone,hq,0.96,0.38,0.58,0.6041666666666666,False,negative,3.0,100,6,True,True,True,0.0,0.0,0.0,0.0,0.0,0.0,0.17,0.06,0.11,0.66,0.26,0.4,0.88,0.34,0.54,0.96,0.38,0.58,reasoning_F,F,HQ + F,repeat_03_fold_02,3,2
years_in_large_company,hq,0.96,0.88,0.08,0.9166666666666667,True,positive,3.0,100,6,True,True,True,0.0,0.0,0.0,0.0,0.0,0.0,0.36,0.36,0.0,0.75,0.75,0.0,0.87,0.84,0.03,0.96,0.88,0.08,reasoning_F,F,HQ + F,repeat_03_fold_02,3,2
founding_timing,hq,0.95,0.68,0.27,0.7157894736842106,False,positive,3.0,100,6,True,True,True,0.0,0.0,0.0,0.0,0.0,0.0,0.07,0.0,0.07,0.21,0.01,0.2,0.72,0.48,0.24,0.95,0.68,0.27,reasoning_F,F,HQ + F,repeat_03_fold_02,3,2
industry_pivot_count,hq,0.94,0.27,0.67,0.7127659574468086,False,negative,3.0,100,6,True,True,True,0.0,0.0,0.0,0.0,0.0,0.0,0.15,0.01,0.14,0.59,0.07,0.52,0.86,0.2,0.66,0.94,0.27,0.67,reasoning_F,F,HQ + F,repeat_03_fold_02,3,2
exit_count,hq,0.92,0.92,0.0,1.0,True,positive,1.0,100,6,True,True,True,0.0,0.0,0.0,0.72,0.72,0.0,0.9,0.9,0.0,0.91,0.91,0.0,0.92,0.92,0.0,0.92,0.92,0.0,reasoning_F,F,HQ + F,repeat_03_fold_02,3,2
field_relevance_score,hq,0.91,0.28,0.63,0.6923076923076923,False,negative,3.0,100,6,True,True,True,0.0,0.0,0.0,0.0,0.0,0.0,0.02,0.01,0.01,0.34,0.12,0.22,0.78,0.23,0.55,0.91,0.28,0.63,reasoning_F,F,HQ + F,repeat_03_fold_02,3,2
prestige_x_relevance,hq,0.91,0.6,0.31,0.6593406593406593,False,positive,3.0,100,6,True,True,True,0.0,0.0,0.0,0.74,0.74,0.0,0.75,0.75,0.0,0.63,0.62,0.01,0.79,0.59,0.2,0.91,0.6,0.31,reasoning_F,F,HQ + F,repeat_03_fold_02,3,2
prestige_sacrifice_score,hq,0.89,0.59,0.3,0.6629213483146067,False,positive,3.0,100,6,True,True,False,0.0,0.0,0.0,0.1,0.1,0.0,0.67,0.67,0.0,0.7,0.69,0.01,0.83,0.65,0.18,0.89,0.59,0.3,reasoning_F,F,HQ + F,repeat_03_fold_02,3,2
founding_role_count,hq,0.87,0.53,0.34,0.6091954022988506,False,positive,3.0,100,6,True,True,False,0.0,0.0,0.0,0.0,0.0,0.0,0.02,0.0,0.02,0.28,0.09,0.19,0.72,0.47,0.25,0.87,0.53,0.34,reasoning_F,F,HQ + F,repeat_03_fold_02,3,2
persistence_score,hq,0.87,0.36,0.51,0.5862068965517242,False,negative,3.0,100,6,True,True,False,0.0,0.0,0.0,0.0,0.0,0.0,0.03,0.02,0.01,0.41,0.22,0.19,0.83,0.37,0.46,0.87,0.36,0.51,reasoning_F,F,HQ + F,repeat_03_fold_02,3,2
has_prior_ipo,hq,0.8,0.75,0.05,0.9375,True,positive,3.0,100,6,True,True,False,0.0,0.0,0.0,0.11,0.11,0.0,0.55,0.54,0.01,0.71,0.67,0.04,0.75,0.7,0.05,0.8,0.75,0.05,reasoning_F,F,HQ + F,repeat_03_fold_02,3,2
has_prior_acquisition,hq,0.47,0.46,0.01,0.9787234042553192,True,positive,3.0,100,6,False,False,False,0.0,0.0,0.0,0.2,0.2,0.0,0.31,0.31,0.0,0.3,0.3,0.0,0.3,0.3,0.0,0.47,0.46,0.01,reasoning_F,F,HQ + F,repeat_03_fold_02,3,2
F_career_coherence,reasoning,1.0,0.01,0.99,0.99,True,negative,3.0,100,6,True,True,True,0.0,0.0,0.0,0.0,0.0,0.0,0.68,0.0,0.68,0.97,0.0,0.97,0.98,0.0,0.98,1.0,0.01,0.99,reasoning_F,F,HQ + F,repeat_03_fold_02,3,2
F_evidence_support_rating,reasoning,1.0,1.0,0.0,1.0,True,positive,0.3,100,6,True,True,True,0.0,0.0,0.0,0.0,0.0,0.0,0.35,0.35,0.0,1.0,1.0,0.0,1.0,1.0,0.0,1.0,1.0,0.0,reasoning_F,F,HQ + F,repeat_03_fold_02,3,2
F_scrappiness,reasoning,0.91,0.49,0.42,0.5384615384615384,False,positive,3.0,100,6,True,True,True,0.0,0.0,0.0,0.0,0.0,0.0,0.0,0.0,0.0,0.08,0.04,0.04,0.61,0.4,0.21,0.91,0.49,0.42,reasoning_F,F,HQ + F,repeat_03_fold_02,3,2
F_ownership_signal,reasoning,0.87,0.78,0.09,0.896551724137931,False,positive,3.0,100,6,True,True,False,0.0,0.0,0.0,0.0,0.0,0.0,0.0,0.0,0.0,0.09,0.05,0.04,0.57,0.52,0.05,0.87,0.78,0.09,reasoning_F,F,HQ + F,repeat_03_fold_02,3,2
F_trajectory_strength,reasoning,0.7,0.37,0.33,0.5285714285714286,False,positive,3.0,100,6,True,False,False,0.0,0.0,0.0,0.0,0.0,0.0,0.02,0.0,0.02,0.07,0.0,0.07,0.3,0.15,0.15,0.7,0.37,0.33,reasoning_F,F,HQ + F,repeat_03_fold_02,3,2
F_rubric_score,reasoning,0.64,0.33,0.31,0.515625,False,positive,3.0,100,6,True,False,False,0.0,0.0,0.0,0.0,0.0,0.0,0.01,0.0,0.01,0.04,0.0,0.04,0.28,0.14,0.14,0.64,0.33,0.31,reasoning_F,F,HQ + F,repeat_03_fold_02,3,2
industry_alignment,hq,1.0,1.0,0.0,1.0,True,positive,0.3,100,6,True,True,True,0.0,0.0,0.0,0.12,0.12,0.0,0.97,0.97,0.0,1.0,1.0,0.0,1.0,1.0,0.0,1.0,1.0,0.0,reasoning_A,A,HQ + A,repeat_03_fold_03,3,3
industry_prestige_penalty,hq,1.0,0.97,0.03,0.97,True,positive,3.0,100,6,True,True,True,0.0,0.0,0.0,0.14,0.14,0.0,0.77,0.77,0.0,0.95,0.94,0.01,0.98,0.95,0.03,1.0,0.97,0.03,reasoning_A,A,HQ + A,repeat_03_fold_03,3,3
comfort_index,hq,0.99,0.79,0.2,0.797979797979798,False,positive,3.0,100,6,True,True,True,0.0,0.0,0.0,0.01,0.01,0.0,0.53,0.51,0.02,0.78,0.68,0.1,0.91,0.76,0.15,0.99,0.79,0.2,reasoning_A,A,HQ + A,repeat_03_fold_03,3,3
company_size_is_growing,hq,0.99,0.92,0.07,0.9292929292929294,True,positive,3.0,100,6,True,True,True,0.0,0.0,0.0,0.0,0.0,0.0,0.21,0.19,0.02,0.74,0.7,0.04,0.98,0.91,0.07,0.99,0.92,0.07,reasoning_A,A,HQ + A,repeat_03_fold_03,3,3
degree_level,hq,0.99,0.05,0.94,0.9494949494949495,True,negative,3.0,100,6,True,True,True,0.0,0.0,0.0,0.0,0.0,0.0,0.2,0.0,0.2,0.86,0.03,0.83,0.96,0.03,0.93,0.99,0.05,0.94,reasoning_A,A,HQ + A,repeat_03_fold_03,3,3
exit_x_serial,hq,0.99,0.85,0.14,0.8585858585858586,False,positive,3.0,100,6,True,True,True,0.0,0.0,0.0,0.42,0.42,0.0,0.7,0.7,0.0,0.84,0.79,0.05,0.92,0.82,0.1,0.99,0.85,0.14,reasoning_A,A,HQ + A,repeat_03_fold_03,3,3
max_seniority_reached,hq,0.99,0.97,0.02,0.9797979797979798,True,positive,3.0,100,6,True,True,True,0.0,0.0,0.0,0.0,0.0,0.0,0.27,0.27,0.0,0.88,0.88,0.0,0.98,0.96,0.02,0.99,0.97,0.02,reasoning_A,A,HQ + A,repeat_03_fold_03,3,3
best_degree_prestige,hq,0.98,0.79,0.19,0.8061224489795918,False,positive,3.0,100,6,True,True,True,0.0,0.0,0.0,0.32,0.32,0.0,0.76,0.76,0.0,0.79,0.79,0.0,0.88,0.79,0.09,0.98,0.79,0.19,reasoning_A,A,HQ + A,repeat_03_fold_03,3,3
edu_prestige_tier,hq,0.98,0.79,0.19,0.8061224489795918,False,positive,3.0,100,6,True,True,True,0.0,0.0,0.0,0.32,0.32,0.0,0.76,0.76,0.0,0.79,0.79,0.0,0.88,0.79,0.09,0.98,0.79,0.19,reasoning_A,A,HQ + A,repeat_03_fold_03,3,3
seniority_is_monotone,hq,0.98,0.19,0.79,0.8061224489795918,False,negative,3.0,100,6,True,True,True,0.0,0.0,0.0,0.0,0.0,0.0,0.21,0.02,0.19,0.71,0.13,0.58,0.94,0.19,0.75,0.98,0.19,0.79,reasoning_A,A,HQ + A,repeat_03_fold_03,3,3
founding_role_count,hq,0.97,0.18,0.79,0.8144329896907218,False,negative,3.0,100,6,True,True,True,0.0,0.0,0.0,0.0,0.0,0.0,0.41,0.0,0.41,0.68,0.0,0.68,0.83,0.08,0.75,0.97,0.18,0.79,reasoning_A,A,HQ + A,repeat_03_fold_03,3,3
max_company_size_before_founding,hq,0.97,0.82,0.15,0.845360824742268,False,positive,3.0,100,6,True,True,True,0.0,0.0,0.0,0.02,0.02,0.0,0.43,0.43,0.0,0.69,0.68,0.01,0.86,0.78,0.08,0.97,0.82,0.15,reasoning_A,A,HQ + A,repeat_03_fold_03,3,3
years_in_large_company,hq,0.97,0.84,0.13,0.865979381443299,False,positive,3.0,100,6,True,True,True,0.0,0.0,0.0,0.0,0.0,0.0,0.34,0.34,0.0,0.82,0.75,0.07,0.96,0.84,0.12,0.97,0.84,0.13,reasoning_A,A,HQ + A,repeat_03_fold_03,3,3
industry_pivot_count,hq,0.96,0.26,0.7,0.7291666666666666,False,negative,3.0,100,6,True,True,True,0.0,0.0,0.0,0.0,0.0,0.0,0.14,0.01,0.13,0.68,0.08,0.6,0.83,0.16,0.67,0.96,0.26,0.7,reasoning_A,A,HQ + A,repeat_03_fold_03,3,3
is_serial_founder,hq,0.96,0.25,0.71,0.7395833333333334,False,negative,3.0,100,6,True,True,True,0.0,0.0,0.0,0.0,0.0,0.0,0.25,0.0,0.25,0.54,0.02,0.52,0.8,0.19,0.61,0.96,0.25,0.71,reasoning_A,A,HQ + A,repeat_03_fold_03,3,3
prestige_sacrifice_score,hq,0.95,0.78,0.17,0.8210526315789475,False,positive,3.0,100,6,True,True,True,0.0,0.0,0.0,0.09,0.09,0.0,0.57,0.57,0.0,0.83,0.83,0.0,0.9,0.81,0.09,0.95,0.78,0.17,reasoning_A,A,HQ + A,repeat_03_fold_03,3,3
prestige_x_relevance,hq,0.95,0.82,0.13,0.8631578947368421,False,positive,3.0,100,6,True,True,True,0.0,0.0,0.0,0.84,0.84,0.0,0.88,0.88,0.0,0.83,0.83,0.0,0.87,0.83,0.04,0.95,0.82,0.13,reasoning_A,A,HQ + A,repeat_03_fold_03,3,3
repeat_founding_gap,hq,0.95,0.62,0.33,0.6526315789473685,False,positive,3.0,100,6,True,True,True,0.0,0.0,0.0,0.0,0.0,0.0,0.23,0.16,0.07,0.69,0.49,0.2,0.89,0.62,0.27,0.95,0.62,0.33,reasoning_A,A,HQ + A,repeat_03_fold_03,3,3
sacrifice_x_serial,hq,0.95,0.69,0.26,0.7263157894736841,False,positive,3.0,100,6,True,True,True,0.0,0.0,0.0,0.0,0.0,0.0,0.02,0.0,0.02,0.26,0.09,0.17,0.8,0.56,0.24,0.95,0.69,0.26,reasoning_A,A,HQ + A,repeat_03_fold_03,3,3
total_inferred_experience,hq,0.95,0.1,0.85,0.8947368421052632,False,negative,3.0,100,6,True,True,True,0.0,0.0,0.0,0.0,0.0,0.0,0.55,0.0,0.55,0.87,0.0,0.87,0.88,0.02,0.86,0.95,0.1,0.85,reasoning_A,A,HQ + A,repeat_03_fold_03,3,3
persistence_score,hq,0.94,0.51,0.43,0.5425531914893618,False,positive,3.0,100,6,True,True,True,0.0,0.0,0.0,0.0,0.0,0.0,0.04,0.0,0.04,0.44,0.26,0.18,0.8,0.45,0.35,0.94,0.51,0.43,reasoning_A,A,HQ + A,repeat_03_fold_03,3,3
restlessness_score,hq,0.94,0.25,0.69,0.7340425531914894,False,negative,3.0,100,6,True,True,True,0.0,0.0,0.0,0.0,0.0,0.0,0.2,0.0,0.2,0.66,0.1,0.56,0.88,0.2,0.68,0.94,0.25,0.69,reasoning_A,A,HQ + A,repeat_03_fold_03,3,3
has_prior_ipo,hq,0.93,0.84,0.09,0.9032258064516128,True,positive,3.0,100,6,True,True,True,0.0,0.0,0.0,0.22,0.22,0.0,0.67,0.66,0.01,0.85,0.79,0.06,0.9,0.81,0.09,0.93,0.84,0.09,reasoning_A,A,HQ + A,repeat_03_fold_03,3,3
longest_founding_tenure,hq,0.93,0.33,0.6,0.6451612903225806,False,negative,3.0,100,6,True,True,True,0.0,0.0,0.0,0.0,0.0,0.0,0.52,0.0,0.52,0.66,0.02,0.64,0.85,0.2,0.65,0.93,0.33,0.6,reasoning_A,A,HQ + A,repeat_03_fold_03,3,3
field_relevance_score,hq,0.92,0.49,0.43,0.5326086956521738,False,positive,3.0,100,6,True,True,True,0.0,0.0,0.0,0.0,0.0,0.0,0.05,0.05,0.0,0.32,0.19,0.13,0.81,0.41,0.4,0.92,0.49,0.43,reasoning_A,A,HQ + A,repeat_03_fold_03,3,3
stem_flag,hq,0.91,0.33,0.58,0.6373626373626373,False,negative,3.0,100,6,True,True,True,0.0,0.0,0.0,0.0,0.0,0.0,0.07,0.04,0.03,0.47,0.13,0.34,0.8,0.26,0.54,0.91,0.33,0.58,reasoning_A,A,HQ + A,repeat_03_fold_03,3,3
founding_timing,hq,0.8,0.41,0.39,0.5125,False,positive,3.0,100,6,True,True,False,0.0,0.0,0.0,0.0,0.0,0.0,0.06,0.0,0.06,0.29,0.0,0.29,0.59,0.21,0.38,0.8,0.41,0.39,reasoning_A,A,HQ + A,repeat_03_fold_03,3,3
exit_count,hq,0.69,0.69,0.0,1.0,True,positive,0.1,100,6,True,False,False,0.0,0.0,0.0,0.42,0.42,0.0,0.69,0.69,0.0,0.68,0.68,0.0,0.66,0.66,0.0,0.68,0.66,0.02,reasoning_A,A,HQ + A,repeat_03_fold_03,3,3
has_prior_acquisition,hq,0.47,0.22,0.25,0.5319148936170213,False,negative,3.0,100,6,False,False,False,0.0,0.0,0.0,0.05,0.05,0.0,0.14,0.14,0.0,0.19,0.16,0.03,0.38,0.19,0.19,0.47,0.22,0.25,reasoning_A,A,HQ + A,repeat_03_fold_03,3,3
A_evidence_support_rating,reasoning,1.0,1.0,0.0,1.0,True,positive,0.03,100,6,True,True,True,0.0,0.0,0.0,1.0,1.0,0.0,1.0,1.0,0.0,1.0,1.0,0.0,1.0,1.0,0.0,1.0,1.0,0.0,reasoning_A,A,HQ + A,repeat_03_fold_03,3,3
A_scrappiness,reasoning,1.0,0.0,1.0,1.0,True,negative,0.1,100,6,True,True,True,0.0,0.0,0.0,0.13,0.0,0.13,1.0,0.0,1.0,1.0,0.0,1.0,1.0,0.0,1.0,1.0,0.0,1.0,reasoning_A,A,HQ + A,repeat_03_fold_03,3,3
A_trajectory_strength,reasoning,0.98,0.05,0.93,0.9489795918367347,True,negative,3.0,100,6,True,True,True,0.0,0.0,0.0,0.0,0.0,0.0,0.57,0.0,0.57,0.89,0.0,0.89,0.94,0.02,0.92,0.98,0.05,0.93,reasoning_A,A,HQ + A,repeat_03_fold_03,3,3
A_ownership_signal,reasoning,0.96,0.42,0.54,0.5625000000000001,False,negative,3.0,100,6,True,True,True,0.0,0.0,0.0,0.04,0.0,0.04,0.57,0.0,0.57,0.64,0.09,0.55,0.88,0.34,0.54,0.96,0.42,0.54,reasoning_A,A,HQ + A,repeat_03_fold_03,3,3
A_career_coherence,reasoning,0.9,0.12,0.78,0.8666666666666667,False,negative,3.0,100,6,True,True,True,0.0,0.0,0.0,0.0,0.0,0.0,0.08,0.0,0.08,0.58,0.02,0.56,0.79,0.08,0.71,0.9,0.12,0.78,reasoning_A,A,HQ + A,repeat_03_fold_03,3,3
degree_level,hq,1.0,0.01,0.99,0.99,True,negative,3.0,100,6,True,True,True,0.0,0.0,0.0,0.0,0.0,0.0,0.34,0.0,0.34,0.86,0.01,0.85,0.99,0.01,0.98,1.0,0.01,0.99,reasoning_F,F,HQ + F,repeat_03_fold_03,3,3
industry_alignment,hq,1.0,1.0,0.0,1.0,True,positive,1.0,100,6,True,True,True,0.0,0.0,0.0,0.2,0.2,0.0,0.94,0.94,0.0,0.99,0.99,0.0,1.0,1.0,0.0,1.0,1.0,0.0,reasoning_F,F,HQ + F,repeat_03_fold_03,3,3
industry_prestige_penalty,hq,1.0,0.91,0.09,0.91,True,positive,1.0,100,6,True,True,True,0.0,0.0,0.0,0.16,0.16,0.0,0.76,0.76,0.0,0.95,0.91,0.04,1.0,0.91,0.09,1.0,0.91,0.09,reasoning_F,F,HQ + F,repeat_03_fold_03,3,3
max_seniority_reached,hq,1.0,0.99,0.01,0.99,True,positive,3.0,100,6,True,True,True,0.0,0.0,0.0,0.0,0.0,0.0,0.3,0.3,0.0,0.93,0.93,0.0,0.99,0.98,0.01,1.0,0.99,0.01,reasoning_F,F,HQ + F,repeat_03_fold_03,3,3
stem_flag,hq,1.0,0.21,0.79,0.79,False,negative,3.0,100,6,True,True,True,0.0,0.0,0.0,0.0,0.0,0.0,0.09,0.01,0.08,0.57,0.07,0.5,0.9,0.17,0.73,1.0,0.21,0.79,reasoning_F,F,HQ + F,repeat_03_fold_03,3,3
company_size_is_growing,hq,0.99,0.88,0.11,0.888888888888889,False,positive,3.0,100,6,True,True,True,0.0,0.0,0.0,0.0,0.0,0.0,0.11,0.09,0.02,0.73,0.66,0.07,0.95,0.85,0.1,0.99,0.88,0.11,reasoning_F,F,HQ + F,repeat_03_fold_03,3,3
prestige_x_relevance,hq,0.99,0.88,0.11,0.888888888888889,False,positive,3.0,100,6,True,True,True,0.0,0.0,0.0,0.83,0.83,0.0,0.94,0.94,0.0,0.86,0.86,0.0,0.92,0.88,0.04,0.99,0.88,0.11,reasoning_F,F,HQ + F,repeat_03_fold_03,3,3
repeat_founding_gap,hq,0.99,0.78,0.21,0.787878787878788,False,positive,3.0,100,6,True,True,True,0.0,0.0,0.0,0.0,0.0,0.0,0.47,0.39,0.08,0.78,0.65,0.13,0.95,0.76,0.19,0.99,0.78,0.21,reasoning_F,F,HQ + F,repeat_03_fold_03,3,3
seniority_is_monotone,hq,0.99,0.13,0.86,0.8686868686868687,False,negative,3.0,100,6,True,True,True,0.0,0.0,0.0,0.0,0.0,0.0,0.19,0.0,0.19,0.69,0.05,0.64,0.93,0.11,0.82,0.99,0.13,0.86,reasoning_F,F,HQ + F,repeat_03_fold_03,3,3
comfort_index,hq,0.98,0.7,0.28,0.7142857142857143,False,positive,3.0,100,6,True,True,True,0.0,0.0,0.0,0.0,0.0,0.0,0.46,0.43,0.03,0.74,0.61,0.13,0.88,0.65,0.23,0.98,0.7,0.28,reasoning_F,F,HQ + F,repeat_03_fold_03,3,3
exit_x_serial,hq,0.98,0.85,0.13,0.8673469387755102,False,positive,3.0,100,6,True,True,True,0.0,0.0,0.0,0.36,0.36,0.0,0.59,0.59,0.0,0.84,0.82,0.02,0.92,0.84,0.08,0.98,0.85,0.13,reasoning_F,F,HQ + F,repeat_03_fold_03,3,3
years_in_large_company,hq,0.98,0.96,0.02,0.9795918367346939,True,positive,1.0,100,6,True,True,True,0.0,0.0,0.0,0.01,0.01,0.0,0.45,0.45,0.0,0.9,0.9,0.0,0.98,0.96,0.02,0.98,0.96,0.02,reasoning_F,F,HQ + F,repeat_03_fold_03,3,3
sacrifice_x_serial,hq,0.97,0.69,0.28,0.7113402061855669,False,positive,3.0,100,6,True,True,True,0.0,0.0,0.0,0.0,0.0,0.0,0.03,0.0,0.03,0.36,0.23,0.13,0.76,0.54,0.22,0.97,0.69,0.28,reasoning_F,F,HQ + F,repeat_03_fold_03,3,3
max_company_size_before_founding,hq,0.96,0.7,0.26,0.7291666666666666,False,positive,3.0,100,6,True,True,True,0.0,0.0,0.0,0.02,0.02,0.0,0.42,0.42,0.0,0.58,0.54,0.04,0.87,0.68,0.19,0.96,0.7,0.26,reasoning_F,F,HQ + F,repeat_03_fold_03,3,3
prestige_sacrifice_score,hq,0.96,0.75,0.21,0.78125,False,positive,3.0,100,6,True,True,True,0.0,0.0,0.0,0.08,0.08,0.0,0.67,0.67,0.0,0.81,0.81,0.0,0.81,0.78,0.03,0.96,0.75,0.21,reasoning_F,F,HQ + F,repeat_03_fold_03,3,3
restlessness_score,hq,0.96,0.34,0.62,0.6458333333333334,False,negative,3.0,100,6,True,True,True,0.0,0.0,0.0,0.0,0.0,0.0,0.22,0.04,0.18,0.65,0.16,0.49,0.88,0.27,0.61,0.96,0.34,0.62,reasoning_F,F,HQ + F,repeat_03_fold_03,3,3
industry_pivot_count,hq,0.95,0.22,0.73,0.768421052631579,False,negative,3.0,100,6,True,True,True,0.0,0.0,0.0,0.0,0.0,0.0,0.2,0.02,0.18,0.61,0.08,0.53,0.86,0.18,0.68,0.95,0.22,0.73,reasoning_F,F,HQ + F,repeat_03_fold_03,3,3
is_serial_founder,hq,0.95,0.29,0.66,0.6947368421052632,False,negative,3.0,100,6,True,True,True,0.0,0.0,0.0,0.0,0.0,0.0,0.23,0.0,0.23,0.51,0.01,0.5,0.78,0.18,0.6,0.95,0.29,0.66,reasoning_F,F,HQ + F,repeat_03_fold_03,3,3
persistence_score,hq,0.95,0.49,0.46,0.5157894736842106,False,positive,3.0,100,6,True,True,True,0.0,0.0,0.0,0.0,0.0,0.0,0.08,0.01,0.07,0.51,0.27,0.24,0.8,0.44,0.36,0.95,0.49,0.46,reasoning_F,F,HQ + F,repeat_03_fold_03,3,3
best_degree_prestige,hq,0.94,0.83,0.11,0.8829787234042553,False,positive,3.0,100,6,True,True,True,0.0,0.0,0.0,0.38,0.38,0.0,0.72,0.72,0.0,0.85,0.83,0.02,0.9,0.83,0.07,0.94,0.83,0.11,reasoning_F,F,HQ + F,repeat_03_fold_03,3,3
edu_prestige_tier,hq,0.94,0.83,0.11,0.8829787234042553,False,positive,3.0,100,6,True,True,True,0.0,0.0,0.0,0.38,0.38,0.0,0.72,0.72,0.0,0.85,0.83,0.02,0.9,0.83,0.07,0.94,0.83,0.11,reasoning_F,F,HQ + F,repeat_03_fold_03,3,3
longest_founding_tenure,hq,0.94,0.48,0.46,0.5106382978723404,False,positive,3.0,100,6,True,True,True,0.0,0.0,0.0,0.0,0.0,0.0,0.36,0.0,0.36,0.48,0.03,0.45,0.69,0.26,0.43,0.94,0.48,0.46,reasoning_F,F,HQ + F,repeat_03_fold_03,3,3
total_inferred_experience,hq,0.93,0.05,0.88,0.9462365591397849,True,negative,3.0,100,6,True,True,True,0.0,0.0,0.0,0.0,0.0,0.0,0.64,0.0,0.64,0.88,0.0,0.88,0.87,0.0,0.87,0.93,0.05,0.88,reasoning_F,F,HQ + F,repeat_03_fold_03,3,3
founding_role_count,hq,0.92,0.03,0.89,0.967391304347826,True,negative,3.0,100,6,True,True,True,0.0,0.0,0.0,0.0,0.0,0.0,0.47,0.0,0.47,0.82,0.0,0.82,0.89,0.01,0.88,0.92,0.03,0.89,reasoning_F,F,HQ + F,repeat_03_fold_03,3,3
founding_timing,hq,0.92,0.49,0.43,0.5326086956521738,False,positive,3.0,100,6,True,True,True,0.0,0.0,0.0,0.0,0.0,0.0,0.08,0.0,0.08,0.38,0.0,0.38,0.73,0.29,0.44,0.92,0.49,0.43,reasoning_F,F,HQ + F,repeat_03_fold_03,3,3
has_prior_ipo,hq,0.92,0.88,0.04,0.9565217391304347,True,positive,1.0,100,6,True,True,True,0.0,0.0,0.0,0.22,0.22,0.0,0.7,0.69,0.01,0.87,0.84,0.03,0.92,0.88,0.04,0.92,0.88,0.04,reasoning_F,F,HQ + F,repeat_03_fold_03,3,3
field_relevance_score,hq,0.9,0.69,0.21,0.7666666666666666,False,positive,3.0,100,6,True,True,True,0.0,0.0,0.0,0.0,0.0,0.0,0.08,0.08,0.0,0.31,0.23,0.08,0.7,0.53,0.17,0.9,0.69,0.21,reasoning_F,F,HQ + F,repeat_03_fold_03,3,3
exit_count,hq,0.85,0.85,0.0,1.0,True,positive,0.1,100,6,True,True,False,0.0,0.0,0.0,0.56,0.56,0.0,0.85,0.85,0.0,0.82,0.82,0.0,0.74,0.74,0.0,0.72,0.72,0.0,reasoning_F,F,HQ + F,repeat_03_fold_03,3,3
has_prior_acquisition,hq,0.36,0.16,0.2,0.5555555555555556,False,negative,3.0,100,6,False,False,False,0.0,0.0,0.0,0.05,0.05,0.0,0.14,0.14,0.0,0.16,0.13,0.03,0.25,0.11,0.14,0.36,0.16,0.2,reasoning_F,F,HQ + F,repeat_03_fold_03,3,3
F_career_coherence,reasoning,1.0,0.0,1.0,1.0,True,negative,0.3,100,6,True,True,True,0.0,0.0,0.0,0.01,0.0,0.01,0.64,0.0,0.64,1.0,0.0,1.0,1.0,0.0,1.0,1.0,0.0,1.0,reasoning_F,F,HQ + F,repeat_03_fold_03,3,3
F_evidence_support_rating,reasoning,1.0,1.0,0.0,1.0,True,positive,0.3,100,6,True,True,True,0.0,0.0,0.0,0.01,0.01,0.0,0.74,0.74,0.0,1.0,1.0,0.0,1.0,1.0,0.0,1.0,1.0,0.0,reasoning_F,F,HQ + F,repeat_03_fold_03,3,3
F_trajectory_strength,reasoning,0.99,0.99,0.0,1.0,True,positive,3.0,100,6,True,True,True,0.0,0.0,0.0,0.0,0.0,0.0,0.0,0.0,0.0,0.09,0.09,0.0,0.96,0.96,0.0,0.99,0.99,0.0,reasoning_F,F,HQ + F,repeat_03_fold_03,3,3
F_rubric_score,reasoning,0.9,0.07,0.83,0.9222222222222222,True,negative,3.0,100,6,True,True,True,0.0,0.0,0.0,0.0,0.0,0.0,0.0,0.0,0.0,0.0,0.0,0.0,0.2,0.02,0.18,0.9,0.07,0.83,reasoning_F,F,HQ + F,repeat_03_fold_03,3,3
F_scrappiness,reasoning,0.89,0.21,0.68,0.7640449438202248,False,negative,3.0,100,6,True,True,False,0.0,0.0,0.0,0.0,0.0,0.0,0.01,0.0,0.01,0.11,0.04,0.07,0.66,0.13,0.53,0.89,0.21,0.68,reasoning_F,F,HQ + F,repeat_03_fold_03,3,3
F_ownership_signal,reasoning,0.85,0.77,0.08,0.9058823529411765,True,positive,3.0,100,6,True,True,False,0.0,0.0,0.0,0.0,0.0,0.0,0.0,0.0,0.0,0.1,0.1,0.0,0.54,0.53,0.01,0.85,0.77,0.08,reasoning_F,F,HQ + F,repeat_03_fold_03,3,3
best_degree_prestige,hq,1.0,1.0,0.0,1.0,True,positive,0.3,100,6,True,True,True,0.0,0.0,0.0,0.89,0.89,0.0,0.99,0.99,0.0,1.0,1.0,0.0,1.0,1.0,0.0,1.0,1.0,0.0,reasoning_A,A,HQ + A,repeat_04_fold_01,4,1
comfort_index,hq,1.0,0.77,0.23,0.77,False,positive,3.0,100,6,True,True,True,0.0,0.0,0.0,0.0,0.0,0.0,0.48,0.47,0.01,0.81,0.7,0.11,0.94,0.73,0.21,1.0,0.77,0.23,reasoning_A,A,HQ + A,repeat_04_fold_01,4,1
edu_prestige_tier,hq,1.0,1.0,0.0,1.0,True,positive,0.3,100,6,True,True,True,0.0,0.0,0.0,0.89,0.89,0.0,0.99,0.99,0.0,1.0,1.0,0.0,1.0,1.0,0.0,1.0,1.0,0.0,reasoning_A,A,HQ + A,repeat_04_fold_01,4,1
industry_prestige_penalty,hq,1.0,1.0,0.0,1.0,True,positive,0.1,100,6,True,True,True,0.0,0.0,0.0,0.6,0.6,0.0,1.0,1.0,0.0,1.0,1.0,0.0,1.0,1.0,0.0,1.0,1.0,0.0,reasoning_A,A,HQ + A,repeat_04_fold_01,4,1
degree_level,hq,0.99,0.09,0.9,0.9090909090909092,True,negative,3.0,100,6,True,True,True,0.0,0.0,0.0,0.0,0.0,0.0,0.24,0.0,0.24,0.81,0.05,0.76,0.95,0.07,0.88,0.99,0.09,0.9,reasoning_A,A,HQ + A,repeat_04_fold_01,4,1
industry_alignment,hq,0.99,0.99,0.0,1.0,True,positive,3.0,100,6,True,True,True,0.0,0.0,0.0,0.02,0.02,0.0,0.68,0.68,0.0,0.97,0.97,0.0,0.98,0.98,0.0,0.99,0.99,0.0,reasoning_A,A,HQ + A,repeat_04_fold_01,4,1
longest_founding_tenure,hq,0.99,0.08,0.91,0.9191919191919192,True,negative,3.0,100,6,True,True,True,0.0,0.0,0.0,0.0,0.0,0.0,0.54,0.0,0.54,0.89,0.02,0.87,0.94,0.03,0.91,0.99,0.08,0.91,reasoning_A,A,HQ + A,repeat_04_fold_01,4,1
max_seniority_reached,hq,0.99,0.95,0.04,0.9595959595959596,True,positive,1.0,100,6,True,True,True,0.0,0.0,0.0,0.0,0.0,0.0,0.19,0.19,0.0,0.82,0.81,0.01,0.99,0.95,0.04,0.99,0.95,0.04,reasoning_A,A,HQ + A,repeat_04_fold_01,4,1
repeat_founding_gap,hq,0.99,0.76,0.23,0.7676767676767677,False,positive,3.0,100,6,True,True,True,0.0,0.0,0.0,0.0,0.0,0.0,0.38,0.37,0.01,0.78,0.66,0.12,0.95,0.75,0.2,0.99,0.76,0.23,reasoning_A,A,HQ + A,repeat_04_fold_01,4,1
years_in_large_company,hq,0.99,0.88,0.11,0.888888888888889,False,positive,3.0,100,6,True,True,True,0.0,0.0,0.0,0.0,0.0,0.0,0.39,0.39,0.0,0.8,0.78,0.02,0.91,0.86,0.05,0.99,0.88,0.11,reasoning_A,A,HQ + A,repeat_04_fold_01,4,1
max_company_size_before_founding,hq,0.98,0.89,0.09,0.9081632653061225,True,positive,3.0,100,6,True,True,True,0.0,0.0,0.0,0.02,0.02,0.0,0.59,0.59,0.0,0.79,0.78,0.01,0.89,0.85,0.04,0.98,0.89,0.09,reasoning_A,A,HQ + A,repeat_04_fold_01,4,1
persistence_score,hq,0.98,0.87,0.11,0.8877551020408163,False,positive,3.0,100,6,True,True,True,0.0,0.0,0.0,0.0,0.0,0.0,0.29,0.29,0.0,0.75,0.75,0.0,0.92,0.86,0.06,0.98,0.87,0.11,reasoning_A,A,HQ + A,repeat_04_fold_01,4,1
exit_x_serial,hq,0.97,0.88,0.09,0.9072164948453608,True,positive,1.0,100,6,True,True,True,0.0,0.0,0.0,0.4,0.4,0.0,0.69,0.68,0.01,0.86,0.83,0.03,0.97,0.88,0.09,0.97,0.88,0.09,reasoning_A,A,HQ + A,repeat_04_fold_01,4,1
seniority_is_monotone,hq,0.97,0.23,0.74,0.7628865979381444,False,negative,3.0,100,6,True,True,True,0.0,0.0,0.0,0.0,0.0,0.0,0.2,0.01,0.19,0.65,0.12,0.53,0.92,0.21,0.71,0.97,0.23,0.74,reasoning_A,A,HQ + A,repeat_04_fold_01,4,1
restlessness_score,hq,0.96,0.18,0.78,0.8125000000000001,False,negative,3.0,100,6,True,True,True,0.0,0.0,0.0,0.0,0.0,0.0,0.24,0.02,0.22,0.68,0.06,0.62,0.86,0.13,0.73,0.96,0.18,0.78,reasoning_A,A,HQ + A,repeat_04_fold_01,4,1
company_size_is_growing,hq,0.94,0.63,0.31,0.6702127659574468,False,positive,3.0,100,6,True,True,True,0.0,0.0,0.0,0.0,0.0,0.0,0.22,0.0,0.22,0.6,0.31,0.29,0.86,0.56,0.3,0.94,0.63,0.31,reasoning_A,A,HQ + A,repeat_04_fold_01,4,1
industry_pivot_count,hq,0.94,0.33,0.61,0.648936170212766,False,negative,3.0,100,6,True,True,True,0.0,0.0,0.0,0.0,0.0,0.0,0.11,0.0,0.11,0.57,0.11,0.46,0.87,0.28,0.59,0.94,0.33,0.61,reasoning_A,A,HQ + A,repeat_04_fold_01,4,1
sacrifice_x_serial,hq,0.93,0.65,0.28,0.6989247311827956,False,positive,3.0,100,6,True,True,True,0.0,0.0,0.0,0.0,0.0,0.0,0.06,0.05,0.01,0.39,0.29,0.1,0.81,0.56,0.25,0.93,0.65,0.28,reasoning_A,A,HQ + A,repeat_04_fold_01,4,1
stem_flag,hq,0.93,0.71,0.22,0.7634408602150536,False,positive,3.0,100,6,True,True,True,0.0,0.0,0.0,0.0,0.0,0.0,0.12,0.12,0.0,0.45,0.39,0.06,0.84,0.67,0.17,0.93,0.71,0.22,reasoning_A,A,HQ + A,repeat_04_fold_01,4,1
field_relevance_score,hq,0.92,0.4,0.52,0.5652173913043478,False,negative,3.0,100,6,True,True,True,0.0,0.0,0.0,0.0,0.0,0.0,0.05,0.05,0.0,0.33,0.15,0.18,0.72,0.3,0.42,0.92,0.4,0.52,reasoning_A,A,HQ + A,repeat_04_fold_01,4,1
founding_role_count,hq,0.91,0.24,0.67,0.7362637362637363,False,negative,3.0,100,6,True,True,True,0.0,0.0,0.0,0.0,0.0,0.0,0.14,0.0,0.14,0.55,0.02,0.53,0.79,0.16,0.63,0.91,0.24,0.67,reasoning_A,A,HQ + A,repeat_04_fold_01,4,1
is_serial_founder,hq,0.91,0.29,0.62,0.6813186813186813,False,negative,3.0,100,6,True,True,True,0.0,0.0,0.0,0.0,0.0,0.0,0.17,0.0,0.17,0.49,0.01,0.48,0.75,0.17,0.58,0.91,0.29,0.62,reasoning_A,A,HQ + A,repeat_04_fold_01,4,1
prestige_x_relevance,hq,0.91,0.42,0.49,0.5384615384615384,False,negative,3.0,100,6,True,True,True,0.0,0.0,0.0,0.59,0.59,0.0,0.53,0.53,0.0,0.53,0.44,0.09,0.73,0.4,0.33,0.91,0.42,0.49,reasoning_A,A,HQ + A,repeat_04_fold_01,4,1
founding_timing,hq,0.9,0.31,0.59,0.6555555555555556,False,negative,3.0,100,6,True,True,True,0.0,0.0,0.0,0.0,0.0,0.0,0.12,0.0,0.12,0.41,0.0,0.41,0.72,0.21,0.51,0.9,0.31,0.59,reasoning_A,A,HQ + A,repeat_04_fold_01,4,1
has_prior_ipo,hq,0.89,0.72,0.17,0.8089887640449438,False,positive,3.0,100,6,True,True,False,0.0,0.0,0.0,0.07,0.07,0.0,0.5,0.46,0.04,0.69,0.61,0.08,0.82,0.66,0.16,0.89,0.72,0.17,reasoning_A,A,HQ + A,repeat_04_fold_01,4,1
prestige_sacrifice_score,hq,0.87,0.6,0.27,0.689655172413793,False,positive,3.0,100,6,True,True,False,0.0,0.0,0.0,0.07,0.07,0.0,0.53,0.53,0.0,0.76,0.75,0.01,0.83,0.66,0.17,0.87,0.6,0.27,reasoning_A,A,HQ + A,repeat_04_fold_01,4,1
total_inferred_experience,hq,0.86,0.15,0.71,0.8255813953488372,False,negative,3.0,100,6,True,True,False,0.0,0.0,0.0,0.0,0.0,0.0,0.78,0.0,0.78,0.83,0.0,0.83,0.78,0.02,0.76,0.86,0.15,0.71,reasoning_A,A,HQ + A,repeat_04_fold_01,4,1
exit_count,hq,0.76,0.76,0.0,1.0,True,positive,0.1,100,6,True,False,False,0.0,0.0,0.0,0.58,0.58,0.0,0.76,0.76,0.0,0.71,0.71,0.0,0.67,0.66,0.01,0.68,0.64,0.04,reasoning_A,A,HQ + A,repeat_04_fold_01,4,1
has_prior_acquisition,hq,0.65,0.48,0.17,0.7384615384615384,False,positive,3.0,100,6,True,False,False,0.0,0.0,0.0,0.24,0.24,0.0,0.32,0.32,0.0,0.31,0.3,0.01,0.4,0.31,0.09,0.65,0.48,0.17,reasoning_A,A,HQ + A,repeat_04_fold_01,4,1
A_evidence_support_rating,reasoning,1.0,1.0,0.0,1.0,True,positive,0.03,100,6,True,True,True,0.0,0.0,0.0,1.0,1.0,0.0,1.0,1.0,0.0,1.0,1.0,0.0,1.0,1.0,0.0,1.0,1.0,0.0,reasoning_A,A,HQ + A,repeat_04_fold_01,4,1
A_scrappiness,reasoning,1.0,0.0,1.0,1.0,True,negative,0.3,100,6,True,True,True,0.0,0.0,0.0,0.21,0.0,0.21,0.98,0.0,0.98,1.0,0.0,1.0,1.0,0.0,1.0,1.0,0.0,1.0,reasoning_A,A,HQ + A,repeat_04_fold_01,4,1
A_trajectory_strength,reasoning,0.99,0.03,0.96,0.9696969696969697,True,negative,3.0,100,6,True,True,True,0.0,0.0,0.0,0.0,0.0,0.0,0.41,0.0,0.41,0.82,0.0,0.82,0.97,0.02,0.95,0.99,0.03,0.96,reasoning_A,A,HQ + A,repeat_04_fold_01,4,1
A_career_coherence,reasoning,0.95,0.31,0.64,0.6736842105263159,False,negative,3.0,100,6,True,True,True,0.0,0.0,0.0,0.0,0.0,0.0,0.04,0.0,0.04,0.44,0.07,0.37,0.84,0.25,0.59,0.95,0.31,0.64,reasoning_A,A,HQ + A,repeat_04_fold_01,4,1
A_ownership_signal,reasoning,0.94,0.19,0.75,0.797872340425532,False,negative,3.0,100,6,True,True,True,0.0,0.0,0.0,0.2,0.0,0.2,0.89,0.0,0.89,0.85,0.04,0.81,0.88,0.12,0.76,0.94,0.19,0.75,reasoning_A,A,HQ + A,repeat_04_fold_01,4,1
industry_alignment,hq,1.0,0.99,0.01,0.99,True,positive,1.0,100,6,True,True,True,0.0,0.0,0.0,0.04,0.04,0.0,0.81,0.81,0.0,0.98,0.97,0.01,1.0,0.99,0.01,1.0,0.99,0.01,reasoning_F,F,HQ + F,repeat_04_fold_01,4,1
industry_prestige_penalty,hq,1.0,0.97,0.03,0.97,True,positive,3.0,100,6,True,True,True,0.0,0.0,0.0,0.55,0.55,0.0,0.94,0.94,0.0,0.96,0.95,0.01,0.98,0.96,0.02,1.0,0.97,0.03,reasoning_F,F,HQ + F,repeat_04_fold_01,4,1
best_degree_prestige,hq,0.99,0.95,0.04,0.9595959595959596,True,positive,3.0,100,6,True,True,True,0.0,0.0,0.0,0.79,0.79,0.0,0.96,0.96,0.0,0.97,0.97,0.0,0.97,0.95,0.02,0.99,0.95,0.04,reasoning_F,F,HQ + F,repeat_04_fold_01,4,1
edu_prestige_tier,hq,0.99,0.95,0.04,0.9595959595959596,True,positive,3.0,100,6,True,True,True,0.0,0.0,0.0,0.79,0.79,0.0,0.96,0.96,0.0,0.97,0.97,0.0,0.97,0.95,0.02,0.99,0.95,0.04,reasoning_F,F,HQ + F,repeat_04_fold_01,4,1
longest_founding_tenure,hq,0.98,0.16,0.82,0.836734693877551,False,negative,3.0,100,6,True,True,True,0.0,0.0,0.0,0.0,0.0,0.0,0.38,0.0,0.38,0.73,0.0,0.73,0.89,0.07,0.82,0.98,0.16,0.82,reasoning_F,F,HQ + F,repeat_04_fold_01,4,1
max_seniority_reached,hq,0.98,0.83,0.15,0.846938775510204,False,positive,3.0,100,6,True,True,True,0.0,0.0,0.0,0.0,0.0,0.0,0.26,0.26,0.0,0.67,0.62,0.05,0.91,0.8,0.11,0.98,0.83,0.15,reasoning_F,F,HQ + F,repeat_04_fold_01,4,1
restlessness_score,hq,0.98,0.26,0.72,0.7346938775510204,False,negative,3.0,100,6,True,True,True,0.0,0.0,0.0,0.0,0.0,0.0,0.2,0.02,0.18,0.68,0.13,0.55,0.89,0.23,0.66,0.98,0.26,0.72,reasoning_F,F,HQ + F,repeat_04_fold_01,4,1
company_size_is_growing,hq,0.97,0.63,0.34,0.6494845360824743,False,positive,3.0,100,6,True,True,True,0.0,0.0,0.0,0.0,0.0,0.0,0.18,0.02,0.16,0.54,0.3,0.24,0.86,0.55,0.31,0.97,0.63,0.34,reasoning_F,F,HQ + F,repeat_04_fold_01,4,1
degree_level,hq,0.97,0.09,0.88,0.9072164948453608,True,negative,3.0,100,6,True,True,True,0.0,0.0,0.0,0.0,0.0,0.0,0.19,0.03,0.16,0.76,0.06,0.7,0.94,0.08,0.86,0.97,0.09,0.88,reasoning_F,F,HQ + F,repeat_04_fold_01,4,1
industry_pivot_count,hq,0.97,0.39,0.58,0.5979381443298969,False,negative,3.0,100,6,True,True,True,0.0,0.0,0.0,0.0,0.0,0.0,0.12,0.0,0.12,0.51,0.13,0.38,0.85,0.29,0.56,0.97,0.39,0.58,reasoning_F,F,HQ + F,repeat_04_fold_01,4,1
repeat_founding_gap,hq,0.97,0.9,0.07,0.9278350515463918,True,positive,1.0,100,6,True,True,True,0.0,0.0,0.0,0.0,0.0,0.0,0.66,0.66,0.0,0.91,0.88,0.03,0.97,0.9,0.07,0.97,0.9,0.07,reasoning_F,F,HQ + F,repeat_04_fold_01,4,1
exit_x_serial,hq,0.96,0.81,0.15,0.8437500000000001,False,positive,3.0,100,6,True,True,True,0.0,0.0,0.0,0.34,0.34,0.0,0.52,0.52,0.0,0.77,0.74,0.03,0.89,0.79,0.1,0.96,0.81,0.15,reasoning_F,F,HQ + F,repeat_04_fold_01,4,1
seniority_is_monotone,hq,0.96,0.15,0.81,0.8437500000000001,False,negative,3.0,100,6,True,True,True,0.0,0.0,0.0,0.0,0.0,0.0,0.32,0.01,0.31,0.77,0.06,0.71,0.93,0.12,0.81,0.96,0.15,0.81,reasoning_F,F,HQ + F,repeat_04_fold_01,4,1
years_in_large_company,hq,0.96,0.91,0.05,0.9479166666666667,True,positive,3.0,100,6,True,True,True,0.0,0.0,0.0,0.0,0.0,0.0,0.31,0.31,0.0,0.85,0.84,0.01,0.93,0.9,0.03,0.96,0.91,0.05,reasoning_F,F,HQ + F,repeat_04_fold_01,4,1
comfort_index,hq,0.95,0.64,0.31,0.6736842105263159,False,positive,3.0,100,6,True,True,True,0.0,0.0,0.0,0.01,0.01,0.0,0.48,0.47,0.01,0.78,0.63,0.15,0.9,0.65,0.25,0.95,0.64,0.31,reasoning_F,F,HQ + F,repeat_04_fold_01,4,1
max_company_size_before_founding,hq,0.95,0.81,0.14,0.8526315789473685,False,positive,3.0,100,6,True,True,True,0.0,0.0,0.0,0.05,0.05,0.0,0.52,0.52,0.0,0.63,0.62,0.01,0.9,0.8,0.1,0.95,0.81,0.14,reasoning_F,F,HQ + F,repeat_04_fold_01,4,1
persistence_score,hq,0.95,0.9,0.05,0.9473684210526316,True,positive,3.0,100,6,True,True,True,0.0,0.0,0.0,0.0,0.0,0.0,0.3,0.3,0.0,0.85,0.84,0.01,0.94,0.9,0.04,0.95,0.9,0.05,reasoning_F,F,HQ + F,repeat_04_fold_01,4,1
prestige_sacrifice_score,hq,0.95,0.76,0.19,0.8,False,positive,3.0,100,6,True,True,True,0.0,0.0,0.0,0.13,0.13,0.0,0.62,0.62,0.0,0.83,0.83,0.0,0.84,0.78,0.06,0.95,0.76,0.19,reasoning_F,F,HQ + F,repeat_04_fold_01,4,1
total_inferred_experience,hq,0.95,0.1,0.85,0.8947368421052632,False,negative,3.0,100,6,True,True,True,0.0,0.0,0.0,0.0,0.0,0.0,0.85,0.0,0.85,0.89,0.0,0.89,0.86,0.01,0.85,0.95,0.1,0.85,reasoning_F,F,HQ + F,repeat_04_fold_01,4,1
sacrifice_x_serial,hq,0.94,0.7,0.24,0.7446808510638298,False,positive,3.0,100,6,True,True,True,0.0,0.0,0.0,0.0,0.0,0.0,0.04,0.04,0.0,0.36,0.31,0.05,0.76,0.61,0.15,0.94,0.7,0.24,reasoning_F,F,HQ + F,repeat_04_fold_01,4,1
stem_flag,hq,0.94,0.55,0.39,0.5851063829787235,False,positive,3.0,100,6,True,True,True,0.0,0.0,0.0,0.0,0.0,0.0,0.02,0.02,0.0,0.32,0.17,0.15,0.73,0.43,0.3,0.94,0.55,0.39,reasoning_F,F,HQ + F,repeat_04_fold_01,4,1
field_relevance_score,hq,0.92,0.42,0.5,0.5434782608695652,False,negative,3.0,100,6,True,True,True,0.0,0.0,0.0,0.0,0.0,0.0,0.0,0.0,0.0,0.38,0.15,0.23,0.74,0.31,0.43,0.92,0.42,0.5,reasoning_F,F,HQ + F,repeat_04_fold_01,4,1
founding_role_count,hq,0.92,0.27,0.65,0.7065217391304348,False,negative,3.0,100,6,True,True,True,0.0,0.0,0.0,0.0,0.0,0.0,0.22,0.0,0.22,0.55,0.01,0.54,0.8,0.17,0.63,0.92,0.27,0.65,reasoning_F,F,HQ + F,repeat_04_fold_01,4,1
is_serial_founder,hq,0.9,0.26,0.64,0.7111111111111111,False,negative,3.0,100,6,True,True,True,0.0,0.0,0.0,0.0,0.0,0.0,0.16,0.0,0.16,0.46,0.04,0.42,0.81,0.2,0.61,0.9,0.26,0.64,reasoning_F,F,HQ + F,repeat_04_fold_01,4,1
founding_timing,hq,0.89,0.47,0.42,0.5280898876404494,False,positive,3.0,100,6,True,True,False,0.0,0.0,0.0,0.0,0.0,0.0,0.09,0.0,0.09,0.3,0.01,0.29,0.69,0.27,0.42,0.89,0.47,0.42,reasoning_F,F,HQ + F,repeat_04_fold_01,4,1
prestige_x_relevance,hq,0.86,0.54,0.32,0.627906976744186,False,positive,3.0,100,6,True,True,False,0.0,0.0,0.0,0.59,0.59,0.0,0.65,0.65,0.0,0.63,0.63,0.0,0.77,0.56,0.21,0.86,0.54,0.32,reasoning_F,F,HQ + F,repeat_04_fold_01,4,1
exit_count,hq,0.83,0.83,0.0,1.0,True,positive,0.1,100,6,True,True,False,0.0,0.0,0.0,0.68,0.68,0.0,0.83,0.83,0.0,0.8,0.79,0.01,0.78,0.77,0.01,0.8,0.77,0.03,reasoning_F,F,HQ + F,repeat_04_fold_01,4,1
has_prior_ipo,hq,0.75,0.61,0.14,0.8133333333333334,False,positive,3.0,100,6,True,False,False,0.0,0.0,0.0,0.04,0.04,0.0,0.37,0.33,0.04,0.56,0.49,0.07,0.67,0.55,0.12,0.75,0.61,0.14,reasoning_F,F,HQ + F,repeat_04_fold_01,4,1
has_prior_acquisition,hq,0.55,0.46,0.09,0.8363636363636363,False,positive,3.0,100,6,False,False,False,0.0,0.0,0.0,0.19,0.19,0.0,0.41,0.41,0.0,0.42,0.42,0.0,0.5,0.41,0.09,0.55,0.46,0.09,reasoning_F,F,HQ + F,repeat_04_fold_01,4,1
F_career_coherence,reasoning,1.0,0.0,1.0,1.0,True,negative,3.0,100,6,True,True,True,0.0,0.0,0.0,0.0,0.0,0.0,0.57,0.0,0.57,0.99,0.0,0.99,0.99,0.0,0.99,1.0,0.0,1.0,reasoning_F,F,HQ + F,repeat_04_fold_01,4,1
F_evidence_support_rating,reasoning,1.0,1.0,0.0,1.0,True,positive,0.3,100,6,True,True,True,0.0,0.0,0.0,0.01,0.01,0.0,0.74,0.74,0.0,1.0,1.0,0.0,1.0,1.0,0.0,1.0,1.0,0.0,reasoning_F,F,HQ + F,repeat_04_fold_01,4,1
F_scrappiness,reasoning,0.88,0.25,0.63,0.7159090909090909,False,negative,3.0,100,6,True,True,False,0.0,0.0,0.0,0.0,0.0,0.0,0.0,0.0,0.0,0.17,0.1,0.07,0.57,0.2,0.37,0.88,0.25,0.63,reasoning_F,F,HQ + F,repeat_04_fold_01,4,1
F_ownership_signal,reasoning,0.84,0.67,0.17,0.7976190476190477,False,positive,3.0,100,6,True,True,False,0.0,0.0,0.0,0.0,0.0,0.0,0.0,0.0,0.0,0.13,0.1,0.03,0.61,0.55,0.06,0.84,0.67,0.17,reasoning_F,F,HQ + F,repeat_04_fold_01,4,1
F_trajectory_strength,reasoning,0.8,0.74,0.06,0.9249999999999999,True,positive,3.0,100,6,True,True,False,0.0,0.0,0.0,0.0,0.0,0.0,0.0,0.0,0.0,0.01,0.01,0.0,0.54,0.52,0.02,0.8,0.74,0.06,reasoning_F,F,HQ + F,repeat_04_fold_01,4,1
F_rubric_score,reasoning,0.65,0.4,0.25,0.6153846153846154,False,positive,3.0,100,6,True,False,False,0.0,0.0,0.0,0.0,0.0,0.0,0.01,0.0,0.01,0.04,0.01,0.03,0.32,0.29,0.03,0.65,0.4,0.25,reasoning_F,F,HQ + F,repeat_04_fold_01,4,1
degree_level,hq,1.0,0.07,0.93,0.93,True,negative,3.0,100,6,True,True,True,0.0,0.0,0.0,0.0,0.0,0.0,0.2,0.03,0.17,0.8,0.04,0.76,0.95,0.06,0.89,1.0,0.07,0.93,reasoning_A,A,HQ + A,repeat_04_fold_02,4,2
industry_alignment,hq,1.0,1.0,0.0,1.0,True,positive,3.0,100,6,True,True,True,0.0,0.0,0.0,0.21,0.21,0.0,0.94,0.94,0.0,0.98,0.98,0.0,0.99,0.99,0.0,1.0,1.0,0.0,reasoning_A,A,HQ + A,repeat_04_fold_02,4,2
max_seniority_reached,hq,1.0,1.0,0.0,1.0,True,positive,0.3,100,6,True,True,True,0.0,0.0,0.0,0.0,0.0,0.0,0.63,0.63,0.0,1.0,1.0,0.0,1.0,1.0,0.0,1.0,1.0,0.0,reasoning_A,A,HQ + A,repeat_04_fold_02,4,2
best_degree_prestige,hq,0.99,0.95,0.04,0.9595959595959596,True,positive,3.0,100,6,True,True,True,0.0,0.0,0.0,0.49,0.49,0.0,0.87,0.87,0.0,0.95,0.94,0.01,0.98,0.95,0.03,0.99,0.95,0.04,reasoning_A,A,HQ + A,repeat_04_fold_02,4,2
comfort_index,hq,0.99,0.93,0.06,0.9393939393939394,True,positive,3.0,100,6,True,True,True,0.0,0.0,0.0,0.16,0.16,0.0,0.88,0.88,0.0,0.95,0.92,0.03,0.98,0.92,0.06,0.99,0.93,0.06,reasoning_A,A,HQ + A,repeat_04_fold_02,4,2
edu_prestige_tier,hq,0.99,0.95,0.04,0.9595959595959596,True,positive,3.0,100,6,True,True,True,0.0,0.0,0.0,0.49,0.49,0.0,0.87,0.87,0.0,0.95,0.94,0.01,0.98,0.95,0.03,0.99,0.95,0.04,reasoning_A,A,HQ + A,repeat_04_fold_02,4,2
industry_prestige_penalty,hq,0.99,0.83,0.16,0.8383838383838383,False,positive,3.0,100,6,True,True,True,0.0,0.0,0.0,0.02,0.02,0.0,0.57,0.56,0.01,0.83,0.75,0.08,0.96,0.81,0.15,0.99,0.83,0.16,reasoning_A,A,HQ + A,repeat_04_fold_02,4,2
total_inferred_experience,hq,0.99,0.0,0.99,1.0,True,negative,1.0,100,6,True,True,True,0.0,0.0,0.0,0.0,0.0,0.0,0.78,0.0,0.78,0.98,0.0,0.98,0.99,0.0,0.99,0.99,0.0,0.99,reasoning_A,A,HQ + A,repeat_04_fold_02,4,2
industry_pivot_count,hq,0.97,0.13,0.84,0.865979381443299,False,negative,3.0,100,6,True,True,True,0.0,0.0,0.0,0.0,0.0,0.0,0.43,0.0,0.43,0.83,0.02,0.81,0.92,0.09,0.83,0.97,0.13,0.84,reasoning_A,A,HQ + A,repeat_04_fold_02,4,2
is_serial_founder,hq,0.97,0.11,0.86,0.8865979381443299,False,negative,3.0,100,6,True,True,True,0.0,0.0,0.0,0.0,0.0,0.0,0.08,0.0,0.08,0.46,0.05,0.41,0.84,0.07,0.77,0.97,0.11,0.86,reasoning_A,A,HQ + A,repeat_04_fold_02,4,2
persistence_score,hq,0.97,0.1,0.87,0.8969072164948454,False,negative,3.0,100,6,True,True,True,0.0,0.0,0.0,0.0,0.0,0.0,0.23,0.0,0.23,0.77,0.02,0.75,0.93,0.07,0.86,0.97,0.1,0.87,reasoning_A,A,HQ + A,repeat_04_fold_02,4,2
prestige_sacrifice_score,hq,0.97,0.97,0.0,1.0,True,positive,0.1,100,6,True,True,True,0.0,0.0,0.0,0.58,0.58,0.0,0.97,0.97,0.0,0.94,0.94,0.0,0.9,0.87,0.03,0.93,0.83,0.1,reasoning_A,A,HQ + A,repeat_04_fold_02,4,2
restlessness_score,hq,0.97,0.17,0.8,0.8247422680412372,False,negative,3.0,100,6,True,True,True,0.0,0.0,0.0,0.0,0.0,0.0,0.18,0.01,0.17,0.66,0.05,0.61,0.88,0.12,0.76,0.97,0.17,0.8,reasoning_A,A,HQ + A,repeat_04_fold_02,4,2
sacrifice_x_serial,hq,0.97,0.87,0.1,0.8969072164948454,False,positive,3.0,100,6,True,True,True,0.0,0.0,0.0,0.0,0.0,0.0,0.14,0.14,0.0,0.6,0.6,0.0,0.85,0.79,0.06,0.97,0.87,0.1,reasoning_A,A,HQ + A,repeat_04_fold_02,4,2
seniority_is_monotone,hq,0.97,0.42,0.55,0.5670103092783506,False,negative,3.0,100,6,True,True,True,0.0,0.0,0.0,0.0,0.0,0.0,0.12,0.05,0.07,0.59,0.26,0.33,0.84,0.38,0.46,0.97,0.42,0.55,reasoning_A,A,HQ + A,repeat_04_fold_02,4,2
years_in_large_company,hq,0.97,0.93,0.04,0.9587628865979382,True,positive,3.0,100,6,True,True,True,0.0,0.0,0.0,0.03,0.03,0.0,0.53,0.53,0.0,0.9,0.89,0.01,0.95,0.92,0.03,0.97,0.93,0.04,reasoning_A,A,HQ + A,repeat_04_fold_02,4,2
field_relevance_score,hq,0.95,0.49,0.46,0.5157894736842106,False,positive,3.0,100,6,True,True,True,0.0,0.0,0.0,0.0,0.0,0.0,0.08,0.08,0.0,0.31,0.23,0.08,0.81,0.4,0.41,0.95,0.49,0.46,reasoning_A,A,HQ + A,repeat_04_fold_02,4,2
longest_founding_tenure,hq,0.95,0.49,0.46,0.5157894736842106,False,positive,3.0,100,6,True,True,True,0.0,0.0,0.0,0.0,0.0,0.0,0.59,0.0,0.59,0.63,0.0,0.63,0.76,0.27,0.49,0.95,0.49,0.46,reasoning_A,A,HQ + A,repeat_04_fold_02,4,2
repeat_founding_gap,hq,0.95,0.09,0.86,0.9052631578947369,True,negative,3.0,100,6,True,True,True,0.0,0.0,0.0,0.0,0.0,0.0,0.37,0.0,0.37,0.75,0.04,0.71,0.92,0.08,0.84,0.95,0.09,0.86,reasoning_A,A,HQ + A,repeat_04_fold_02,4,2
exit_count,hq,0.94,0.93,0.01,0.9893617021276597,True,positive,3.0,100,6,True,True,True,0.0,0.0,0.0,0.69,0.69,0.0,0.89,0.89,0.0,0.92,0.92,0.0,0.93,0.93,0.0,0.94,0.93,0.01,reasoning_A,A,HQ + A,repeat_04_fold_02,4,2
exit_x_serial,hq,0.94,0.44,0.5,0.5319148936170213,False,negative,3.0,100,6,True,True,True,0.0,0.0,0.0,0.2,0.2,0.0,0.41,0.41,0.0,0.55,0.49,0.06,0.81,0.46,0.35,0.94,0.44,0.5,reasoning_A,A,HQ + A,repeat_04_fold_02,4,2
company_size_is_growing,hq,0.93,0.28,0.65,0.6989247311827956,False,negative,3.0,100,6,True,True,True,0.0,0.0,0.0,0.0,0.0,0.0,0.21,0.01,0.2,0.62,0.09,0.53,0.85,0.21,0.64,0.93,0.28,0.65,reasoning_A,A,HQ + A,repeat_04_fold_02,4,2
stem_flag,hq,0.93,0.82,0.11,0.8817204301075268,False,positive,3.0,100,6,True,True,True,0.0,0.0,0.0,0.01,0.01,0.0,0.34,0.34,0.0,0.65,0.64,0.01,0.85,0.79,0.06,0.93,0.82,0.11,reasoning_A,A,HQ + A,repeat_04_fold_02,4,2
max_company_size_before_founding,hq,0.91,0.56,0.35,0.6153846153846154,False,positive,3.0,100,6,True,True,True,0.0,0.0,0.0,0.02,0.02,0.0,0.28,0.28,0.0,0.54,0.49,0.05,0.81,0.56,0.25,0.91,0.56,0.35,reasoning_A,A,HQ + A,repeat_04_fold_02,4,2
prestige_x_relevance,hq,0.91,0.33,0.58,0.6373626373626373,False,negative,3.0,100,6,True,True,True,0.0,0.0,0.0,0.63,0.63,0.0,0.61,0.61,0.0,0.46,0.43,0.03,0.75,0.34,0.41,0.91,0.33,0.58,reasoning_A,A,HQ + A,repeat_04_fold_02,4,2
has_prior_ipo,hq,0.88,0.83,0.05,0.9431818181818181,True,positive,3.0,100,6,True,True,False,0.0,0.0,0.0,0.22,0.22,0.0,0.65,0.65,0.0,0.83,0.78,0.05,0.84,0.79,0.05,0.88,0.83,0.05,reasoning_A,A,HQ + A,repeat_04_fold_02,4,2
founding_role_count,hq,0.87,0.59,0.28,0.6781609195402298,False,positive,3.0,100,6,True,True,False,0.0,0.0,0.0,0.0,0.0,0.0,0.01,0.0,0.01,0.24,0.12,0.12,0.66,0.45,0.21,0.87,0.59,0.28,reasoning_A,A,HQ + A,repeat_04_fold_02,4,2
founding_timing,hq,0.83,0.56,0.27,0.674698795180723,False,positive,3.0,100,6,True,True,False,0.0,0.0,0.0,0.0,0.0,0.0,0.01,0.0,0.01,0.13,0.0,0.13,0.6,0.34,0.26,0.83,0.56,0.27,reasoning_A,A,HQ + A,repeat_04_fold_02,4,2
has_prior_acquisition,hq,0.32,0.3,0.02,0.9375,True,positive,3.0,100,6,False,False,False,0.0,0.0,0.0,0.13,0.13,0.0,0.16,0.16,0.0,0.17,0.17,0.0,0.21,0.2,0.01,0.32,0.3,0.02,reasoning_A,A,HQ + A,repeat_04_fold_02,4,2
A_evidence_support_rating,reasoning,1.0,1.0,0.0,1.0,True,positive,0.1,100,6,True,True,True,0.0,0.0,0.0,0.99,0.99,0.0,1.0,1.0,0.0,1.0,1.0,0.0,1.0,1.0,0.0,1.0,1.0,0.0,reasoning_A,A,HQ + A,repeat_04_fold_02,4,2
A_scrappiness,reasoning,1.0,0.0,1.0,1.0,True,negative,0.1,100,6,True,True,True,0.0,0.0,0.0,0.4,0.0,0.4,1.0,0.0,1.0,1.0,0.0,1.0,1.0,0.0,1.0,1.0,0.0,1.0,reasoning_A,A,HQ + A,repeat_04_fold_02,4,2
A_ownership_signal,reasoning,0.98,0.32,0.66,0.6734693877551021,False,negative,3.0,100,6,True,True,True,0.0,0.0,0.0,0.14,0.0,0.14,0.72,0.0,0.72,0.7,0.05,0.65,0.92,0.25,0.67,0.98,0.32,0.66,reasoning_A,A,HQ + A,repeat_04_fold_02,4,2
A_trajectory_strength,reasoning,0.97,0.04,0.93,0.9587628865979382,True,negative,3.0,100,6,True,True,True,0.0,0.0,0.0,0.0,0.0,0.0,0.61,0.0,0.61,0.87,0.0,0.87,0.93,0.01,0.92,0.97,0.04,0.93,reasoning_A,A,HQ + A,repeat_04_fold_02,4,2
A_career_coherence,reasoning,0.92,0.19,0.73,0.7934782608695652,False,negative,3.0,100,6,True,True,True,0.0,0.0,0.0,0.0,0.0,0.0,0.09,0.0,0.09,0.62,0.03,0.59,0.85,0.14,0.71,0.92,0.19,0.73,reasoning_A,A,HQ + A,repeat_04_fold_02,4,2
comfort_index,hq,1.0,0.91,0.09,0.91,True,positive,3.0,100,6,True,True,True,0.0,0.0,0.0,0.22,0.22,0.0,0.82,0.82,0.0,0.92,0.9,0.02,0.97,0.91,0.06,1.0,0.91,0.09,reasoning_F,F,HQ + F,repeat_04_fold_02,4,2
industry_alignment,hq,1.0,1.0,0.0,1.0,True,positive,1.0,100,6,True,True,True,0.0,0.0,0.0,0.28,0.28,0.0,0.93,0.93,0.0,0.99,0.99,0.0,1.0,1.0,0.0,1.0,1.0,0.0,reasoning_F,F,HQ + F,repeat_04_fold_02,4,2
max_seniority_reached,hq,1.0,0.99,0.01,0.99,True,positive,3.0,100,6,True,True,True,0.0,0.0,0.0,0.0,0.0,0.0,0.58,0.58,0.0,0.98,0.98,0.0,0.99,0.99,0.0,1.0,0.99,0.01,reasoning_F,F,HQ + F,repeat_04_fold_02,4,2
total_inferred_experience,hq,1.0,0.0,1.0,1.0,True,negative,0.3,100,6,True,True,True,0.0,0.0,0.0,0.0,0.0,0.0,0.85,0.0,0.85,1.0,0.0,1.0,1.0,0.0,1.0,1.0,0.0,1.0,reasoning_F,F,HQ + F,repeat_04_fold_02,4,2
years_in_large_company,hq,1.0,0.97,0.03,0.97,True,positive,3.0,100,6,True,True,True,0.0,0.0,0.0,0.03,0.03,0.0,0.5,0.5,0.0,0.93,0.92,0.01,0.98,0.96,0.02,1.0,0.97,0.03,reasoning_F,F,HQ + F,repeat_04_fold_02,4,2
industry_pivot_count,hq,0.99,0.12,0.87,0.8787878787878788,False,negative,3.0,100,6,True,True,True,0.0,0.0,0.0,0.0,0.0,0.0,0.41,0.0,0.41,0.81,0.04,0.77,0.96,0.09,0.87,0.99,0.12,0.87,reasoning_F,F,HQ + F,repeat_04_fold_02,4,2
repeat_founding_gap,hq,0.99,0.13,0.86,0.8686868686868687,False,negative,3.0,100,6,True,True,True,0.0,0.0,0.0,0.0,0.0,0.0,0.34,0.0,0.34,0.77,0.05,0.72,0.93,0.11,0.82,0.99,0.13,0.86,reasoning_F,F,HQ + F,repeat_04_fold_02,4,2
degree_level,hq,0.98,0.1,0.88,0.8979591836734694,False,negative,3.0,100,6,True,True,True,0.0,0.0,0.0,0.0,0.0,0.0,0.19,0.02,0.17,0.82,0.09,0.73,0.94,0.09,0.85,0.98,0.1,0.88,reasoning_F,F,HQ + F,repeat_04_fold_02,4,2
industry_prestige_penalty,hq,0.98,0.68,0.3,0.6938775510204083,False,positive,3.0,100,6,True,True,True,0.0,0.0,0.0,0.03,0.03,0.0,0.45,0.43,0.02,0.78,0.59,0.19,0.93,0.66,0.27,0.98,0.68,0.3,reasoning_F,F,HQ + F,repeat_04_fold_02,4,2
best_degree_prestige,hq,0.97,0.96,0.01,0.9896907216494846,True,positive,3.0,100,6,True,True,True,0.0,0.0,0.0,0.49,0.49,0.0,0.79,0.79,0.0,0.92,0.92,0.0,0.96,0.95,0.01,0.97,0.96,0.01,reasoning_F,F,HQ + F,repeat_04_fold_02,4,2
edu_prestige_tier,hq,0.97,0.96,0.01,0.9896907216494846,True,positive,3.0,100,6,True,True,True,0.0,0.0,0.0,0.49,0.49,0.0,0.79,0.79,0.0,0.92,0.92,0.0,0.96,0.95,0.01,0.97,0.96,0.01,reasoning_F,F,HQ + F,repeat_04_fold_02,4,2
exit_x_serial,hq,0.97,0.53,0.44,0.5463917525773196,False,positive,3.0,100,6,True,True,True,0.0,0.0,0.0,0.28,0.28,0.0,0.41,0.41,0.0,0.7,0.57,0.13,0.93,0.53,0.4,0.97,0.53,0.44,reasoning_F,F,HQ + F,repeat_04_fold_02,4,2
persistence_score,hq,0.97,0.06,0.91,0.9381443298969073,True,negative,3.0,100,6,True,True,True,0.0,0.0,0.0,0.0,0.0,0.0,0.13,0.0,0.13,0.75,0.01,0.74,0.93,0.03,0.9,0.97,0.06,0.91,reasoning_F,F,HQ + F,repeat_04_fold_02,4,2
restlessness_score,hq,0.97,0.24,0.73,0.7525773195876289,False,negative,3.0,100,6,True,True,True,0.0,0.0,0.0,0.0,0.0,0.0,0.26,0.01,0.25,0.7,0.09,0.61,0.88,0.18,0.7,0.97,0.24,0.73,reasoning_F,F,HQ + F,repeat_04_fold_02,4,2
seniority_is_monotone,hq,0.97,0.31,0.66,0.6804123711340206,False,negative,3.0,100,6,True,True,True,0.0,0.0,0.0,0.0,0.0,0.0,0.17,0.04,0.13,0.69,0.22,0.47,0.9,0.31,0.59,0.97,0.31,0.66,reasoning_F,F,HQ + F,repeat_04_fold_02,4,2
founding_role_count,hq,0.96,0.64,0.32,0.6666666666666667,False,positive,3.0,100,6,True,True,True,0.0,0.0,0.0,0.0,0.0,0.0,0.01,0.01,0.0,0.3,0.13,0.17,0.8,0.52,0.28,0.96,0.64,0.32,reasoning_F,F,HQ + F,repeat_04_fold_02,4,2
company_size_is_growing,hq,0.95,0.36,0.59,0.6210526315789474,False,negative,3.0,100,6,True,True,True,0.0,0.0,0.0,0.0,0.0,0.0,0.26,0.01,0.25,0.67,0.16,0.51,0.9,0.3,0.6,0.95,0.36,0.59,reasoning_F,F,HQ + F,repeat_04_fold_02,4,2
prestige_sacrifice_score,hq,0.95,0.85,0.1,0.8947368421052632,False,positive,3.0,100,6,True,True,True,0.0,0.0,0.0,0.61,0.61,0.0,0.94,0.94,0.0,0.93,0.93,0.0,0.9,0.87,0.03,0.95,0.85,0.1,reasoning_F,F,HQ + F,repeat_04_fold_02,4,2
sacrifice_x_serial,hq,0.95,0.81,0.14,0.8526315789473685,False,positive,3.0,100,6,True,True,True,0.0,0.0,0.0,0.01,0.01,0.0,0.16,0.16,0.0,0.5,0.49,0.01,0.85,0.75,0.1,0.95,0.81,0.14,reasoning_F,F,HQ + F,repeat_04_fold_02,4,2
has_prior_ipo,hq,0.94,0.91,0.03,0.9680851063829788,True,positive,3.0,100,6,True,True,True,0.0,0.0,0.0,0.23,0.23,0.0,0.68,0.68,0.0,0.87,0.84,0.03,0.92,0.89,0.03,0.94,0.91,0.03,reasoning_F,F,HQ + F,repeat_04_fold_02,4,2
is_serial_founder,hq,0.94,0.17,0.77,0.8191489361702128,False,negative,3.0,100,6,True,True,True,0.0,0.0,0.0,0.0,0.0,0.0,0.06,0.01,0.05,0.43,0.04,0.39,0.79,0.11,0.68,0.94,0.17,0.77,reasoning_F,F,HQ + F,repeat_04_fold_02,4,2
field_relevance_score,hq,0.93,0.6,0.33,0.6451612903225806,False,positive,3.0,100,6,True,True,True,0.0,0.0,0.0,0.0,0.0,0.0,0.13,0.12,0.01,0.41,0.35,0.06,0.81,0.53,0.28,0.93,0.6,0.33,reasoning_F,F,HQ + F,repeat_04_fold_02,4,2
longest_founding_tenure,hq,0.92,0.48,0.44,0.5217391304347826,False,positive,3.0,100,6,True,True,True,0.0,0.0,0.0,0.0,0.0,0.0,0.68,0.0,0.68,0.65,0.0,0.65,0.76,0.26,0.5,0.92,0.48,0.44,reasoning_F,F,HQ + F,repeat_04_fold_02,4,2
max_company_size_before_founding,hq,0.92,0.48,0.44,0.5217391304347826,False,positive,3.0,100,6,True,True,True,0.0,0.0,0.0,0.01,0.01,0.0,0.24,0.24,0.0,0.41,0.35,0.06,0.81,0.46,0.35,0.92,0.48,0.44,reasoning_F,F,HQ + F,repeat_04_fold_02,4,2
prestige_x_relevance,hq,0.92,0.4,0.52,0.5652173913043478,False,negative,3.0,100,6,True,True,True,0.0,0.0,0.0,0.63,0.63,0.0,0.72,0.72,0.0,0.6,0.58,0.02,0.74,0.43,0.31,0.92,0.4,0.52,reasoning_F,F,HQ + F,repeat_04_fold_02,4,2
stem_flag,hq,0.91,0.71,0.2,0.7802197802197801,False,positive,3.0,100,6,True,True,True,0.0,0.0,0.0,0.0,0.0,0.0,0.29,0.29,0.0,0.57,0.55,0.02,0.82,0.68,0.14,0.91,0.71,0.2,reasoning_F,F,HQ + F,repeat_04_fold_02,4,2
exit_count,hq,0.88,0.88,0.0,1.0,True,positive,0.1,100,6,True,True,False,0.0,0.0,0.0,0.61,0.61,0.0,0.88,0.88,0.0,0.87,0.86,0.01,0.88,0.87,0.01,0.87,0.86,0.01,reasoning_F,F,HQ + F,repeat_04_fold_02,4,2
founding_timing,hq,0.87,0.58,0.29,0.6666666666666666,False,positive,3.0,100,6,True,True,False,0.0,0.0,0.0,0.0,0.0,0.0,0.0,0.0,0.0,0.21,0.03,0.18,0.62,0.33,0.29,0.87,0.58,0.29,reasoning_F,F,HQ + F,repeat_04_fold_02,4,2
has_prior_acquisition,hq,0.27,0.17,0.1,0.6296296296296297,False,positive,3.0,100,6,False,False,False,0.0,0.0,0.0,0.06,0.06,0.0,0.14,0.14,0.0,0.14,0.12,0.02,0.18,0.1,0.08,0.27,0.17,0.1,reasoning_F,F,HQ + F,repeat_04_fold_02,4,2
F_career_coherence,reasoning,1.0,0.0,1.0,1.0,True,negative,1.0,100,6,True,True,True,0.0,0.0,0.0,0.01,0.0,0.01,0.66,0.0,0.66,0.98,0.0,0.98,1.0,0.0,1.0,1.0,0.0,1.0,reasoning_F,F,HQ + F,repeat_04_fold_02,4,2
F_evidence_support_rating,reasoning,1.0,0.99,0.01,0.99,True,positive,1.0,100,6,True,True,True,0.0,0.0,0.0,0.0,0.0,0.0,0.3,0.3,0.0,0.99,0.98,0.01,1.0,0.99,0.01,1.0,0.99,0.01,reasoning_F,F,HQ + F,repeat_04_fold_02,4,2
F_trajectory_strength,reasoning,0.93,0.92,0.01,0.989247311827957,True,positive,3.0,100,6,True,True,True,0.0,0.0,0.0,0.0,0.0,0.0,0.0,0.0,0.0,0.01,0.01,0.0,0.65,0.64,0.01,0.93,0.92,0.01,reasoning_F,F,HQ + F,repeat_04_fold_02,4,2
F_scrappiness,reasoning,0.88,0.52,0.36,0.5909090909090909,False,positive,3.0,100,6,True,True,False,0.0,0.0,0.0,0.0,0.0,0.0,0.0,0.0,0.0,0.15,0.12,0.03,0.65,0.46,0.19,0.88,0.52,0.36,reasoning_F,F,HQ + F,repeat_04_fold_02,4,2
F_ownership_signal,reasoning,0.85,0.66,0.19,0.7764705882352941,False,positive,3.0,100,6,True,True,False,0.0,0.0,0.0,0.0,0.0,0.0,0.01,0.0,0.01,0.08,0.05,0.03,0.59,0.49,0.1,0.85,0.66,0.19,reasoning_F,F,HQ + F,repeat_04_fold_02,4,2
F_rubric_score,reasoning,0.73,0.08,0.65,0.8904109589041096,False,negative,3.0,100,6,True,False,False,0.0,0.0,0.0,0.0,0.0,0.0,0.0,0.0,0.0,0.04,0.0,0.04,0.22,0.02,0.2,0.73,0.08,0.65,reasoning_F,F,HQ + F,repeat_04_fold_02,4,2
industry_alignment,hq,1.0,1.0,0.0,1.0,True,positive,0.3,100,6,True,True,True,0.0,0.0,0.0,0.37,0.37,0.0,0.98,0.98,0.0,1.0,1.0,0.0,1.0,1.0,0.0,1.0,1.0,0.0,reasoning_A,A,HQ + A,repeat_04_fold_03,4,3
max_seniority_reached,hq,1.0,1.0,0.0,1.0,True,positive,0.3,100,6,True,True,True,0.0,0.0,0.0,0.0,0.0,0.0,0.58,0.58,0.0,1.0,1.0,0.0,0.99,0.99,0.0,1.0,0.99,0.01,reasoning_A,A,HQ + A,repeat_04_fold_03,4,3
comfort_index,hq,0.99,0.93,0.06,0.9393939393939394,True,positive,3.0,100,6,True,True,True,0.0,0.0,0.0,0.03,0.03,0.0,0.68,0.68,0.0,0.88,0.83,0.05,0.95,0.89,0.06,0.99,0.93,0.06,reasoning_A,A,HQ + A,repeat_04_fold_03,4,3
degree_level,hq,0.99,0.23,0.76,0.7676767676767677,False,negative,3.0,100,6,True,True,True,0.0,0.0,0.0,0.0,0.0,0.0,0.17,0.05,0.12,0.71,0.14,0.57,0.94,0.22,0.72,0.99,0.23,0.76,reasoning_A,A,HQ + A,repeat_04_fold_03,4,3
years_in_large_company,hq,0.99,0.69,0.3,0.6969696969696969,False,positive,3.0,100,6,True,True,True,0.0,0.0,0.0,0.0,0.0,0.0,0.24,0.24,0.0,0.7,0.62,0.08,0.88,0.67,0.21,0.99,0.69,0.3,reasoning_A,A,HQ + A,repeat_04_fold_03,4,3
industry_prestige_penalty,hq,0.98,0.94,0.04,0.9591836734693877,True,positive,1.0,100,6,True,True,True,0.0,0.0,0.0,0.31,0.31,0.0,0.86,0.86,0.0,0.96,0.95,0.01,0.98,0.94,0.04,0.98,0.94,0.04,reasoning_A,A,HQ + A,repeat_04_fold_03,4,3
longest_founding_tenure,hq,0.98,0.05,0.93,0.9489795918367347,True,negative,3.0,100,6,True,True,True,0.0,0.0,0.0,0.0,0.0,0.0,0.72,0.0,0.72,0.95,0.0,0.95,0.94,0.0,0.94,0.98,0.05,0.93,reasoning_A,A,HQ + A,repeat_04_fold_03,4,3
repeat_founding_gap,hq,0.98,0.48,0.5,0.5102040816326531,False,negative,3.0,100,6,True,True,True,0.0,0.0,0.0,0.0,0.0,0.0,0.23,0.11,0.12,0.7,0.35,0.35,0.9,0.45,0.45,0.98,0.48,0.5,reasoning_A,A,HQ + A,repeat_04_fold_03,4,3
seniority_is_monotone,hq,0.97,0.26,0.71,0.7319587628865979,False,negative,3.0,100,6,True,True,True,0.0,0.0,0.0,0.0,0.0,0.0,0.25,0.01,0.24,0.68,0.13,0.55,0.87,0.21,0.66,0.97,0.26,0.71,reasoning_A,A,HQ + A,repeat_04_fold_03,4,3
persistence_score,hq,0.96,0.78,0.18,0.8125000000000001,False,positive,3.0,100,6,True,True,True,0.0,0.0,0.0,0.0,0.0,0.0,0.02,0.01,0.01,0.44,0.34,0.1,0.78,0.64,0.14,0.96,0.78,0.18,reasoning_A,A,HQ + A,repeat_04_fold_03,4,3
prestige_x_relevance,hq,0.96,0.88,0.08,0.9166666666666667,True,positive,3.0,100,6,True,True,True,0.0,0.0,0.0,0.76,0.76,0.0,0.74,0.74,0.0,0.81,0.81,0.0,0.89,0.86,0.03,0.96,0.88,0.08,reasoning_A,A,HQ + A,repeat_04_fold_03,4,3
restlessness_score,hq,0.96,0.14,0.82,0.8541666666666666,False,negative,3.0,100,6,True,True,True,0.0,0.0,0.0,0.0,0.0,0.0,0.37,0.01,0.36,0.76,0.05,0.71,0.92,0.1,0.82,0.96,0.14,0.82,reasoning_A,A,HQ + A,repeat_04_fold_03,4,3
best_degree_prestige,hq,0.95,0.79,0.16,0.8315789473684211,False,positive,3.0,100,6,True,True,True,0.0,0.0,0.0,0.6,0.6,0.0,0.85,0.85,0.0,0.87,0.86,0.01,0.88,0.8,0.08,0.95,0.79,0.16,reasoning_A,A,HQ + A,repeat_04_fold_03,4,3
company_size_is_growing,hq,0.95,0.74,0.21,0.7789473684210526,False,positive,3.0,100,6,True,True,True,0.0,0.0,0.0,0.0,0.0,0.0,0.12,0.07,0.05,0.64,0.46,0.18,0.9,0.69,0.21,0.95,0.74,0.21,reasoning_A,A,HQ + A,repeat_04_fold_03,4,3
edu_prestige_tier,hq,0.95,0.79,0.16,0.8315789473684211,False,positive,3.0,100,6,True,True,True,0.0,0.0,0.0,0.6,0.6,0.0,0.85,0.85,0.0,0.87,0.86,0.01,0.88,0.8,0.08,0.95,0.79,0.16,reasoning_A,A,HQ + A,repeat_04_fold_03,4,3
field_relevance_score,hq,0.95,0.11,0.84,0.8842105263157894,False,negative,3.0,100,6,True,True,True,0.0,0.0,0.0,0.0,0.0,0.0,0.04,0.0,0.04,0.61,0.04,0.57,0.87,0.08,0.79,0.95,0.11,0.84,reasoning_A,A,HQ + A,repeat_04_fold_03,4,3
founding_role_count,hq,0.95,0.49,0.46,0.5157894736842106,False,positive,3.0,100,6,True,True,True,0.0,0.0,0.0,0.0,0.0,0.0,0.09,0.01,0.08,0.37,0.1,0.27,0.8,0.42,0.38,0.95,0.49,0.46,reasoning_A,A,HQ + A,repeat_04_fold_03,4,3
is_serial_founder,hq,0.95,0.03,0.92,0.9684210526315791,True,negative,3.0,100,6,True,True,True,0.0,0.0,0.0,0.0,0.0,0.0,0.23,0.0,0.23,0.72,0.0,0.72,0.93,0.01,0.92,0.95,0.03,0.92,reasoning_A,A,HQ + A,repeat_04_fold_03,4,3
max_company_size_before_founding,hq,0.95,0.78,0.17,0.8210526315789475,False,positive,3.0,100,6,True,True,True,0.0,0.0,0.0,0.0,0.0,0.0,0.15,0.15,0.0,0.56,0.52,0.04,0.86,0.73,0.13,0.95,0.78,0.17,reasoning_A,A,HQ + A,repeat_04_fold_03,4,3
sacrifice_x_serial,hq,0.95,0.88,0.07,0.9263157894736842,True,positive,3.0,100,6,True,True,True,0.0,0.0,0.0,0.0,0.0,0.0,0.14,0.14,0.0,0.58,0.58,0.0,0.92,0.86,0.06,0.95,0.88,0.07,reasoning_A,A,HQ + A,repeat_04_fold_03,4,3
total_inferred_experience,hq,0.95,0.33,0.62,0.6526315789473685,False,negative,3.0,100,6,True,True,True,0.0,0.0,0.0,0.0,0.0,0.0,0.32,0.0,0.32,0.63,0.01,0.62,0.8,0.18,0.62,0.95,0.33,0.62,reasoning_A,A,HQ + A,repeat_04_fold_03,4,3
industry_pivot_count,hq,0.94,0.35,0.59,0.6276595744680851,False,negative,3.0,100,6,True,True,True,0.0,0.0,0.0,0.0,0.0,0.0,0.2,0.02,0.18,0.55,0.09,0.46,0.81,0.27,0.54,0.94,0.35,0.59,reasoning_A,A,HQ + A,repeat_04_fold_03,4,3
stem_flag,hq,0.93,0.66,0.27,0.7096774193548387,False,positive,3.0,100,6,True,True,True,0.0,0.0,0.0,0.0,0.0,0.0,0.06,0.05,0.01,0.39,0.21,0.18,0.79,0.55,0.24,0.93,0.66,0.27,reasoning_A,A,HQ + A,repeat_04_fold_03,4,3
exit_x_serial,hq,0.91,0.5,0.41,0.5494505494505494,False,positive,3.0,100,6,True,True,True,0.0,0.0,0.0,0.24,0.24,0.0,0.31,0.31,0.0,0.6,0.46,0.14,0.76,0.49,0.27,0.91,0.5,0.41,reasoning_A,A,HQ + A,repeat_04_fold_03,4,3
founding_timing,hq,0.91,0.38,0.53,0.5824175824175825,False,negative,3.0,100,6,True,True,True,0.0,0.0,0.0,0.0,0.0,0.0,0.1,0.0,0.1,0.39,0.02,0.37,0.72,0.26,0.46,0.91,0.38,0.53,reasoning_A,A,HQ + A,repeat_04_fold_03,4,3
prestige_sacrifice_score,hq,0.91,0.58,0.33,0.6373626373626373,False,positive,3.0,100,6,True,True,True,0.0,0.0,0.0,0.08,0.08,0.0,0.62,0.62,0.0,0.75,0.73,0.02,0.78,0.63,0.15,0.91,0.58,0.33,reasoning_A,A,HQ + A,repeat_04_fold_03,4,3
exit_count,hq,0.88,0.88,0.0,1.0,True,positive,0.1,100,6,True,True,False,0.0,0.0,0.0,0.74,0.74,0.0,0.88,0.88,0.0,0.87,0.87,0.0,0.87,0.86,0.01,0.87,0.85,0.02,reasoning_A,A,HQ + A,repeat_04_fold_03,4,3
has_prior_ipo,hq,0.81,0.76,0.05,0.9382716049382716,True,positive,3.0,100,6,True,True,False,0.0,0.0,0.0,0.27,0.27,0.0,0.62,0.61,0.01,0.74,0.72,0.02,0.77,0.74,0.03,0.81,0.76,0.05,reasoning_A,A,HQ + A,repeat_04_fold_03,4,3
has_prior_acquisition,hq,0.46,0.36,0.1,0.7826086956521738,False,positive,3.0,100,6,False,False,False,0.0,0.0,0.0,0.09,0.09,0.0,0.16,0.16,0.0,0.23,0.22,0.01,0.31,0.23,0.08,0.46,0.36,0.1,reasoning_A,A,HQ + A,repeat_04_fold_03,4,3
A_evidence_support_rating,reasoning,1.0,1.0,0.0,1.0,True,positive,0.03,100,6,True,True,True,0.0,0.0,0.0,1.0,1.0,0.0,1.0,1.0,0.0,1.0,1.0,0.0,1.0,1.0,0.0,1.0,1.0,0.0,reasoning_A,A,HQ + A,repeat_04_fold_03,4,3
A_scrappiness,reasoning,1.0,0.0,1.0,1.0,True,negative,0.1,100,6,True,True,True,0.0,0.0,0.0,0.69,0.0,0.69,1.0,0.0,1.0,1.0,0.0,1.0,1.0,0.0,1.0,1.0,0.0,1.0,reasoning_A,A,HQ + A,repeat_04_fold_03,4,3
A_career_coherence,reasoning,0.99,0.01,0.98,0.98989898989899,True,negative,3.0,100,6,True,True,True,0.0,0.0,0.0,0.0,0.0,0.0,0.3,0.0,0.3,0.89,0.0,0.89,0.97,0.0,0.97,0.99,0.01,0.98,reasoning_A,A,HQ + A,repeat_04_fold_03,4,3
A_ownership_signal,reasoning,0.99,0.12,0.87,0.8787878787878788,False,negative,3.0,100,6,True,True,True,0.0,0.0,0.0,0.28,0.0,0.28,0.9,0.0,0.9,0.9,0.0,0.9,0.93,0.06,0.87,0.99,0.12,0.87,reasoning_A,A,HQ + A,repeat_04_fold_03,4,3
A_trajectory_strength,reasoning,0.91,0.39,0.52,0.5714285714285714,False,negative,3.0,100,6,True,True,True,0.0,0.0,0.0,0.0,0.0,0.0,0.17,0.0,0.17,0.47,0.02,0.45,0.81,0.3,0.51,0.91,0.39,0.52,reasoning_A,A,HQ + A,repeat_04_fold_03,4,3
comfort_index,hq,1.0,0.87,0.13,0.87,False,positive,3.0,100,6,True,True,True,0.0,0.0,0.0,0.01,0.01,0.0,0.61,0.6,0.01,0.88,0.83,0.05,0.95,0.86,0.09,1.0,0.87,0.13,reasoning_F,F,HQ + F,repeat_04_fold_03,4,3
industry_alignment,hq,1.0,1.0,0.0,1.0,True,positive,0.1,100,6,True,True,True,0.0,0.0,0.0,0.49,0.49,0.0,1.0,1.0,0.0,1.0,1.0,0.0,1.0,1.0,0.0,1.0,1.0,0.0,reasoning_F,F,HQ + F,repeat_04_fold_03,4,3
industry_pivot_count,hq,0.98,0.19,0.79,0.8061224489795918,False,negative,3.0,100,6,True,True,True,0.0,0.0,0.0,0.0,0.0,0.0,0.26,0.0,0.26,0.71,0.07,0.64,0.89,0.14,0.75,0.98,0.19,0.79,reasoning_F,F,HQ + F,repeat_04_fold_03,4,3
industry_prestige_penalty,hq,0.98,0.92,0.06,0.9387755102040817,True,positive,3.0,100,6,True,True,True,0.0,0.0,0.0,0.33,0.33,0.0,0.77,0.77,0.0,0.88,0.88,0.0,0.94,0.91,0.03,0.98,0.92,0.06,reasoning_F,F,HQ + F,repeat_04_fold_03,4,3
longest_founding_tenure,hq,0.98,0.07,0.91,0.9285714285714286,True,negative,3.0,100,6,True,True,True,0.0,0.0,0.0,0.0,0.0,0.0,0.65,0.0,0.65,0.94,0.0,0.94,0.94,0.01,0.93,0.98,0.07,0.91,reasoning_F,F,HQ + F,repeat_04_fold_03,4,3
max_seniority_reached,hq,0.98,0.96,0.02,0.9795918367346939,True,positive,1.0,100,6,True,True,True,0.0,0.0,0.0,0.0,0.0,0.0,0.54,0.54,0.0,0.95,0.95,0.0,0.98,0.96,0.02,0.98,0.96,0.02,reasoning_F,F,HQ + F,repeat_04_fold_03,4,3
company_size_is_growing,hq,0.97,0.69,0.28,0.7113402061855669,False,positive,3.0,100,6,True,True,True,0.0,0.0,0.0,0.0,0.0,0.0,0.13,0.04,0.09,0.59,0.37,0.22,0.87,0.63,0.24,0.97,0.69,0.28,reasoning_F,F,HQ + F,repeat_04_fold_03,4,3
degree_level,hq,0.97,0.15,0.82,0.845360824742268,False,negative,3.0,100,6,True,True,True,0.0,0.0,0.0,0.0,0.0,0.0,0.13,0.05,0.08,0.62,0.09,0.53,0.92,0.12,0.8,0.97,0.15,0.82,reasoning_F,F,HQ + F,repeat_04_fold_03,4,3
is_serial_founder,hq,0.97,0.01,0.96,0.9896907216494846,True,negative,3.0,100,6,True,True,True,0.0,0.0,0.0,0.0,0.0,0.0,0.3,0.0,0.3,0.8,0.0,0.8,0.94,0.0,0.94,0.97,0.01,0.96,reasoning_F,F,HQ + F,repeat_04_fold_03,4,3
restlessness_score,hq,0.97,0.18,0.79,0.8144329896907218,False,negative,3.0,100,6,True,True,True,0.0,0.0,0.0,0.0,0.0,0.0,0.3,0.0,0.3,0.75,0.06,0.69,0.93,0.17,0.76,0.97,0.18,0.79,reasoning_F,F,HQ + F,repeat_04_fold_03,4,3
years_in_large_company,hq,0.97,0.78,0.19,0.8041237113402062,False,positive,3.0,100,6,True,True,True,0.0,0.0,0.0,0.02,0.02,0.0,0.36,0.36,0.0,0.7,0.67,0.03,0.88,0.75,0.13,0.97,0.78,0.19,reasoning_F,F,HQ + F,repeat_04_fold_03,4,3
best_degree_prestige,hq,0.95,0.79,0.16,0.8315789473684211,False,positive,3.0,100,6,True,True,True,0.0,0.0,0.0,0.6,0.6,0.0,0.84,0.84,0.0,0.86,0.86,0.0,0.88,0.81,0.07,0.95,0.79,0.16,reasoning_F,F,HQ + F,repeat_04_fold_03,4,3
edu_prestige_tier,hq,0.95,0.79,0.16,0.8315789473684211,False,positive,3.0,100,6,True,True,True,0.0,0.0,0.0,0.6,0.6,0.0,0.84,0.84,0.0,0.86,0.86,0.0,0.88,0.81,0.07,0.95,0.79,0.16,reasoning_F,F,HQ + F,repeat_04_fold_03,4,3
founding_role_count,hq,0.95,0.5,0.45,0.5263157894736842,False,positive,3.0,100,6,True,True,True,0.0,0.0,0.0,0.0,0.0,0.0,0.12,0.0,0.12,0.32,0.05,0.27,0.76,0.33,0.43,0.95,0.5,0.45,reasoning_F,F,HQ + F,repeat_04_fold_03,4,3
prestige_x_relevance,hq,0.95,0.84,0.11,0.8842105263157894,False,positive,3.0,100,6,True,True,True,0.0,0.0,0.0,0.79,0.79,0.0,0.85,0.85,0.0,0.83,0.83,0.0,0.87,0.83,0.04,0.95,0.84,0.11,reasoning_F,F,HQ + F,repeat_04_fold_03,4,3
repeat_founding_gap,hq,0.95,0.64,0.31,0.6736842105263159,False,positive,3.0,100,6,True,True,True,0.0,0.0,0.0,0.0,0.0,0.0,0.33,0.26,0.07,0.72,0.55,0.17,0.93,0.64,0.29,0.95,0.64,0.31,reasoning_F,F,HQ + F,repeat_04_fold_03,4,3
sacrifice_x_serial,hq,0.95,0.87,0.08,0.9157894736842106,True,positive,3.0,100,6,True,True,True,0.0,0.0,0.0,0.0,0.0,0.0,0.08,0.08,0.0,0.57,0.57,0.0,0.9,0.86,0.04,0.95,0.87,0.08,reasoning_F,F,HQ + F,repeat_04_fold_03,4,3
total_inferred_experience,hq,0.95,0.22,0.73,0.768421052631579,False,negative,3.0,100,6,True,True,True,0.0,0.0,0.0,0.0,0.0,0.0,0.37,0.0,0.37,0.65,0.0,0.65,0.81,0.09,0.72,0.95,0.22,0.73,reasoning_F,F,HQ + F,repeat_04_fold_03,4,3
exit_count,hq,0.94,0.94,0.0,1.0,True,positive,0.1,100,6,True,True,True,0.0,0.0,0.0,0.75,0.75,0.0,0.94,0.94,0.0,0.9,0.9,0.0,0.92,0.92,0.0,0.92,0.92,0.0,reasoning_F,F,HQ + F,repeat_04_fold_03,4,3
exit_x_serial,hq,0.94,0.52,0.42,0.5531914893617021,False,positive,3.0,100,6,True,True,True,0.0,0.0,0.0,0.15,0.15,0.0,0.31,0.31,0.0,0.66,0.5,0.16,0.88,0.53,0.35,0.94,0.52,0.42,reasoning_F,F,HQ + F,repeat_04_fold_03,4,3
seniority_is_monotone,hq,0.94,0.36,0.58,0.6170212765957447,False,negative,3.0,100,6,True,True,True,0.0,0.0,0.0,0.0,0.0,0.0,0.28,0.03,0.25,0.61,0.16,0.45,0.88,0.31,0.57,0.94,0.36,0.58,reasoning_F,F,HQ + F,repeat_04_fold_03,4,3
persistence_score,hq,0.93,0.53,0.4,0.5698924731182796,False,positive,3.0,100,6,True,True,True,0.0,0.0,0.0,0.0,0.0,0.0,0.05,0.04,0.01,0.39,0.29,0.1,0.75,0.47,0.28,0.93,0.53,0.4,reasoning_F,F,HQ + F,repeat_04_fold_03,4,3
prestige_sacrifice_score,hq,0.93,0.72,0.21,0.7741935483870968,False,positive,3.0,100,6,True,True,True,0.0,0.0,0.0,0.17,0.17,0.0,0.66,0.66,0.0,0.78,0.78,0.0,0.82,0.74,0.08,0.93,0.72,0.21,reasoning_F,F,HQ + F,repeat_04_fold_03,4,3
field_relevance_score,hq,0.91,0.17,0.74,0.8131868131868132,False,negative,3.0,100,6,True,True,True,0.0,0.0,0.0,0.0,0.0,0.0,0.02,0.01,0.01,0.46,0.08,0.38,0.78,0.12,0.66,0.91,0.17,0.74,reasoning_F,F,HQ + F,repeat_04_fold_03,4,3
stem_flag,hq,0.91,0.6,0.31,0.6593406593406593,False,positive,3.0,100,6,True,True,True,0.0,0.0,0.0,0.0,0.0,0.0,0.07,0.07,0.0,0.41,0.25,0.16,0.73,0.47,0.26,0.91,0.6,0.31,reasoning_F,F,HQ + F,repeat_04_fold_03,4,3
max_company_size_before_founding,hq,0.9,0.61,0.29,0.6777777777777777,False,positive,3.0,100,6,True,True,True,0.0,0.0,0.0,0.01,0.01,0.0,0.2,0.2,0.0,0.5,0.42,0.08,0.77,0.55,0.22,0.9,0.61,0.29,reasoning_F,F,HQ + F,repeat_04_fold_03,4,3
founding_timing,hq,0.84,0.35,0.49,0.5833333333333334,False,negative,3.0,100,6,True,True,False,0.0,0.0,0.0,0.0,0.0,0.0,0.09,0.0,0.09,0.34,0.0,0.34,0.65,0.22,0.43,0.84,0.35,0.49,reasoning_F,F,HQ + F,repeat_04_fold_03,4,3
has_prior_ipo,hq,0.82,0.77,0.05,0.9390243902439025,True,positive,3.0,100,6,True,True,False,0.0,0.0,0.0,0.22,0.22,0.0,0.57,0.56,0.01,0.72,0.69,0.03,0.77,0.73,0.04,0.82,0.77,0.05,reasoning_F,F,HQ + F,repeat_04_fold_03,4,3
has_prior_acquisition,hq,0.34,0.31,0.03,0.9117647058823529,True,positive,3.0,100,6,False,False,False,0.0,0.0,0.0,0.16,0.16,0.0,0.24,0.24,0.0,0.25,0.25,0.0,0.26,0.25,0.01,0.34,0.31,0.03,reasoning_F,F,HQ + F,repeat_04_fold_03,4,3
F_career_coherence,reasoning,1.0,0.0,1.0,1.0,True,negative,0.3,100,6,True,True,True,0.0,0.0,0.0,0.0,0.0,0.0,0.74,0.0,0.74,1.0,0.0,1.0,1.0,0.0,1.0,1.0,0.0,1.0,reasoning_F,F,HQ + F,repeat_04_fold_03,4,3
F_evidence_support_rating,reasoning,1.0,1.0,0.0,1.0,True,positive,0.3,100,6,True,True,True,0.0,0.0,0.0,0.0,0.0,0.0,0.71,0.71,0.0,1.0,1.0,0.0,1.0,1.0,0.0,1.0,1.0,0.0,reasoning_F,F,HQ + F,repeat_04_fold_03,4,3
F_trajectory_strength,reasoning,0.99,0.99,0.0,1.0,True,positive,3.0,100,6,True,True,True,0.0,0.0,0.0,0.0,0.0,0.0,0.0,0.0,0.0,0.05,0.05,0.0,0.77,0.77,0.0,0.99,0.99,0.0,reasoning_F,F,HQ + F,repeat_04_fold_03,4,3
F_scrappiness,reasoning,0.85,0.35,0.5,0.5882352941176471,False,negative,3.0,100,6,True,True,False,0.0,0.0,0.0,0.0,0.0,0.0,0.0,0.0,0.0,0.1,0.09,0.01,0.6,0.3,0.3,0.85,0.35,0.5,reasoning_F,F,HQ + F,repeat_04_fold_03,4,3
F_ownership_signal,reasoning,0.82,0.63,0.19,0.7682926829268293,False,positive,3.0,100,6,True,True,False,0.0,0.0,0.0,0.0,0.0,0.0,0.0,0.0,0.0,0.08,0.07,0.01,0.55,0.53,0.02,0.82,0.63,0.19,reasoning_F,F,HQ + F,repeat_04_fold_03,4,3
F_rubric_score,reasoning,0.8,0.13,0.67,0.8375,False,negative,3.0,100,6,True,True,False,0.0,0.0,0.0,0.0,0.0,0.0,0.0,0.0,0.0,0.0,0.0,0.0,0.22,0.07,0.15,0.8,0.13,0.67,reasoning_F,F,HQ + F,repeat_04_fold_03,4,3
comfort_index,hq,1.0,0.85,0.15,0.85,False,positive,3.0,100,6,True,True,True,0.0,0.0,0.0,0.02,0.02,0.0,0.66,0.66,0.0,0.88,0.82,0.06,0.99,0.85,0.14,1.0,0.85,0.15,reasoning_A,A,HQ + A,repeat_05_fold_01,5,1
industry_alignment,hq,1.0,1.0,0.0,1.0,True,positive,0.3,100,6,True,True,True,0.0,0.0,0.0,0.34,0.34,0.0,0.98,0.98,0.0,1.0,1.0,0.0,1.0,1.0,0.0,1.0,1.0,0.0,reasoning_A,A,HQ + A,repeat_05_fold_01,5,1
max_seniority_reached,hq,1.0,0.98,0.02,0.98,True,positive,3.0,100,6,True,True,True,0.0,0.0,0.0,0.0,0.0,0.0,0.22,0.22,0.0,0.93,0.93,0.0,0.99,0.98,0.01,1.0,0.98,0.02,reasoning_A,A,HQ + A,repeat_05_fold_01,5,1
industry_prestige_penalty,hq,0.99,0.93,0.06,0.9393939393939394,True,positive,3.0,100,6,True,True,True,0.0,0.0,0.0,0.24,0.24,0.0,0.86,0.86,0.0,0.93,0.92,0.01,0.97,0.93,0.04,0.99,0.93,0.06,reasoning_A,A,HQ + A,repeat_05_fold_01,5,1
longest_founding_tenure,hq,0.99,0.07,0.92,0.9292929292929294,True,negative,3.0,100,6,True,True,True,0.0,0.0,0.0,0.0,0.0,0.0,0.73,0.0,0.73,0.91,0.0,0.91,0.96,0.04,0.92,0.99,0.07,0.92,reasoning_A,A,HQ + A,repeat_05_fold_01,5,1
restlessness_score,hq,0.99,0.1,0.89,0.898989898989899,False,negative,3.0,100,6,True,True,True,0.0,0.0,0.0,0.0,0.0,0.0,0.28,0.01,0.27,0.78,0.01,0.77,0.91,0.07,0.84,0.99,0.1,0.89,reasoning_A,A,HQ + A,repeat_05_fold_01,5,1
seniority_is_monotone,hq,0.99,0.13,0.86,0.8686868686868687,False,negative,3.0,100,6,True,True,True,0.0,0.0,0.0,0.0,0.0,0.0,0.43,0.0,0.43,0.85,0.03,0.82,0.95,0.09,0.86,0.99,0.13,0.86,reasoning_A,A,HQ + A,repeat_05_fold_01,5,1
best_degree_prestige,hq,0.98,0.85,0.13,0.8673469387755102,False,positive,3.0,100,6,True,True,True,0.0,0.0,0.0,0.38,0.38,0.0,0.81,0.81,0.0,0.87,0.87,0.0,0.93,0.85,0.08,0.98,0.85,0.13,reasoning_A,A,HQ + A,repeat_05_fold_01,5,1
edu_prestige_tier,hq,0.98,0.85,0.13,0.8673469387755102,False,positive,3.0,100,6,True,True,True,0.0,0.0,0.0,0.38,0.38,0.0,0.81,0.81,0.0,0.87,0.87,0.0,0.93,0.85,0.08,0.98,0.85,0.13,reasoning_A,A,HQ + A,repeat_05_fold_01,5,1
degree_level,hq,0.97,0.22,0.75,0.7731958762886598,False,negative,3.0,100,6,True,True,True,0.0,0.0,0.0,0.0,0.0,0.0,0.14,0.07,0.07,0.65,0.12,0.53,0.91,0.17,0.74,0.97,0.22,0.75,reasoning_A,A,HQ + A,repeat_05_fold_01,5,1
repeat_founding_gap,hq,0.97,0.56,0.41,0.577319587628866,False,positive,3.0,100,6,True,True,True,0.0,0.0,0.0,0.0,0.0,0.0,0.23,0.22,0.01,0.61,0.45,0.16,0.87,0.55,0.32,0.97,0.56,0.41,reasoning_A,A,HQ + A,repeat_05_fold_01,5,1
company_size_is_growing,hq,0.96,0.58,0.38,0.6041666666666666,False,positive,3.0,100,6,True,True,True,0.0,0.0,0.0,0.0,0.0,0.0,0.17,0.02,0.15,0.55,0.23,0.32,0.87,0.5,0.37,0.96,0.58,0.38,reasoning_A,A,HQ + A,repeat_05_fold_01,5,1
founding_role_count,hq,0.96,0.2,0.76,0.7916666666666667,False,negative,3.0,100,6,True,True,True,0.0,0.0,0.0,0.0,0.0,0.0,0.25,0.0,0.25,0.54,0.01,0.53,0.75,0.09,0.66,0.96,0.2,0.76,reasoning_A,A,HQ + A,repeat_05_fold_01,5,1
is_serial_founder,hq,0.96,0.13,0.83,0.8645833333333334,False,negative,3.0,100,6,True,True,True,0.0,0.0,0.0,0.0,0.0,0.0,0.23,0.0,0.23,0.52,0.0,0.52,0.85,0.1,0.75,0.96,0.13,0.83,reasoning_A,A,HQ + A,repeat_05_fold_01,5,1
industry_pivot_count,hq,0.95,0.43,0.52,0.5473684210526316,False,negative,3.0,100,6,True,True,True,0.0,0.0,0.0,0.0,0.0,0.0,0.07,0.01,0.06,0.57,0.18,0.39,0.88,0.39,0.49,0.95,0.43,0.52,reasoning_A,A,HQ + A,repeat_05_fold_01,5,1
sacrifice_x_serial,hq,0.95,0.87,0.08,0.9157894736842106,True,positive,3.0,100,6,True,True,True,0.0,0.0,0.0,0.01,0.01,0.0,0.08,0.08,0.0,0.48,0.46,0.02,0.88,0.8,0.08,0.95,0.87,0.08,reasoning_A,A,HQ + A,repeat_05_fold_01,5,1
stem_flag,hq,0.95,0.85,0.1,0.8947368421052632,False,positive,3.0,100,6,True,True,True,0.0,0.0,0.0,0.0,0.0,0.0,0.1,0.1,0.0,0.58,0.53,0.05,0.88,0.8,0.08,0.95,0.85,0.1,reasoning_A,A,HQ + A,repeat_05_fold_01,5,1
years_in_large_company,hq,0.94,0.77,0.17,0.8191489361702128,False,positive,3.0,100,6,True,True,True,0.0,0.0,0.0,0.02,0.02,0.0,0.33,0.33,0.0,0.7,0.67,0.03,0.89,0.79,0.1,0.94,0.77,0.17,reasoning_A,A,HQ + A,repeat_05_fold_01,5,1
exit_x_serial,hq,0.93,0.63,0.3,0.6774193548387096,False,positive,3.0,100,6,True,True,True,0.0,0.0,0.0,0.26,0.26,0.0,0.42,0.42,0.0,0.67,0.54,0.13,0.88,0.64,0.24,0.93,0.63,0.3,reasoning_A,A,HQ + A,repeat_05_fold_01,5,1
max_company_size_before_founding,hq,0.93,0.8,0.13,0.8602150537634409,False,positive,3.0,100,6,True,True,True,0.0,0.0,0.0,0.03,0.03,0.0,0.4,0.4,0.0,0.64,0.62,0.02,0.86,0.76,0.1,0.93,0.8,0.13,reasoning_A,A,HQ + A,repeat_05_fold_01,5,1
prestige_x_relevance,hq,0.93,0.76,0.17,0.8172043010752688,False,positive,3.0,100,6,True,True,True,0.0,0.0,0.0,0.71,0.71,0.0,0.72,0.72,0.0,0.69,0.69,0.0,0.84,0.74,0.1,0.93,0.76,0.17,reasoning_A,A,HQ + A,repeat_05_fold_01,5,1
field_relevance_score,hq,0.92,0.08,0.84,0.9130434782608695,True,negative,3.0,100,6,True,True,True,0.0,0.0,0.0,0.0,0.0,0.0,0.03,0.0,0.03,0.5,0.02,0.48,0.87,0.05,0.82,0.92,0.08,0.84,reasoning_A,A,HQ + A,repeat_05_fold_01,5,1
persistence_score,hq,0.92,0.72,0.2,0.7826086956521738,False,positive,3.0,100,6,True,True,True,0.0,0.0,0.0,0.0,0.0,0.0,0.02,0.01,0.01,0.48,0.4,0.08,0.76,0.62,0.14,0.92,0.72,0.2,reasoning_A,A,HQ + A,repeat_05_fold_01,5,1
prestige_sacrifice_score,hq,0.92,0.59,0.33,0.6413043478260869,False,positive,3.0,100,6,True,True,True,0.0,0.0,0.0,0.12,0.12,0.0,0.66,0.66,0.0,0.72,0.72,0.0,0.81,0.62,0.19,0.92,0.59,0.33,reasoning_A,A,HQ + A,repeat_05_fold_01,5,1
total_inferred_experience,hq,0.91,0.17,0.74,0.8131868131868132,False,negative,3.0,100,6,True,True,True,0.0,0.0,0.0,0.0,0.0,0.0,0.66,0.0,0.66,0.78,0.0,0.78,0.82,0.07,0.75,0.91,0.17,0.74,reasoning_A,A,HQ + A,repeat_05_fold_01,5,1
exit_count,hq,0.9,0.9,0.0,1.0,True,positive,0.3,100,6,True,True,True,0.0,0.0,0.0,0.63,0.63,0.0,0.85,0.85,0.0,0.9,0.9,0.0,0.88,0.88,0.0,0.89,0.87,0.02,reasoning_A,A,HQ + A,repeat_05_fold_01,5,1
founding_timing,hq,0.85,0.34,0.51,0.6,False,negative,3.0,100,6,True,True,False,0.0,0.0,0.0,0.0,0.0,0.0,0.09,0.0,0.09,0.43,0.02,0.41,0.64,0.15,0.49,0.85,0.34,0.51,reasoning_A,A,HQ + A,repeat_05_fold_01,5,1
has_prior_ipo,hq,0.77,0.71,0.06,0.922077922077922,True,positive,3.0,100,6,True,False,False,0.0,0.0,0.0,0.06,0.06,0.0,0.41,0.4,0.01,0.62,0.59,0.03,0.67,0.63,0.04,0.77,0.71,0.06,reasoning_A,A,HQ + A,repeat_05_fold_01,5,1
has_prior_acquisition,hq,0.49,0.43,0.06,0.8775510204081632,False,positive,3.0,100,6,False,False,False,0.0,0.0,0.0,0.3,0.3,0.0,0.4,0.4,0.0,0.35,0.34,0.01,0.4,0.35,0.05,0.49,0.43,0.06,reasoning_A,A,HQ + A,repeat_05_fold_01,5,1
A_career_coherence,reasoning,1.0,0.02,0.98,0.98,True,negative,3.0,100,6,True,True,True,0.0,0.0,0.0,0.0,0.0,0.0,0.48,0.0,0.48,0.92,0.0,0.92,0.96,0.01,0.95,1.0,0.02,0.98,reasoning_A,A,HQ + A,repeat_05_fold_01,5,1
A_evidence_support_rating,reasoning,1.0,1.0,0.0,1.0,True,positive,0.1,100,6,True,True,True,0.0,0.0,0.0,0.95,0.95,0.0,1.0,1.0,0.0,1.0,1.0,0.0,1.0,1.0,0.0,1.0,1.0,0.0,reasoning_A,A,HQ + A,repeat_05_fold_01,5,1
A_scrappiness,reasoning,1.0,0.0,1.0,1.0,True,negative,0.3,100,6,True,True,True,0.0,0.0,0.0,0.11,0.0,0.11,0.99,0.0,0.99,1.0,0.0,1.0,1.0,0.0,1.0,1.0,0.0,1.0,reasoning_A,A,HQ + A,repeat_05_fold_01,5,1
A_ownership_signal,reasoning,0.98,0.59,0.39,0.6020408163265306,False,positive,3.0,100,6,True,True,True,0.0,0.0,0.0,0.04,0.0,0.04,0.49,0.0,0.49,0.52,0.09,0.43,0.88,0.48,0.4,0.98,0.59,0.39,reasoning_A,A,HQ + A,repeat_05_fold_01,5,1
A_trajectory_strength,reasoning,0.96,0.08,0.88,0.9166666666666667,True,negative,3.0,100,6,True,True,True,0.0,0.0,0.0,0.0,0.0,0.0,0.52,0.0,0.52,0.78,0.0,0.78,0.88,0.04,0.84,0.96,0.08,0.88,reasoning_A,A,HQ + A,repeat_05_fold_01,5,1
industry_alignment,hq,1.0,1.0,0.0,1.0,True,positive,0.3,100,6,True,True,True,0.0,0.0,0.0,0.19,0.19,0.0,0.98,0.98,0.0,1.0,1.0,0.0,1.0,1.0,0.0,1.0,1.0,0.0,reasoning_F,F,HQ + F,repeat_05_fold_01,5,1
comfort_index,hq,0.99,0.85,0.14,0.8585858585858586,False,positive,3.0,100,6,True,True,True,0.0,0.0,0.0,0.01,0.01,0.0,0.61,0.61,0.0,0.83,0.79,0.04,0.91,0.81,0.1,0.99,0.85,0.14,reasoning_F,F,HQ + F,repeat_05_fold_01,5,1
degree_level,hq,0.99,0.4,0.59,0.5959595959595959,False,negative,3.0,100,6,True,True,True,0.0,0.0,0.0,0.0,0.0,0.0,0.17,0.14,0.03,0.65,0.27,0.38,0.93,0.35,0.58,0.99,0.4,0.59,reasoning_F,F,HQ + F,repeat_05_fold_01,5,1
industry_prestige_penalty,hq,0.99,0.75,0.24,0.7575757575757576,False,positive,3.0,100,6,True,True,True,0.0,0.0,0.0,0.15,0.15,0.0,0.67,0.66,0.01,0.85,0.77,0.08,0.94,0.75,0.19,0.99,0.75,0.24,reasoning_F,F,HQ + F,repeat_05_fold_01,5,1
max_seniority_reached,hq,0.99,0.94,0.05,0.9494949494949495,True,positive,3.0,100,6,True,True,True,0.0,0.0,0.0,0.0,0.0,0.0,0.27,0.26,0.01,0.86,0.84,0.02,0.96,0.92,0.04,0.99,0.94,0.05,reasoning_F,F,HQ + F,repeat_05_fold_01,5,1
repeat_founding_gap,hq,0.99,0.68,0.31,0.686868686868687,False,positive,3.0,100,6,True,True,True,0.0,0.0,0.0,0.01,0.01,0.0,0.42,0.35,0.07,0.79,0.63,0.16,0.92,0.65,0.27,0.99,0.68,0.31,reasoning_F,F,HQ + F,repeat_05_fold_01,5,1
seniority_is_monotone,hq,0.99,0.1,0.89,0.898989898989899,False,negative,3.0,100,6,True,True,True,0.0,0.0,0.0,0.0,0.0,0.0,0.31,0.0,0.31,0.82,0.02,0.8,0.95,0.08,0.87,0.99,0.1,0.89,reasoning_F,F,HQ + F,repeat_05_fold_01,5,1
field_relevance_score,hq,0.98,0.14,0.84,0.8571428571428571,False,negative,3.0,100,6,True,True,True,0.0,0.0,0.0,0.0,0.0,0.0,0.03,0.0,0.03,0.46,0.02,0.44,0.89,0.09,0.8,0.98,0.14,0.84,reasoning_F,F,HQ + F,repeat_05_fold_01,5,1
restlessness_score,hq,0.97,0.24,0.73,0.7525773195876289,False,negative,3.0,100,6,True,True,True,0.0,0.0,0.0,0.0,0.0,0.0,0.26,0.02,0.24,0.69,0.09,0.6,0.91,0.23,0.68,0.97,0.24,0.73,reasoning_F,F,HQ + F,repeat_05_fold_01,5,1
industry_pivot_count,hq,0.96,0.33,0.63,0.65625,False,negative,3.0,100,6,True,True,True,0.0,0.0,0.0,0.0,0.0,0.0,0.13,0.01,0.12,0.68,0.15,0.53,0.87,0.28,0.59,0.96,0.33,0.63,reasoning_F,F,HQ + F,repeat_05_fold_01,5,1
persistence_score,hq,0.96,0.71,0.25,0.7395833333333334,False,positive,3.0,100,6,True,True,True,0.0,0.0,0.0,0.0,0.0,0.0,0.09,0.07,0.02,0.53,0.43,0.1,0.82,0.65,0.17,0.96,0.71,0.25,reasoning_F,F,HQ + F,repeat_05_fold_01,5,1
stem_flag,hq,0.96,0.85,0.11,0.8854166666666666,False,positive,3.0,100,6,True,True,True,0.0,0.0,0.0,0.0,0.0,0.0,0.18,0.17,0.01,0.55,0.51,0.04,0.89,0.79,0.1,0.96,0.85,0.11,reasoning_F,F,HQ + F,repeat_05_fold_01,5,1
years_in_large_company,hq,0.96,0.85,0.11,0.8854166666666666,False,positive,3.0,100,6,True,True,True,0.0,0.0,0.0,0.01,0.01,0.0,0.42,0.42,0.0,0.8,0.78,0.02,0.91,0.84,0.07,0.96,0.85,0.11,reasoning_F,F,HQ + F,repeat_05_fold_01,5,1
exit_x_serial,hq,0.95,0.75,0.2,0.7894736842105263,False,positive,3.0,100,6,True,True,True,0.0,0.0,0.0,0.28,0.28,0.0,0.4,0.4,0.0,0.62,0.57,0.05,0.84,0.71,0.13,0.95,0.75,0.2,reasoning_F,F,HQ + F,repeat_05_fold_01,5,1
prestige_sacrifice_score,hq,0.95,0.67,0.28,0.7052631578947369,False,positive,3.0,100,6,True,True,True,0.0,0.0,0.0,0.16,0.16,0.0,0.63,0.63,0.0,0.7,0.7,0.0,0.85,0.69,0.16,0.95,0.67,0.28,reasoning_F,F,HQ + F,repeat_05_fold_01,5,1
company_size_is_growing,hq,0.94,0.57,0.37,0.6063829787234042,False,positive,3.0,100,6,True,True,True,0.0,0.0,0.0,0.0,0.0,0.0,0.18,0.01,0.17,0.56,0.25,0.31,0.86,0.49,0.37,0.94,0.57,0.37,reasoning_F,F,HQ + F,repeat_05_fold_01,5,1
exit_count,hq,0.93,0.93,0.0,1.0,True,positive,0.3,100,6,True,True,True,0.0,0.0,0.0,0.71,0.71,0.0,0.9,0.9,0.0,0.93,0.93,0.0,0.9,0.9,0.0,0.91,0.89,0.02,reasoning_F,F,HQ + F,repeat_05_fold_01,5,1
is_serial_founder,hq,0.93,0.21,0.72,0.7741935483870968,False,negative,3.0,100,6,True,True,True,0.0,0.0,0.0,0.0,0.0,0.0,0.16,0.0,0.16,0.52,0.07,0.45,0.7,0.11,0.59,0.93,0.21,0.72,reasoning_F,F,HQ + F,repeat_05_fold_01,5,1
longest_founding_tenure,hq,0.93,0.08,0.85,0.9139784946236559,True,negative,3.0,100,6,True,True,True,0.0,0.0,0.0,0.0,0.0,0.0,0.6,0.0,0.6,0.83,0.01,0.82,0.91,0.06,0.85,0.93,0.08,0.85,reasoning_F,F,HQ + F,repeat_05_fold_01,5,1
max_company_size_before_founding,hq,0.93,0.69,0.24,0.7419354838709676,False,positive,3.0,100,6,True,True,True,0.0,0.0,0.0,0.03,0.03,0.0,0.41,0.41,0.0,0.59,0.55,0.04,0.84,0.62,0.22,0.93,0.69,0.24,reasoning_F,F,HQ + F,repeat_05_fold_01,5,1
sacrifice_x_serial,hq,0.93,0.74,0.19,0.7956989247311828,False,positive,3.0,100,6,True,True,True,0.0,0.0,0.0,0.0,0.0,0.0,0.1,0.09,0.01,0.41,0.39,0.02,0.81,0.68,0.13,0.93,0.74,0.19,reasoning_F,F,HQ + F,repeat_05_fold_01,5,1
best_degree_prestige,hq,0.92,0.69,0.23,0.7499999999999999,False,positive,3.0,100,6,True,True,True,0.0,0.0,0.0,0.34,0.34,0.0,0.67,0.67,0.0,0.73,0.73,0.0,0.83,0.71,0.12,0.92,0.69,0.23,reasoning_F,F,HQ + F,repeat_05_fold_01,5,1
edu_prestige_tier,hq,0.92,0.69,0.23,0.7499999999999999,False,positive,3.0,100,6,True,True,True,0.0,0.0,0.0,0.34,0.34,0.0,0.67,0.67,0.0,0.73,0.73,0.0,0.83,0.71,0.12,0.92,0.69,0.23,reasoning_F,F,HQ + F,repeat_05_fold_01,5,1
prestige_x_relevance,hq,0.92,0.83,0.09,0.9021739130434782,True,positive,3.0,100,6,True,True,True,0.0,0.0,0.0,0.7,0.7,0.0,0.77,0.77,0.0,0.79,0.79,0.0,0.85,0.81,0.04,0.92,0.83,0.09,reasoning_F,F,HQ + F,repeat_05_fold_01,5,1
total_inferred_experience,hq,0.92,0.09,0.83,0.9021739130434782,True,negative,3.0,100,6,True,True,True,0.0,0.0,0.0,0.0,0.0,0.0,0.63,0.0,0.63,0.83,0.0,0.83,0.87,0.03,0.84,0.92,0.09,0.83,reasoning_F,F,HQ + F,repeat_05_fold_01,5,1
founding_role_count,hq,0.91,0.15,0.76,0.8351648351648352,False,negative,3.0,100,6,True,True,True,0.0,0.0,0.0,0.0,0.0,0.0,0.27,0.0,0.27,0.63,0.0,0.63,0.8,0.07,0.73,0.91,0.15,0.76,reasoning_F,F,HQ + F,repeat_05_fold_01,5,1
founding_timing,hq,0.89,0.44,0.45,0.5056179775280899,False,negative,3.0,100,6,True,True,False,0.0,0.0,0.0,0.0,0.0,0.0,0.14,0.0,0.14,0.33,0.01,0.32,0.68,0.25,0.43,0.89,0.44,0.45,reasoning_F,F,HQ + F,repeat_05_fold_01,5,1
has_prior_ipo,hq,0.69,0.62,0.07,0.8985507246376813,False,positive,3.0,100,6,True,False,False,0.0,0.0,0.0,0.06,0.06,0.0,0.25,0.23,0.02,0.5,0.45,0.05,0.61,0.55,0.06,0.69,0.62,0.07,reasoning_F,F,HQ + F,repeat_05_fold_01,5,1
has_prior_acquisition,hq,0.56,0.51,0.05,0.9107142857142857,True,positive,3.0,100,6,False,False,False,0.0,0.0,0.0,0.28,0.28,0.0,0.47,0.47,0.0,0.42,0.42,0.0,0.43,0.41,0.02,0.56,0.51,0.05,reasoning_F,F,HQ + F,repeat_05_fold_01,5,1
F_career_coherence,reasoning,1.0,0.0,1.0,1.0,True,negative,0.3,100,6,True,True,True,0.0,0.0,0.0,0.01,0.0,0.01,0.66,0.0,0.66,1.0,0.0,1.0,1.0,0.0,1.0,1.0,0.0,1.0,reasoning_F,F,HQ + F,repeat_05_fold_01,5,1
F_evidence_support_rating,reasoning,1.0,1.0,0.0,1.0,True,positive,0.3,100,6,True,True,True,0.0,0.0,0.0,0.0,0.0,0.0,0.46,0.46,0.0,1.0,1.0,0.0,1.0,1.0,0.0,1.0,1.0,0.0,reasoning_F,F,HQ + F,repeat_05_fold_01,5,1
F_trajectory_strength,reasoning,0.98,0.98,0.0,1.0,True,positive,3.0,100,6,True,True,True,0.0,0.0,0.0,0.0,0.0,0.0,0.0,0.0,0.0,0.27,0.27,0.0,0.9,0.9,0.0,0.98,0.98,0.0,reasoning_F,F,HQ + F,repeat_05_fold_01,5,1
F_ownership_signal,reasoning,0.79,0.63,0.16,0.7974683544303797,False,positive,3.0,100,6,True,False,False,0.0,0.0,0.0,0.0,0.0,0.0,0.0,0.0,0.0,0.24,0.24,0.0,0.62,0.59,0.03,0.79,0.63,0.16,reasoning_F,F,HQ + F,repeat_05_fold_01,5,1
F_scrappiness,reasoning,0.79,0.28,0.51,0.6455696202531646,False,negative,3.0,100,6,True,False,False,0.0,0.0,0.0,0.0,0.0,0.0,0.0,0.0,0.0,0.29,0.27,0.02,0.6,0.29,0.31,0.79,0.28,0.51,reasoning_F,F,HQ + F,repeat_05_fold_01,5,1
F_rubric_score,reasoning,0.71,0.38,0.33,0.5352112676056339,False,positive,3.0,100,6,True,False,False,0.0,0.0,0.0,0.0,0.0,0.0,0.0,0.0,0.0,0.06,0.06,0.0,0.35,0.31,0.04,0.71,0.38,0.33,reasoning_F,F,HQ + F,repeat_05_fold_01,5,1
industry_alignment,hq,1.0,0.99,0.01,0.99,True,positive,0.3,100,6,True,True,True,0.0,0.0,0.0,0.07,0.07,0.0,0.94,0.94,0.0,1.0,0.99,0.01,1.0,0.99,0.01,1.0,0.99,0.01,reasoning_A,A,HQ + A,repeat_05_fold_02,5,2
industry_prestige_penalty,hq,1.0,0.95,0.05,0.95,True,positive,3.0,100,6,True,True,True,0.0,0.0,0.0,0.1,0.1,0.0,0.8,0.8,0.0,0.96,0.92,0.04,0.99,0.94,0.05,1.0,0.95,0.05,reasoning_A,A,HQ + A,repeat_05_fold_02,5,2
best_degree_prestige,hq,0.99,0.99,0.0,1.0,True,positive,0.3,100,6,True,True,True,0.0,0.0,0.0,0.87,0.87,0.0,0.97,0.97,0.0,0.99,0.99,0.0,0.98,0.98,0.0,0.99,0.98,0.01,reasoning_A,A,HQ + A,repeat_05_fold_02,5,2
comfort_index,hq,0.99,0.9,0.09,0.9090909090909092,True,positive,3.0,100,6,True,True,True,0.0,0.0,0.0,0.06,0.06,0.0,0.73,0.73,0.0,0.88,0.85,0.03,0.96,0.89,0.07,0.99,0.9,0.09,reasoning_A,A,HQ + A,repeat_05_fold_02,5,2
degree_level,hq,0.99,0.06,0.93,0.9393939393939394,True,negative,3.0,100,6,True,True,True,0.0,0.0,0.0,0.0,0.0,0.0,0.19,0.02,0.17,0.83,0.04,0.79,0.96,0.05,0.91,0.99,0.06,0.93,reasoning_A,A,HQ + A,repeat_05_fold_02,5,2
edu_prestige_tier,hq,0.99,0.99,0.0,1.0,True,positive,0.3,100,6,True,True,True,0.0,0.0,0.0,0.87,0.87,0.0,0.97,0.97,0.0,0.99,0.99,0.0,0.98,0.98,0.0,0.99,0.98,0.01,reasoning_A,A,HQ + A,repeat_05_fold_02,5,2
exit_x_serial,hq,0.99,0.46,0.53,0.5353535353535354,False,negative,3.0,100,6,True,True,True,0.0,0.0,0.0,0.28,0.28,0.0,0.45,0.45,0.0,0.61,0.46,0.15,0.9,0.46,0.44,0.99,0.46,0.53,reasoning_A,A,HQ + A,repeat_05_fold_02,5,2
repeat_founding_gap,hq,0.99,0.27,0.72,0.7272727272727273,False,negative,3.0,100,6,True,True,True,0.0,0.0,0.0,0.0,0.0,0.0,0.23,0.02,0.21,0.72,0.16,0.56,0.95,0.26,0.69,0.99,0.27,0.72,reasoning_A,A,HQ + A,repeat_05_fold_02,5,2
company_size_is_growing,hq,0.98,0.28,0.7,0.7142857142857143,False,negative,3.0,100,6,True,True,True,0.0,0.0,0.0,0.0,0.0,0.0,0.32,0.02,0.3,0.67,0.06,0.61,0.93,0.24,0.69,0.98,0.28,0.7,reasoning_A,A,HQ + A,repeat_05_fold_02,5,2
industry_pivot_count,hq,0.98,0.08,0.9,0.9183673469387755,True,negative,3.0,100,6,True,True,True,0.0,0.0,0.0,0.0,0.0,0.0,0.55,0.0,0.55,0.86,0.01,0.85,0.91,0.03,0.88,0.98,0.08,0.9,reasoning_A,A,HQ + A,repeat_05_fold_02,5,2
max_seniority_reached,hq,0.98,0.97,0.01,0.9897959183673469,True,positive,3.0,100,6,True,True,True,0.0,0.0,0.0,0.0,0.0,0.0,0.44,0.44,0.0,0.93,0.92,0.01,0.96,0.95,0.01,0.98,0.97,0.01,reasoning_A,A,HQ + A,repeat_05_fold_02,5,2
max_company_size_before_founding,hq,0.97,0.67,0.3,0.6907216494845362,False,positive,3.0,100,6,True,True,True,0.0,0.0,0.0,0.01,0.01,0.0,0.35,0.35,0.0,0.59,0.58,0.01,0.8,0.64,0.16,0.97,0.67,0.3,reasoning_A,A,HQ + A,repeat_05_fold_02,5,2
is_serial_founder,hq,0.96,0.03,0.93,0.9687500000000001,True,negative,3.0,100,6,True,True,True,0.0,0.0,0.0,0.0,0.0,0.0,0.18,0.0,0.18,0.74,0.0,0.74,0.91,0.02,0.89,0.96,0.03,0.93,reasoning_A,A,HQ + A,repeat_05_fold_02,5,2
seniority_is_monotone,hq,0.96,0.62,0.34,0.6458333333333334,False,positive,3.0,100,6,True,True,True,0.0,0.0,0.0,0.0,0.0,0.0,0.19,0.15,0.04,0.64,0.47,0.17,0.89,0.6,0.29,0.96,0.62,0.34,reasoning_A,A,HQ + A,repeat_05_fold_02,5,2
years_in_large_company,hq,0.96,0.84,0.12,0.875,False,positive,3.0,100,6,True,True,True,0.0,0.0,0.0,0.0,0.0,0.0,0.22,0.22,0.0,0.62,0.61,0.01,0.89,0.81,0.08,0.96,0.84,0.12,reasoning_A,A,HQ + A,repeat_05_fold_02,5,2
founding_role_count,hq,0.95,0.71,0.24,0.7473684210526316,False,positive,3.0,100,6,True,True,True,0.0,0.0,0.0,0.0,0.0,0.0,0.01,0.0,0.01,0.29,0.19,0.1,0.8,0.6,0.2,0.95,0.71,0.24,reasoning_A,A,HQ + A,repeat_05_fold_02,5,2
prestige_x_relevance,hq,0.95,0.39,0.56,0.5894736842105264,False,negative,3.0,100,6,True,True,True,0.0,0.0,0.0,0.67,0.67,0.0,0.63,0.63,0.0,0.49,0.49,0.0,0.81,0.41,0.4,0.95,0.39,0.56,reasoning_A,A,HQ + A,repeat_05_fold_02,5,2
restlessness_score,hq,0.95,0.3,0.65,0.6842105263157895,False,negative,3.0,100,6,True,True,True,0.0,0.0,0.0,0.0,0.0,0.0,0.14,0.01,0.13,0.51,0.11,0.4,0.87,0.26,0.61,0.95,0.3,0.65,reasoning_A,A,HQ + A,repeat_05_fold_02,5,2
total_inferred_experience,hq,0.95,0.03,0.92,0.9684210526315791,True,negative,3.0,100,6,True,True,True,0.0,0.0,0.0,0.0,0.0,0.0,0.59,0.0,0.59,0.88,0.0,0.88,0.9,0.01,0.89,0.95,0.03,0.92,reasoning_A,A,HQ + A,repeat_05_fold_02,5,2
longest_founding_tenure,hq,0.94,0.31,0.63,0.6702127659574468,False,negative,3.0,100,6,True,True,True,0.0,0.0,0.0,0.0,0.0,0.0,0.52,0.0,0.52,0.71,0.03,0.68,0.82,0.16,0.66,0.94,0.31,0.63,reasoning_A,A,HQ + A,repeat_05_fold_02,5,2
persistence_score,hq,0.94,0.18,0.76,0.8085106382978724,False,negative,3.0,100,6,True,True,True,0.0,0.0,0.0,0.0,0.0,0.0,0.06,0.01,0.05,0.46,0.07,0.39,0.86,0.17,0.69,0.94,0.18,0.76,reasoning_A,A,HQ + A,repeat_05_fold_02,5,2
field_relevance_score,hq,0.92,0.79,0.13,0.8586956521739131,False,positive,3.0,100,6,True,True,True,0.0,0.0,0.0,0.0,0.0,0.0,0.13,0.13,0.0,0.45,0.41,0.04,0.76,0.66,0.1,0.92,0.79,0.13,reasoning_A,A,HQ + A,repeat_05_fold_02,5,2
prestige_sacrifice_score,hq,0.92,0.7,0.22,0.7608695652173912,False,positive,3.0,100,6,True,True,True,0.0,0.0,0.0,0.12,0.12,0.0,0.73,0.73,0.0,0.8,0.8,0.0,0.86,0.74,0.12,0.92,0.7,0.22,reasoning_A,A,HQ + A,repeat_05_fold_02,5,2
sacrifice_x_serial,hq,0.92,0.78,0.14,0.8478260869565217,False,positive,3.0,100,6,True,True,True,0.0,0.0,0.0,0.0,0.0,0.0,0.08,0.08,0.0,0.49,0.46,0.03,0.82,0.72,0.1,0.92,0.78,0.14,reasoning_A,A,HQ + A,repeat_05_fold_02,5,2
stem_flag,hq,0.92,0.51,0.41,0.5543478260869565,False,positive,3.0,100,6,True,True,True,0.0,0.0,0.0,0.0,0.0,0.0,0.12,0.11,0.01,0.5,0.4,0.1,0.77,0.48,0.29,0.92,0.51,0.41,reasoning_A,A,HQ + A,repeat_05_fold_02,5,2
has_prior_ipo,hq,0.91,0.86,0.05,0.945054945054945,True,positive,3.0,100,6,True,True,True,0.0,0.0,0.0,0.16,0.16,0.0,0.61,0.61,0.0,0.75,0.74,0.01,0.87,0.82,0.05,0.91,0.86,0.05,reasoning_A,A,HQ + A,repeat_05_fold_02,5,2
founding_timing,hq,0.89,0.54,0.35,0.6067415730337079,False,positive,3.0,100,6,True,True,False,0.0,0.0,0.0,0.0,0.0,0.0,0.04,0.0,0.04,0.23,0.01,0.22,0.59,0.27,0.32,0.89,0.54,0.35,reasoning_A,A,HQ + A,repeat_05_fold_02,5,2
exit_count,hq,0.87,0.87,0.0,1.0,True,positive,3.0,100,6,True,True,False,0.0,0.0,0.0,0.61,0.61,0.0,0.85,0.85,0.0,0.85,0.85,0.0,0.86,0.86,0.0,0.87,0.87,0.0,reasoning_A,A,HQ + A,repeat_05_fold_02,5,2
has_prior_acquisition,hq,0.3,0.24,0.06,0.8,False,positive,3.0,100,6,False,False,False,0.0,0.0,0.0,0.12,0.12,0.0,0.16,0.16,0.0,0.17,0.17,0.0,0.2,0.15,0.05,0.3,0.24,0.06,reasoning_A,A,HQ + A,repeat_05_fold_02,5,2
A_evidence_support_rating,reasoning,1.0,1.0,0.0,1.0,True,positive,0.03,100,6,True,True,True,0.0,0.0,0.0,1.0,1.0,0.0,1.0,1.0,0.0,1.0,1.0,0.0,1.0,1.0,0.0,1.0,1.0,0.0,reasoning_A,A,HQ + A,repeat_05_fold_02,5,2
A_scrappiness,reasoning,1.0,0.0,1.0,1.0,True,negative,0.1,100,6,True,True,True,0.0,0.0,0.0,0.33,0.0,0.33,1.0,0.0,1.0,1.0,0.0,1.0,1.0,0.0,1.0,1.0,0.0,1.0,reasoning_A,A,HQ + A,repeat_05_fold_02,5,2
A_ownership_signal,reasoning,0.99,0.05,0.94,0.9494949494949495,True,negative,3.0,100,6,True,True,True,0.0,0.0,0.0,0.52,0.0,0.52,0.97,0.0,0.97,0.96,0.01,0.95,0.95,0.02,0.93,0.99,0.05,0.94,reasoning_A,A,HQ + A,repeat_05_fold_02,5,2
A_career_coherence,reasoning,0.95,0.16,0.79,0.8315789473684211,False,negative,3.0,100,6,True,True,True,0.0,0.0,0.0,0.0,0.0,0.0,0.12,0.0,0.12,0.61,0.02,0.59,0.87,0.1,0.77,0.95,0.16,0.79,reasoning_A,A,HQ + A,repeat_05_fold_02,5,2
A_trajectory_strength,reasoning,0.94,0.16,0.78,0.8297872340425533,False,negative,3.0,100,6,True,True,True,0.0,0.0,0.0,0.0,0.0,0.0,0.28,0.0,0.28,0.68,0.02,0.66,0.83,0.1,0.73,0.94,0.16,0.78,reasoning_A,A,HQ + A,repeat_05_fold_02,5,2
best_degree_prestige,hq,1.0,1.0,0.0,1.0,True,positive,1.0,100,6,True,True,True,0.0,0.0,0.0,0.9,0.9,0.0,0.97,0.97,0.0,0.99,0.99,0.0,1.0,1.0,0.0,1.0,1.0,0.0,reasoning_F,F,HQ + F,repeat_05_fold_02,5,2
edu_prestige_tier,hq,1.0,1.0,0.0,1.0,True,positive,1.0,100,6,True,True,True,0.0,0.0,0.0,0.9,0.9,0.0,0.97,0.97,0.0,0.99,0.99,0.0,1.0,1.0,0.0,1.0,1.0,0.0,reasoning_F,F,HQ + F,repeat_05_fold_02,5,2
industry_alignment,hq,1.0,1.0,0.0,1.0,True,positive,0.3,100,6,True,True,True,0.0,0.0,0.0,0.11,0.11,0.0,0.94,0.94,0.0,1.0,1.0,0.0,1.0,1.0,0.0,1.0,1.0,0.0,reasoning_F,F,HQ + F,repeat_05_fold_02,5,2
industry_prestige_penalty,hq,1.0,0.9,0.1,0.9,True,positive,1.0,100,6,True,True,True,0.0,0.0,0.0,0.15,0.15,0.0,0.7,0.7,0.0,0.91,0.85,0.06,1.0,0.9,0.1,1.0,0.9,0.1,reasoning_F,F,HQ + F,repeat_05_fold_02,5,2
max_seniority_reached,hq,1.0,0.98,0.02,0.98,True,positive,3.0,100,6,True,True,True,0.0,0.0,0.0,0.0,0.0,0.0,0.37,0.37,0.0,0.91,0.91,0.0,0.98,0.96,0.02,1.0,0.98,0.02,reasoning_F,F,HQ + F,repeat_05_fold_02,5,2
degree_level,hq,0.99,0.08,0.91,0.9191919191919192,True,negative,3.0,100,6,True,True,True,0.0,0.0,0.0,0.0,0.0,0.0,0.26,0.04,0.22,0.82,0.06,0.76,0.98,0.08,0.9,0.99,0.08,0.91,reasoning_F,F,HQ + F,repeat_05_fold_02,5,2
industry_pivot_count,hq,0.99,0.02,0.97,0.9797979797979798,True,negative,1.0,100,6,True,True,True,0.0,0.0,0.0,0.0,0.0,0.0,0.58,0.0,0.58,0.93,0.0,0.93,0.99,0.02,0.97,0.99,0.02,0.97,reasoning_F,F,HQ + F,repeat_05_fold_02,5,2
comfort_index,hq,0.98,0.87,0.11,0.8877551020408163,False,positive,3.0,100,6,True,True,True,0.0,0.0,0.0,0.09,0.09,0.0,0.72,0.72,0.0,0.9,0.88,0.02,0.97,0.89,0.08,0.98,0.87,0.11,reasoning_F,F,HQ + F,repeat_05_fold_02,5,2
exit_x_serial,hq,0.98,0.53,0.45,0.5408163265306123,False,positive,3.0,100,6,True,True,True,0.0,0.0,0.0,0.34,0.34,0.0,0.49,0.49,0.0,0.66,0.56,0.1,0.88,0.54,0.34,0.98,0.53,0.45,reasoning_F,F,HQ + F,repeat_05_fold_02,5,2
years_in_large_company,hq,0.98,0.9,0.08,0.9183673469387755,True,positive,3.0,100,6,True,True,True,0.0,0.0,0.0,0.0,0.0,0.0,0.34,0.34,0.0,0.84,0.84,0.0,0.95,0.9,0.05,0.98,0.9,0.08,reasoning_F,F,HQ + F,repeat_05_fold_02,5,2
persistence_score,hq,0.97,0.11,0.86,0.8865979381443299,False,negative,3.0,100,6,True,True,True,0.0,0.0,0.0,0.0,0.0,0.0,0.13,0.0,0.13,0.57,0.09,0.48,0.85,0.1,0.75,0.97,0.11,0.86,reasoning_F,F,HQ + F,repeat_05_fold_02,5,2
sacrifice_x_serial,hq,0.97,0.86,0.11,0.8865979381443299,False,positive,3.0,100,6,True,True,True,0.0,0.0,0.0,0.0,0.0,0.0,0.08,0.08,0.0,0.51,0.48,0.03,0.82,0.74,0.08,0.97,0.86,0.11,reasoning_F,F,HQ + F,repeat_05_fold_02,5,2
stem_flag,hq,0.97,0.35,0.62,0.6391752577319588,False,negative,3.0,100,6,True,True,True,0.0,0.0,0.0,0.0,0.0,0.0,0.08,0.07,0.01,0.37,0.24,0.13,0.8,0.32,0.48,0.97,0.35,0.62,reasoning_F,F,HQ + F,repeat_05_fold_02,5,2
is_serial_founder,hq,0.96,0.01,0.95,0.9895833333333334,True,negative,3.0,100,6,True,True,True,0.0,0.0,0.0,0.0,0.0,0.0,0.24,0.0,0.24,0.76,0.0,0.76,0.92,0.01,0.91,0.96,0.01,0.95,reasoning_F,F,HQ + F,repeat_05_fold_02,5,2
prestige_x_relevance,hq,0.96,0.24,0.72,0.75,False,negative,3.0,100,6,True,True,True,0.0,0.0,0.0,0.61,0.61,0.0,0.57,0.57,0.0,0.44,0.39,0.05,0.69,0.25,0.44,0.96,0.24,0.72,reasoning_F,F,HQ + F,repeat_05_fold_02,5,2
repeat_founding_gap,hq,0.96,0.33,0.63,0.65625,False,negative,3.0,100,6,True,True,True,0.0,0.0,0.0,0.0,0.0,0.0,0.28,0.05,0.23,0.73,0.26,0.47,0.9,0.33,0.57,0.96,0.33,0.63,reasoning_F,F,HQ + F,repeat_05_fold_02,5,2
company_size_is_growing,hq,0.95,0.2,0.75,0.7894736842105263,False,negative,3.0,100,6,True,True,True,0.0,0.0,0.0,0.0,0.0,0.0,0.3,0.01,0.29,0.72,0.1,0.62,0.88,0.17,0.71,0.95,0.2,0.75,reasoning_F,F,HQ + F,repeat_05_fold_02,5,2
restlessness_score,hq,0.95,0.43,0.52,0.5473684210526316,False,negative,3.0,100,6,True,True,True,0.0,0.0,0.0,0.0,0.0,0.0,0.15,0.02,0.13,0.56,0.21,0.35,0.8,0.37,0.43,0.95,0.43,0.52,reasoning_F,F,HQ + F,repeat_05_fold_02,5,2
seniority_is_monotone,hq,0.95,0.51,0.44,0.5368421052631579,False,positive,3.0,100,6,True,True,True,0.0,0.0,0.0,0.0,0.0,0.0,0.09,0.05,0.04,0.59,0.31,0.28,0.83,0.46,0.37,0.95,0.51,0.44,reasoning_F,F,HQ + F,repeat_05_fold_02,5,2
founding_role_count,hq,0.94,0.66,0.28,0.7021276595744682,False,positive,3.0,100,6,True,True,True,0.0,0.0,0.0,0.0,0.0,0.0,0.07,0.0,0.07,0.38,0.22,0.16,0.8,0.56,0.24,0.94,0.66,0.28,reasoning_F,F,HQ + F,repeat_05_fold_02,5,2
founding_timing,hq,0.94,0.55,0.39,0.5851063829787235,False,positive,3.0,100,6,True,True,True,0.0,0.0,0.0,0.0,0.0,0.0,0.06,0.0,0.06,0.31,0.02,0.29,0.7,0.32,0.38,0.94,0.55,0.39,reasoning_F,F,HQ + F,repeat_05_fold_02,5,2
max_company_size_before_founding,hq,0.93,0.48,0.45,0.5161290322580645,False,positive,3.0,100,6,True,True,True,0.0,0.0,0.0,0.02,0.02,0.0,0.35,0.35,0.0,0.55,0.49,0.06,0.73,0.46,0.27,0.93,0.48,0.45,reasoning_F,F,HQ + F,repeat_05_fold_02,5,2
total_inferred_experience,hq,0.93,0.02,0.91,0.978494623655914,True,negative,3.0,100,6,True,True,True,0.0,0.0,0.0,0.0,0.0,0.0,0.7,0.0,0.7,0.9,0.0,0.9,0.89,0.0,0.89,0.93,0.02,0.91,reasoning_F,F,HQ + F,repeat_05_fold_02,5,2
field_relevance_score,hq,0.91,0.83,0.08,0.9120879120879121,True,positive,3.0,100,6,True,True,True,0.0,0.0,0.0,0.0,0.0,0.0,0.17,0.17,0.0,0.55,0.51,0.04,0.86,0.8,0.06,0.91,0.83,0.08,reasoning_F,F,HQ + F,repeat_05_fold_02,5,2
longest_founding_tenure,hq,0.91,0.4,0.51,0.5604395604395604,False,negative,3.0,100,6,True,True,True,0.0,0.0,0.0,0.0,0.0,0.0,0.52,0.0,0.52,0.63,0.01,0.62,0.81,0.25,0.56,0.91,0.4,0.51,reasoning_F,F,HQ + F,repeat_05_fold_02,5,2
prestige_sacrifice_score,hq,0.9,0.76,0.14,0.8444444444444444,False,positive,3.0,100,6,True,True,True,0.0,0.0,0.0,0.19,0.19,0.0,0.78,0.78,0.0,0.85,0.85,0.0,0.89,0.83,0.06,0.9,0.76,0.14,reasoning_F,F,HQ + F,repeat_05_fold_02,5,2
exit_count,hq,0.88,0.88,0.0,1.0,True,positive,3.0,100,6,True,True,False,0.0,0.0,0.0,0.55,0.55,0.0,0.82,0.82,0.0,0.84,0.84,0.0,0.86,0.86,0.0,0.88,0.88,0.0,reasoning_F,F,HQ + F,repeat_05_fold_02,5,2
has_prior_ipo,hq,0.83,0.82,0.01,0.9879518072289156,True,positive,1.0,100,6,True,True,False,0.0,0.0,0.0,0.13,0.13,0.0,0.61,0.6,0.01,0.79,0.78,0.01,0.83,0.82,0.01,0.83,0.82,0.01,reasoning_F,F,HQ + F,repeat_05_fold_02,5,2
has_prior_acquisition,hq,0.3,0.21,0.09,0.7,False,positive,3.0,100,6,False,False,False,0.0,0.0,0.0,0.07,0.07,0.0,0.17,0.17,0.0,0.16,0.15,0.01,0.26,0.18,0.08,0.3,0.21,0.09,reasoning_F,F,HQ + F,repeat_05_fold_02,5,2
F_career_coherence,reasoning,1.0,0.0,1.0,1.0,True,negative,1.0,100,6,True,True,True,0.0,0.0,0.0,0.0,0.0,0.0,0.56,0.0,0.56,0.99,0.0,0.99,1.0,0.0,1.0,1.0,0.0,1.0,reasoning_F,F,HQ + F,repeat_05_fold_02,5,2
F_evidence_support_rating,reasoning,1.0,1.0,0.0,1.0,True,positive,0.3,100,6,True,True,True,0.0,0.0,0.0,0.0,0.0,0.0,0.77,0.77,0.0,1.0,1.0,0.0,1.0,1.0,0.0,1.0,1.0,0.0,reasoning_F,F,HQ + F,repeat_05_fold_02,5,2
F_scrappiness,reasoning,0.88,0.3,0.58,0.6590909090909091,False,negative,3.0,100,6,True,True,False,0.0,0.0,0.0,0.0,0.0,0.0,0.0,0.0,0.0,0.18,0.07,0.11,0.59,0.25,0.34,0.88,0.3,0.58,reasoning_F,F,HQ + F,repeat_05_fold_02,5,2
F_trajectory_strength,reasoning,0.76,0.57,0.19,0.7499999999999999,False,positive,3.0,100,6,True,False,False,0.0,0.0,0.0,0.0,0.0,0.0,0.0,0.0,0.0,0.03,0.0,0.03,0.26,0.21,0.05,0.76,0.57,0.19,reasoning_F,F,HQ + F,repeat_05_fold_02,5,2
F_ownership_signal,reasoning,0.74,0.6,0.14,0.8108108108108107,False,positive,3.0,100,6,True,False,False,0.0,0.0,0.0,0.0,0.0,0.0,0.0,0.0,0.0,0.05,0.03,0.02,0.54,0.49,0.05,0.74,0.6,0.14,reasoning_F,F,HQ + F,repeat_05_fold_02,5,2
F_rubric_score,reasoning,0.7,0.57,0.13,0.8142857142857143,False,positive,3.0,100,6,True,False,False,0.0,0.0,0.0,0.0,0.0,0.0,0.0,0.0,0.0,0.04,0.01,0.03,0.38,0.34,0.04,0.7,0.57,0.13,reasoning_F,F,HQ + F,repeat_05_fold_02,5,2
best_degree_prestige,hq,1.0,0.96,0.04,0.96,True,positive,3.0,100,6,True,True,True,0.0,0.0,0.0,0.69,0.69,0.0,0.89,0.89,0.0,0.94,0.94,0.0,0.98,0.96,0.02,1.0,0.96,0.04,reasoning_A,A,HQ + A,repeat_05_fold_03,5,3
comfort_index,hq,1.0,0.92,0.08,0.92,True,positive,3.0,100,6,True,True,True,0.0,0.0,0.0,0.04,0.04,0.0,0.7,0.68,0.02,0.89,0.85,0.04,0.99,0.91,0.08,1.0,0.92,0.08,reasoning_A,A,HQ + A,repeat_05_fold_03,5,3
edu_prestige_tier,hq,1.0,0.96,0.04,0.96,True,positive,3.0,100,6,True,True,True,0.0,0.0,0.0,0.69,0.69,0.0,0.89,0.89,0.0,0.94,0.94,0.0,0.98,0.96,0.02,1.0,0.96,0.04,reasoning_A,A,HQ + A,repeat_05_fold_03,5,3
industry_prestige_penalty,hq,1.0,0.99,0.01,0.99,True,positive,3.0,100,6,True,True,True,0.0,0.0,0.0,0.54,0.54,0.0,0.96,0.96,0.0,0.99,0.99,0.0,0.99,0.99,0.0,1.0,0.99,0.01,reasoning_A,A,HQ + A,repeat_05_fold_03,5,3
max_seniority_reached,hq,1.0,1.0,0.0,1.0,True,positive,0.3,100,6,True,True,True,0.0,0.0,0.0,0.02,0.02,0.0,0.74,0.74,0.0,1.0,1.0,0.0,1.0,1.0,0.0,1.0,1.0,0.0,reasoning_A,A,HQ + A,repeat_05_fold_03,5,3
industry_alignment,hq,0.99,0.98,0.01,0.98989898989899,True,positive,0.3,100,6,True,True,True,0.0,0.0,0.0,0.16,0.16,0.0,0.9,0.9,0.0,0.99,0.98,0.01,0.99,0.98,0.01,0.99,0.98,0.01,reasoning_A,A,HQ + A,repeat_05_fold_03,5,3
company_size_is_growing,hq,0.97,0.89,0.08,0.9175257731958764,True,positive,3.0,100,6,True,True,True,0.0,0.0,0.0,0.0,0.0,0.0,0.12,0.11,0.01,0.59,0.57,0.02,0.92,0.86,0.06,0.97,0.89,0.08,reasoning_A,A,HQ + A,repeat_05_fold_03,5,3
degree_level,hq,0.97,0.1,0.87,0.8969072164948454,False,negative,3.0,100,6,True,True,True,0.0,0.0,0.0,0.0,0.0,0.0,0.2,0.0,0.2,0.76,0.04,0.72,0.94,0.08,0.86,0.97,0.1,0.87,reasoning_A,A,HQ + A,repeat_05_fold_03,5,3
longest_founding_tenure,hq,0.97,0.09,0.88,0.9072164948453608,True,negative,3.0,100,6,True,True,True,0.0,0.0,0.0,0.0,0.0,0.0,0.59,0.0,0.59,0.91,0.0,0.91,0.93,0.03,0.9,0.97,0.09,0.88,reasoning_A,A,HQ + A,repeat_05_fold_03,5,3
years_in_large_company,hq,0.97,0.87,0.1,0.8969072164948454,False,positive,3.0,100,6,True,True,True,0.0,0.0,0.0,0.05,0.05,0.0,0.45,0.45,0.0,0.78,0.76,0.02,0.91,0.83,0.08,0.97,0.87,0.1,reasoning_A,A,HQ + A,repeat_05_fold_03,5,3
restlessness_score,hq,0.96,0.11,0.85,0.8854166666666666,False,negative,3.0,100,6,True,True,True,0.0,0.0,0.0,0.0,0.0,0.0,0.22,0.01,0.21,0.69,0.03,0.66,0.9,0.09,0.81,0.96,0.11,0.85,reasoning_A,A,HQ + A,repeat_05_fold_03,5,3
seniority_is_monotone,hq,0.96,0.31,0.65,0.6770833333333334,False,negative,3.0,100,6,True,True,True,0.0,0.0,0.0,0.0,0.0,0.0,0.18,0.07,0.11,0.59,0.21,0.38,0.87,0.29,0.58,0.96,0.31,0.65,reasoning_A,A,HQ + A,repeat_05_fold_03,5,3
prestige_x_relevance,hq,0.95,0.63,0.32,0.6631578947368422,False,positive,3.0,100,6,True,True,True,0.0,0.0,0.0,0.71,0.71,0.0,0.75,0.75,0.0,0.6,0.6,0.0,0.77,0.61,0.16,0.95,0.63,0.32,reasoning_A,A,HQ + A,repeat_05_fold_03,5,3
sacrifice_x_serial,hq,0.95,0.71,0.24,0.7473684210526316,False,positive,3.0,100,6,True,True,True,0.0,0.0,0.0,0.01,0.01,0.0,0.12,0.12,0.0,0.42,0.38,0.04,0.83,0.67,0.16,0.95,0.71,0.24,reasoning_A,A,HQ + A,repeat_05_fold_03,5,3
exit_x_serial,hq,0.94,0.66,0.28,0.7021276595744682,False,positive,3.0,100,6,True,True,True,0.0,0.0,0.0,0.36,0.36,0.0,0.5,0.5,0.0,0.76,0.63,0.13,0.9,0.67,0.23,0.94,0.66,0.28,reasoning_A,A,HQ + A,repeat_05_fold_03,5,3
field_relevance_score,hq,0.94,0.23,0.71,0.7553191489361702,False,negative,3.0,100,6,True,True,True,0.0,0.0,0.0,0.0,0.0,0.0,0.03,0.02,0.01,0.33,0.09,0.24,0.81,0.17,0.64,0.94,0.23,0.71,reasoning_A,A,HQ + A,repeat_05_fold_03,5,3
has_prior_ipo,hq,0.94,0.86,0.08,0.9148936170212766,True,positive,3.0,100,6,True,True,True,0.0,0.0,0.0,0.44,0.44,0.0,0.78,0.76,0.02,0.88,0.83,0.05,0.92,0.85,0.07,0.94,0.86,0.08,reasoning_A,A,HQ + A,repeat_05_fold_03,5,3
repeat_founding_gap,hq,0.94,0.66,0.28,0.7021276595744682,False,positive,3.0,100,6,True,True,True,0.0,0.0,0.0,0.0,0.0,0.0,0.18,0.12,0.06,0.69,0.53,0.16,0.87,0.64,0.23,0.94,0.66,0.28,reasoning_A,A,HQ + A,repeat_05_fold_03,5,3
stem_flag,hq,0.94,0.8,0.14,0.8510638297872342,False,positive,3.0,100,6,True,True,True,0.0,0.0,0.0,0.0,0.0,0.0,0.19,0.19,0.0,0.5,0.5,0.0,0.82,0.73,0.09,0.94,0.8,0.14,reasoning_A,A,HQ + A,repeat_05_fold_03,5,3
total_inferred_experience,hq,0.94,0.08,0.86,0.9148936170212766,True,negative,3.0,100,6,True,True,True,0.0,0.0,0.0,0.0,0.0,0.0,0.63,0.0,0.63,0.89,0.0,0.89,0.91,0.03,0.88,0.94,0.08,0.86,reasoning_A,A,HQ + A,repeat_05_fold_03,5,3
max_company_size_before_founding,hq,0.93,0.84,0.09,0.9032258064516128,True,positive,3.0,100,6,True,True,True,0.0,0.0,0.0,0.02,0.02,0.0,0.37,0.37,0.0,0.7,0.69,0.01,0.8,0.76,0.04,0.93,0.84,0.09,reasoning_A,A,HQ + A,repeat_05_fold_03,5,3
industry_pivot_count,hq,0.92,0.29,0.63,0.6847826086956521,False,negative,3.0,100,6,True,True,True,0.0,0.0,0.0,0.0,0.0,0.0,0.15,0.0,0.15,0.53,0.07,0.46,0.81,0.19,0.62,0.92,0.29,0.63,reasoning_A,A,HQ + A,repeat_05_fold_03,5,3
prestige_sacrifice_score,hq,0.92,0.73,0.19,0.7934782608695652,False,positive,3.0,100,6,True,True,True,0.0,0.0,0.0,0.55,0.55,0.0,0.86,0.86,0.0,0.86,0.86,0.0,0.8,0.78,0.02,0.92,0.73,0.19,reasoning_A,A,HQ + A,repeat_05_fold_03,5,3
founding_timing,hq,0.91,0.44,0.47,0.5164835164835164,False,negative,3.0,100,6,True,True,True,0.0,0.0,0.0,0.0,0.0,0.0,0.08,0.0,0.08,0.3,0.01,0.29,0.65,0.27,0.38,0.91,0.44,0.47,reasoning_A,A,HQ + A,repeat_05_fold_03,5,3
persistence_score,hq,0.91,0.72,0.19,0.7912087912087912,False,positive,3.0,100,6,True,True,True,0.0,0.0,0.0,0.0,0.0,0.0,0.1,0.1,0.0,0.58,0.51,0.07,0.8,0.67,0.13,0.91,0.72,0.19,reasoning_A,A,HQ + A,repeat_05_fold_03,5,3
is_serial_founder,hq,0.9,0.23,0.67,0.7444444444444445,False,negative,3.0,100,6,True,True,True,0.0,0.0,0.0,0.0,0.0,0.0,0.07,0.01,0.06,0.46,0.08,0.38,0.81,0.18,0.63,0.9,0.23,0.67,reasoning_A,A,HQ + A,repeat_05_fold_03,5,3
founding_role_count,hq,0.89,0.49,0.4,0.550561797752809,False,positive,3.0,100,6,True,True,False,0.0,0.0,0.0,0.0,0.0,0.0,0.06,0.0,0.06,0.38,0.13,0.25,0.71,0.38,0.33,0.89,0.49,0.4,reasoning_A,A,HQ + A,repeat_05_fold_03,5,3
exit_count,hq,0.81,0.81,0.0,1.0,True,positive,0.1,100,6,True,True,False,0.0,0.0,0.0,0.73,0.73,0.0,0.81,0.81,0.0,0.8,0.8,0.0,0.81,0.8,0.01,0.8,0.79,0.01,reasoning_A,A,HQ + A,repeat_05_fold_03,5,3
has_prior_acquisition,hq,0.57,0.47,0.1,0.8245614035087719,False,positive,3.0,100,6,False,False,False,0.0,0.0,0.0,0.04,0.04,0.0,0.13,0.13,0.0,0.16,0.14,0.02,0.24,0.15,0.09,0.57,0.47,0.1,reasoning_A,A,HQ + A,repeat_05_fold_03,5,3
A_evidence_support_rating,reasoning,1.0,1.0,0.0,1.0,True,positive,0.03,100,6,True,True,True,0.0,0.0,0.0,1.0,1.0,0.0,1.0,1.0,0.0,1.0,1.0,0.0,1.0,1.0,0.0,1.0,1.0,0.0,reasoning_A,A,HQ + A,repeat_05_fold_03,5,3
A_scrappiness,reasoning,1.0,0.0,1.0,1.0,True,negative,0.1,100,6,True,True,True,0.0,0.0,0.0,0.61,0.0,0.61,1.0,0.0,1.0,1.0,0.0,1.0,1.0,0.0,1.0,1.0,0.0,1.0,reasoning_A,A,HQ + A,repeat_05_fold_03,5,3
A_ownership_signal,reasoning,0.95,0.09,0.86,0.9052631578947369,True,negative,3.0,100,6,True,True,True,0.0,0.0,0.0,0.27,0.0,0.27,0.83,0.0,0.83,0.87,0.0,0.87,0.93,0.07,0.86,0.95,0.09,0.86,reasoning_A,A,HQ + A,repeat_05_fold_03,5,3
A_career_coherence,reasoning,0.92,0.21,0.71,0.7717391304347825,False,negative,3.0,100,6,True,True,True,0.0,0.0,0.0,0.0,0.0,0.0,0.04,0.02,0.02,0.41,0.05,0.36,0.82,0.16,0.66,0.92,0.21,0.71,reasoning_A,A,HQ + A,repeat_05_fold_03,5,3
A_trajectory_strength,reasoning,0.91,0.27,0.64,0.7032967032967032,False,negative,3.0,100,6,True,True,True,0.0,0.0,0.0,0.0,0.0,0.0,0.17,0.0,0.17,0.57,0.01,0.56,0.83,0.19,0.64,0.91,0.27,0.64,reasoning_A,A,HQ + A,repeat_05_fold_03,5,3
comfort_index,hq,1.0,0.73,0.27,0.73,False,positive,3.0,100,6,True,True,True,0.0,0.0,0.0,0.06,0.06,0.0,0.6,0.59,0.01,0.78,0.68,0.1,0.99,0.73,0.26,1.0,0.73,0.27,reasoning_F,F,HQ + F,repeat_05_fold_03,5,3
industry_alignment,hq,1.0,1.0,0.0,1.0,True,positive,1.0,100,6,True,True,True,0.0,0.0,0.0,0.13,0.13,0.0,0.92,0.92,0.0,0.99,0.99,0.0,1.0,1.0,0.0,1.0,1.0,0.0,reasoning_F,F,HQ + F,repeat_05_fold_03,5,3
max_seniority_reached,hq,1.0,1.0,0.0,1.0,True,positive,0.3,100,6,True,True,True,0.0,0.0,0.0,0.07,0.07,0.0,0.84,0.84,0.0,1.0,1.0,0.0,1.0,1.0,0.0,1.0,1.0,0.0,reasoning_F,F,HQ + F,repeat_05_fold_03,5,3
company_size_is_growing,hq,0.99,0.91,0.08,0.9191919191919192,True,positive,3.0,100,6,True,True,True,0.0,0.0,0.0,0.0,0.0,0.0,0.21,0.18,0.03,0.73,0.66,0.07,0.96,0.88,0.08,0.99,0.91,0.08,reasoning_F,F,HQ + F,repeat_05_fold_03,5,3
industry_prestige_penalty,hq,0.99,0.99,0.0,1.0,True,positive,1.0,100,6,True,True,True,0.0,0.0,0.0,0.45,0.45,0.0,0.91,0.91,0.0,0.98,0.98,0.0,0.99,0.99,0.0,0.99,0.99,0.0,reasoning_F,F,HQ + F,repeat_05_fold_03,5,3
best_degree_prestige,hq,0.98,0.97,0.01,0.9897959183673469,True,positive,0.3,100,6,True,True,True,0.0,0.0,0.0,0.69,0.69,0.0,0.94,0.94,0.0,0.98,0.97,0.01,0.97,0.96,0.01,0.98,0.97,0.01,reasoning_F,F,HQ + F,repeat_05_fold_03,5,3
degree_level,hq,0.98,0.05,0.93,0.9489795918367347,True,negative,3.0,100,6,True,True,True,0.0,0.0,0.0,0.0,0.0,0.0,0.19,0.01,0.18,0.88,0.04,0.84,0.96,0.06,0.9,0.98,0.05,0.93,reasoning_F,F,HQ + F,repeat_05_fold_03,5,3
edu_prestige_tier,hq,0.98,0.97,0.01,0.9897959183673469,True,positive,0.3,100,6,True,True,True,0.0,0.0,0.0,0.69,0.69,0.0,0.94,0.94,0.0,0.98,0.97,0.01,0.97,0.96,0.01,0.98,0.97,0.01,reasoning_F,F,HQ + F,repeat_05_fold_03,5,3
restlessness_score,hq,0.98,0.07,0.91,0.9285714285714286,True,negative,3.0,100,6,True,True,True,0.0,0.0,0.0,0.0,0.0,0.0,0.27,0.01,0.26,0.78,0.03,0.75,0.93,0.06,0.87,0.98,0.07,0.91,reasoning_F,F,HQ + F,repeat_05_fold_03,5,3
seniority_is_monotone,hq,0.98,0.24,0.74,0.7551020408163265,False,negative,3.0,100,6,True,True,True,0.0,0.0,0.0,0.0,0.0,0.0,0.14,0.03,0.11,0.7,0.16,0.54,0.9,0.22,0.68,0.98,0.24,0.74,reasoning_F,F,HQ + F,repeat_05_fold_03,5,3
exit_x_serial,hq,0.97,0.56,0.41,0.577319587628866,False,positive,3.0,100,6,True,True,True,0.0,0.0,0.0,0.27,0.27,0.0,0.45,0.44,0.01,0.67,0.52,0.15,0.85,0.56,0.29,0.97,0.56,0.41,reasoning_F,F,HQ + F,repeat_05_fold_03,5,3
founding_role_count,hq,0.97,0.51,0.46,0.5257731958762887,False,positive,3.0,100,6,True,True,True,0.0,0.0,0.0,0.0,0.0,0.0,0.08,0.0,0.08,0.36,0.06,0.3,0.8,0.37,0.43,0.97,0.51,0.46,reasoning_F,F,HQ + F,repeat_05_fold_03,5,3
years_in_large_company,hq,0.97,0.95,0.02,0.979381443298969,True,positive,3.0,100,6,True,True,True,0.0,0.0,0.0,0.02,0.02,0.0,0.53,0.53,0.0,0.88,0.88,0.0,0.95,0.95,0.0,0.97,0.95,0.02,reasoning_F,F,HQ + F,repeat_05_fold_03,5,3
is_serial_founder,hq,0.96,0.19,0.77,0.8020833333333334,False,negative,3.0,100,6,True,True,True,0.0,0.0,0.0,0.0,0.0,0.0,0.1,0.0,0.1,0.53,0.06,0.47,0.84,0.16,0.68,0.96,0.19,0.77,reasoning_F,F,HQ + F,repeat_05_fold_03,5,3
prestige_sacrifice_score,hq,0.96,0.81,0.15,0.8437500000000001,False,positive,3.0,100,6,True,True,True,0.0,0.0,0.0,0.41,0.41,0.0,0.8,0.8,0.0,0.86,0.86,0.0,0.89,0.82,0.07,0.96,0.81,0.15,reasoning_F,F,HQ + F,repeat_05_fold_03,5,3
repeat_founding_gap,hq,0.96,0.67,0.29,0.6979166666666667,False,positive,3.0,100,6,True,True,True,0.0,0.0,0.0,0.0,0.0,0.0,0.33,0.29,0.04,0.7,0.59,0.11,0.95,0.67,0.28,0.96,0.67,0.29,reasoning_F,F,HQ + F,repeat_05_fold_03,5,3
longest_founding_tenure,hq,0.95,0.15,0.8,0.8421052631578948,False,negative,3.0,100,6,True,True,True,0.0,0.0,0.0,0.0,0.0,0.0,0.56,0.0,0.56,0.88,0.0,0.88,0.91,0.08,0.83,0.95,0.15,0.8,reasoning_F,F,HQ + F,repeat_05_fold_03,5,3
persistence_score,hq,0.95,0.69,0.26,0.7263157894736841,False,positive,3.0,100,6,True,True,True,0.0,0.0,0.0,0.0,0.0,0.0,0.21,0.21,0.0,0.62,0.56,0.06,0.86,0.67,0.19,0.95,0.69,0.26,reasoning_F,F,HQ + F,repeat_05_fold_03,5,3
max_company_size_before_founding,hq,0.94,0.74,0.2,0.7872340425531915,False,positive,3.0,100,6,True,True,True,0.0,0.0,0.0,0.02,0.02,0.0,0.34,0.34,0.0,0.62,0.6,0.02,0.84,0.72,0.12,0.94,0.74,0.2,reasoning_F,F,HQ + F,repeat_05_fold_03,5,3
industry_pivot_count,hq,0.93,0.45,0.48,0.5161290322580645,False,negative,3.0,100,6,True,True,True,0.0,0.0,0.0,0.0,0.0,0.0,0.18,0.03,0.15,0.58,0.24,0.34,0.8,0.36,0.44,0.93,0.45,0.48,reasoning_F,F,HQ + F,repeat_05_fold_03,5,3
founding_timing,hq,0.92,0.49,0.43,0.5326086956521738,False,positive,3.0,100,6,True,True,True,0.0,0.0,0.0,0.0,0.0,0.0,0.1,0.0,0.1,0.32,0.0,0.32,0.71,0.33,0.38,0.92,0.49,0.43,reasoning_F,F,HQ + F,repeat_05_fold_03,5,3
has_prior_ipo,hq,0.92,0.83,0.09,0.9021739130434782,True,positive,3.0,100,6,True,True,True,0.0,0.0,0.0,0.4,0.4,0.0,0.68,0.67,0.01,0.83,0.77,0.06,0.89,0.8,0.09,0.92,0.83,0.09,reasoning_F,F,HQ + F,repeat_05_fold_03,5,3
total_inferred_experience,hq,0.91,0.11,0.8,0.8791208791208791,False,negative,3.0,100,6,True,True,True,0.0,0.0,0.0,0.0,0.0,0.0,0.65,0.0,0.65,0.83,0.0,0.83,0.85,0.05,0.8,0.91,0.11,0.8,reasoning_F,F,HQ + F,repeat_05_fold_03,5,3
field_relevance_score,hq,0.9,0.51,0.39,0.5666666666666667,False,positive,3.0,100,6,True,True,True,0.0,0.0,0.0,0.0,0.0,0.0,0.09,0.09,0.0,0.41,0.26,0.15,0.77,0.44,0.33,0.9,0.51,0.39,reasoning_F,F,HQ + F,repeat_05_fold_03,5,3
stem_flag,hq,0.9,0.63,0.27,0.7,False,positive,3.0,100,6,True,True,True,0.0,0.0,0.0,0.0,0.0,0.0,0.13,0.13,0.0,0.41,0.35,0.06,0.77,0.56,0.21,0.9,0.63,0.27,reasoning_F,F,HQ + F,repeat_05_fold_03,5,3
prestige_x_relevance,hq,0.89,0.89,0.0,1.0,True,positive,0.1,100,6,True,True,False,0.0,0.0,0.0,0.78,0.78,0.0,0.89,0.89,0.0,0.73,0.73,0.0,0.74,0.61,0.13,0.89,0.56,0.33,reasoning_F,F,HQ + F,repeat_05_fold_03,5,3
sacrifice_x_serial,hq,0.89,0.69,0.2,0.7752808988764044,False,positive,3.0,100,6,True,True,False,0.0,0.0,0.0,0.01,0.01,0.0,0.12,0.12,0.0,0.47,0.44,0.03,0.77,0.64,0.13,0.89,0.69,0.2,reasoning_F,F,HQ + F,repeat_05_fold_03,5,3
exit_count,hq,0.86,0.86,0.0,1.0,True,positive,0.1,100,6,True,True,False,0.0,0.0,0.0,0.79,0.79,0.0,0.86,0.86,0.0,0.84,0.84,0.0,0.82,0.82,0.0,0.82,0.82,0.0,reasoning_F,F,HQ + F,repeat_05_fold_03,5,3
has_prior_acquisition,hq,0.32,0.25,0.07,0.78125,False,positive,3.0,100,6,False,False,False,0.0,0.0,0.0,0.05,0.05,0.0,0.19,0.19,0.0,0.2,0.2,0.0,0.21,0.18,0.03,0.32,0.25,0.07,reasoning_F,F,HQ + F,repeat_05_fold_03,5,3
F_evidence_support_rating,reasoning,1.0,1.0,0.0,1.0,True,positive,0.3,100,6,True,True,True,0.0,0.0,0.0,0.0,0.0,0.0,0.47,0.47,0.0,1.0,1.0,0.0,1.0,1.0,0.0,1.0,1.0,0.0,reasoning_F,F,HQ + F,repeat_05_fold_03,5,3
F_rubric_score,reasoning,1.0,0.0,1.0,1.0,True,negative,3.0,100,6,True,True,True,0.0,0.0,0.0,0.0,0.0,0.0,0.09,0.0,0.09,0.24,0.0,0.24,0.73,0.0,0.73,1.0,0.0,1.0,reasoning_F,F,HQ + F,repeat_05_fold_03,5,3
F_trajectory_strength,reasoning,1.0,1.0,0.0,1.0,True,positive,3.0,100,6,True,True,True,0.0,0.0,0.0,0.0,0.0,0.0,0.0,0.0,0.0,0.02,0.02,0.0,0.76,0.76,0.0,1.0,1.0,0.0,reasoning_F,F,HQ + F,repeat_05_fold_03,5,3
F_career_coherence,reasoning,0.96,0.0,0.96,1.0,True,negative,1.0,100,6,True,True,True,0.0,0.0,0.0,0.01,0.0,0.01,0.67,0.0,0.67,0.95,0.0,0.95,0.96,0.0,0.96,0.96,0.0,0.96,reasoning_F,F,HQ + F,repeat_05_fold_03,5,3
F_ownership_signal,reasoning,0.87,0.8,0.07,0.9195402298850576,True,positive,3.0,100,6,True,True,False,0.0,0.0,0.0,0.0,0.0,0.0,0.0,0.0,0.0,0.08,0.06,0.02,0.6,0.57,0.03,0.87,0.8,0.07,reasoning_F,F,HQ + F,repeat_05_fold_03,5,3
F_scrappiness,reasoning,0.82,0.56,0.26,0.6829268292682927,False,positive,3.0,100,6,True,True,False,0.0,0.0,0.0,0.0,0.0,0.0,0.0,0.0,0.0,0.15,0.1,0.05,0.59,0.42,0.17,0.82,0.56,0.26,reasoning_F,F,HQ + F,repeat_05_fold_03,5,3
