family_id,family_label,family_display_label,route_group,route_label,evaluator_model,requested_n_components,actual_n_components,original_reasoning_feature_count,latent_feature_count,outer_split_id,repeat_index,fold_index,precision,recall,pr_auc,f0_5,threshold
HQ,HQ,HQ,hq_benchmark,HQ,logistic,,0,0,0,repeat_01_fold_01,1,1,0.225,0.20454545454545456,0.1728398426927734,0.22058823529411764,0.18000000000000005
HQ,HQ,HQ,hq_benchmark,HQ,xgb1,,0,0,0,repeat_01_fold_01,1,1,0.25,0.14393939393939395,0.18770920225599613,0.21788990825688073,0.7200000000000002
HQ,HQ,HQ,hq_benchmark,HQ,logistic,,0,0,0,repeat_01_fold_02,1,2,0.2571428571428571,0.20454545454545456,0.16969644952860535,0.24456521739130435,0.23000000000000004
HQ,HQ,HQ,hq_benchmark,HQ,xgb1,,0,0,0,repeat_01_fold_02,1,2,0.22535211267605634,0.24242424242424243,0.17783624774423024,0.22857142857142856,0.6800000000000002
HQ,HQ,HQ,hq_benchmark,HQ,logistic,,0,0,0,repeat_01_fold_03,1,3,0.1836734693877551,0.06818181818181818,0.15503518378913772,0.13719512195121952,0.27
HQ,HQ,HQ,hq_benchmark,HQ,xgb1,,0,0,0,repeat_01_fold_03,1,3,0.20930232558139536,0.06818181818181818,0.15466675842940847,0.14802631578947367,0.7900000000000001
HQ,HQ,HQ,hq_benchmark,HQ,logistic,,0,0,0,repeat_02_fold_01,2,1,0.29347826086956524,0.20454545454545456,0.18873435116058512,0.27,0.21000000000000002
HQ,HQ,HQ,hq_benchmark,HQ,xgb1,,0,0,0,repeat_02_fold_01,2,1,0.31666666666666665,0.14393939393939395,0.18978141068365492,0.2553763440860215,0.7600000000000002
HQ,HQ,HQ,hq_benchmark,HQ,logistic,,0,0,0,repeat_02_fold_02,2,2,0.175,0.05303030303030303,0.15421679000113267,0.11986301369863013,0.32000000000000006
HQ,HQ,HQ,hq_benchmark,HQ,xgb1,,0,0,0,repeat_02_fold_02,2,2,0.1794871794871795,0.05303030303030303,0.1550634356355553,0.12152777777777778,0.8600000000000002
HQ,HQ,HQ,hq_benchmark,HQ,logistic,,0,0,0,repeat_02_fold_03,2,3,0.3064516129032258,0.14393939393939395,0.15622766773276062,0.25,0.31000000000000005
HQ,HQ,HQ,hq_benchmark,HQ,xgb1,,0,0,0,repeat_02_fold_03,2,3,0.16033755274261605,0.2878787878787879,0.1681190044886895,0.17592592592592593,0.5900000000000002
HQ,HQ,HQ,hq_benchmark,HQ,logistic,,0,0,0,repeat_03_fold_01,3,1,0.21839080459770116,0.14393939393939395,0.1483702428063503,0.19791666666666666,0.21000000000000002
HQ,HQ,HQ,hq_benchmark,HQ,xgb1,,0,0,0,repeat_03_fold_01,3,1,0.2222222222222222,0.07575757575757576,0.1550557125069846,0.16025641025641027,0.8200000000000002
HQ,HQ,HQ,hq_benchmark,HQ,logistic,,0,0,0,repeat_03_fold_02,3,2,0.18681318681318682,0.25757575757575757,0.1641861568477814,0.19767441860465115,0.16000000000000003
HQ,HQ,HQ,hq_benchmark,HQ,xgb1,,0,0,0,repeat_03_fold_02,3,2,0.17842323651452283,0.32575757575757575,0.15924567029702213,0.19616788321167883,0.5900000000000002
HQ,HQ,HQ,hq_benchmark,HQ,logistic,,0,0,0,repeat_03_fold_03,3,3,0.30303030303030304,0.15151515151515152,0.19171045884650875,0.25252525252525254,0.24000000000000005
HQ,HQ,HQ,hq_benchmark,HQ,xgb1,,0,0,0,repeat_03_fold_03,3,3,0.22962962962962963,0.23484848484848486,0.19023428032099934,0.23065476190476192,0.6500000000000001
HQ,HQ,HQ,hq_benchmark,HQ,logistic,,0,0,0,repeat_04_fold_01,4,1,0.20454545454545456,0.13636363636363635,0.1524930374123935,0.1859504132231405,0.23000000000000004
HQ,HQ,HQ,hq_benchmark,HQ,xgb1,,0,0,0,repeat_04_fold_01,4,1,0.17543859649122806,0.15151515151515152,0.1541879072493822,0.17006802721088435,0.7100000000000002
HQ,HQ,HQ,hq_benchmark,HQ,logistic,,0,0,0,repeat_04_fold_02,4,2,0.24,0.22727272727272727,0.17560776426082808,0.23734177215189872,0.18000000000000005
HQ,HQ,HQ,hq_benchmark,HQ,xgb1,,0,0,0,repeat_04_fold_02,4,2,0.27956989247311825,0.19696969696969696,0.18220399469798215,0.25793650793650796,0.7000000000000002
HQ,HQ,HQ,hq_benchmark,HQ,logistic,,0,0,0,repeat_04_fold_03,4,3,0.2872340425531915,0.20454545454545456,0.1753235717980437,0.265748031496063,0.2
HQ,HQ,HQ,hq_benchmark,HQ,xgb1,,0,0,0,repeat_04_fold_03,4,3,0.3050847457627119,0.13636363636363635,0.17551888131731447,0.24456521739130435,0.7600000000000002
HQ,HQ,HQ,hq_benchmark,HQ,logistic,,0,0,0,repeat_05_fold_01,5,1,0.2653061224489796,0.09848484848484848,0.19464382152919,0.19817073170731708,0.27
HQ,HQ,HQ,hq_benchmark,HQ,xgb1,,0,0,0,repeat_05_fold_01,5,1,0.24761904761904763,0.19696969696969696,0.17917238252847284,0.23550724637681159,0.6800000000000002
HQ,HQ,HQ,hq_benchmark,HQ,logistic,,0,0,0,repeat_05_fold_02,5,2,0.2857142857142857,0.10606060606060606,0.16084907781188504,0.21341463414634146,0.29000000000000004
HQ,HQ,HQ,hq_benchmark,HQ,xgb1,,0,0,0,repeat_05_fold_02,5,2,0.18518518518518517,0.30303030303030304,0.16954560705232138,0.20080321285140562,0.6100000000000001
HQ,HQ,HQ,hq_benchmark,HQ,logistic,,0,0,0,repeat_05_fold_03,5,3,0.19298245614035087,0.16666666666666666,0.16345715697141716,0.1870748299319728,0.21000000000000002
HQ,HQ,HQ,hq_benchmark,HQ,xgb1,,0,0,0,repeat_05_fold_03,5,3,0.19327731092436976,0.17424242424242425,0.15647907641529993,0.18914473684210525,0.6900000000000002
HQ,HQ,HQ,hq_benchmark,HQ,logistic,,0,0,0,repeat_06_fold_01,6,1,0.27906976744186046,0.18181818181818182,0.17896195163438247,0.25210084033613445,0.21000000000000002
HQ,HQ,HQ,hq_benchmark,HQ,xgb1,,0,0,0,repeat_06_fold_01,6,1,0.20502092050209206,0.3712121212121212,0.19000248229786973,0.22518382352941177,0.5800000000000002
HQ,HQ,HQ,hq_benchmark,HQ,logistic,,0,0,0,repeat_06_fold_02,6,2,0.23809523809523808,0.15151515151515152,0.16986567182165585,0.21367521367521367,0.21000000000000002
HQ,HQ,HQ,hq_benchmark,HQ,xgb1,,0,0,0,repeat_06_fold_02,6,2,0.25862068965517243,0.11363636363636363,0.1745200120877131,0.20604395604395603,0.7600000000000002
HQ,HQ,HQ,hq_benchmark,HQ,logistic,,0,0,0,repeat_06_fold_03,6,3,0.18181818181818182,0.15151515151515152,0.1521967929353381,0.17482517482517482,0.19
HQ,HQ,HQ,hq_benchmark,HQ,xgb1,,0,0,0,repeat_06_fold_03,6,3,0.1870967741935484,0.2196969696969697,0.14926490674339601,0.19281914893617022,0.6400000000000001
HQ,HQ,HQ,hq_benchmark,HQ,logistic,,0,0,0,repeat_07_fold_01,7,1,0.23333333333333334,0.21212121212121213,0.16328984710776345,0.22875816993464052,0.17000000000000004
HQ,HQ,HQ,hq_benchmark,HQ,xgb1,,0,0,0,repeat_07_fold_01,7,1,0.22580645161290322,0.10606060606060606,0.1658178233883879,0.18421052631578946,0.7400000000000002
HQ,HQ,HQ,hq_benchmark,HQ,logistic,,0,0,0,repeat_07_fold_02,7,2,0.21052631578947367,0.12121212121212122,0.1487927563349129,0.1834862385321101,0.24000000000000005
HQ,HQ,HQ,hq_benchmark,HQ,xgb1,,0,0,0,repeat_07_fold_02,7,2,0.20689655172413793,0.09090909090909091,0.1482690801261693,0.16483516483516483,0.7700000000000002
HQ,HQ,HQ,hq_benchmark,HQ,logistic,,0,0,0,repeat_07_fold_03,7,3,0.2872340425531915,0.20454545454545456,0.1891586588014245,0.265748031496063,0.22000000000000003
HQ,HQ,HQ,hq_benchmark,HQ,xgb1,,0,0,0,repeat_07_fold_03,7,3,0.24203821656050956,0.2878787878787879,0.19758224002426483,0.25,0.6600000000000001
HQ,HQ,HQ,hq_benchmark,HQ,logistic,,0,0,0,repeat_08_fold_01,8,1,0.24691358024691357,0.15151515151515152,0.17690954624929014,0.21929824561403508,0.21000000000000002
HQ,HQ,HQ,hq_benchmark,HQ,xgb1,,0,0,0,repeat_08_fold_01,8,1,0.2682926829268293,0.08333333333333333,0.17928099535867476,0.1858108108108108,0.7800000000000001
HQ,HQ,HQ,hq_benchmark,HQ,logistic,,0,0,0,repeat_08_fold_02,8,2,0.19672131147540983,0.09090909090909091,0.15781304941501698,0.1595744680851064,0.29000000000000004
HQ,HQ,HQ,hq_benchmark,HQ,xgb1,,0,0,0,repeat_08_fold_02,8,2,0.2073170731707317,0.12878787878787878,0.16007209447826198,0.18478260869565216,0.7200000000000002
HQ,HQ,HQ,hq_benchmark,HQ,logistic,,0,0,0,repeat_08_fold_03,8,3,0.296875,0.14393939393939395,0.17221109312442628,0.24484536082474226,0.29000000000000004
HQ,HQ,HQ,hq_benchmark,HQ,xgb1,,0,0,0,repeat_08_fold_03,8,3,0.17993079584775087,0.3939393939393939,0.17392965893821616,0.20186335403726707,0.5700000000000002
HQ,HQ,HQ,hq_benchmark,HQ,logistic,,0,0,0,repeat_09_fold_01,9,1,0.24489795918367346,0.09090909090909091,0.15239154909085056,0.18292682926829268,0.30000000000000004
HQ,HQ,HQ,hq_benchmark,HQ,xgb1,,0,0,0,repeat_09_fold_01,9,1,0.23214285714285715,0.09848484848484848,0.1572613234298331,0.18258426966292135,0.7700000000000002
HQ,HQ,HQ,hq_benchmark,HQ,logistic,,0,0,0,repeat_09_fold_02,9,2,0.24193548387096775,0.22727272727272727,0.17868943458668543,0.23885350318471338,0.19
HQ,HQ,HQ,hq_benchmark,HQ,xgb1,,0,0,0,repeat_09_fold_02,9,2,0.2147239263803681,0.26515151515151514,0.18869510987517496,0.22321428571428573,0.6300000000000001
HQ,HQ,HQ,hq_benchmark,HQ,logistic,,0,0,0,repeat_09_fold_03,9,3,0.26865671641791045,0.13636363636363635,0.1830211075260395,0.225,0.25000000000000006
HQ,HQ,HQ,hq_benchmark,HQ,xgb1,,0,0,0,repeat_09_fold_03,9,3,0.24742268041237114,0.18181818181818182,0.1796516634554546,0.23076923076923078,0.7100000000000002
HQ,HQ,HQ,hq_benchmark,HQ,logistic,,0,0,0,repeat_10_fold_01,10,1,0.2465753424657534,0.13636363636363635,0.1593747242971067,0.21226415094339623,0.28
HQ,HQ,HQ,hq_benchmark,HQ,xgb1,,0,0,0,repeat_10_fold_01,10,1,0.22784810126582278,0.13636363636363635,0.15194646793807698,0.20089285714285715,0.7500000000000002
HQ,HQ,HQ,hq_benchmark,HQ,logistic,,0,0,0,repeat_10_fold_02,10,2,0.16279069767441862,0.05303030303030303,0.13643356995147005,0.11513157894736842,0.4700000000000001
HQ,HQ,HQ,hq_benchmark,HQ,xgb1,,0,0,0,repeat_10_fold_02,10,2,0.19696969696969696,0.09848484848484848,0.15251806048939498,0.16414141414141414,0.7100000000000002
HQ,HQ,HQ,hq_benchmark,HQ,logistic,,0,0,0,repeat_10_fold_03,10,3,0.40476190476190477,0.12878787878787878,0.20716130281590953,0.2833333333333333,0.39000000000000007
HQ,HQ,HQ,hq_benchmark,HQ,xgb1,,0,0,0,repeat_10_fold_03,10,3,0.23728813559322035,0.3181818181818182,0.20974313129908417,0.25,0.6400000000000001
HQ,HQ,HQ,hq_benchmark,HQ,logistic,,0,0,0,repeat_11_fold_01,11,1,0.23076923076923078,0.13636363636363635,0.16570793798501213,0.20270270270270271,0.25000000000000006
HQ,HQ,HQ,hq_benchmark,HQ,xgb1,,0,0,0,repeat_11_fold_01,11,1,0.25806451612903225,0.12121212121212122,0.17574406386853864,0.21052631578947367,0.7600000000000002
HQ,HQ,HQ,hq_benchmark,HQ,logistic,,0,0,0,repeat_11_fold_02,11,2,0.20149253731343283,0.20454545454545456,0.16893476398377455,0.20209580838323354,0.17000000000000004
HQ,HQ,HQ,hq_benchmark,HQ,xgb1,,0,0,0,repeat_11_fold_02,11,2,0.20909090909090908,0.17424242424242425,0.17512307513649755,0.20104895104895104,0.6800000000000002
HQ,HQ,HQ,hq_benchmark,HQ,logistic,,0,0,0,repeat_11_fold_03,11,3,0.19540229885057472,0.12878787878787878,0.16022641662447495,0.17708333333333334,0.22000000000000003
HQ,HQ,HQ,hq_benchmark,HQ,xgb1,,0,0,0,repeat_11_fold_03,11,3,0.2222222222222222,0.12121212121212122,0.16137012228217323,0.19047619047619047,0.7400000000000002
HQ,HQ,HQ,hq_benchmark,HQ,logistic,,0,0,0,repeat_12_fold_01,12,1,0.24,0.13636363636363635,0.16030563652066293,0.20833333333333334,0.26000000000000006
HQ,HQ,HQ,hq_benchmark,HQ,xgb1,,0,0,0,repeat_12_fold_01,12,1,0.288135593220339,0.12878787878787878,0.16681678077997844,0.23097826086956522,0.8000000000000002
HQ,HQ,HQ,hq_benchmark,HQ,logistic,,0,0,0,repeat_12_fold_02,12,2,0.14285714285714285,0.05303030303030303,0.1475922182785384,0.10670731707317073,0.26000000000000006
HQ,HQ,HQ,hq_benchmark,HQ,xgb1,,0,0,0,repeat_12_fold_02,12,2,0.18181818181818182,0.09090909090909091,0.14972592577817195,0.15151515151515152,0.7300000000000002
HQ,HQ,HQ,hq_benchmark,HQ,logistic,,0,0,0,repeat_12_fold_03,12,3,0.2523364485981308,0.20454545454545456,0.19873384415690232,0.24107142857142858,0.2
HQ,HQ,HQ,hq_benchmark,HQ,xgb1,,0,0,0,repeat_12_fold_03,12,3,0.2073170731707317,0.38636363636363635,0.19951558980488532,0.22849462365591397,0.5900000000000002
HQ,HQ,HQ,hq_benchmark,HQ,logistic,,0,0,0,repeat_13_fold_01,13,1,0.3055555555555556,0.16666666666666666,0.18522454739045846,0.2619047619047619,0.23000000000000004
HQ,HQ,HQ,hq_benchmark,HQ,xgb1,,0,0,0,repeat_13_fold_01,13,1,0.27848101265822783,0.16666666666666666,0.19405214034966262,0.24553571428571427,0.7200000000000002
HQ,HQ,HQ,hq_benchmark,HQ,logistic,,0,0,0,repeat_13_fold_02,13,2,0.10869565217391304,0.03787878787878788,0.13296082510955043,0.07911392405063292,0.35000000000000003
HQ,HQ,HQ,hq_benchmark,HQ,xgb1,,0,0,0,repeat_13_fold_02,13,2,0.1810344827586207,0.1590909090909091,0.1353158600952866,0.1761744966442953,0.6600000000000001
HQ,HQ,HQ,hq_benchmark,HQ,logistic,,0,0,0,repeat_13_fold_03,13,3,0.21348314606741572,0.14393939393939395,0.1693376708615577,0.19467213114754098,0.23000000000000004
HQ,HQ,HQ,hq_benchmark,HQ,xgb1,,0,0,0,repeat_13_fold_03,13,3,0.19298245614035087,0.25,0.17232512789525567,0.20220588235294118,0.6400000000000001
HQ,HQ,HQ,hq_benchmark,HQ,logistic,,0,0,0,repeat_14_fold_01,14,1,0.22123893805309736,0.1893939393939394,0.17783835274958784,0.21404109589041095,0.18000000000000005
HQ,HQ,HQ,hq_benchmark,HQ,xgb1,,0,0,0,repeat_14_fold_01,14,1,0.2631578947368421,0.11363636363636363,0.16780358465557724,0.20833333333333334,0.7400000000000002
HQ,HQ,HQ,hq_benchmark,HQ,logistic,,0,0,0,repeat_14_fold_02,14,2,0.25,0.18181818181818182,0.17395892983798728,0.23255813953488372,0.2
HQ,HQ,HQ,hq_benchmark,HQ,xgb1,,0,0,0,repeat_14_fold_02,14,2,0.2152777777777778,0.23484848484848486,0.17690727665387024,0.2189265536723164,0.6600000000000001
HQ,HQ,HQ,hq_benchmark,HQ,logistic,,0,0,0,repeat_14_fold_03,14,3,0.205607476635514,0.16666666666666666,0.15462867567519165,0.19642857142857142,0.2
HQ,HQ,HQ,hq_benchmark,HQ,xgb1,,0,0,0,repeat_14_fold_03,14,3,0.23232323232323232,0.17424242424242425,0.16117994208049138,0.2178030303030303,0.7000000000000002
HQ,HQ,HQ,hq_benchmark,HQ,logistic,,0,0,0,repeat_15_fold_01,15,1,0.21739130434782608,0.11363636363636363,0.15243140398062838,0.18382352941176472,0.25000000000000006
HQ,HQ,HQ,hq_benchmark,HQ,xgb1,,0,0,0,repeat_15_fold_01,15,1,0.21052631578947367,0.15151515151515152,0.1749895098069761,0.1953125,0.6800000000000002
HQ,HQ,HQ,hq_benchmark,HQ,logistic,,0,0,0,repeat_15_fold_02,15,2,0.2032520325203252,0.1893939393939394,0.17773365559555762,0.20032051282051283,0.19
HQ,HQ,HQ,hq_benchmark,HQ,xgb1,,0,0,0,repeat_15_fold_02,15,2,0.20833333333333334,0.3787878787878788,0.18265113433868246,0.22893772893772893,0.6100000000000001
HQ,HQ,HQ,hq_benchmark,HQ,logistic,,0,0,0,repeat_15_fold_03,15,3,0.1949685534591195,0.23484848484848486,0.1532934692068517,0.20182291666666666,0.17000000000000004
HQ,HQ,HQ,hq_benchmark,HQ,xgb1,,0,0,0,repeat_15_fold_03,15,3,0.26666666666666666,0.12121212121212122,0.15709039192288074,0.21505376344086022,0.7700000000000002
HQ,HQ,HQ,hq_benchmark,HQ,logistic,,0,0,0,repeat_16_fold_01,16,1,0.19696969696969696,0.09848484848484848,0.15747021209466514,0.16414141414141414,0.25000000000000006
HQ,HQ,HQ,hq_benchmark,HQ,xgb1,,0,0,0,repeat_16_fold_01,16,1,0.2112676056338028,0.11363636363636363,0.1524638463872916,0.18028846153846154,0.7400000000000002
HQ,HQ,HQ,hq_benchmark,HQ,logistic,,0,0,0,repeat_16_fold_02,16,2,0.34065934065934067,0.23484848484848486,0.20283233582429305,0.3125,0.2
HQ,HQ,HQ,hq_benchmark,HQ,xgb1,,0,0,0,repeat_16_fold_02,16,2,0.29,0.2196969696969697,0.21741977733649986,0.2725563909774436,0.6700000000000002
HQ,HQ,HQ,hq_benchmark,HQ,logistic,,0,0,0,repeat_16_fold_03,16,3,0.18478260869565216,0.25757575757575757,0.1495957766338471,0.195852534562212,0.16000000000000003
HQ,HQ,HQ,hq_benchmark,HQ,xgb1,,0,0,0,repeat_16_fold_03,16,3,0.171875,0.08333333333333333,0.14333329591775096,0.14175257731958762,0.7800000000000001
reasoning_A,A,HQ + A,raw_family,HQ + A (raw),logistic,,0,5,5,repeat_01_fold_01,1,1,0.2907801418439716,0.3106060606060606,0.2248034962736978,0.29454022988505746,0.24000000000000005
reasoning_A,A,HQ + A,raw_family,HQ + A (raw),xgb1,,0,5,5,repeat_01_fold_01,1,1,0.34558823529411764,0.3560606060606061,0.24164258667305183,0.34763313609467456,0.7400000000000002
reasoning_A,A,HQ + A,block_pls,HQ + A PLS-block (k=2),logistic,2.0,2,5,2,repeat_01_fold_01,1,1,0.28125,0.2727272727272727,0.21186344006532387,0.2795031055900621,0.24000000000000005
reasoning_A,A,HQ + A,block_pls,HQ + A PLS-block (k=2),xgb1,2.0,2,5,2,repeat_01_fold_01,1,1,0.30578512396694213,0.2803030303030303,0.23321927206706441,0.3003246753246753,0.7800000000000001
reasoning_A,A,HQ + A,block_pls,HQ + A PLS-block (k=3),logistic,3.0,3,5,3,repeat_01_fold_01,1,1,0.2847222222222222,0.3106060606060606,0.22494485707880604,0.2895480225988701,0.24000000000000005
reasoning_A,A,HQ + A,block_pls,HQ + A PLS-block (k=3),xgb1,3.0,3,5,3,repeat_01_fold_01,1,1,0.3064516129032258,0.2878787878787879,0.24373985178825677,0.30254777070063693,0.7900000000000001
reasoning_B,B,HQ + B,raw_family,HQ + B (raw),logistic,,0,2,2,repeat_01_fold_01,1,1,0.2676056338028169,0.14393939393939395,0.17243101450731563,0.2283653846153846,0.24000000000000005
reasoning_B,B,HQ + B,raw_family,HQ + B (raw),xgb1,,0,2,2,repeat_01_fold_01,1,1,0.2625,0.1590909090909091,0.18747544793509865,0.2323008849557522,0.7100000000000002
reasoning_B,B,HQ + B,block_pls,HQ + B PLS-block (k=1),logistic,1.0,1,2,1,repeat_01_fold_01,1,1,0.22131147540983606,0.20454545454545456,0.1698055326062223,0.21774193548387097,0.18000000000000005
reasoning_B,B,HQ + B,block_pls,HQ + B PLS-block (k=1),xgb1,1.0,1,2,1,repeat_01_fold_01,1,1,0.24719101123595505,0.16666666666666666,0.18663219052430366,0.22540983606557377,0.7000000000000002
reasoning_B,B,HQ + B,block_pls,HQ + B PLS-block (k=2),logistic,2.0,2,2,2,repeat_01_fold_01,1,1,0.2676056338028169,0.14393939393939395,0.17240305095371458,0.2283653846153846,0.24000000000000005
reasoning_B,B,HQ + B,block_pls,HQ + B PLS-block (k=2),xgb1,2.0,2,2,2,repeat_01_fold_01,1,1,0.2619047619047619,0.16666666666666666,0.1887144333802997,0.23504273504273504,0.7100000000000002
reasoning_C,C,HQ + C,raw_family,HQ + C (raw),logistic,,0,3,3,repeat_01_fold_01,1,1,0.2222222222222222,0.21212121212121213,0.17341327523893665,0.22012578616352202,0.18000000000000005
reasoning_C,C,HQ + C,raw_family,HQ + C (raw),xgb1,,0,3,3,repeat_01_fold_01,1,1,0.25609756097560976,0.1590909090909091,0.18537029952654133,0.22826086956521738,0.7100000000000002
reasoning_C,C,HQ + C,block_pls,HQ + C PLS-block (k=2),logistic,2.0,2,3,2,repeat_01_fold_01,1,1,0.20567375886524822,0.2196969696969697,0.17327426693036385,0.20833333333333334,0.17000000000000004
reasoning_C,C,HQ + C,block_pls,HQ + C PLS-block (k=2),xgb1,2.0,2,3,2,repeat_01_fold_01,1,1,0.22727272727272727,0.1893939393939394,0.19299935828827666,0.21853146853146854,0.6800000000000002
reasoning_D,D,HQ + D,raw_family,HQ + D (raw),logistic,,0,2,2,repeat_01_fold_01,1,1,0.19801980198019803,0.30303030303030304,0.17858399384408272,0.2127659574468085,0.15000000000000002
reasoning_D,D,HQ + D,raw_family,HQ + D (raw),xgb1,,0,2,2,repeat_01_fold_01,1,1,0.23076923076923078,0.18181818181818182,0.18976820296979627,0.21897810218978103,0.6800000000000002
reasoning_D,D,HQ + D,block_pls,HQ + D PLS-block (k=1),logistic,1.0,1,2,1,repeat_01_fold_01,1,1,0.2786885245901639,0.12878787878787878,0.17396584582161326,0.22606382978723405,0.26000000000000006
reasoning_D,D,HQ + D,block_pls,HQ + D PLS-block (k=1),xgb1,1.0,1,2,1,repeat_01_fold_01,1,1,0.28378378378378377,0.1590909090909091,0.18831086404448769,0.24532710280373832,0.7200000000000002
reasoning_D,D,HQ + D,block_pls,HQ + D PLS-block (k=2),logistic,2.0,2,2,2,repeat_01_fold_01,1,1,0.2391304347826087,0.25,0.17873358346847104,0.2412280701754386,0.18000000000000005
reasoning_D,D,HQ + D,block_pls,HQ + D PLS-block (k=2),xgb1,2.0,2,2,2,repeat_01_fold_01,1,1,0.28169014084507044,0.15151515151515152,0.19409839719999267,0.2403846153846154,0.7200000000000002
reasoning_E,E,HQ + E,raw_family,HQ + E (raw),logistic,,0,3,3,repeat_01_fold_01,1,1,0.189873417721519,0.22727272727272727,0.1715627743781797,0.19633507853403143,0.16000000000000003
reasoning_E,E,HQ + E,raw_family,HQ + E (raw),xgb1,,0,3,3,repeat_01_fold_01,1,1,0.22916666666666666,0.3333333333333333,0.18597884076260268,0.24444444444444444,0.6200000000000001
reasoning_E,E,HQ + E,block_pls,HQ + E PLS-block (k=1),logistic,1.0,1,3,1,repeat_01_fold_01,1,1,0.2088607594936709,0.25,0.17203629784921057,0.21596858638743455,0.16000000000000003
reasoning_E,E,HQ + E,block_pls,HQ + E PLS-block (k=1),xgb1,1.0,1,3,1,repeat_01_fold_01,1,1,0.21808510638297873,0.3106060606060606,0.18649724148546085,0.2319004524886878,0.6200000000000001
reasoning_F,F,HQ + F,raw_family,HQ + F (raw),logistic,,0,6,6,repeat_01_fold_01,1,1,0.24752475247524752,0.1893939393939394,0.1814528188968434,0.2332089552238806,0.21000000000000002
reasoning_F,F,HQ + F,raw_family,HQ + F (raw),xgb1,,0,6,6,repeat_01_fold_01,1,1,0.2602739726027397,0.14393939393939395,0.1899722611300831,0.2240566037735849,0.7100000000000002
reasoning_F,F,HQ + F,block_pls,HQ + F PLS-block (k=2),logistic,2.0,2,6,2,repeat_01_fold_01,1,1,0.25225225225225223,0.21212121212121213,0.18074051446099543,0.24305555555555555,0.2
reasoning_F,F,HQ + F,block_pls,HQ + F PLS-block (k=2),xgb1,2.0,2,6,2,repeat_01_fold_01,1,1,0.2905982905982906,0.25757575757575757,0.20774189385205613,0.2833333333333333,0.6700000000000002
reasoning_F,F,HQ + F,block_pls,HQ + F PLS-block (k=3),logistic,3.0,3,6,3,repeat_01_fold_01,1,1,0.27358490566037735,0.2196969696969697,0.18344430078291363,0.2607913669064748,0.2
reasoning_F,F,HQ + F,block_pls,HQ + F PLS-block (k=3),xgb1,3.0,3,6,3,repeat_01_fold_01,1,1,0.3146067415730337,0.21212121212121213,0.2133296427374348,0.28688524590163933,0.6900000000000002
reasoning_A,A,HQ + A,raw_family,HQ + A (raw),logistic,,0,5,5,repeat_01_fold_02,1,2,0.34579439252336447,0.2803030303030303,0.2453701868620316,0.33035714285714285,0.29000000000000004
reasoning_A,A,HQ + A,raw_family,HQ + A (raw),xgb1,,0,5,5,repeat_01_fold_02,1,2,0.31896551724137934,0.2803030303030303,0.24658735980113028,0.3104026845637584,0.7400000000000002
reasoning_A,A,HQ + A,block_pls,HQ + A PLS-block (k=2),logistic,2.0,2,5,2,repeat_01_fold_02,1,2,0.3652173913043478,0.3181818181818182,0.23858524266651499,0.3547297297297297,0.27
reasoning_A,A,HQ + A,block_pls,HQ + A PLS-block (k=2),xgb1,2.0,2,5,2,repeat_01_fold_02,1,2,0.3333333333333333,0.3939393939393939,0.25787249026154424,0.3439153439153439,0.7200000000000002
reasoning_A,A,HQ + A,block_pls,HQ + A PLS-block (k=3),logistic,3.0,3,5,3,repeat_01_fold_02,1,2,0.3490566037735849,0.2803030303030303,0.24611192536139334,0.3327338129496403,0.29000000000000004
reasoning_A,A,HQ + A,block_pls,HQ + A PLS-block (k=3),xgb1,3.0,3,5,3,repeat_01_fold_02,1,2,0.3793103448275862,0.3333333333333333,0.26372564946145566,0.3691275167785235,0.7700000000000002
reasoning_B,B,HQ + B,raw_family,HQ + B (raw),logistic,,0,2,2,repeat_01_fold_02,1,2,0.2088607594936709,0.25,0.17136850506784335,0.21596858638743455,0.19
reasoning_B,B,HQ + B,raw_family,HQ + B (raw),xgb1,,0,2,2,repeat_01_fold_02,1,2,0.21476510067114093,0.24242424242424243,0.17682855410943357,0.21978021978021978,0.6700000000000002
reasoning_B,B,HQ + B,block_pls,HQ + B PLS-block (k=1),logistic,1.0,1,2,1,repeat_01_fold_02,1,2,0.21897810218978103,0.22727272727272727,0.1701970148529886,0.22058823529411764,0.2
reasoning_B,B,HQ + B,block_pls,HQ + B PLS-block (k=1),xgb1,1.0,1,2,1,repeat_01_fold_02,1,2,0.2129032258064516,0.25,0.1768086941987339,0.21941489361702127,0.6700000000000002
reasoning_B,B,HQ + B,block_pls,HQ + B PLS-block (k=2),logistic,2.0,2,2,2,repeat_01_fold_02,1,2,0.20754716981132076,0.25,0.17129722368698122,0.21484375,0.19
reasoning_B,B,HQ + B,block_pls,HQ + B PLS-block (k=2),xgb1,2.0,2,2,2,repeat_01_fold_02,1,2,0.21341463414634146,0.26515151515151514,0.17904438174223683,0.22208121827411167,0.6600000000000001
reasoning_C,C,HQ + C,raw_family,HQ + C (raw),logistic,,0,3,3,repeat_01_fold_02,1,2,0.21641791044776118,0.2196969696969697,0.1709577855061698,0.21706586826347304,0.21000000000000002
reasoning_C,C,HQ + C,raw_family,HQ + C (raw),xgb1,,0,3,3,repeat_01_fold_02,1,2,0.22077922077922077,0.25757575757575757,0.1802335386002059,0.22727272727272727,0.6600000000000001
reasoning_C,C,HQ + C,block_pls,HQ + C PLS-block (k=2),logistic,2.0,2,3,2,repeat_01_fold_02,1,2,0.19753086419753085,0.24242424242424243,0.17088126308982626,0.20512820512820512,0.19
reasoning_C,C,HQ + C,block_pls,HQ + C PLS-block (k=2),xgb1,2.0,2,3,2,repeat_01_fold_02,1,2,0.23125,0.2803030303030303,0.18343474544980992,0.23963730569948186,0.6600000000000001
reasoning_D,D,HQ + D,raw_family,HQ + D (raw),logistic,,0,2,2,repeat_01_fold_02,1,2,0.2288135593220339,0.20454545454545456,0.17823339966953267,0.22350993377483444,0.22000000000000003
reasoning_D,D,HQ + D,raw_family,HQ + D (raw),xgb1,,0,2,2,repeat_01_fold_02,1,2,0.23741007194244604,0.25,0.18303062526781885,0.23982558139534885,0.6800000000000002
reasoning_D,D,HQ + D,block_pls,HQ + D PLS-block (k=1),logistic,1.0,1,2,1,repeat_01_fold_02,1,2,0.2647058823529412,0.20454545454545456,0.17267185351123343,0.25,0.23000000000000004
reasoning_D,D,HQ + D,block_pls,HQ + D PLS-block (k=1),xgb1,1.0,1,2,1,repeat_01_fold_02,1,2,0.21935483870967742,0.25757575757575757,0.1831181382324114,0.22606382978723405,0.6700000000000002
reasoning_D,D,HQ + D,block_pls,HQ + D PLS-block (k=2),logistic,2.0,2,2,2,repeat_01_fold_02,1,2,0.23853211009174313,0.19696969696969696,0.1780097917251132,0.22887323943661972,0.23000000000000004
reasoning_D,D,HQ + D,block_pls,HQ + D PLS-block (k=2),xgb1,2.0,2,2,2,repeat_01_fold_02,1,2,0.24113475177304963,0.25757575757575757,0.18922753285045946,0.2442528735632184,0.6800000000000002
reasoning_E,E,HQ + E,raw_family,HQ + E (raw),logistic,,0,3,3,repeat_01_fold_02,1,2,0.24770642201834864,0.20454545454545456,0.16628473817060568,0.23767605633802816,0.23000000000000004
reasoning_E,E,HQ + E,raw_family,HQ + E (raw),xgb1,,0,3,3,repeat_01_fold_02,1,2,0.25217391304347825,0.2196969696969697,0.17605669394082518,0.24493243243243243,0.7100000000000002
reasoning_E,E,HQ + E,block_pls,HQ + E PLS-block (k=1),logistic,1.0,1,3,1,repeat_01_fold_02,1,2,0.2052980132450331,0.23484848484848486,0.16728845811738796,0.2105978260869565,0.19
reasoning_E,E,HQ + E,block_pls,HQ + E PLS-block (k=1),xgb1,1.0,1,3,1,repeat_01_fold_02,1,2,0.27692307692307694,0.13636363636363635,0.17492973593007594,0.22959183673469388,0.7800000000000001
reasoning_F,F,HQ + F,raw_family,HQ + F (raw),logistic,,0,6,6,repeat_01_fold_02,1,2,0.24793388429752067,0.22727272727272727,0.18521298900495833,0.2435064935064935,0.22000000000000003
reasoning_F,F,HQ + F,raw_family,HQ + F (raw),xgb1,,0,6,6,repeat_01_fold_02,1,2,0.23776223776223776,0.25757575757575757,0.18058263637741534,0.24147727272727273,0.6700000000000002
reasoning_F,F,HQ + F,block_pls,HQ + F PLS-block (k=2),logistic,2.0,2,6,2,repeat_01_fold_02,1,2,0.24,0.22727272727272727,0.1832927201243766,0.23734177215189872,0.22000000000000003
reasoning_F,F,HQ + F,block_pls,HQ + F PLS-block (k=2),xgb1,2.0,2,6,2,repeat_01_fold_02,1,2,0.2154696132596685,0.29545454545454547,0.194404589807919,0.22780373831775702,0.6500000000000001
reasoning_F,F,HQ + F,block_pls,HQ + F PLS-block (k=3),logistic,3.0,3,6,3,repeat_01_fold_02,1,2,0.28735632183908044,0.1893939393939394,0.18509322746649537,0.2604166666666667,0.25000000000000006
reasoning_F,F,HQ + F,block_pls,HQ + F PLS-block (k=3),xgb1,3.0,3,6,3,repeat_01_fold_02,1,2,0.23493975903614459,0.29545454545454547,0.19957719419510492,0.2449748743718593,0.6600000000000001
reasoning_A,A,HQ + A,raw_family,HQ + A (raw),logistic,,0,5,5,repeat_01_fold_03,1,3,0.2948717948717949,0.17424242424242425,0.21156580863698018,0.25900900900900903,0.29000000000000004
reasoning_A,A,HQ + A,raw_family,HQ + A (raw),xgb1,,0,5,5,repeat_01_fold_03,1,3,0.30097087378640774,0.23484848484848486,0.22311833371376075,0.2849264705882353,0.7200000000000002
reasoning_A,A,HQ + A,block_pls,HQ + A PLS-block (k=2),logistic,2.0,2,5,2,repeat_01_fold_03,1,3,0.26785714285714285,0.22727272727272727,0.2110309184382211,0.25862068965517243,0.24000000000000005
reasoning_A,A,HQ + A,block_pls,HQ + A PLS-block (k=2),xgb1,2.0,2,5,2,repeat_01_fold_03,1,3,0.3076923076923077,0.18181818181818182,0.21912467189086254,0.2702702702702703,0.8100000000000002
reasoning_A,A,HQ + A,block_pls,HQ + A PLS-block (k=3),logistic,3.0,3,5,3,repeat_01_fold_03,1,3,0.3076923076923077,0.18181818181818182,0.21109102115716427,0.2702702702702703,0.29000000000000004
reasoning_A,A,HQ + A,block_pls,HQ + A PLS-block (k=3),xgb1,3.0,3,5,3,repeat_01_fold_03,1,3,0.27350427350427353,0.24242424242424243,0.22247837875305948,0.26666666666666666,0.7300000000000002
reasoning_B,B,HQ + B,raw_family,HQ + B (raw),logistic,,0,2,2,repeat_01_fold_03,1,3,0.21739130434782608,0.07575757575757576,0.15899630277401028,0.15822784810126583,0.28
reasoning_B,B,HQ + B,raw_family,HQ + B (raw),xgb1,,0,2,2,repeat_01_fold_03,1,3,0.22033898305084745,0.09848484848484848,0.15451170707961603,0.1766304347826087,0.7400000000000002
reasoning_B,B,HQ + B,block_pls,HQ + B PLS-block (k=1),logistic,1.0,1,2,1,repeat_01_fold_03,1,3,0.18,0.06818181818181818,0.15762753730185317,0.1355421686746988,0.27
reasoning_B,B,HQ + B,block_pls,HQ + B PLS-block (k=1),xgb1,1.0,1,2,1,repeat_01_fold_03,1,3,0.21153846153846154,0.08333333333333333,0.15872418949005368,0.16176470588235295,0.7400000000000002
reasoning_B,B,HQ + B,block_pls,HQ + B PLS-block (k=2),logistic,2.0,2,2,2,repeat_01_fold_03,1,3,0.21739130434782608,0.07575757575757576,0.15910388722608956,0.15822784810126583,0.28
reasoning_B,B,HQ + B,block_pls,HQ + B PLS-block (k=2),xgb1,2.0,2,2,2,repeat_01_fold_03,1,3,0.2391304347826087,0.08333333333333333,0.15691733451516848,0.17405063291139242,0.7900000000000001
reasoning_C,C,HQ + C,raw_family,HQ + C (raw),logistic,,0,3,3,repeat_01_fold_03,1,3,0.18,0.06818181818181818,0.15971687434952367,0.1355421686746988,0.27
reasoning_C,C,HQ + C,raw_family,HQ + C (raw),xgb1,,0,3,3,repeat_01_fold_03,1,3,0.20588235294117646,0.10606060606060606,0.15617546789402373,0.17326732673267325,0.7200000000000002
reasoning_C,C,HQ + C,block_pls,HQ + C PLS-block (k=2),logistic,2.0,2,3,2,repeat_01_fold_03,1,3,0.18,0.06818181818181818,0.16064748167819567,0.1355421686746988,0.27
reasoning_C,C,HQ + C,block_pls,HQ + C PLS-block (k=2),xgb1,2.0,2,3,2,repeat_01_fold_03,1,3,0.21428571428571427,0.06818181818181818,0.16744599218642942,0.15,0.8300000000000002
reasoning_D,D,HQ + D,raw_family,HQ + D (raw),logistic,,0,2,2,repeat_01_fold_03,1,3,0.1875,0.06818181818181818,0.1657864288750657,0.1388888888888889,0.30000000000000004
reasoning_D,D,HQ + D,raw_family,HQ + D (raw),xgb1,,0,2,2,repeat_01_fold_03,1,3,0.2222222222222222,0.10606060606060606,0.1641471491847894,0.18229166666666666,0.7200000000000002
reasoning_D,D,HQ + D,block_pls,HQ + D PLS-block (k=1),logistic,1.0,1,2,1,repeat_01_fold_03,1,3,0.1836734693877551,0.06818181818181818,0.16088956065118,0.13719512195121952,0.28
reasoning_D,D,HQ + D,block_pls,HQ + D PLS-block (k=1),xgb1,1.0,1,2,1,repeat_01_fold_03,1,3,0.19148936170212766,0.06818181818181818,0.16670266758369573,0.140625,0.7800000000000001
reasoning_D,D,HQ + D,block_pls,HQ + D PLS-block (k=2),logistic,2.0,2,2,2,repeat_01_fold_03,1,3,0.1836734693877551,0.06818181818181818,0.16607073220473514,0.13719512195121952,0.30000000000000004
reasoning_D,D,HQ + D,block_pls,HQ + D PLS-block (k=2),xgb1,2.0,2,2,2,repeat_01_fold_03,1,3,0.23076923076923078,0.11363636363636363,0.17269326837289753,0.1913265306122449,0.7300000000000002
reasoning_E,E,HQ + E,raw_family,HQ + E (raw),logistic,,0,3,3,repeat_01_fold_03,1,3,0.20454545454545456,0.06818181818181818,0.15447750439601987,0.1461038961038961,0.30000000000000004
reasoning_E,E,HQ + E,raw_family,HQ + E (raw),xgb1,,0,3,3,repeat_01_fold_03,1,3,0.22580645161290322,0.10606060606060606,0.15543187723429827,0.18421052631578946,0.7300000000000002
reasoning_E,E,HQ + E,block_pls,HQ + E PLS-block (k=1),logistic,1.0,1,3,1,repeat_01_fold_03,1,3,0.18,0.06818181818181818,0.15512033801926417,0.1355421686746988,0.27
reasoning_E,E,HQ + E,block_pls,HQ + E PLS-block (k=1),xgb1,1.0,1,3,1,repeat_01_fold_03,1,3,0.18333333333333332,0.08333333333333333,0.15371269686281025,0.1478494623655914,0.7300000000000002
reasoning_F,F,HQ + F,raw_family,HQ + F (raw),logistic,,0,6,6,repeat_01_fold_03,1,3,0.2236842105263158,0.12878787878787878,0.16060810763547792,0.19495412844036697,0.24000000000000005
reasoning_F,F,HQ + F,raw_family,HQ + F (raw),xgb1,,0,6,6,repeat_01_fold_03,1,3,0.20754716981132076,0.08333333333333333,0.1580445097863338,0.15988372093023256,0.7400000000000002
reasoning_F,F,HQ + F,block_pls,HQ + F PLS-block (k=2),logistic,2.0,2,6,2,repeat_01_fold_03,1,3,0.23809523809523808,0.15151515151515152,0.1575405067340903,0.21367521367521367,0.22000000000000003
reasoning_F,F,HQ + F,block_pls,HQ + F PLS-block (k=2),xgb1,2.0,2,6,2,repeat_01_fold_03,1,3,0.2638888888888889,0.14393939393939395,0.16090949194538923,0.2261904761904762,0.7400000000000002
reasoning_F,F,HQ + F,block_pls,HQ + F PLS-block (k=3),logistic,3.0,3,6,3,repeat_01_fold_03,1,3,0.21621621621621623,0.12121212121212122,0.15812593433340752,0.18691588785046728,0.24000000000000005
reasoning_F,F,HQ + F,block_pls,HQ + F PLS-block (k=3),xgb1,3.0,3,6,3,repeat_01_fold_03,1,3,0.2692307692307692,0.1590909090909091,0.16720459275093785,0.23648648648648649,0.7200000000000002
reasoning_A,A,HQ + A,raw_family,HQ + A (raw),logistic,,0,5,5,repeat_02_fold_01,2,1,0.3076923076923077,0.3333333333333333,0.23751571482880576,0.3125,0.23000000000000004
reasoning_A,A,HQ + A,raw_family,HQ + A (raw),xgb1,,0,5,5,repeat_02_fold_01,2,1,0.27218934911242604,0.3484848484848485,0.2487255747785542,0.28465346534653463,0.6800000000000002
reasoning_A,A,HQ + A,block_pls,HQ + A PLS-block (k=2),logistic,2.0,2,5,2,repeat_02_fold_01,2,1,0.3614457831325301,0.22727272727272727,0.2303483407666489,0.3232758620689655,0.36000000000000004
reasoning_A,A,HQ + A,block_pls,HQ + A PLS-block (k=2),xgb1,2.0,2,5,2,repeat_02_fold_01,2,1,0.2898550724637681,0.30303030303030304,0.2370962573669225,0.29239766081871343,0.7400000000000002
reasoning_A,A,HQ + A,block_pls,HQ + A PLS-block (k=3),logistic,3.0,3,5,3,repeat_02_fold_01,2,1,0.3049645390070922,0.32575757575757575,0.23815502993919907,0.3089080459770115,0.23000000000000004
reasoning_A,A,HQ + A,block_pls,HQ + A PLS-block (k=3),xgb1,3.0,3,5,3,repeat_02_fold_01,2,1,0.27710843373493976,0.3484848484848485,0.24553046989743227,0.2889447236180904,0.7000000000000002
reasoning_B,B,HQ + B,raw_family,HQ + B (raw),logistic,,0,2,2,repeat_02_fold_01,2,1,0.2727272727272727,0.22727272727272727,0.19303482642423847,0.26223776223776224,0.2
reasoning_B,B,HQ + B,raw_family,HQ + B (raw),xgb1,,0,2,2,repeat_02_fold_01,2,1,0.3157894736842105,0.13636363636363635,0.19096728575002767,0.25,0.7700000000000002
reasoning_B,B,HQ + B,block_pls,HQ + B PLS-block (k=1),logistic,1.0,1,2,1,repeat_02_fold_01,2,1,0.3058823529411765,0.19696969696969696,0.19006252645157548,0.2754237288135593,0.22000000000000003
reasoning_B,B,HQ + B,block_pls,HQ + B PLS-block (k=1),xgb1,1.0,1,2,1,repeat_02_fold_01,2,1,0.3064516129032258,0.14393939393939395,0.1895590727560083,0.25,0.7600000000000002
reasoning_B,B,HQ + B,block_pls,HQ + B PLS-block (k=2),logistic,2.0,2,2,2,repeat_02_fold_01,2,1,0.2767857142857143,0.23484848484848486,0.1931023603795076,0.2672413793103448,0.2
reasoning_B,B,HQ + B,block_pls,HQ + B PLS-block (k=2),xgb1,2.0,2,2,2,repeat_02_fold_01,2,1,0.3103448275862069,0.13636363636363635,0.19390256793982044,0.24725274725274726,0.7600000000000002
reasoning_C,C,HQ + C,raw_family,HQ + C (raw),logistic,,0,3,3,repeat_02_fold_01,2,1,0.3037974683544304,0.18181818181818182,0.19034279247811356,0.26785714285714285,0.23000000000000004
reasoning_C,C,HQ + C,raw_family,HQ + C (raw),xgb1,,0,3,3,repeat_02_fold_01,2,1,0.3387096774193548,0.1590909090909091,0.18961725479832398,0.27631578947368424,0.7600000000000002
reasoning_C,C,HQ + C,block_pls,HQ + C PLS-block (k=2),logistic,2.0,2,3,2,repeat_02_fold_01,2,1,0.3125,0.22727272727272727,0.19082560190393197,0.29069767441860467,0.21000000000000002
reasoning_C,C,HQ + C,block_pls,HQ + C PLS-block (k=2),xgb1,2.0,2,3,2,repeat_02_fold_01,2,1,0.2916666666666667,0.21212121212121213,0.19542880214668787,0.2713178294573643,0.7000000000000002
reasoning_D,D,HQ + D,raw_family,HQ + D (raw),logistic,,0,2,2,repeat_02_fold_01,2,1,0.2987012987012987,0.17424242424242425,0.19508370335146707,0.26136363636363635,0.24000000000000005
reasoning_D,D,HQ + D,raw_family,HQ + D (raw),xgb1,,0,2,2,repeat_02_fold_01,2,1,0.3230769230769231,0.1590909090909091,0.19650007266757255,0.26785714285714285,0.7500000000000002
reasoning_D,D,HQ + D,block_pls,HQ + D PLS-block (k=1),logistic,1.0,1,2,1,repeat_02_fold_01,2,1,0.3116883116883117,0.18181818181818182,0.19121095526822363,0.2727272727272727,0.23000000000000004
reasoning_D,D,HQ + D,block_pls,HQ + D PLS-block (k=1),xgb1,1.0,1,2,1,repeat_02_fold_01,2,1,0.3230769230769231,0.1590909090909091,0.19500180596068453,0.26785714285714285,0.7500000000000002
reasoning_D,D,HQ + D,block_pls,HQ + D PLS-block (k=2),logistic,2.0,2,2,2,repeat_02_fold_01,2,1,0.26548672566371684,0.22727272727272727,0.19521239436656546,0.2568493150684932,0.2
reasoning_D,D,HQ + D,block_pls,HQ + D PLS-block (k=2),xgb1,2.0,2,2,2,repeat_02_fold_01,2,1,0.3333333333333333,0.1590909090909091,0.20101008493624434,0.2734375,0.7600000000000002
reasoning_E,E,HQ + E,raw_family,HQ + E (raw),logistic,,0,3,3,repeat_02_fold_01,2,1,0.32075471698113206,0.12878787878787878,0.18798393445162667,0.24709302325581395,0.30000000000000004
reasoning_E,E,HQ + E,raw_family,HQ + E (raw),xgb1,,0,3,3,repeat_02_fold_01,2,1,0.3018867924528302,0.12121212121212122,0.1907365463635995,0.23255813953488372,0.7900000000000001
reasoning_E,E,HQ + E,block_pls,HQ + E PLS-block (k=1),logistic,1.0,1,3,1,repeat_02_fold_01,2,1,0.2857142857142857,0.18181818181818182,0.18887019838450134,0.2564102564102564,0.22000000000000003
reasoning_E,E,HQ + E,block_pls,HQ + E PLS-block (k=1),xgb1,1.0,1,3,1,repeat_02_fold_01,2,1,0.3076923076923077,0.12121212121212122,0.18993016943994975,0.23529411764705882,0.8200000000000002
reasoning_F,F,HQ + F,raw_family,HQ + F (raw),logistic,,0,6,6,repeat_02_fold_01,2,1,0.30392156862745096,0.23484848484848486,0.20113989521602466,0.28703703703703703,0.21000000000000002
reasoning_F,F,HQ + F,raw_family,HQ + F (raw),xgb1,,0,6,6,repeat_02_fold_01,2,1,0.2627118644067797,0.23484848484848486,0.19247727896651376,0.25662251655629137,0.6800000000000002
reasoning_F,F,HQ + F,block_pls,HQ + F PLS-block (k=2),logistic,2.0,2,6,2,repeat_02_fold_01,2,1,0.30392156862745096,0.23484848484848486,0.19841404341784424,0.28703703703703703,0.21000000000000002
reasoning_F,F,HQ + F,block_pls,HQ + F PLS-block (k=2),xgb1,2.0,2,6,2,repeat_02_fold_01,2,1,0.2967032967032967,0.20454545454545456,0.20423344863094028,0.2721774193548387,0.7200000000000002
reasoning_F,F,HQ + F,block_pls,HQ + F PLS-block (k=3),logistic,3.0,3,6,3,repeat_02_fold_01,2,1,0.28846153846153844,0.22727272727272727,0.19850727763636766,0.2737226277372263,0.21000000000000002
reasoning_F,F,HQ + F,block_pls,HQ + F PLS-block (k=3),xgb1,3.0,3,6,3,repeat_02_fold_01,2,1,0.29545454545454547,0.29545454545454547,0.20895330629534598,0.29545454545454547,0.6700000000000002
reasoning_A,A,HQ + A,raw_family,HQ + A (raw),logistic,,0,5,5,repeat_02_fold_02,2,2,0.3140495867768595,0.2878787878787879,0.21225480227094715,0.30844155844155846,0.23000000000000004
reasoning_A,A,HQ + A,raw_family,HQ + A (raw),xgb1,,0,5,5,repeat_02_fold_02,2,2,0.25,0.22727272727272727,0.20724303881895564,0.24509803921568626,0.7000000000000002
reasoning_A,A,HQ + A,block_pls,HQ + A PLS-block (k=2),logistic,2.0,2,5,2,repeat_02_fold_02,2,2,0.2911392405063291,0.17424242424242425,0.2069693743944888,0.25669642857142855,0.30000000000000004
reasoning_A,A,HQ + A,block_pls,HQ + A PLS-block (k=2),xgb1,2.0,2,5,2,repeat_02_fold_02,2,2,0.25961538461538464,0.20454545454545456,0.20015579711335704,0.24635036496350365,0.7800000000000001
reasoning_A,A,HQ + A,block_pls,HQ + A PLS-block (k=3),logistic,3.0,3,5,3,repeat_02_fold_02,2,2,0.23214285714285715,0.09848484848484848,0.210258110083964,0.18258426966292135,0.39000000000000007
reasoning_A,A,HQ + A,block_pls,HQ + A PLS-block (k=3),xgb1,3.0,3,5,3,repeat_02_fold_02,2,2,0.28169014084507044,0.15151515151515152,0.20403927054929633,0.2403846153846154,0.8200000000000002
reasoning_B,B,HQ + B,raw_family,HQ + B (raw),logistic,,0,2,2,repeat_02_fold_02,2,2,0.21951219512195122,0.06818181818181818,0.15501644570996514,0.15202702702702703,0.30000000000000004
reasoning_B,B,HQ + B,raw_family,HQ + B (raw),xgb1,,0,2,2,repeat_02_fold_02,2,2,0.1794871794871795,0.05303030303030303,0.154913220454277,0.12152777777777778,0.8800000000000002
reasoning_B,B,HQ + B,block_pls,HQ + B PLS-block (k=1),logistic,1.0,1,2,1,repeat_02_fold_02,2,2,0.1794871794871795,0.05303030303030303,0.15450496591891819,0.12152777777777778,0.32000000000000006
reasoning_B,B,HQ + B,block_pls,HQ + B PLS-block (k=1),xgb1,1.0,1,2,1,repeat_02_fold_02,2,2,0.1794871794871795,0.05303030303030303,0.154536767112623,0.12152777777777778,0.8800000000000002
reasoning_B,B,HQ + B,block_pls,HQ + B PLS-block (k=2),logistic,2.0,2,2,2,repeat_02_fold_02,2,2,0.21951219512195122,0.06818181818181818,0.15483193639816695,0.15202702702702703,0.30000000000000004
reasoning_B,B,HQ + B,block_pls,HQ + B PLS-block (k=2),xgb1,2.0,2,2,2,repeat_02_fold_02,2,2,0.1794871794871795,0.05303030303030303,0.1552203906853664,0.12152777777777778,0.8900000000000002
reasoning_C,C,HQ + C,raw_family,HQ + C (raw),logistic,,0,3,3,repeat_02_fold_02,2,2,0.2,0.06060606060606061,0.15285010178741054,0.136986301369863,0.35000000000000003
reasoning_C,C,HQ + C,raw_family,HQ + C (raw),xgb1,,0,3,3,repeat_02_fold_02,2,2,0.1794871794871795,0.05303030303030303,0.1601932201691505,0.12152777777777778,0.8500000000000002
reasoning_C,C,HQ + C,block_pls,HQ + C PLS-block (k=2),logistic,2.0,2,3,2,repeat_02_fold_02,2,2,0.2,0.06060606060606061,0.15338038699217332,0.136986301369863,0.36000000000000004
reasoning_C,C,HQ + C,block_pls,HQ + C PLS-block (k=2),xgb1,2.0,2,3,2,repeat_02_fold_02,2,2,0.1794871794871795,0.05303030303030303,0.1671626661331137,0.12152777777777778,0.8500000000000002
reasoning_D,D,HQ + D,raw_family,HQ + D (raw),logistic,,0,2,2,repeat_02_fold_02,2,2,0.22388059701492538,0.11363636363636363,0.1621872737508636,0.1875,0.22000000000000003
reasoning_D,D,HQ + D,raw_family,HQ + D (raw),xgb1,,0,2,2,repeat_02_fold_02,2,2,0.1794871794871795,0.05303030303030303,0.15639162618485858,0.12152777777777778,0.8900000000000002
reasoning_D,D,HQ + D,block_pls,HQ + D PLS-block (k=1),logistic,1.0,1,2,1,repeat_02_fold_02,2,2,0.1864406779661017,0.08333333333333333,0.15396016412618654,0.14945652173913043,0.23000000000000004
reasoning_D,D,HQ + D,block_pls,HQ + D PLS-block (k=1),xgb1,1.0,1,2,1,repeat_02_fold_02,2,2,0.1794871794871795,0.05303030303030303,0.1574447077117137,0.12152777777777778,0.9000000000000002
reasoning_D,D,HQ + D,block_pls,HQ + D PLS-block (k=2),logistic,2.0,2,2,2,repeat_02_fold_02,2,2,0.22388059701492538,0.11363636363636363,0.1628044898672601,0.1875,0.22000000000000003
reasoning_D,D,HQ + D,block_pls,HQ + D PLS-block (k=2),xgb1,2.0,2,2,2,repeat_02_fold_02,2,2,0.1794871794871795,0.05303030303030303,0.16603879451316972,0.12152777777777778,0.8900000000000002
reasoning_E,E,HQ + E,raw_family,HQ + E (raw),logistic,,0,3,3,repeat_02_fold_02,2,2,0.175,0.05303030303030303,0.1530180463321795,0.11986301369863013,0.31000000000000005
reasoning_E,E,HQ + E,raw_family,HQ + E (raw),xgb1,,0,3,3,repeat_02_fold_02,2,2,0.1794871794871795,0.05303030303030303,0.15452919158497824,0.12152777777777778,0.8600000000000002
reasoning_E,E,HQ + E,block_pls,HQ + E PLS-block (k=1),logistic,1.0,1,3,1,repeat_02_fold_02,2,2,0.175,0.05303030303030303,0.15411276883380134,0.11986301369863013,0.31000000000000005
reasoning_E,E,HQ + E,block_pls,HQ + E PLS-block (k=1),xgb1,1.0,1,3,1,repeat_02_fold_02,2,2,0.1836734693877551,0.06818181818181818,0.15459052417750627,0.13719512195121952,0.7600000000000002
reasoning_F,F,HQ + F,raw_family,HQ + F (raw),logistic,,0,6,6,repeat_02_fold_02,2,2,0.1794871794871795,0.05303030303030303,0.16220584501096916,0.12152777777777778,0.4800000000000001
reasoning_F,F,HQ + F,raw_family,HQ + F (raw),xgb1,,0,6,6,repeat_02_fold_02,2,2,0.1794871794871795,0.05303030303030303,0.16012455166170445,0.12152777777777778,0.9000000000000002
reasoning_F,F,HQ + F,block_pls,HQ + F PLS-block (k=2),logistic,2.0,2,6,2,repeat_02_fold_02,2,2,0.20689655172413793,0.09090909090909091,0.15769680686646015,0.16483516483516483,0.25000000000000006
reasoning_F,F,HQ + F,block_pls,HQ + F PLS-block (k=2),xgb1,2.0,2,6,2,repeat_02_fold_02,2,2,0.2413793103448276,0.1590909090909091,0.16237428365141007,0.21875,0.7200000000000002
reasoning_F,F,HQ + F,block_pls,HQ + F PLS-block (k=3),logistic,3.0,3,6,3,repeat_02_fold_02,2,2,0.1794871794871795,0.05303030303030303,0.16110274790232978,0.12152777777777778,0.43000000000000005
reasoning_F,F,HQ + F,block_pls,HQ + F PLS-block (k=3),xgb1,3.0,3,6,3,repeat_02_fold_02,2,2,0.2391304347826087,0.16666666666666666,0.16779397568370874,0.22,0.7100000000000002
reasoning_A,A,HQ + A,raw_family,HQ + A (raw),logistic,,0,5,5,repeat_02_fold_03,2,3,0.31851851851851853,0.32575757575757575,0.21805793905073373,0.31994047619047616,0.25000000000000006
reasoning_A,A,HQ + A,raw_family,HQ + A (raw),xgb1,,0,5,5,repeat_02_fold_03,2,3,0.32432432432432434,0.2727272727272727,0.23744986280000518,0.3125,0.7600000000000002
reasoning_A,A,HQ + A,block_pls,HQ + A PLS-block (k=2),logistic,2.0,2,5,2,repeat_02_fold_03,2,3,0.3225806451612903,0.22727272727272727,0.2104137659695065,0.2976190476190476,0.29000000000000004
reasoning_A,A,HQ + A,block_pls,HQ + A PLS-block (k=2),xgb1,2.0,2,5,2,repeat_02_fold_03,2,3,0.3246753246753247,0.1893939393939394,0.23486807301540663,0.2840909090909091,0.8300000000000002
reasoning_A,A,HQ + A,block_pls,HQ + A PLS-block (k=3),logistic,3.0,3,5,3,repeat_02_fold_03,2,3,0.3006993006993007,0.32575757575757575,0.21886187244430652,0.3053977272727273,0.24000000000000005
reasoning_A,A,HQ + A,block_pls,HQ + A PLS-block (k=3),xgb1,3.0,3,5,3,repeat_02_fold_03,2,3,0.34146341463414637,0.3181818181818182,0.2404139870430063,0.33653846153846156,0.7800000000000001
reasoning_B,B,HQ + B,raw_family,HQ + B (raw),logistic,,0,2,2,repeat_02_fold_03,2,3,0.23,0.17424242424242425,0.1569137403841838,0.2161654135338346,0.23000000000000004
reasoning_B,B,HQ + B,raw_family,HQ + B (raw),xgb1,,0,2,2,repeat_02_fold_03,2,3,0.22,0.25,0.1682626336337177,0.22540983606557377,0.6500000000000001
reasoning_B,B,HQ + B,block_pls,HQ + B PLS-block (k=1),logistic,1.0,1,2,1,repeat_02_fold_03,2,3,0.2602739726027397,0.14393939393939395,0.15455317732103135,0.2240566037735849,0.28
reasoning_B,B,HQ + B,block_pls,HQ + B PLS-block (k=1),xgb1,1.0,1,2,1,repeat_02_fold_03,2,3,0.20261437908496732,0.23484848484848486,0.16746638731962127,0.20833333333333334,0.6500000000000001
reasoning_B,B,HQ + B,block_pls,HQ + B PLS-block (k=2),logistic,2.0,2,2,2,repeat_02_fold_03,2,3,0.21052631578947367,0.18181818181818182,0.15693221605100593,0.20408163265306123,0.22000000000000003
reasoning_B,B,HQ + B,block_pls,HQ + B PLS-block (k=2),xgb1,2.0,2,2,2,repeat_02_fold_03,2,3,0.20253164556962025,0.24242424242424243,0.16910169091976746,0.2094240837696335,0.6400000000000001
reasoning_C,C,HQ + C,raw_family,HQ + C (raw),logistic,,0,3,3,repeat_02_fold_03,2,3,0.28,0.1590909090909091,0.16239842192740941,0.24305555555555555,0.28
reasoning_C,C,HQ + C,raw_family,HQ + C (raw),xgb1,,0,3,3,repeat_02_fold_03,2,3,0.16883116883116883,0.29545454545454547,0.17426403886400937,0.1846590909090909,0.5900000000000002
reasoning_C,C,HQ + C,block_pls,HQ + C PLS-block (k=2),logistic,2.0,2,3,2,repeat_02_fold_03,2,3,0.2727272727272727,0.1590909090909091,0.1627873650654793,0.23863636363636365,0.28
reasoning_C,C,HQ + C,block_pls,HQ + C PLS-block (k=2),xgb1,2.0,2,3,2,repeat_02_fold_03,2,3,0.21637426900584794,0.2803030303030303,0.18210824492682817,0.2267156862745098,0.6300000000000001
reasoning_D,D,HQ + D,raw_family,HQ + D (raw),logistic,,0,2,2,repeat_02_fold_03,2,3,0.2876712328767123,0.1590909090909091,0.16280060815306724,0.24764150943396226,0.30000000000000004
reasoning_D,D,HQ + D,raw_family,HQ + D (raw),xgb1,,0,2,2,repeat_02_fold_03,2,3,0.1722689075630252,0.3106060606060606,0.17826250012414674,0.18911439114391143,0.5900000000000002
reasoning_D,D,HQ + D,block_pls,HQ + D PLS-block (k=1),logistic,1.0,1,2,1,repeat_02_fold_03,2,3,0.2876712328767123,0.1590909090909091,0.15971409780409684,0.24764150943396226,0.29000000000000004
reasoning_D,D,HQ + D,block_pls,HQ + D PLS-block (k=1),xgb1,1.0,1,2,1,repeat_02_fold_03,2,3,0.17699115044247787,0.30303030303030304,0.17741760317520855,0.19305019305019305,0.6000000000000002
reasoning_D,D,HQ + D,block_pls,HQ + D PLS-block (k=2),logistic,2.0,2,2,2,repeat_02_fold_03,2,3,0.28378378378378377,0.1590909090909091,0.16284128521925273,0.24532710280373832,0.30000000000000004
reasoning_D,D,HQ + D,block_pls,HQ + D PLS-block (k=2),xgb1,2.0,2,2,2,repeat_02_fold_03,2,3,0.20212765957446807,0.2878787878787879,0.1826895656021931,0.2149321266968326,0.6200000000000001
reasoning_E,E,HQ + E,raw_family,HQ + E (raw),logistic,,0,3,3,repeat_02_fold_03,2,3,0.23655913978494625,0.16666666666666666,0.15415542957598782,0.21825396825396826,0.25000000000000006
reasoning_E,E,HQ + E,raw_family,HQ + E (raw),xgb1,,0,3,3,repeat_02_fold_03,2,3,0.17117117117117117,0.2878787878787879,0.16948862304986373,0.18627450980392157,0.6000000000000002
reasoning_E,E,HQ + E,block_pls,HQ + E PLS-block (k=1),logistic,1.0,1,3,1,repeat_02_fold_03,2,3,0.30303030303030304,0.15151515151515152,0.1542608418232213,0.25252525252525254,0.30000000000000004
reasoning_E,E,HQ + E,block_pls,HQ + E PLS-block (k=1),xgb1,1.0,1,3,1,repeat_02_fold_03,2,3,0.17613636363636365,0.23484848484848486,0.1648410962899733,0.1854066985645933,0.6400000000000001
reasoning_F,F,HQ + F,raw_family,HQ + F (raw),logistic,,0,6,6,repeat_02_fold_03,2,3,0.23529411764705882,0.21212121212121213,0.16596272002609544,0.23026315789473684,0.22000000000000003
reasoning_F,F,HQ + F,raw_family,HQ + F (raw),xgb1,,0,6,6,repeat_02_fold_03,2,3,0.2023121387283237,0.26515151515151514,0.17208348228547546,0.21237864077669902,0.6300000000000001
reasoning_F,F,HQ + F,block_pls,HQ + F PLS-block (k=2),logistic,2.0,2,6,2,repeat_02_fold_03,2,3,0.23809523809523808,0.1893939393939394,0.16544639444230136,0.22644927536231885,0.23000000000000004
reasoning_F,F,HQ + F,block_pls,HQ + F PLS-block (k=2),xgb1,2.0,2,6,2,repeat_02_fold_03,2,3,0.2543859649122807,0.2196969696969697,0.1834208844226541,0.2465986394557823,0.6800000000000002
reasoning_F,F,HQ + F,block_pls,HQ + F PLS-block (k=3),logistic,3.0,3,6,3,repeat_02_fold_03,2,3,0.22727272727272727,0.1893939393939394,0.16495624756929428,0.21853146853146854,0.23000000000000004
reasoning_F,F,HQ + F,block_pls,HQ + F PLS-block (k=3),xgb1,3.0,3,6,3,repeat_02_fold_03,2,3,0.22641509433962265,0.2727272727272727,0.1897275484424608,0.234375,0.6400000000000001
reasoning_A,A,HQ + A,raw_family,HQ + A (raw),logistic,,0,5,5,repeat_03_fold_01,3,1,0.2830188679245283,0.22727272727272727,0.18385364912811067,0.2697841726618705,0.31000000000000005
reasoning_A,A,HQ + A,raw_family,HQ + A (raw),xgb1,,0,5,5,repeat_03_fold_01,3,1,0.3053435114503817,0.30303030303030304,0.20679850769222174,0.3048780487804878,0.7200000000000002
reasoning_A,A,HQ + A,block_pls,HQ + A PLS-block (k=2),logistic,2.0,2,5,2,repeat_03_fold_01,3,1,0.2857142857142857,0.19696969696969696,0.1790494430269663,0.2620967741935484,0.30000000000000004
reasoning_A,A,HQ + A,block_pls,HQ + A PLS-block (k=2),xgb1,2.0,2,5,2,repeat_03_fold_01,3,1,0.27586206896551724,0.30303030303030304,0.19475117391168,0.2808988764044944,0.7400000000000002
reasoning_A,A,HQ + A,block_pls,HQ + A PLS-block (k=3),logistic,3.0,3,5,3,repeat_03_fold_01,3,1,0.2815533980582524,0.2196969696969697,0.18438948336295732,0.2665441176470588,0.31000000000000005
reasoning_A,A,HQ + A,block_pls,HQ + A PLS-block (k=3),xgb1,3.0,3,5,3,repeat_03_fold_01,3,1,0.25,0.3181818181818182,0.19822706374457866,0.26119402985074625,0.7200000000000002
reasoning_B,B,HQ + B,raw_family,HQ + B (raw),logistic,,0,2,2,repeat_03_fold_01,3,1,0.21739130434782608,0.15151515151515152,0.14899563105817237,0.2,0.2
reasoning_B,B,HQ + B,raw_family,HQ + B (raw),xgb1,,0,2,2,repeat_03_fold_01,3,1,0.24705882352941178,0.1590909090909091,0.15435840727904326,0.22245762711864406,0.7000000000000002
reasoning_B,B,HQ + B,block_pls,HQ + B PLS-block (k=1),logistic,1.0,1,2,1,repeat_03_fold_01,3,1,0.17777777777777778,0.18181818181818182,0.1468805145417334,0.17857142857142858,0.17000000000000004
reasoning_B,B,HQ + B,block_pls,HQ + B PLS-block (k=1),xgb1,1.0,1,2,1,repeat_03_fold_01,3,1,0.2222222222222222,0.07575757575757576,0.1534169473766261,0.16025641025641027,0.8200000000000002
reasoning_B,B,HQ + B,block_pls,HQ + B PLS-block (k=2),logistic,2.0,2,2,2,repeat_03_fold_01,3,1,0.20512820512820512,0.12121212121212122,0.14915791116574717,0.18018018018018017,0.22000000000000003
reasoning_B,B,HQ + B,block_pls,HQ + B PLS-block (k=2),xgb1,2.0,2,2,2,repeat_03_fold_01,3,1,0.23255813953488372,0.07575757575757576,0.1550989059470056,0.16447368421052633,0.8200000000000002
reasoning_C,C,HQ + C,raw_family,HQ + C (raw),logistic,,0,3,3,repeat_03_fold_01,3,1,0.23170731707317074,0.14393939393939395,0.1497127819668246,0.20652173913043478,0.22000000000000003
reasoning_C,C,HQ + C,raw_family,HQ + C (raw),xgb1,,0,3,3,repeat_03_fold_01,3,1,0.23809523809523808,0.15151515151515152,0.1547892033348876,0.21367521367521367,0.7000000000000002
reasoning_C,C,HQ + C,block_pls,HQ + C PLS-block (k=2),logistic,2.0,2,3,2,repeat_03_fold_01,3,1,0.22727272727272727,0.15151515151515152,0.1506132359461008,0.2066115702479339,0.21000000000000002
reasoning_C,C,HQ + C,block_pls,HQ + C PLS-block (k=2),xgb1,2.0,2,3,2,repeat_03_fold_01,3,1,0.23376623376623376,0.13636363636363635,0.15977860432933488,0.20454545454545456,0.7200000000000002
reasoning_D,D,HQ + D,raw_family,HQ + D (raw),logistic,,0,2,2,repeat_03_fold_01,3,1,0.23404255319148937,0.08333333333333333,0.1566448309596295,0.171875,0.30000000000000004
reasoning_D,D,HQ + D,raw_family,HQ + D (raw),xgb1,,0,2,2,repeat_03_fold_01,3,1,0.23880597014925373,0.12121212121212122,0.15192323140434788,0.2,0.7300000000000002
reasoning_D,D,HQ + D,block_pls,HQ + D PLS-block (k=1),logistic,1.0,1,2,1,repeat_03_fold_01,3,1,0.21428571428571427,0.13636363636363635,0.14974104569506852,0.19230769230769232,0.22000000000000003
reasoning_D,D,HQ + D,block_pls,HQ + D PLS-block (k=1),xgb1,1.0,1,2,1,repeat_03_fold_01,3,1,0.23880597014925373,0.12121212121212122,0.1510805973851715,0.2,0.7300000000000002
reasoning_D,D,HQ + D,block_pls,HQ + D PLS-block (k=2),logistic,2.0,2,2,2,repeat_03_fold_01,3,1,0.23404255319148937,0.08333333333333333,0.15727052006216535,0.171875,0.30000000000000004
reasoning_D,D,HQ + D,block_pls,HQ + D PLS-block (k=2),xgb1,2.0,2,2,2,repeat_03_fold_01,3,1,0.26865671641791045,0.13636363636363635,0.15865931825628235,0.225,0.7400000000000002
reasoning_E,E,HQ + E,raw_family,HQ + E (raw),logistic,,0,3,3,repeat_03_fold_01,3,1,0.2222222222222222,0.09090909090909091,0.14488087170789854,0.1724137931034483,0.27
reasoning_E,E,HQ + E,raw_family,HQ + E (raw),xgb1,,0,3,3,repeat_03_fold_01,3,1,0.2222222222222222,0.07575757575757576,0.15502412670533267,0.16025641025641027,0.8200000000000002
reasoning_E,E,HQ + E,block_pls,HQ + E PLS-block (k=1),logistic,1.0,1,3,1,repeat_03_fold_01,3,1,0.22448979591836735,0.08333333333333333,0.14490873939759558,0.1676829268292683,0.29000000000000004
reasoning_E,E,HQ + E,block_pls,HQ + E PLS-block (k=1),xgb1,1.0,1,3,1,repeat_03_fold_01,3,1,0.2553191489361702,0.09090909090909091,0.15050863096940703,0.1875,0.7900000000000001
reasoning_F,F,HQ + F,raw_family,HQ + F (raw),logistic,,0,6,6,repeat_03_fold_01,3,1,0.2638888888888889,0.14393939393939395,0.15986827101714474,0.2261904761904762,0.24000000000000005
reasoning_F,F,HQ + F,raw_family,HQ + F (raw),xgb1,,0,6,6,repeat_03_fold_01,3,1,0.23809523809523808,0.07575757575757576,0.1591327895169219,0.16666666666666666,0.8300000000000002
reasoning_F,F,HQ + F,block_pls,HQ + F PLS-block (k=2),logistic,2.0,2,6,2,repeat_03_fold_01,3,1,0.2465753424657534,0.13636363636363635,0.15975627098366796,0.21226415094339623,0.23000000000000004
reasoning_F,F,HQ + F,block_pls,HQ + F PLS-block (k=2),xgb1,2.0,2,6,2,repeat_03_fold_01,3,1,0.25773195876288657,0.1893939393939394,0.16967398533485395,0.2403846153846154,0.6900000000000002
reasoning_F,F,HQ + F,block_pls,HQ + F PLS-block (k=3),logistic,3.0,3,6,3,repeat_03_fold_01,3,1,0.2028985507246377,0.10606060606060606,0.15895008705648583,0.1715686274509804,0.24000000000000005
reasoning_F,F,HQ + F,block_pls,HQ + F PLS-block (k=3),xgb1,3.0,3,6,3,repeat_03_fold_01,3,1,0.25225225225225223,0.21212121212121213,0.17324138741005043,0.24305555555555555,0.6700000000000002
reasoning_A,A,HQ + A,raw_family,HQ + A (raw),logistic,,0,5,5,repeat_03_fold_02,3,2,0.34579439252336447,0.2803030303030303,0.23615722389539381,0.33035714285714285,0.27
reasoning_A,A,HQ + A,raw_family,HQ + A (raw),xgb1,,0,5,5,repeat_03_fold_02,3,2,0.26262626262626265,0.19696969696969696,0.21701192618239917,0.24621212121212122,0.7600000000000002
reasoning_A,A,HQ + A,block_pls,HQ + A PLS-block (k=2),logistic,2.0,2,5,2,repeat_03_fold_02,3,2,0.32098765432098764,0.19696969696969696,0.2216865683974558,0.2850877192982456,0.32000000000000006
reasoning_A,A,HQ + A,block_pls,HQ + A PLS-block (k=2),xgb1,2.0,2,5,2,repeat_03_fold_02,3,2,0.28431372549019607,0.2196969696969697,0.22480635183320727,0.26851851851851855,0.7600000000000002
reasoning_A,A,HQ + A,block_pls,HQ + A PLS-block (k=3),logistic,3.0,3,5,3,repeat_03_fold_02,3,2,0.3508771929824561,0.30303030303030304,0.23521581920118967,0.3401360544217687,0.26000000000000006
reasoning_A,A,HQ + A,block_pls,HQ + A PLS-block (k=3),xgb1,3.0,3,5,3,repeat_03_fold_02,3,2,0.2830188679245283,0.22727272727272727,0.2294630843521351,0.2697841726618705,0.7600000000000002
reasoning_B,B,HQ + B,raw_family,HQ + B (raw),logistic,,0,2,2,repeat_03_fold_02,3,2,0.18518518518518517,0.30303030303030304,0.1671361206492718,0.20080321285140562,0.15000000000000002
reasoning_B,B,HQ + B,raw_family,HQ + B (raw),xgb1,,0,2,2,repeat_03_fold_02,3,2,0.18032786885245902,0.3333333333333333,0.16064448436025938,0.19855595667870035,0.5900000000000002
reasoning_B,B,HQ + B,block_pls,HQ + B PLS-block (k=1),logistic,1.0,1,2,1,repeat_03_fold_02,3,2,0.18478260869565216,0.25757575757575757,0.1642715825319654,0.195852534562212,0.16000000000000003
reasoning_B,B,HQ + B,block_pls,HQ + B PLS-block (k=1),xgb1,1.0,1,2,1,repeat_03_fold_02,3,2,0.17916666666666667,0.32575757575757575,0.15982629434447898,0.19688644688644688,0.5900000000000002
reasoning_B,B,HQ + B,block_pls,HQ + B PLS-block (k=2),logistic,2.0,2,2,2,repeat_03_fold_02,3,2,0.18085106382978725,0.25757575757575757,0.16721855362728513,0.19230769230769232,0.16000000000000003
reasoning_B,B,HQ + B,block_pls,HQ + B PLS-block (k=2),xgb1,2.0,2,2,2,repeat_03_fold_02,3,2,0.18181818181818182,0.3181818181818182,0.16219725040515615,0.19886363636363635,0.6000000000000002
reasoning_C,C,HQ + C,raw_family,HQ + C (raw),logistic,,0,3,3,repeat_03_fold_02,3,2,0.24305555555555555,0.26515151515151514,0.16607706386423932,0.24717514124293785,0.19
reasoning_C,C,HQ + C,raw_family,HQ + C (raw),xgb1,,0,3,3,repeat_03_fold_02,3,2,0.16129032258064516,0.3409090909090909,0.15671902049838188,0.18028846153846154,0.5700000000000002
reasoning_C,C,HQ + C,block_pls,HQ + C PLS-block (k=2),logistic,2.0,2,3,2,repeat_03_fold_02,3,2,0.23076923076923078,0.25,0.1653970744896543,0.234375,0.19
reasoning_C,C,HQ + C,block_pls,HQ + C PLS-block (k=2),xgb1,2.0,2,3,2,repeat_03_fold_02,3,2,0.20555555555555555,0.2803030303030303,0.16469918219819535,0.21713615023474178,0.6500000000000001
reasoning_D,D,HQ + D,raw_family,HQ + D (raw),logistic,,0,2,2,repeat_03_fold_02,3,2,0.20689655172413793,0.2727272727272727,0.17031842764046334,0.21739130434782608,0.17000000000000004
reasoning_D,D,HQ + D,raw_family,HQ + D (raw),xgb1,,0,2,2,repeat_03_fold_02,3,2,0.17573221757322174,0.3181818181818182,0.16864954626826864,0.19301470588235295,0.5900000000000002
reasoning_D,D,HQ + D,block_pls,HQ + D PLS-block (k=1),logistic,1.0,1,2,1,repeat_03_fold_02,3,2,0.18902439024390244,0.23484848484848486,0.16866432447386356,0.1967005076142132,0.17000000000000004
reasoning_D,D,HQ + D,block_pls,HQ + D PLS-block (k=1),xgb1,1.0,1,2,1,repeat_03_fold_02,3,2,0.17903930131004367,0.3106060606060606,0.16896250336377908,0.19561068702290077,0.6000000000000002
reasoning_D,D,HQ + D,block_pls,HQ + D PLS-block (k=2),logistic,2.0,2,2,2,repeat_03_fold_02,3,2,0.20689655172413793,0.2727272727272727,0.17023057601038388,0.21739130434782608,0.17000000000000004
reasoning_D,D,HQ + D,block_pls,HQ + D PLS-block (k=2),xgb1,2.0,2,2,2,repeat_03_fold_02,3,2,0.18421052631578946,0.3181818181818182,0.17247446482958273,0.20114942528735633,0.6100000000000001
reasoning_E,E,HQ + E,raw_family,HQ + E (raw),logistic,,0,3,3,repeat_03_fold_02,3,2,0.2283464566929134,0.2196969696969697,0.1639410204565852,0.2265625,0.19
reasoning_E,E,HQ + E,raw_family,HQ + E (raw),xgb1,,0,3,3,repeat_03_fold_02,3,2,0.18181818181818182,0.3333333333333333,0.15916777525559045,0.2,0.5900000000000002
reasoning_E,E,HQ + E,block_pls,HQ + E PLS-block (k=1),logistic,1.0,1,3,1,repeat_03_fold_02,3,2,0.1822429906542056,0.29545454545454547,0.16399307312881833,0.19736842105263158,0.15000000000000002
reasoning_E,E,HQ + E,block_pls,HQ + E PLS-block (k=1),xgb1,1.0,1,3,1,repeat_03_fold_02,3,2,0.17695473251028807,0.32575757575757575,0.1609536647212815,0.1947463768115942,0.5900000000000002
reasoning_F,F,HQ + F,raw_family,HQ + F (raw),logistic,,0,6,6,repeat_03_fold_02,3,2,0.2605633802816901,0.2803030303030303,0.17536138723798236,0.2642857142857143,0.19
reasoning_F,F,HQ + F,raw_family,HQ + F (raw),xgb1,,0,6,6,repeat_03_fold_02,3,2,0.18025751072961374,0.3181818181818182,0.1595748771635761,0.19736842105263158,0.6000000000000002
reasoning_F,F,HQ + F,block_pls,HQ + F PLS-block (k=2),logistic,2.0,2,6,2,repeat_03_fold_02,3,2,0.2871287128712871,0.2196969696969697,0.17090610168985731,0.27052238805970147,0.22000000000000003
reasoning_F,F,HQ + F,block_pls,HQ + F PLS-block (k=2),xgb1,2.0,2,6,2,repeat_03_fold_02,3,2,0.2808988764044944,0.1893939393939394,0.17104434218336612,0.25614754098360654,0.7500000000000002
reasoning_F,F,HQ + F,block_pls,HQ + F PLS-block (k=3),logistic,3.0,3,6,3,repeat_03_fold_02,3,2,0.26,0.19696969696969696,0.1736406410992107,0.24436090225563908,0.22000000000000003
reasoning_F,F,HQ + F,block_pls,HQ + F PLS-block (k=3),xgb1,3.0,3,6,3,repeat_03_fold_02,3,2,0.2891566265060241,0.18181818181818182,0.17381049098860124,0.25862068965517243,0.7600000000000002
reasoning_A,A,HQ + A,raw_family,HQ + A (raw),logistic,,0,5,5,repeat_03_fold_03,3,3,0.34782608695652173,0.42424242424242425,0.2676899588653685,0.36082474226804123,0.21000000000000002
reasoning_A,A,HQ + A,raw_family,HQ + A (raw),xgb1,,0,5,5,repeat_03_fold_03,3,3,0.3448275862068966,0.30303030303030304,0.27497062154929575,0.33557046979865773,0.7200000000000002
reasoning_A,A,HQ + A,block_pls,HQ + A PLS-block (k=2),logistic,2.0,2,5,2,repeat_03_fold_03,3,3,0.34810126582278483,0.4166666666666667,0.26616232998588296,0.3599476439790576,0.2
reasoning_A,A,HQ + A,block_pls,HQ + A PLS-block (k=2),xgb1,2.0,2,5,2,repeat_03_fold_03,3,3,0.3644859813084112,0.29545454545454547,0.27163193856322965,0.3482142857142857,0.7700000000000002
reasoning_A,A,HQ + A,block_pls,HQ + A PLS-block (k=3),logistic,3.0,3,5,3,repeat_03_fold_03,3,3,0.35877862595419846,0.3560606060606061,0.26808482245695314,0.35823170731707316,0.24000000000000005
reasoning_A,A,HQ + A,block_pls,HQ + A PLS-block (k=3),xgb1,3.0,3,5,3,repeat_03_fold_03,3,3,0.32926829268292684,0.20454545454545456,0.27498650135473257,0.29347826086956524,0.8200000000000002
reasoning_B,B,HQ + B,raw_family,HQ + B (raw),logistic,,0,2,2,repeat_03_fold_03,3,3,0.2246376811594203,0.23484848484848486,0.19199934945593372,0.22660818713450293,0.17000000000000004
reasoning_B,B,HQ + B,raw_family,HQ + B (raw),xgb1,,0,2,2,repeat_03_fold_03,3,3,0.22346368715083798,0.30303030303030304,0.19251779158582355,0.2358490566037736,0.6000000000000002
reasoning_B,B,HQ + B,block_pls,HQ + B PLS-block (k=1),logistic,1.0,1,2,1,repeat_03_fold_03,3,3,0.30303030303030304,0.15151515151515152,0.19280803579588462,0.25252525252525254,0.24000000000000005
reasoning_B,B,HQ + B,block_pls,HQ + B PLS-block (k=1),xgb1,1.0,1,2,1,repeat_03_fold_03,3,3,0.21714285714285714,0.2878787878787879,0.1921960142160024,0.2283653846153846,0.6000000000000002
reasoning_B,B,HQ + B,block_pls,HQ + B PLS-block (k=2),logistic,2.0,2,2,2,repeat_03_fold_03,3,3,0.28205128205128205,0.16666666666666666,0.19198612761477937,0.24774774774774774,0.23000000000000004
reasoning_B,B,HQ + B,block_pls,HQ + B PLS-block (k=2),xgb1,2.0,2,2,2,repeat_03_fold_03,3,3,0.22580645161290322,0.26515151515151514,0.19292482712320308,0.2327127659574468,0.6400000000000001
reasoning_C,C,HQ + C,raw_family,HQ + C (raw),logistic,,0,3,3,repeat_03_fold_03,3,3,0.3181818181818182,0.1590909090909091,0.1984580069558094,0.26515151515151514,0.24000000000000005
reasoning_C,C,HQ + C,raw_family,HQ + C (raw),xgb1,,0,3,3,repeat_03_fold_03,3,3,0.21641791044776118,0.2196969696969697,0.1946822318729464,0.21706586826347304,0.6500000000000001
reasoning_C,C,HQ + C,block_pls,HQ + C PLS-block (k=2),logistic,2.0,2,3,2,repeat_03_fold_03,3,3,0.26143790849673204,0.30303030303030304,0.19947484530223678,0.26881720430107525,0.16000000000000003
reasoning_C,C,HQ + C,block_pls,HQ + C PLS-block (k=2),xgb1,2.0,2,3,2,repeat_03_fold_03,3,3,0.2469879518072289,0.3106060606060606,0.20644281684625163,0.25753768844221103,0.6300000000000001
reasoning_D,D,HQ + D,raw_family,HQ + D (raw),logistic,,0,2,2,repeat_03_fold_03,3,3,0.2826086956521739,0.19696969696969696,0.20043871432434573,0.26,0.21000000000000002
reasoning_D,D,HQ + D,raw_family,HQ + D (raw),xgb1,,0,2,2,repeat_03_fold_03,3,3,0.2898550724637681,0.15151515151515152,0.20270601055287565,0.24509803921568626,0.7400000000000002
reasoning_D,D,HQ + D,block_pls,HQ + D PLS-block (k=1),logistic,1.0,1,2,1,repeat_03_fold_03,3,3,0.3235294117647059,0.16666666666666666,0.19667710157218612,0.2722772277227723,0.24000000000000005
reasoning_D,D,HQ + D,block_pls,HQ + D PLS-block (k=1),xgb1,1.0,1,2,1,repeat_03_fold_03,3,3,0.2595419847328244,0.25757575757575757,0.20145058055606585,0.25914634146341464,0.6600000000000001
reasoning_D,D,HQ + D,block_pls,HQ + D PLS-block (k=2),logistic,2.0,2,2,2,repeat_03_fold_03,3,3,0.27956989247311825,0.19696969696969696,0.20048557667906106,0.25793650793650796,0.21000000000000002
reasoning_D,D,HQ + D,block_pls,HQ + D PLS-block (k=2),xgb1,2.0,2,2,2,repeat_03_fold_03,3,3,0.2988505747126437,0.19696969696969696,0.20927691421435632,0.2708333333333333,0.7200000000000002
reasoning_E,E,HQ + E,raw_family,HQ + E (raw),logistic,,0,3,3,repeat_03_fold_03,3,3,0.2631578947368421,0.15151515151515152,0.19126601471932062,0.22935779816513763,0.22000000000000003
reasoning_E,E,HQ + E,raw_family,HQ + E (raw),xgb1,,0,3,3,repeat_03_fold_03,3,3,0.21641791044776118,0.2196969696969697,0.19075918701762246,0.21706586826347304,0.6500000000000001
reasoning_E,E,HQ + E,block_pls,HQ + E PLS-block (k=1),logistic,1.0,1,3,1,repeat_03_fold_03,3,3,0.3076923076923077,0.15151515151515152,0.1912702061218796,0.25510204081632654,0.24000000000000005
reasoning_E,E,HQ + E,block_pls,HQ + E PLS-block (k=1),xgb1,1.0,1,3,1,repeat_03_fold_03,3,3,0.21978021978021978,0.30303030303030304,0.18808191117686537,0.23255813953488372,0.6000000000000002
reasoning_F,F,HQ + F,raw_family,HQ + F (raw),logistic,,0,6,6,repeat_03_fold_03,3,3,0.2713178294573643,0.26515151515151514,0.2022591018727739,0.2700617283950617,0.19
reasoning_F,F,HQ + F,raw_family,HQ + F (raw),xgb1,,0,6,6,repeat_03_fold_03,3,3,0.22727272727272727,0.26515151515151514,0.194221369809725,0.2339572192513369,0.6300000000000001
reasoning_F,F,HQ + F,block_pls,HQ + F PLS-block (k=2),logistic,2.0,2,6,2,repeat_03_fold_03,3,3,0.27419354838709675,0.25757575757575757,0.20001403348653637,0.27070063694267515,0.18000000000000005
reasoning_F,F,HQ + F,block_pls,HQ + F PLS-block (k=2),xgb1,2.0,2,6,2,repeat_03_fold_03,3,3,0.2662337662337662,0.3106060606060606,0.20788060046445583,0.27406417112299464,0.6400000000000001
reasoning_F,F,HQ + F,block_pls,HQ + F PLS-block (k=3),logistic,3.0,3,6,3,repeat_03_fold_03,3,3,0.26490066225165565,0.30303030303030304,0.20364452524921686,0.2717391304347826,0.17000000000000004
reasoning_F,F,HQ + F,block_pls,HQ + F PLS-block (k=3),xgb1,3.0,3,6,3,repeat_03_fold_03,3,3,0.30303030303030304,0.30303030303030304,0.2140014027824496,0.30303030303030304,0.6600000000000001
reasoning_A,A,HQ + A,raw_family,HQ + A (raw),logistic,,0,5,5,repeat_04_fold_01,4,1,0.2727272727272727,0.2727272727272727,0.21720804043248557,0.2727272727272727,0.24000000000000005
reasoning_A,A,HQ + A,raw_family,HQ + A (raw),xgb1,,0,5,5,repeat_04_fold_01,4,1,0.25862068965517243,0.3409090909090909,0.22062141307779357,0.2717391304347826,0.6700000000000002
reasoning_A,A,HQ + A,block_pls,HQ + A PLS-block (k=2),logistic,2.0,2,5,2,repeat_04_fold_01,4,1,0.2777777777777778,0.1893939393939394,0.21352521487651285,0.2540650406504065,0.30000000000000004
reasoning_A,A,HQ + A,block_pls,HQ + A PLS-block (k=2),xgb1,2.0,2,5,2,repeat_04_fold_01,4,1,0.3076923076923077,0.24242424242424243,0.21657548575230304,0.291970802919708,0.8000000000000002
reasoning_A,A,HQ + A,block_pls,HQ + A PLS-block (k=3),logistic,3.0,3,5,3,repeat_04_fold_01,4,1,0.2845528455284553,0.26515151515151514,0.21888505145131776,0.28044871794871795,0.26000000000000006
reasoning_A,A,HQ + A,block_pls,HQ + A PLS-block (k=3),xgb1,3.0,3,5,3,repeat_04_fold_01,4,1,0.25316455696202533,0.15151515151515152,0.22237188327635393,0.22321428571428573,0.8300000000000002
reasoning_B,B,HQ + B,raw_family,HQ + B (raw),logistic,,0,2,2,repeat_04_fold_01,4,1,0.19540229885057472,0.12878787878787878,0.15259117274265563,0.17708333333333334,0.24000000000000005
reasoning_B,B,HQ + B,raw_family,HQ + B (raw),xgb1,,0,2,2,repeat_04_fold_01,4,1,0.1836734693877551,0.13636363636363635,0.15091372454774205,0.1717557251908397,0.7300000000000002
reasoning_B,B,HQ + B,block_pls,HQ + B PLS-block (k=1),logistic,1.0,1,2,1,repeat_04_fold_01,4,1,0.19148936170212766,0.13636363636363635,0.1511686082304861,0.17716535433070865,0.23000000000000004
reasoning_B,B,HQ + B,block_pls,HQ + B PLS-block (k=1),xgb1,1.0,1,2,1,repeat_04_fold_01,4,1,0.15527950310559005,0.1893939393939394,0.15055264504452306,0.16108247422680413,0.6600000000000001
reasoning_B,B,HQ + B,block_pls,HQ + B PLS-block (k=2),logistic,2.0,2,2,2,repeat_04_fold_01,4,1,0.19540229885057472,0.12878787878787878,0.15253536489543942,0.17708333333333334,0.24000000000000005
reasoning_B,B,HQ + B,block_pls,HQ + B PLS-block (k=2),xgb1,2.0,2,2,2,repeat_04_fold_01,4,1,0.16379310344827586,0.14393939393939395,0.15150485140336847,0.1593959731543624,0.7100000000000002
reasoning_C,C,HQ + C,raw_family,HQ + C (raw),logistic,,0,3,3,repeat_04_fold_01,4,1,0.23333333333333334,0.1590909090909091,0.1566746098139036,0.21341463414634146,0.23000000000000004
reasoning_C,C,HQ + C,raw_family,HQ + C (raw),xgb1,,0,3,3,repeat_04_fold_01,4,1,0.18269230769230768,0.14393939393939395,0.1566149597358329,0.17335766423357665,0.7100000000000002
reasoning_C,C,HQ + C,block_pls,HQ + C PLS-block (k=2),logistic,2.0,2,3,2,repeat_04_fold_01,4,1,0.23076923076923078,0.11363636363636363,0.15693928170258237,0.1913265306122449,0.28
reasoning_C,C,HQ + C,block_pls,HQ + C PLS-block (k=2),xgb1,2.0,2,3,2,repeat_04_fold_01,4,1,0.18095238095238095,0.14393939393939395,0.16288119358481548,0.1721014492753623,0.7100000000000002
reasoning_D,D,HQ + D,raw_family,HQ + D (raw),logistic,,0,2,2,repeat_04_fold_01,4,1,0.21176470588235294,0.13636363636363635,0.15644611725408322,0.1906779661016949,0.25000000000000006
reasoning_D,D,HQ + D,raw_family,HQ + D (raw),xgb1,,0,2,2,repeat_04_fold_01,4,1,0.2127659574468085,0.15151515151515152,0.16054643108702188,0.1968503937007874,0.7300000000000002
reasoning_D,D,HQ + D,block_pls,HQ + D PLS-block (k=1),logistic,1.0,1,2,1,repeat_04_fold_01,4,1,0.23529411764705882,0.12121212121212122,0.1549438963164804,0.19801980198019803,0.27
reasoning_D,D,HQ + D,block_pls,HQ + D PLS-block (k=1),xgb1,1.0,1,2,1,repeat_04_fold_01,4,1,0.19672131147540983,0.18181818181818182,0.161376904407421,0.1935483870967742,0.7000000000000002
reasoning_D,D,HQ + D,block_pls,HQ + D PLS-block (k=2),logistic,2.0,2,2,2,repeat_04_fold_01,4,1,0.23376623376623376,0.13636363636363635,0.15643791938933,0.20454545454545456,0.26000000000000006
reasoning_D,D,HQ + D,block_pls,HQ + D PLS-block (k=2),xgb1,2.0,2,2,2,repeat_04_fold_01,4,1,0.20535714285714285,0.17424242424242425,0.16017711047217015,0.19827586206896552,0.7200000000000002
reasoning_E,E,HQ + E,raw_family,HQ + E (raw),logistic,,0,3,3,repeat_04_fold_01,4,1,0.21951219512195122,0.13636363636363635,0.15143859028222875,0.1956521739130435,0.24000000000000005
reasoning_E,E,HQ + E,raw_family,HQ + E (raw),xgb1,,0,3,3,repeat_04_fold_01,4,1,0.18085106382978725,0.12878787878787878,0.1523506678847245,0.1673228346456693,0.7300000000000002
reasoning_E,E,HQ + E,block_pls,HQ + E PLS-block (k=1),logistic,1.0,1,3,1,repeat_04_fold_01,4,1,0.21348314606741572,0.14393939393939395,0.15156361549972153,0.19467213114754098,0.23000000000000004
reasoning_E,E,HQ + E,block_pls,HQ + E PLS-block (k=1),xgb1,1.0,1,3,1,repeat_04_fold_01,4,1,0.1694915254237288,0.15151515151515152,0.15243742674237176,0.16556291390728478,0.7100000000000002
reasoning_F,F,HQ + F,raw_family,HQ + F (raw),logistic,,0,6,6,repeat_04_fold_01,4,1,0.19827586206896552,0.17424242424242425,0.1643906145839761,0.1929530201342282,0.21000000000000002
reasoning_F,F,HQ + F,raw_family,HQ + F (raw),xgb1,,0,6,6,repeat_04_fold_01,4,1,0.17894736842105263,0.12878787878787878,0.15612153079546712,0.166015625,0.7200000000000002
reasoning_F,F,HQ + F,block_pls,HQ + F PLS-block (k=2),logistic,2.0,2,6,2,repeat_04_fold_01,4,1,0.1919191919191919,0.14393939393939395,0.1602528758160385,0.17992424242424243,0.22000000000000003
reasoning_F,F,HQ + F,block_pls,HQ + F PLS-block (k=2),xgb1,2.0,2,6,2,repeat_04_fold_01,4,1,0.1935483870967742,0.09090909090909091,0.16434315920876275,0.15789473684210525,0.7600000000000002
reasoning_F,F,HQ + F,block_pls,HQ + F PLS-block (k=3),logistic,3.0,3,6,3,repeat_04_fold_01,4,1,0.20512820512820512,0.24242424242424243,0.16387330363965935,0.21164021164021163,0.18000000000000005
reasoning_F,F,HQ + F,block_pls,HQ + F PLS-block (k=3),xgb1,3.0,3,6,3,repeat_04_fold_01,4,1,0.21951219512195122,0.13636363636363635,0.171601737627638,0.1956521739130435,0.7200000000000002
reasoning_A,A,HQ + A,raw_family,HQ + A (raw),logistic,,0,5,5,repeat_04_fold_02,4,2,0.30973451327433627,0.26515151515151514,0.22417075813579174,0.2996575342465753,0.27
reasoning_A,A,HQ + A,raw_family,HQ + A (raw),xgb1,,0,5,5,repeat_04_fold_02,4,2,0.31666666666666665,0.2878787878787879,0.24671495189295262,0.3104575163398693,0.7200000000000002
reasoning_A,A,HQ + A,block_pls,HQ + A PLS-block (k=2),logistic,2.0,2,5,2,repeat_04_fold_02,4,2,0.3181818181818182,0.3181818181818182,0.21684785576374202,0.3181818181818182,0.24000000000000005
reasoning_A,A,HQ + A,block_pls,HQ + A PLS-block (k=2),xgb1,2.0,2,5,2,repeat_04_fold_02,4,2,0.3383458646616541,0.3409090909090909,0.24522583960633743,0.338855421686747,0.7400000000000002
reasoning_A,A,HQ + A,block_pls,HQ + A PLS-block (k=3),logistic,3.0,3,5,3,repeat_04_fold_02,4,2,0.30708661417322836,0.29545454545454547,0.22436178467099943,0.3046875,0.25000000000000006
reasoning_A,A,HQ + A,block_pls,HQ + A PLS-block (k=3),xgb1,3.0,3,5,3,repeat_04_fold_02,4,2,0.3048128342245989,0.4318181818181818,0.2541802029210944,0.32386363636363635,0.6700000000000002
reasoning_B,B,HQ + B,raw_family,HQ + B (raw),logistic,,0,2,2,repeat_04_fold_02,4,2,0.25301204819277107,0.1590909090909091,0.17907887459628594,0.22629310344827586,0.23000000000000004
reasoning_B,B,HQ + B,raw_family,HQ + B (raw),xgb1,,0,2,2,repeat_04_fold_02,4,2,0.2717391304347826,0.1893939393939394,0.1813229716401632,0.25,0.7000000000000002
reasoning_B,B,HQ + B,block_pls,HQ + B PLS-block (k=1),logistic,1.0,1,2,1,repeat_04_fold_02,4,2,0.25806451612903225,0.12121212121212122,0.17561455001874324,0.21052631578947367,0.29000000000000004
reasoning_B,B,HQ + B,block_pls,HQ + B PLS-block (k=1),xgb1,1.0,1,2,1,repeat_04_fold_02,4,2,0.29411764705882354,0.1893939393939394,0.1810617115417413,0.2648305084745763,0.7100000000000002
reasoning_B,B,HQ + B,block_pls,HQ + B PLS-block (k=2),logistic,2.0,2,2,2,repeat_04_fold_02,4,2,0.25,0.15151515151515152,0.17914733082627513,0.22123893805309736,0.24000000000000005
reasoning_B,B,HQ + B,block_pls,HQ + B PLS-block (k=2),xgb1,2.0,2,2,2,repeat_04_fold_02,4,2,0.26804123711340205,0.19696969696969696,0.18246887660197586,0.25,0.6900000000000002
reasoning_C,C,HQ + C,raw_family,HQ + C (raw),logistic,,0,3,3,repeat_04_fold_02,4,2,0.29508196721311475,0.13636363636363635,0.17293542479887114,0.2393617021276596,0.32000000000000006
reasoning_C,C,HQ + C,raw_family,HQ + C (raw),xgb1,,0,3,3,repeat_04_fold_02,4,2,0.2987012987012987,0.17424242424242425,0.1827339774286834,0.26136363636363635,0.7200000000000002
reasoning_C,C,HQ + C,block_pls,HQ + C PLS-block (k=2),logistic,2.0,2,3,2,repeat_04_fold_02,4,2,0.2878787878787879,0.14393939393939395,0.17270032956186013,0.2398989898989899,0.29000000000000004
reasoning_C,C,HQ + C,block_pls,HQ + C PLS-block (k=2),xgb1,2.0,2,3,2,repeat_04_fold_02,4,2,0.2542372881355932,0.22727272727272727,0.185329079507879,0.24834437086092714,0.6800000000000002
reasoning_D,D,HQ + D,raw_family,HQ + D (raw),logistic,,0,2,2,repeat_04_fold_02,4,2,0.27419354838709675,0.12878787878787878,0.1855742784934802,0.2236842105263158,0.33
reasoning_D,D,HQ + D,raw_family,HQ + D (raw),xgb1,,0,2,2,repeat_04_fold_02,4,2,0.24,0.22727272727272727,0.18516028998354886,0.23734177215189872,0.6600000000000001
reasoning_D,D,HQ + D,block_pls,HQ + D PLS-block (k=1),logistic,1.0,1,2,1,repeat_04_fold_02,4,2,0.26865671641791045,0.13636363636363635,0.18156404423797362,0.225,0.29000000000000004
reasoning_D,D,HQ + D,block_pls,HQ + D PLS-block (k=1),xgb1,1.0,1,2,1,repeat_04_fold_02,4,2,0.30120481927710846,0.1893939393939394,0.1845910072498156,0.26939655172413796,0.7200000000000002
reasoning_D,D,HQ + D,block_pls,HQ + D PLS-block (k=2),logistic,2.0,2,2,2,repeat_04_fold_02,4,2,0.26153846153846155,0.12878787878787878,0.18535044692151154,0.21683673469387754,0.32000000000000006
reasoning_D,D,HQ + D,block_pls,HQ + D PLS-block (k=2),xgb1,2.0,2,2,2,repeat_04_fold_02,4,2,0.26851851851851855,0.2196969696969697,0.19096292078024404,0.2570921985815603,0.6800000000000002
reasoning_E,E,HQ + E,raw_family,HQ + E (raw),logistic,,0,3,3,repeat_04_fold_02,4,2,0.2777777777777778,0.15151515151515152,0.1690421544999628,0.23809523809523808,0.26000000000000006
reasoning_E,E,HQ + E,raw_family,HQ + E (raw),xgb1,,0,3,3,repeat_04_fold_02,4,2,0.2804878048780488,0.17424242424242425,0.17954913289310792,0.25,0.7100000000000002
reasoning_E,E,HQ + E,block_pls,HQ + E PLS-block (k=1),logistic,1.0,1,3,1,repeat_04_fold_02,4,2,0.25806451612903225,0.12121212121212122,0.17440674674949908,0.21052631578947367,0.29000000000000004
reasoning_E,E,HQ + E,block_pls,HQ + E PLS-block (k=1),xgb1,1.0,1,3,1,repeat_04_fold_02,4,2,0.20812182741116753,0.3106060606060606,0.17701434341690148,0.22282608695652173,0.6200000000000001
reasoning_F,F,HQ + F,raw_family,HQ + F (raw),logistic,,0,6,6,repeat_04_fold_02,4,2,0.2872340425531915,0.20454545454545456,0.19397131633602677,0.265748031496063,0.22000000000000003
reasoning_F,F,HQ + F,raw_family,HQ + F (raw),xgb1,,0,6,6,repeat_04_fold_02,4,2,0.2823529411764706,0.18181818181818182,0.1821410793706999,0.2542372881355932,0.7100000000000002
reasoning_F,F,HQ + F,block_pls,HQ + F PLS-block (k=2),logistic,2.0,2,6,2,repeat_04_fold_02,4,2,0.2903225806451613,0.20454545454545456,0.19323458872629856,0.26785714285714285,0.22000000000000003
reasoning_F,F,HQ + F,block_pls,HQ + F PLS-block (k=2),xgb1,2.0,2,6,2,repeat_04_fold_02,4,2,0.29464285714285715,0.25,0.20156861879779486,0.28448275862068967,0.6900000000000002
reasoning_F,F,HQ + F,block_pls,HQ + F PLS-block (k=3),logistic,3.0,3,6,3,repeat_04_fold_02,4,2,0.3111111111111111,0.21212121212121213,0.19314761118510632,0.2845528455284553,0.23000000000000004
reasoning_F,F,HQ + F,block_pls,HQ + F PLS-block (k=3),xgb1,3.0,3,6,3,repeat_04_fold_02,4,2,0.2740740740740741,0.2803030303030303,0.20462840472688792,0.27529761904761907,0.6700000000000002
reasoning_A,A,HQ + A,raw_family,HQ + A (raw),logistic,,0,5,5,repeat_04_fold_03,4,3,0.35185185185185186,0.2878787878787879,0.23231361076603957,0.33687943262411346,0.26000000000000006
reasoning_A,A,HQ + A,raw_family,HQ + A (raw),xgb1,,0,5,5,repeat_04_fold_03,4,3,0.3333333333333333,0.2878787878787879,0.23919059068320364,0.3231292517006803,0.7300000000000002
reasoning_A,A,HQ + A,block_pls,HQ + A PLS-block (k=2),logistic,2.0,2,5,2,repeat_04_fold_03,4,3,0.3063063063063063,0.25757575757575757,0.22622389905490836,0.2951388888888889,0.24000000000000005
reasoning_A,A,HQ + A,block_pls,HQ + A PLS-block (k=2),xgb1,2.0,2,5,2,repeat_04_fold_03,4,3,0.3333333333333333,0.2803030303030303,0.23498077114837748,0.3211805555555556,0.7600000000000002
reasoning_A,A,HQ + A,block_pls,HQ + A PLS-block (k=3),logistic,3.0,3,5,3,repeat_04_fold_03,4,3,0.3333333333333333,0.25,0.23213548126945407,0.3125,0.27
reasoning_A,A,HQ + A,block_pls,HQ + A PLS-block (k=3),xgb1,3.0,3,5,3,repeat_04_fold_03,4,3,0.36046511627906974,0.23484848484848486,0.23873925362271875,0.32563025210084034,0.8200000000000002
reasoning_B,B,HQ + B,raw_family,HQ + B (raw),logistic,,0,2,2,repeat_04_fold_03,4,3,0.30303030303030304,0.15151515151515152,0.1753977596958085,0.25252525252525254,0.24000000000000005
reasoning_B,B,HQ + B,raw_family,HQ + B (raw),xgb1,,0,2,2,repeat_04_fold_03,4,3,0.2916666666666667,0.10606060606060606,0.1760282067647655,0.21604938271604937,0.7800000000000001
reasoning_B,B,HQ + B,block_pls,HQ + B PLS-block (k=1),logistic,1.0,1,2,1,repeat_04_fold_03,4,3,0.32075471698113206,0.12878787878787878,0.17432864902660233,0.24709302325581395,0.26000000000000006
reasoning_B,B,HQ + B,block_pls,HQ + B PLS-block (k=1),xgb1,1.0,1,2,1,repeat_04_fold_03,4,3,0.30612244897959184,0.11363636363636363,0.17516232877403934,0.22865853658536586,0.7800000000000001
reasoning_B,B,HQ + B,block_pls,HQ + B PLS-block (k=2),logistic,2.0,2,2,2,repeat_04_fold_03,4,3,0.2616822429906542,0.21212121212121213,0.17527690037967003,0.25,0.19
reasoning_B,B,HQ + B,block_pls,HQ + B PLS-block (k=2),xgb1,2.0,2,2,2,repeat_04_fold_03,4,3,0.30434782608695654,0.1590909090909091,0.17643214087461415,0.25735294117647056,0.7300000000000002
reasoning_C,C,HQ + C,raw_family,HQ + C (raw),logistic,,0,3,3,repeat_04_fold_03,4,3,0.3076923076923077,0.12121212121212122,0.18117679050788782,0.23529411764705882,0.27
reasoning_C,C,HQ + C,raw_family,HQ + C (raw),xgb1,,0,3,3,repeat_04_fold_03,4,3,0.2916666666666667,0.10606060606060606,0.18030167359285681,0.21604938271604937,0.7800000000000001
reasoning_C,C,HQ + C,block_pls,HQ + C PLS-block (k=2),logistic,2.0,2,3,2,repeat_04_fold_03,4,3,0.32608695652173914,0.11363636363636363,0.18126342262993816,0.23734177215189872,0.31000000000000005
reasoning_C,C,HQ + C,block_pls,HQ + C PLS-block (k=2),xgb1,2.0,2,3,2,repeat_04_fold_03,4,3,0.23129251700680273,0.25757575757575757,0.19189382922957007,0.2361111111111111,0.6500000000000001
reasoning_D,D,HQ + D,raw_family,HQ + D (raw),logistic,,0,2,2,repeat_04_fold_03,4,3,0.3333333333333333,0.11363636363636363,0.18546128919930574,0.2403846153846154,0.31000000000000005
reasoning_D,D,HQ + D,raw_family,HQ + D (raw),xgb1,,0,2,2,repeat_04_fold_03,4,3,0.25925925925925924,0.21212121212121213,0.18277054381525448,0.24822695035460993,0.6800000000000002
reasoning_D,D,HQ + D,block_pls,HQ + D PLS-block (k=1),logistic,1.0,1,2,1,repeat_04_fold_03,4,3,0.3191489361702128,0.11363636363636363,0.17715595160204914,0.234375,0.30000000000000004
reasoning_D,D,HQ + D,block_pls,HQ + D PLS-block (k=1),xgb1,1.0,1,2,1,repeat_04_fold_03,4,3,0.27906976744186046,0.09090909090909091,0.18142169077336837,0.19736842105263158,0.8000000000000002
reasoning_D,D,HQ + D,block_pls,HQ + D PLS-block (k=2),logistic,2.0,2,2,2,repeat_04_fold_03,4,3,0.3333333333333333,0.11363636363636363,0.1859685151371114,0.2403846153846154,0.31000000000000005
reasoning_D,D,HQ + D,block_pls,HQ + D PLS-block (k=2),xgb1,2.0,2,2,2,repeat_04_fold_03,4,3,0.3246753246753247,0.1893939393939394,0.1910448168306293,0.2840909090909091,0.7200000000000002
reasoning_E,E,HQ + E,raw_family,HQ + E (raw),logistic,,0,3,3,repeat_04_fold_03,4,3,0.3,0.13636363636363635,0.17396426340458426,0.24193548387096775,0.24000000000000005
reasoning_E,E,HQ + E,raw_family,HQ + E (raw),xgb1,,0,3,3,repeat_04_fold_03,4,3,0.3103448275862069,0.13636363636363635,0.17490610458639877,0.24725274725274726,0.7600000000000002
reasoning_E,E,HQ + E,block_pls,HQ + E PLS-block (k=1),logistic,1.0,1,3,1,repeat_04_fold_03,4,3,0.3050847457627119,0.13636363636363635,0.17506976018838394,0.24456521739130435,0.24000000000000005
reasoning_E,E,HQ + E,block_pls,HQ + E PLS-block (k=1),xgb1,1.0,1,3,1,repeat_04_fold_03,4,3,0.3,0.13636363636363635,0.1741207390471159,0.24193548387096775,0.7500000000000002
reasoning_F,F,HQ + F,raw_family,HQ + F (raw),logistic,,0,6,6,repeat_04_fold_03,4,3,0.2909090909090909,0.24242424242424243,0.18408104444494922,0.27972027972027974,0.2
reasoning_F,F,HQ + F,raw_family,HQ + F (raw),xgb1,,0,6,6,repeat_04_fold_03,4,3,0.2727272727272727,0.09090909090909091,0.17836588219397026,0.19480519480519481,0.7900000000000001
reasoning_F,F,HQ + F,block_pls,HQ + F PLS-block (k=2),logistic,2.0,2,6,2,repeat_04_fold_03,4,3,0.2857142857142857,0.21212121212121213,0.17830610758314938,0.26717557251908397,0.21000000000000002
reasoning_F,F,HQ + F,block_pls,HQ + F PLS-block (k=2),xgb1,2.0,2,6,2,repeat_04_fold_03,4,3,0.24666666666666667,0.2803030303030303,0.18507773179786058,0.2527322404371585,0.6400000000000001
reasoning_F,F,HQ + F,block_pls,HQ + F PLS-block (k=3),logistic,3.0,3,6,3,repeat_04_fold_03,4,3,0.2882882882882883,0.24242424242424243,0.18368981169985754,0.2777777777777778,0.2
reasoning_F,F,HQ + F,block_pls,HQ + F PLS-block (k=3),xgb1,3.0,3,6,3,repeat_04_fold_03,4,3,0.2222222222222222,0.2878787878787879,0.1897283623022566,0.23284313725490197,0.6300000000000001
reasoning_A,A,HQ + A,raw_family,HQ + A (raw),logistic,,0,5,5,repeat_05_fold_01,5,1,0.3229166666666667,0.23484848484848486,0.2544433251109704,0.3003875968992248,0.26000000000000006
reasoning_A,A,HQ + A,raw_family,HQ + A (raw),xgb1,,0,5,5,repeat_05_fold_01,5,1,0.2620689655172414,0.2878787878787879,0.2318991735093758,0.26685393258426965,0.6700000000000002
reasoning_A,A,HQ + A,block_pls,HQ + A PLS-block (k=2),logistic,2.0,2,5,2,repeat_05_fold_01,5,1,0.34523809523809523,0.2196969696969697,0.2599873999914754,0.30982905982905984,0.28
reasoning_A,A,HQ + A,block_pls,HQ + A PLS-block (k=2),xgb1,2.0,2,5,2,repeat_05_fold_01,5,1,0.3269230769230769,0.25757575757575757,0.2531438206034099,0.3102189781021898,0.7600000000000002
reasoning_A,A,HQ + A,block_pls,HQ + A PLS-block (k=3),logistic,3.0,3,5,3,repeat_05_fold_01,5,1,0.32038834951456313,0.25,0.2529174437586503,0.30330882352941174,0.25000000000000006
reasoning_A,A,HQ + A,block_pls,HQ + A PLS-block (k=3),xgb1,3.0,3,5,3,repeat_05_fold_01,5,1,0.3142857142857143,0.3333333333333333,0.2533584254757906,0.3179190751445087,0.7100000000000002
reasoning_B,B,HQ + B,raw_family,HQ + B (raw),logistic,,0,2,2,repeat_05_fold_01,5,1,0.2653061224489796,0.09848484848484848,0.19744378158505915,0.19817073170731708,0.28
reasoning_B,B,HQ + B,raw_family,HQ + B (raw),xgb1,,0,2,2,repeat_05_fold_01,5,1,0.2565789473684211,0.29545454545454547,0.18035320976764613,0.2635135135135135,0.6300000000000001
reasoning_B,B,HQ + B,block_pls,HQ + B PLS-block (k=1),logistic,1.0,1,2,1,repeat_05_fold_01,5,1,0.2641509433962264,0.10606060606060606,0.19535070605319726,0.20348837209302326,0.24000000000000005
reasoning_B,B,HQ + B,block_pls,HQ + B PLS-block (k=1),xgb1,1.0,1,2,1,repeat_05_fold_01,5,1,0.2545454545454545,0.10606060606060606,0.18088211551501196,0.19886363636363635,0.7700000000000002
reasoning_B,B,HQ + B,block_pls,HQ + B PLS-block (k=2),logistic,2.0,2,2,2,repeat_05_fold_01,5,1,0.2653061224489796,0.09848484848484848,0.19733758177410535,0.19817073170731708,0.30000000000000004
reasoning_B,B,HQ + B,block_pls,HQ + B PLS-block (k=2),xgb1,2.0,2,2,2,repeat_05_fold_01,5,1,0.25,0.09090909090909091,0.18358239265324885,0.18518518518518517,0.7900000000000001
reasoning_C,C,HQ + C,raw_family,HQ + C (raw),logistic,,0,3,3,repeat_05_fold_01,5,1,0.2553191489361702,0.09090909090909091,0.1979098643073624,0.1875,0.32000000000000006
reasoning_C,C,HQ + C,raw_family,HQ + C (raw),xgb1,,0,3,3,repeat_05_fold_01,5,1,0.2553191489361702,0.09090909090909091,0.18043989811409838,0.1875,0.8600000000000002
reasoning_C,C,HQ + C,block_pls,HQ + C PLS-block (k=2),logistic,2.0,2,3,2,repeat_05_fold_01,5,1,0.2708333333333333,0.09848484848484848,0.1995918793507762,0.2006172839506173,0.31000000000000005
reasoning_C,C,HQ + C,block_pls,HQ + C PLS-block (k=2),xgb1,2.0,2,3,2,repeat_05_fold_01,5,1,0.2553191489361702,0.09090909090909091,0.19615219127667927,0.1875,0.8800000000000002
reasoning_D,D,HQ + D,raw_family,HQ + D (raw),logistic,,0,2,2,repeat_05_fold_01,5,1,0.27450980392156865,0.10606060606060606,0.19674403834350776,0.20833333333333334,0.28
reasoning_D,D,HQ + D,raw_family,HQ + D (raw),xgb1,,0,2,2,repeat_05_fold_01,5,1,0.25210084033613445,0.22727272727272727,0.18542539660171803,0.24671052631578946,0.6700000000000002
reasoning_D,D,HQ + D,block_pls,HQ + D PLS-block (k=1),logistic,1.0,1,2,1,repeat_05_fold_01,5,1,0.2727272727272727,0.11363636363636363,0.19424413620829806,0.21306818181818182,0.24000000000000005
reasoning_D,D,HQ + D,block_pls,HQ + D PLS-block (k=1),xgb1,1.0,1,2,1,repeat_05_fold_01,5,1,0.25210084033613445,0.22727272727272727,0.18463306877569152,0.24671052631578946,0.6700000000000002
reasoning_D,D,HQ + D,block_pls,HQ + D PLS-block (k=2),logistic,2.0,2,2,2,repeat_05_fold_01,5,1,0.28,0.10606060606060606,0.19663914356794945,0.21084337349397592,0.29000000000000004
reasoning_D,D,HQ + D,block_pls,HQ + D PLS-block (k=2),xgb1,2.0,2,2,2,repeat_05_fold_01,5,1,0.2727272727272727,0.25,0.18940113842172882,0.26785714285714285,0.6700000000000002
reasoning_E,E,HQ + E,raw_family,HQ + E (raw),logistic,,0,3,3,repeat_05_fold_01,5,1,0.28,0.10606060606060606,0.19052219869525724,0.21084337349397592,0.26000000000000006
reasoning_E,E,HQ + E,raw_family,HQ + E (raw),xgb1,,0,3,3,repeat_05_fold_01,5,1,0.24666666666666667,0.2803030303030303,0.17882810208599803,0.2527322404371585,0.6300000000000001
reasoning_E,E,HQ + E,block_pls,HQ + E PLS-block (k=1),logistic,1.0,1,3,1,repeat_05_fold_01,5,1,0.2553191489361702,0.09090909090909091,0.1945482719122575,0.1875,0.31000000000000005
reasoning_E,E,HQ + E,block_pls,HQ + E PLS-block (k=1),xgb1,1.0,1,3,1,repeat_05_fold_01,5,1,0.2553191489361702,0.09090909090909091,0.17961202873232157,0.1875,0.8100000000000002
reasoning_F,F,HQ + F,raw_family,HQ + F (raw),logistic,,0,6,6,repeat_05_fold_01,5,1,0.2553191489361702,0.09090909090909091,0.20440257072896803,0.1875,0.36000000000000004
reasoning_F,F,HQ + F,raw_family,HQ + F (raw),xgb1,,0,6,6,repeat_05_fold_01,5,1,0.2553191489361702,0.09090909090909091,0.1842547952436056,0.1875,0.8300000000000002
reasoning_F,F,HQ + F,block_pls,HQ + F PLS-block (k=2),logistic,2.0,2,6,2,repeat_05_fold_01,5,1,0.2553191489361702,0.09090909090909091,0.20988617429654702,0.1875,0.4100000000000001
reasoning_F,F,HQ + F,block_pls,HQ + F PLS-block (k=2),xgb1,2.0,2,6,2,repeat_05_fold_01,5,1,0.23834196891191708,0.3484848484848485,0.20105801962014386,0.25442477876106195,0.6100000000000001
reasoning_F,F,HQ + F,block_pls,HQ + F PLS-block (k=3),logistic,3.0,3,6,3,repeat_05_fold_01,5,1,0.2553191489361702,0.09090909090909091,0.2046698713926129,0.1875,0.38000000000000006
reasoning_F,F,HQ + F,block_pls,HQ + F PLS-block (k=3),xgb1,3.0,3,6,3,repeat_05_fold_01,5,1,0.25405405405405407,0.3560606060606061,0.20535507096267142,0.2694954128440367,0.6100000000000001
reasoning_A,A,HQ + A,raw_family,HQ + A (raw),logistic,,0,5,5,repeat_05_fold_02,5,2,0.3137254901960784,0.24242424242424243,0.22308041821708632,0.2962962962962963,0.31000000000000005
reasoning_A,A,HQ + A,raw_family,HQ + A (raw),xgb1,,0,5,5,repeat_05_fold_02,5,2,0.2919254658385093,0.3560606060606061,0.23115595084412827,0.30283505154639173,0.6900000000000002
reasoning_A,A,HQ + A,block_pls,HQ + A PLS-block (k=2),logistic,2.0,2,5,2,repeat_05_fold_02,5,2,0.30952380952380953,0.19696969696969696,0.21207094394998233,0.2777777777777778,0.34
reasoning_A,A,HQ + A,block_pls,HQ + A PLS-block (k=2),xgb1,2.0,2,5,2,repeat_05_fold_02,5,2,0.2980132450331126,0.3409090909090909,0.2265022519010504,0.30570652173913043,0.7300000000000002
reasoning_A,A,HQ + A,block_pls,HQ + A PLS-block (k=3),logistic,3.0,3,5,3,repeat_05_fold_02,5,2,0.32038834951456313,0.25,0.2223655437833073,0.30330882352941174,0.30000000000000004
reasoning_A,A,HQ + A,block_pls,HQ + A PLS-block (k=3),xgb1,3.0,3,5,3,repeat_05_fold_02,5,2,0.29133858267716534,0.2803030303030303,0.23229457790100033,0.2890625,0.7800000000000001
reasoning_B,B,HQ + B,raw_family,HQ + B (raw),logistic,,0,2,2,repeat_05_fold_02,5,2,0.32075471698113206,0.12878787878787878,0.1621098618751123,0.24709302325581395,0.29000000000000004
reasoning_B,B,HQ + B,raw_family,HQ + B (raw),xgb1,,0,2,2,repeat_05_fold_02,5,2,0.17222222222222222,0.23484848484848486,0.16752043012810355,0.18192488262910797,0.6400000000000001
reasoning_B,B,HQ + B,block_pls,HQ + B PLS-block (k=1),logistic,1.0,1,2,1,repeat_05_fold_02,5,2,0.18404907975460122,0.22727272727272727,0.15929600201164953,0.1913265306122449,0.17000000000000004
reasoning_B,B,HQ + B,block_pls,HQ + B PLS-block (k=1),xgb1,1.0,1,2,1,repeat_05_fold_02,5,2,0.20535714285714285,0.17424242424242425,0.16747756931694802,0.19827586206896552,0.6900000000000002
reasoning_B,B,HQ + B,block_pls,HQ + B PLS-block (k=2),logistic,2.0,2,2,2,repeat_05_fold_02,5,2,0.15261044176706828,0.2878787878787879,0.16195199491621645,0.16843971631205673,0.14
reasoning_B,B,HQ + B,block_pls,HQ + B PLS-block (k=2),xgb1,2.0,2,2,2,repeat_05_fold_02,5,2,0.17391304347826086,0.24242424242424243,0.16824099776862084,0.18433179723502305,0.6400000000000001
reasoning_C,C,HQ + C,raw_family,HQ + C (raw),logistic,,0,3,3,repeat_05_fold_02,5,2,0.1827956989247312,0.25757575757575757,0.16194438772754016,0.19406392694063926,0.16000000000000003
reasoning_C,C,HQ + C,raw_family,HQ + C (raw),xgb1,,0,3,3,repeat_05_fold_02,5,2,0.296875,0.14393939393939395,0.17202015912934027,0.24484536082474226,0.7400000000000002
reasoning_C,C,HQ + C,block_pls,HQ + C PLS-block (k=2),logistic,2.0,2,3,2,repeat_05_fold_02,5,2,0.1881720430107527,0.26515151515151514,0.16318149612941343,0.1997716894977169,0.16000000000000003
reasoning_C,C,HQ + C,block_pls,HQ + C PLS-block (k=2),xgb1,2.0,2,3,2,repeat_05_fold_02,5,2,0.2222222222222222,0.22727272727272727,0.17241273040342892,0.22321428571428573,0.6700000000000002
reasoning_D,D,HQ + D,raw_family,HQ + D (raw),logistic,,0,2,2,repeat_05_fold_02,5,2,0.1708542713567839,0.25757575757575757,0.16438679585790553,0.18318965517241378,0.16000000000000003
reasoning_D,D,HQ + D,raw_family,HQ + D (raw),xgb1,,0,2,2,repeat_05_fold_02,5,2,0.19047619047619047,0.3333333333333333,0.17580968238163436,0.20833333333333334,0.6000000000000002
reasoning_D,D,HQ + D,block_pls,HQ + D PLS-block (k=1),logistic,1.0,1,2,1,repeat_05_fold_02,5,2,0.18032786885245902,0.25,0.16320337241854546,0.1909722222222222,0.16000000000000003
reasoning_D,D,HQ + D,block_pls,HQ + D PLS-block (k=1),xgb1,1.0,1,2,1,repeat_05_fold_02,5,2,0.1839080459770115,0.24242424242424243,0.1756983083960422,0.1932367149758454,0.6400000000000001
reasoning_D,D,HQ + D,block_pls,HQ + D PLS-block (k=2),logistic,2.0,2,2,2,repeat_05_fold_02,5,2,0.17,0.25757575757575757,0.1641996158351115,0.18240343347639484,0.16000000000000003
reasoning_D,D,HQ + D,block_pls,HQ + D PLS-block (k=2),xgb1,2.0,2,2,2,repeat_05_fold_02,5,2,0.1925133689839572,0.2727272727272727,0.17716627177283678,0.20454545454545456,0.6300000000000001
reasoning_E,E,HQ + E,raw_family,HQ + E (raw),logistic,,0,3,3,repeat_05_fold_02,5,2,0.3111111111111111,0.10606060606060606,0.15580179689374035,0.22435897435897437,0.33
reasoning_E,E,HQ + E,raw_family,HQ + E (raw),xgb1,,0,3,3,repeat_05_fold_02,5,2,0.18407960199004975,0.2803030303030303,0.16871693067282212,0.19764957264957264,0.6200000000000001
reasoning_E,E,HQ + E,block_pls,HQ + E PLS-block (k=1),logistic,1.0,1,3,1,repeat_05_fold_02,5,2,0.30612244897959184,0.11363636363636363,0.16035589475303053,0.22865853658536586,0.29000000000000004
reasoning_E,E,HQ + E,block_pls,HQ + E PLS-block (k=1),xgb1,1.0,1,3,1,repeat_05_fold_02,5,2,0.1813186813186813,0.25,0.1689443996067775,0.19186046511627908,0.6400000000000001
reasoning_F,F,HQ + F,raw_family,HQ + F (raw),logistic,,0,6,6,repeat_05_fold_02,5,2,0.23157894736842105,0.16666666666666666,0.1692229366273475,0.21484375,0.22000000000000003
reasoning_F,F,HQ + F,raw_family,HQ + F (raw),xgb1,,0,6,6,repeat_05_fold_02,5,2,0.17674418604651163,0.2878787878787879,0.1710110767940184,0.19153225806451613,0.6100000000000001
reasoning_F,F,HQ + F,block_pls,HQ + F PLS-block (k=2),logistic,2.0,2,6,2,repeat_05_fold_02,5,2,0.22549019607843138,0.17424242424242425,0.16312004155376075,0.21296296296296297,0.21000000000000002
reasoning_F,F,HQ + F,block_pls,HQ + F PLS-block (k=2),xgb1,2.0,2,6,2,repeat_05_fold_02,5,2,0.2028985507246377,0.21212121212121213,0.17427174770747703,0.2046783625730994,0.6600000000000001
reasoning_F,F,HQ + F,block_pls,HQ + F PLS-block (k=3),logistic,3.0,3,6,3,repeat_05_fold_02,5,2,0.24,0.13636363636363635,0.16830416140673082,0.20833333333333334,0.25000000000000006
reasoning_F,F,HQ + F,block_pls,HQ + F PLS-block (k=3),xgb1,3.0,3,6,3,repeat_05_fold_02,5,2,0.2125984251968504,0.20454545454545456,0.17868456102438632,0.2109375,0.6700000000000002
reasoning_A,A,HQ + A,raw_family,HQ + A (raw),logistic,,0,5,5,repeat_05_fold_03,5,3,0.3333333333333333,0.2803030303030303,0.21328205728668564,0.3211805555555556,0.29000000000000004
reasoning_A,A,HQ + A,raw_family,HQ + A (raw),xgb1,,0,5,5,repeat_05_fold_03,5,3,0.2760416666666667,0.4015151515151515,0.22672137931609448,0.29444444444444445,0.6500000000000001
reasoning_A,A,HQ + A,block_pls,HQ + A PLS-block (k=2),logistic,2.0,2,5,2,repeat_05_fold_03,5,3,0.3269230769230769,0.25757575757575757,0.2016130016435281,0.3102189781021898,0.30000000000000004
reasoning_A,A,HQ + A,block_pls,HQ + A PLS-block (k=2),xgb1,2.0,2,5,2,repeat_05_fold_03,5,3,0.3,0.29545454545454547,0.20580532159307707,0.299079754601227,0.7700000000000002
reasoning_A,A,HQ + A,block_pls,HQ + A PLS-block (k=3),logistic,3.0,3,5,3,repeat_05_fold_03,5,3,0.3275862068965517,0.2878787878787879,0.21411253574866657,0.3187919463087248,0.29000000000000004
reasoning_A,A,HQ + A,block_pls,HQ + A PLS-block (k=3),xgb1,3.0,3,5,3,repeat_05_fold_03,5,3,0.25903614457831325,0.32575757575757575,0.21635535549146123,0.2701005025125628,0.7200000000000002
reasoning_B,B,HQ + B,raw_family,HQ + B (raw),logistic,,0,2,2,repeat_05_fold_03,5,3,0.18181818181818182,0.16666666666666666,0.1661979339329819,0.17857142857142858,0.2
reasoning_B,B,HQ + B,raw_family,HQ + B (raw),xgb1,,0,2,2,repeat_05_fold_03,5,3,0.2111111111111111,0.14393939393939395,0.15740594561396254,0.19308943089430894,0.7200000000000002
reasoning_B,B,HQ + B,block_pls,HQ + B PLS-block (k=1),logistic,1.0,1,2,1,repeat_05_fold_03,5,3,0.23333333333333334,0.1590909090909091,0.16453971053009817,0.21341463414634146,0.24000000000000005
reasoning_B,B,HQ + B,block_pls,HQ + B PLS-block (k=1),xgb1,1.0,1,2,1,repeat_05_fold_03,5,3,0.20652173913043478,0.14393939393939395,0.15657684165946695,0.19,0.7200000000000002
reasoning_B,B,HQ + B,block_pls,HQ + B PLS-block (k=2),logistic,2.0,2,2,2,repeat_05_fold_03,5,3,0.1885245901639344,0.17424242424242425,0.16638307481645476,0.18548387096774194,0.2
reasoning_B,B,HQ + B,block_pls,HQ + B PLS-block (k=2),xgb1,2.0,2,2,2,repeat_05_fold_03,5,3,0.19166666666666668,0.17424242424242425,0.15891587187794293,0.18790849673202614,0.6800000000000002
reasoning_C,C,HQ + C,raw_family,HQ + C (raw),logistic,,0,3,3,repeat_05_fold_03,5,3,0.22549019607843138,0.17424242424242425,0.16472827036411136,0.21296296296296297,0.23000000000000004
reasoning_C,C,HQ + C,raw_family,HQ + C (raw),xgb1,,0,3,3,repeat_05_fold_03,5,3,0.2222222222222222,0.18181818181818182,0.1610691861112909,0.2127659574468085,0.7000000000000002
reasoning_C,C,HQ + C,block_pls,HQ + C PLS-block (k=2),logistic,2.0,2,3,2,repeat_05_fold_03,5,3,0.22115384615384615,0.17424242424242425,0.16484952936040506,0.20985401459854014,0.23000000000000004
reasoning_C,C,HQ + C,block_pls,HQ + C PLS-block (k=2),xgb1,2.0,2,3,2,repeat_05_fold_03,5,3,0.19736842105263158,0.22727272727272727,0.16595937373624486,0.20270270270270271,0.6600000000000001
reasoning_D,D,HQ + D,raw_family,HQ + D (raw),logistic,,0,2,2,repeat_05_fold_03,5,3,0.21428571428571427,0.1590909090909091,0.17798214693907438,0.20038167938931298,0.23000000000000004
reasoning_D,D,HQ + D,raw_family,HQ + D (raw),xgb1,,0,2,2,repeat_05_fold_03,5,3,0.2336448598130841,0.1893939393939394,0.16389030041790442,0.22321428571428573,0.7000000000000002
reasoning_D,D,HQ + D,block_pls,HQ + D PLS-block (k=1),logistic,1.0,1,2,1,repeat_05_fold_03,5,3,0.20833333333333334,0.15151515151515152,0.16760925322934664,0.1937984496124031,0.23000000000000004
reasoning_D,D,HQ + D,block_pls,HQ + D PLS-block (k=1),xgb1,1.0,1,2,1,repeat_05_fold_03,5,3,0.23809523809523808,0.1893939393939394,0.16313909589320155,0.22644927536231885,0.7000000000000002
reasoning_D,D,HQ + D,block_pls,HQ + D PLS-block (k=2),logistic,2.0,2,2,2,repeat_05_fold_03,5,3,0.24705882352941178,0.1590909090909091,0.17859957843490168,0.22245762711864406,0.25000000000000006
reasoning_D,D,HQ + D,block_pls,HQ + D PLS-block (k=2),xgb1,2.0,2,2,2,repeat_05_fold_03,5,3,0.24210526315789474,0.17424242424242425,0.17685801164952475,0.224609375,0.7100000000000002
reasoning_E,E,HQ + E,raw_family,HQ + E (raw),logistic,,0,3,3,repeat_05_fold_03,5,3,0.22340425531914893,0.1590909090909091,0.16296378305808457,0.20669291338582677,0.23000000000000004
reasoning_E,E,HQ + E,raw_family,HQ + E (raw),xgb1,,0,3,3,repeat_05_fold_03,5,3,0.20512820512820512,0.18181818181818182,0.15699152759929197,0.2,0.6900000000000002
reasoning_E,E,HQ + E,block_pls,HQ + E PLS-block (k=1),logistic,1.0,1,3,1,repeat_05_fold_03,5,3,0.22340425531914893,0.1590909090909091,0.16324381419498582,0.20669291338582677,0.23000000000000004
reasoning_E,E,HQ + E,block_pls,HQ + E PLS-block (k=1),xgb1,1.0,1,3,1,repeat_05_fold_03,5,3,0.20491803278688525,0.1893939393939394,0.15968176564503736,0.20161290322580644,0.6900000000000002
reasoning_F,F,HQ + F,raw_family,HQ + F (raw),logistic,,0,6,6,repeat_05_fold_03,5,3,0.22641509433962265,0.18181818181818182,0.1717275943590413,0.2158273381294964,0.24000000000000005
reasoning_F,F,HQ + F,raw_family,HQ + F (raw),xgb1,,0,6,6,repeat_05_fold_03,5,3,0.21782178217821782,0.16666666666666666,0.15896295242623212,0.20522388059701493,0.7100000000000002
reasoning_F,F,HQ + F,block_pls,HQ + F PLS-block (k=2),logistic,2.0,2,6,2,repeat_05_fold_03,5,3,0.23636363636363636,0.19696969696969696,0.17236356046890464,0.22727272727272727,0.22000000000000003
reasoning_F,F,HQ + F,block_pls,HQ + F PLS-block (k=2),xgb1,2.0,2,6,2,repeat_05_fold_03,5,3,0.21649484536082475,0.1590909090909091,0.1709441066318948,0.20192307692307693,0.7200000000000002
reasoning_F,F,HQ + F,block_pls,HQ + F PLS-block (k=3),logistic,3.0,3,6,3,repeat_05_fold_03,5,3,0.24770642201834864,0.20454545454545456,0.17375110601696953,0.23767605633802816,0.23000000000000004
reasoning_F,F,HQ + F,block_pls,HQ + F PLS-block (k=3),xgb1,3.0,3,6,3,repeat_05_fold_03,5,3,0.2268041237113402,0.16666666666666666,0.17607420152331307,0.21153846153846154,0.7200000000000002
reasoning_A,A,HQ + A,raw_family,HQ + A (raw),logistic,,0,5,5,repeat_06_fold_01,6,1,0.3181818181818182,0.21212121212121213,0.23381647841625885,0.2892561983471074,0.31000000000000005
reasoning_A,A,HQ + A,raw_family,HQ + A (raw),xgb1,,0,5,5,repeat_06_fold_01,6,1,0.29838709677419356,0.2803030303030303,0.23546997668963054,0.2945859872611465,0.7100000000000002
reasoning_A,A,HQ + A,block_pls,HQ + A PLS-block (k=2),logistic,2.0,2,5,2,repeat_06_fold_01,6,1,0.3333333333333333,0.23484848484848486,0.22605836821249634,0.30753968253968256,0.28
reasoning_A,A,HQ + A,block_pls,HQ + A PLS-block (k=2),xgb1,2.0,2,5,2,repeat_06_fold_01,6,1,0.2926829268292683,0.36363636363636365,0.23365496194751825,0.30456852791878175,0.6800000000000002
reasoning_A,A,HQ + A,block_pls,HQ + A PLS-block (k=3),logistic,3.0,3,5,3,repeat_06_fold_01,6,1,0.32432432432432434,0.2727272727272727,0.23487754784891374,0.3125,0.26000000000000006
reasoning_A,A,HQ + A,block_pls,HQ + A PLS-block (k=3),xgb1,3.0,3,5,3,repeat_06_fold_01,6,1,0.2874251497005988,0.36363636363636365,0.2445051632815571,0.3,0.6900000000000002
reasoning_B,B,HQ + B,raw_family,HQ + B (raw),logistic,,0,2,2,repeat_06_fold_01,6,1,0.34615384615384615,0.13636363636363635,0.17618400108527754,0.2647058823529412,0.30000000000000004
reasoning_B,B,HQ + B,raw_family,HQ + B (raw),xgb1,,0,2,2,repeat_06_fold_01,6,1,0.2198581560283688,0.23484848484848486,0.18453018209614597,0.22270114942528735,0.6400000000000001
reasoning_B,B,HQ + B,block_pls,HQ + B PLS-block (k=1),logistic,1.0,1,2,1,repeat_06_fold_01,6,1,0.32,0.12121212121212122,0.17620830684090946,0.24096385542168675,0.32000000000000006
reasoning_B,B,HQ + B,block_pls,HQ + B PLS-block (k=1),xgb1,1.0,1,2,1,repeat_06_fold_01,6,1,0.21666666666666667,0.19696969696969696,0.18410081980358578,0.21241830065359477,0.6700000000000002
reasoning_B,B,HQ + B,block_pls,HQ + B PLS-block (k=2),logistic,2.0,2,2,2,repeat_06_fold_01,6,1,0.34615384615384615,0.13636363636363635,0.17603328615037966,0.2647058823529412,0.30000000000000004
reasoning_B,B,HQ + B,block_pls,HQ + B PLS-block (k=2),xgb1,2.0,2,2,2,repeat_06_fold_01,6,1,0.19594594594594594,0.2196969696969697,0.18237132983502718,0.20027624309392264,0.6400000000000001
reasoning_C,C,HQ + C,raw_family,HQ + C (raw),logistic,,0,3,3,repeat_06_fold_01,6,1,0.3246753246753247,0.1893939393939394,0.1772827635263467,0.2840909090909091,0.23000000000000004
reasoning_C,C,HQ + C,raw_family,HQ + C (raw),xgb1,,0,3,3,repeat_06_fold_01,6,1,0.25225225225225223,0.21212121212121213,0.1910159783433021,0.24305555555555555,0.6800000000000002
reasoning_C,C,HQ + C,block_pls,HQ + C PLS-block (k=2),logistic,2.0,2,3,2,repeat_06_fold_01,6,1,0.29411764705882354,0.1893939393939394,0.1768029557200628,0.2648305084745763,0.22000000000000003
reasoning_C,C,HQ + C,block_pls,HQ + C PLS-block (k=2),xgb1,2.0,2,3,2,repeat_06_fold_01,6,1,0.2903225806451613,0.13636363636363635,0.19193101815106245,0.23684210526315788,0.7500000000000002
reasoning_D,D,HQ + D,raw_family,HQ + D (raw),logistic,,0,2,2,repeat_06_fold_01,6,1,0.3728813559322034,0.16666666666666666,0.18527194983884443,0.29891304347826086,0.28
reasoning_D,D,HQ + D,raw_family,HQ + D (raw),xgb1,,0,2,2,repeat_06_fold_01,6,1,0.20114942528735633,0.26515151515151514,0.1874381551426936,0.2113526570048309,0.6200000000000001
reasoning_D,D,HQ + D,block_pls,HQ + D PLS-block (k=1),logistic,1.0,1,2,1,repeat_06_fold_01,6,1,0.3484848484848485,0.17424242424242425,0.17717517589117604,0.2904040404040404,0.24000000000000005
reasoning_D,D,HQ + D,block_pls,HQ + D PLS-block (k=1),xgb1,1.0,1,2,1,repeat_06_fold_01,6,1,0.2,0.26515151515151514,0.18848085341260354,0.21033653846153846,0.6200000000000001
reasoning_D,D,HQ + D,block_pls,HQ + D PLS-block (k=2),logistic,2.0,2,2,2,repeat_06_fold_01,6,1,0.3728813559322034,0.16666666666666666,0.18546206137312707,0.29891304347826086,0.28
reasoning_D,D,HQ + D,block_pls,HQ + D PLS-block (k=2),xgb1,2.0,2,2,2,repeat_06_fold_01,6,1,0.21212121212121213,0.26515151515151514,0.193018311522092,0.22095959595959597,0.6300000000000001
reasoning_E,E,HQ + E,raw_family,HQ + E (raw),logistic,,0,3,3,repeat_06_fold_01,6,1,0.2911392405063291,0.17424242424242425,0.17761978685979765,0.25669642857142855,0.22000000000000003
reasoning_E,E,HQ + E,raw_family,HQ + E (raw),xgb1,,0,3,3,repeat_06_fold_01,6,1,0.22297297297297297,0.25,0.18858879576787227,0.22790055248618785,0.6400000000000001
reasoning_E,E,HQ + E,block_pls,HQ + E PLS-block (k=1),logistic,1.0,1,3,1,repeat_06_fold_01,6,1,0.35185185185185186,0.14393939393939395,0.1775952519678442,0.27298850574712646,0.28
reasoning_E,E,HQ + E,block_pls,HQ + E PLS-block (k=1),xgb1,1.0,1,3,1,repeat_06_fold_01,6,1,0.23853211009174313,0.19696969696969696,0.1900785829469825,0.22887323943661972,0.6800000000000002
reasoning_F,F,HQ + F,raw_family,HQ + F (raw),logistic,,0,6,6,repeat_06_fold_01,6,1,0.2926829268292683,0.18181818181818182,0.19161661629244045,0.2608695652173913,0.23000000000000004
reasoning_F,F,HQ + F,raw_family,HQ + F (raw),xgb1,,0,6,6,repeat_06_fold_01,6,1,0.23043478260869565,0.4015151515151515,0.1929058026344504,0.25190114068441066,0.5800000000000002
reasoning_F,F,HQ + F,block_pls,HQ + F PLS-block (k=2),logistic,2.0,2,6,2,repeat_06_fold_01,6,1,0.2857142857142857,0.15151515151515152,0.18667396612853043,0.24271844660194175,0.26000000000000006
reasoning_F,F,HQ + F,block_pls,HQ + F PLS-block (k=2),xgb1,2.0,2,6,2,repeat_06_fold_01,6,1,0.27884615384615385,0.2196969696969697,0.2022100555372501,0.2645985401459854,0.6900000000000002
reasoning_F,F,HQ + F,block_pls,HQ + F PLS-block (k=3),logistic,3.0,3,6,3,repeat_06_fold_01,6,1,0.29411764705882354,0.1893939393939394,0.18867729830892493,0.2648305084745763,0.23000000000000004
reasoning_F,F,HQ + F,block_pls,HQ + F PLS-block (k=3),xgb1,3.0,3,6,3,repeat_06_fold_01,6,1,0.2764227642276423,0.25757575757575757,0.20843261570691632,0.2724358974358974,0.6700000000000002
reasoning_A,A,HQ + A,raw_family,HQ + A (raw),logistic,,0,5,5,repeat_06_fold_02,6,2,0.35185185185185186,0.2878787878787879,0.23884733774787742,0.33687943262411346,0.27
reasoning_A,A,HQ + A,raw_family,HQ + A (raw),xgb1,,0,5,5,repeat_06_fold_02,6,2,0.29381443298969073,0.4318181818181818,0.2469767009780801,0.31387665198237885,0.6400000000000001
reasoning_A,A,HQ + A,block_pls,HQ + A PLS-block (k=2),logistic,2.0,2,5,2,repeat_06_fold_02,6,2,0.29770992366412213,0.29545454545454547,0.2281719884829063,0.2972560975609756,0.22000000000000003
reasoning_A,A,HQ + A,block_pls,HQ + A PLS-block (k=2),xgb1,2.0,2,5,2,repeat_06_fold_02,6,2,0.31788079470198677,0.36363636363636365,0.24724246195827349,0.32608695652173914,0.7000000000000002
reasoning_A,A,HQ + A,block_pls,HQ + A PLS-block (k=3),logistic,3.0,3,5,3,repeat_06_fold_02,6,2,0.3611111111111111,0.29545454545454547,0.2380480591287331,0.34574468085106386,0.27
reasoning_A,A,HQ + A,block_pls,HQ + A PLS-block (k=3),xgb1,3.0,3,5,3,repeat_06_fold_02,6,2,0.3288590604026846,0.3712121212121212,0.2507318043417307,0.33653846153846156,0.7000000000000002
reasoning_B,B,HQ + B,raw_family,HQ + B (raw),logistic,,0,2,2,repeat_06_fold_02,6,2,0.23809523809523808,0.11363636363636363,0.17087166888084115,0.1953125,0.26000000000000006
reasoning_B,B,HQ + B,raw_family,HQ + B (raw),xgb1,,0,2,2,repeat_06_fold_02,6,2,0.2777777777777778,0.11363636363636363,0.17585534283674653,0.21551724137931033,0.7600000000000002
reasoning_B,B,HQ + B,block_pls,HQ + B PLS-block (k=1),logistic,1.0,1,2,1,repeat_06_fold_02,6,2,0.25263157894736843,0.18181818181818182,0.1691482339649638,0.234375,0.2
reasoning_B,B,HQ + B,block_pls,HQ + B PLS-block (k=1),xgb1,1.0,1,2,1,repeat_06_fold_02,6,2,0.27586206896551724,0.12121212121212122,0.1729630253513395,0.21978021978021978,0.7500000000000002
reasoning_B,B,HQ + B,block_pls,HQ + B PLS-block (k=2),logistic,2.0,2,2,2,repeat_06_fold_02,6,2,0.24,0.09090909090909091,0.1709262106084896,0.18072289156626506,0.30000000000000004
reasoning_B,B,HQ + B,block_pls,HQ + B PLS-block (k=2),xgb1,2.0,2,2,2,repeat_06_fold_02,6,2,0.26666666666666666,0.12121212121212122,0.17330766968104835,0.21505376344086022,0.7400000000000002
reasoning_C,C,HQ + C,raw_family,HQ + C (raw),logistic,,0,3,3,repeat_06_fold_02,6,2,0.25316455696202533,0.15151515151515152,0.1717491603302409,0.22321428571428573,0.23000000000000004
reasoning_C,C,HQ + C,raw_family,HQ + C (raw),xgb1,,0,3,3,repeat_06_fold_02,6,2,0.21367521367521367,0.1893939393939394,0.1790217857822319,0.20833333333333334,0.6800000000000002
reasoning_C,C,HQ + C,block_pls,HQ + C PLS-block (k=2),logistic,2.0,2,3,2,repeat_06_fold_02,6,2,0.2361111111111111,0.12878787878787878,0.1718033237333292,0.20238095238095238,0.24000000000000005
reasoning_C,C,HQ + C,block_pls,HQ + C PLS-block (k=2),xgb1,2.0,2,3,2,repeat_06_fold_02,6,2,0.26865671641791045,0.13636363636363635,0.1881599042434436,0.225,0.7400000000000002
reasoning_D,D,HQ + D,raw_family,HQ + D (raw),logistic,,0,2,2,repeat_06_fold_02,6,2,0.2345679012345679,0.14393939393939395,0.1749305869067067,0.20833333333333334,0.23000000000000004
reasoning_D,D,HQ + D,raw_family,HQ + D (raw),xgb1,,0,2,2,repeat_06_fold_02,6,2,0.30434782608695654,0.10606060606060606,0.18430187124221303,0.22151898734177214,0.7900000000000001
reasoning_D,D,HQ + D,block_pls,HQ + D PLS-block (k=1),logistic,1.0,1,2,1,repeat_06_fold_02,6,2,0.22077922077922077,0.12878787878787878,0.17352679747386873,0.19318181818181818,0.23000000000000004
reasoning_D,D,HQ + D,block_pls,HQ + D PLS-block (k=1),xgb1,1.0,1,2,1,repeat_06_fold_02,6,2,0.2898550724637681,0.15151515151515152,0.18366208817639168,0.24509803921568626,0.7300000000000002
reasoning_D,D,HQ + D,block_pls,HQ + D PLS-block (k=2),logistic,2.0,2,2,2,repeat_06_fold_02,6,2,0.2638888888888889,0.14393939393939395,0.17475677377096854,0.2261904761904762,0.24000000000000005
reasoning_D,D,HQ + D,block_pls,HQ + D PLS-block (k=2),xgb1,2.0,2,2,2,repeat_06_fold_02,6,2,0.3,0.13636363636363635,0.1895506204674398,0.24193548387096775,0.7500000000000002
reasoning_E,E,HQ + E,raw_family,HQ + E (raw),logistic,,0,3,3,repeat_06_fold_02,6,2,0.2465753424657534,0.13636363636363635,0.16827821958035816,0.21226415094339623,0.23000000000000004
reasoning_E,E,HQ + E,raw_family,HQ + E (raw),xgb1,,0,3,3,repeat_06_fold_02,6,2,0.2916666666666667,0.10606060606060606,0.17324213434885238,0.21604938271604937,0.7800000000000001
reasoning_E,E,HQ + E,block_pls,HQ + E PLS-block (k=1),logistic,1.0,1,3,1,repeat_06_fold_02,6,2,0.26153846153846155,0.12878787878787878,0.1686211461655221,0.21683673469387754,0.24000000000000005
reasoning_E,E,HQ + E,block_pls,HQ + E PLS-block (k=1),xgb1,1.0,1,3,1,repeat_06_fold_02,6,2,0.2978723404255319,0.10606060606060606,0.1727935154865814,0.21875,0.7900000000000001
reasoning_F,F,HQ + F,raw_family,HQ + F (raw),logistic,,0,6,6,repeat_06_fold_02,6,2,0.25862068965517243,0.11363636363636363,0.18248550697660107,0.20604395604395603,0.29000000000000004
reasoning_F,F,HQ + F,raw_family,HQ + F (raw),xgb1,,0,6,6,repeat_06_fold_02,6,2,0.2982456140350877,0.12878787878787878,0.18035452725551415,0.2361111111111111,0.7600000000000002
reasoning_F,F,HQ + F,block_pls,HQ + F PLS-block (k=2),logistic,2.0,2,6,2,repeat_06_fold_02,6,2,0.2727272727272727,0.22727272727272727,0.18630346217631924,0.26223776223776224,0.19
reasoning_F,F,HQ + F,block_pls,HQ + F PLS-block (k=2),xgb1,2.0,2,6,2,repeat_06_fold_02,6,2,0.27927927927927926,0.23484848484848486,0.1974711854612082,0.2690972222222222,0.6800000000000002
reasoning_F,F,HQ + F,block_pls,HQ + F PLS-block (k=3),logistic,3.0,3,6,3,repeat_06_fold_02,6,2,0.2631578947368421,0.11363636363636363,0.18252153042487004,0.20833333333333334,0.29000000000000004
reasoning_F,F,HQ + F,block_pls,HQ + F PLS-block (k=3),xgb1,3.0,3,6,3,repeat_06_fold_02,6,2,0.23353293413173654,0.29545454545454547,0.1977232277093459,0.24375,0.6400000000000001
reasoning_A,A,HQ + A,raw_family,HQ + A (raw),logistic,,0,5,5,repeat_06_fold_03,6,3,0.2653061224489796,0.19696969696969696,0.2064322488087604,0.2480916030534351,0.31000000000000005
reasoning_A,A,HQ + A,raw_family,HQ + A (raw),xgb1,,0,5,5,repeat_06_fold_03,6,3,0.29775280898876405,0.4015151515151515,0.22491371010302436,0.31398104265402843,0.6500000000000001
reasoning_A,A,HQ + A,block_pls,HQ + A PLS-block (k=2),logistic,2.0,2,5,2,repeat_06_fold_03,6,3,0.28865979381443296,0.21212121212121213,0.2067466452749871,0.2692307692307692,0.29000000000000004
reasoning_A,A,HQ + A,block_pls,HQ + A PLS-block (k=2),xgb1,2.0,2,5,2,repeat_06_fold_03,6,3,0.28205128205128205,0.25,0.21516919435686266,0.275,0.7500000000000002
reasoning_A,A,HQ + A,block_pls,HQ + A PLS-block (k=3),logistic,3.0,3,5,3,repeat_06_fold_03,6,3,0.2619047619047619,0.16666666666666666,0.21006306202250064,0.23504273504273504,0.35000000000000003
reasoning_A,A,HQ + A,block_pls,HQ + A PLS-block (k=3),xgb1,3.0,3,5,3,repeat_06_fold_03,6,3,0.2743362831858407,0.23484848484848486,0.21821680892656914,0.2654109589041096,0.7700000000000002
reasoning_B,B,HQ + B,raw_family,HQ + B (raw),logistic,,0,2,2,repeat_06_fold_03,6,3,0.21052631578947367,0.12121212121212122,0.15432891144516472,0.1834862385321101,0.24000000000000005
reasoning_B,B,HQ + B,raw_family,HQ + B (raw),xgb1,,0,2,2,repeat_06_fold_03,6,3,0.1721311475409836,0.1590909090909091,0.15060471730933964,0.1693548387096774,0.6700000000000002
reasoning_B,B,HQ + B,block_pls,HQ + B PLS-block (k=1),logistic,1.0,1,2,1,repeat_06_fold_03,6,3,0.17699115044247787,0.15151515151515152,0.15171733455075026,0.17123287671232876,0.19
reasoning_B,B,HQ + B,block_pls,HQ + B PLS-block (k=1),xgb1,1.0,1,2,1,repeat_06_fold_03,6,3,0.19811320754716982,0.1590909090909091,0.15059484837920525,0.18884892086330934,0.7000000000000002
reasoning_B,B,HQ + B,block_pls,HQ + B PLS-block (k=2),logistic,2.0,2,2,2,repeat_06_fold_03,6,3,0.21052631578947367,0.12121212121212122,0.15438263959716125,0.1834862385321101,0.24000000000000005
reasoning_B,B,HQ + B,block_pls,HQ + B PLS-block (k=2),xgb1,2.0,2,2,2,repeat_06_fold_03,6,3,0.21212121212121213,0.10606060606060606,0.15349925135100534,0.17676767676767677,0.7600000000000002
reasoning_C,C,HQ + C,raw_family,HQ + C (raw),logistic,,0,3,3,repeat_06_fold_03,6,3,0.2125,0.12878787878787878,0.1586586127693933,0.18805309734513273,0.23000000000000004
reasoning_C,C,HQ + C,raw_family,HQ + C (raw),xgb1,,0,3,3,repeat_06_fold_03,6,3,0.2,0.2196969696969697,0.15104480965809322,0.20365168539325842,0.6500000000000001
reasoning_C,C,HQ + C,block_pls,HQ + C PLS-block (k=2),logistic,2.0,2,3,2,repeat_06_fold_03,6,3,0.20987654320987653,0.12878787878787878,0.15909748654198647,0.18640350877192982,0.23000000000000004
reasoning_C,C,HQ + C,block_pls,HQ + C PLS-block (k=2),xgb1,2.0,2,3,2,repeat_06_fold_03,6,3,0.21052631578947367,0.09090909090909091,0.16121354314868963,0.16666666666666666,0.8100000000000002
reasoning_D,D,HQ + D,raw_family,HQ + D (raw),logistic,,0,2,2,repeat_06_fold_03,6,3,0.2,0.14393939393939395,0.16480403300607735,0.185546875,0.21000000000000002
reasoning_D,D,HQ + D,raw_family,HQ + D (raw),xgb1,,0,2,2,repeat_06_fold_03,6,3,0.2,0.08333333333333333,0.15873529673351658,0.15625,0.8100000000000002
reasoning_D,D,HQ + D,block_pls,HQ + D PLS-block (k=1),logistic,1.0,1,2,1,repeat_06_fold_03,6,3,0.18181818181818182,0.13636363636363635,0.1572587703035008,0.17045454545454544,0.2
reasoning_D,D,HQ + D,block_pls,HQ + D PLS-block (k=1),xgb1,1.0,1,2,1,repeat_06_fold_03,6,3,0.20689655172413793,0.09090909090909091,0.1576319248670684,0.16483516483516483,0.8000000000000002
reasoning_D,D,HQ + D,block_pls,HQ + D PLS-block (k=2),logistic,2.0,2,2,2,repeat_06_fold_03,6,3,0.1958762886597938,0.14393939393939395,0.16490774739471173,0.18269230769230768,0.21000000000000002
reasoning_D,D,HQ + D,block_pls,HQ + D PLS-block (k=2),xgb1,2.0,2,2,2,repeat_06_fold_03,6,3,0.21468926553672316,0.2878787878787879,0.16476161682183849,0.2261904761904762,0.6200000000000001
reasoning_E,E,HQ + E,raw_family,HQ + E (raw),logistic,,0,3,3,repeat_06_fold_03,6,3,0.21052631578947367,0.12121212121212122,0.1488213862519054,0.1834862385321101,0.23000000000000004
reasoning_E,E,HQ + E,raw_family,HQ + E (raw),xgb1,,0,3,3,repeat_06_fold_03,6,3,0.2,0.25757575757575757,0.150545321442347,0.20935960591133004,0.6200000000000001
reasoning_E,E,HQ + E,block_pls,HQ + E PLS-block (k=1),logistic,1.0,1,3,1,repeat_06_fold_03,6,3,0.18333333333333332,0.16666666666666666,0.15091047589260043,0.17973856209150327,0.18000000000000005
reasoning_E,E,HQ + E,block_pls,HQ + E PLS-block (k=1),xgb1,1.0,1,3,1,repeat_06_fold_03,6,3,0.1978021978021978,0.13636363636363635,0.14855246122538013,0.1814516129032258,0.7200000000000002
reasoning_F,F,HQ + F,raw_family,HQ + F (raw),logistic,,0,6,6,repeat_06_fold_03,6,3,0.22784810126582278,0.13636363636363635,0.1577512370041916,0.20089285714285715,0.25000000000000006
reasoning_F,F,HQ + F,raw_family,HQ + F (raw),xgb1,,0,6,6,repeat_06_fold_03,6,3,0.2064516129032258,0.24242424242424243,0.15312096889469906,0.2127659574468085,0.6400000000000001
reasoning_F,F,HQ + F,block_pls,HQ + F PLS-block (k=2),logistic,2.0,2,6,2,repeat_06_fold_03,6,3,0.21428571428571427,0.11363636363636363,0.1554198972960525,0.1820388349514563,0.27
reasoning_F,F,HQ + F,block_pls,HQ + F PLS-block (k=2),xgb1,2.0,2,6,2,repeat_06_fold_03,6,3,0.23684210526315788,0.20454545454545456,0.15818846291182728,0.22959183673469388,0.6900000000000002
reasoning_F,F,HQ + F,block_pls,HQ + F PLS-block (k=3),logistic,3.0,3,6,3,repeat_06_fold_03,6,3,0.22784810126582278,0.13636363636363635,0.15744666676165364,0.20089285714285715,0.26000000000000006
reasoning_F,F,HQ + F,block_pls,HQ + F PLS-block (k=3),xgb1,3.0,3,6,3,repeat_06_fold_03,6,3,0.2413793103448276,0.21212121212121213,0.1599586573375309,0.2348993288590604,0.6900000000000002
reasoning_A,A,HQ + A,raw_family,HQ + A (raw),logistic,,0,5,5,repeat_07_fold_01,7,1,0.30158730158730157,0.2878787878787879,0.21676985577816119,0.29874213836477986,0.27
reasoning_A,A,HQ + A,raw_family,HQ + A (raw),xgb1,,0,5,5,repeat_07_fold_01,7,1,0.319672131147541,0.29545454545454547,0.2347228656740195,0.31451612903225806,0.7100000000000002
reasoning_A,A,HQ + A,block_pls,HQ + A PLS-block (k=2),logistic,2.0,2,5,2,repeat_07_fold_01,7,1,0.3300970873786408,0.25757575757575757,0.22203401070508055,0.3125,0.29000000000000004
reasoning_A,A,HQ + A,block_pls,HQ + A PLS-block (k=2),xgb1,2.0,2,5,2,repeat_07_fold_01,7,1,0.3125,0.1893939393939394,0.22911239547850087,0.27654867256637167,0.8400000000000002
reasoning_A,A,HQ + A,block_pls,HQ + A PLS-block (k=3),logistic,3.0,3,5,3,repeat_07_fold_01,7,1,0.30597014925373134,0.3106060606060606,0.21694872135158028,0.3068862275449102,0.26000000000000006
reasoning_A,A,HQ + A,block_pls,HQ + A PLS-block (k=3),xgb1,3.0,3,5,3,repeat_07_fold_01,7,1,0.3016759776536313,0.4090909090909091,0.23153890144916056,0.31839622641509435,0.6800000000000002
reasoning_B,B,HQ + B,raw_family,HQ + B (raw),logistic,,0,2,2,repeat_07_fold_01,7,1,0.2,0.09090909090909091,0.16128890526973055,0.16129032258064516,0.24000000000000005
reasoning_B,B,HQ + B,raw_family,HQ + B (raw),xgb1,,0,2,2,repeat_07_fold_01,7,1,0.2,0.08333333333333333,0.16656502534716808,0.15625,0.7700000000000002
reasoning_B,B,HQ + B,block_pls,HQ + B PLS-block (k=1),logistic,1.0,1,2,1,repeat_07_fold_01,7,1,0.18,0.06818181818181818,0.1640980557956257,0.1355421686746988,0.5500000000000002
reasoning_B,B,HQ + B,block_pls,HQ + B PLS-block (k=1),xgb1,1.0,1,2,1,repeat_07_fold_01,7,1,0.2054794520547945,0.11363636363636363,0.16803021123824585,0.17688679245283018,0.7200000000000002
reasoning_B,B,HQ + B,block_pls,HQ + B PLS-block (k=2),logistic,2.0,2,2,2,repeat_07_fold_01,7,1,0.18867924528301888,0.07575757575757576,0.16092992230502845,0.14534883720930233,0.28
reasoning_B,B,HQ + B,block_pls,HQ + B PLS-block (k=2),xgb1,2.0,2,2,2,repeat_07_fold_01,7,1,0.24242424242424243,0.12121212121212122,0.16606011209180116,0.20202020202020202,0.7300000000000002
reasoning_C,C,HQ + C,raw_family,HQ + C (raw),logistic,,0,3,3,repeat_07_fold_01,7,1,0.23636363636363636,0.09848484848484848,0.16586303682614664,0.1846590909090909,0.29000000000000004
reasoning_C,C,HQ + C,raw_family,HQ + C (raw),xgb1,,0,3,3,repeat_07_fold_01,7,1,0.23880597014925373,0.12121212121212122,0.16805227083283214,0.2,0.7300000000000002
reasoning_C,C,HQ + C,block_pls,HQ + C PLS-block (k=2),logistic,2.0,2,3,2,repeat_07_fold_01,7,1,0.22807017543859648,0.09848484848484848,0.1661521491506946,0.18055555555555555,0.28
reasoning_C,C,HQ + C,block_pls,HQ + C PLS-block (k=2),xgb1,2.0,2,3,2,repeat_07_fold_01,7,1,0.2345679012345679,0.14393939393939395,0.17456037473142202,0.20833333333333334,0.7000000000000002
reasoning_D,D,HQ + D,raw_family,HQ + D (raw),logistic,,0,2,2,repeat_07_fold_01,7,1,0.24615384615384617,0.12121212121212122,0.16747609538869,0.20408163265306123,0.26000000000000006
reasoning_D,D,HQ + D,raw_family,HQ + D (raw),xgb1,,0,2,2,repeat_07_fold_01,7,1,0.2222222222222222,0.12121212121212122,0.1681530218857643,0.19047619047619047,0.7300000000000002
reasoning_D,D,HQ + D,block_pls,HQ + D PLS-block (k=1),logistic,1.0,1,2,1,repeat_07_fold_01,7,1,0.22950819672131148,0.10606060606060606,0.1647996826058053,0.18617021276595744,0.25000000000000006
reasoning_D,D,HQ + D,block_pls,HQ + D PLS-block (k=1),xgb1,1.0,1,2,1,repeat_07_fold_01,7,1,0.225,0.13636363636363635,0.1685036966706232,0.19911504424778761,0.7100000000000002
reasoning_D,D,HQ + D,block_pls,HQ + D PLS-block (k=2),logistic,2.0,2,2,2,repeat_07_fold_01,7,1,0.24691358024691357,0.15151515151515152,0.16767329055942592,0.21929824561403508,0.23000000000000004
reasoning_D,D,HQ + D,block_pls,HQ + D PLS-block (k=2),xgb1,2.0,2,2,2,repeat_07_fold_01,7,1,0.2222222222222222,0.16666666666666666,0.16831794686738102,0.20833333333333334,0.6900000000000002
reasoning_E,E,HQ + E,raw_family,HQ + E (raw),logistic,,0,3,3,repeat_07_fold_01,7,1,0.18,0.06818181818181818,0.16103826839100743,0.1355421686746988,0.5100000000000001
reasoning_E,E,HQ + E,raw_family,HQ + E (raw),xgb1,,0,3,3,repeat_07_fold_01,7,1,0.21739130434782608,0.15151515151515152,0.16520361500245018,0.2,0.6900000000000002
reasoning_E,E,HQ + E,block_pls,HQ + E PLS-block (k=1),logistic,1.0,1,3,1,repeat_07_fold_01,7,1,0.18,0.06818181818181818,0.1626780440649125,0.1355421686746988,0.5200000000000001
reasoning_E,E,HQ + E,block_pls,HQ + E PLS-block (k=1),xgb1,1.0,1,3,1,repeat_07_fold_01,7,1,0.20754716981132076,0.08333333333333333,0.1660073562408799,0.15988372093023256,0.7800000000000001
reasoning_F,F,HQ + F,raw_family,HQ + F (raw),logistic,,0,6,6,repeat_07_fold_01,7,1,0.25961538461538464,0.20454545454545456,0.16564004210406924,0.24635036496350365,0.21000000000000002
reasoning_F,F,HQ + F,raw_family,HQ + F (raw),xgb1,,0,6,6,repeat_07_fold_01,7,1,0.22321428571428573,0.1893939393939394,0.16784675733590862,0.21551724137931033,0.6600000000000001
reasoning_F,F,HQ + F,block_pls,HQ + F PLS-block (k=2),logistic,2.0,2,6,2,repeat_07_fold_01,7,1,0.24390243902439024,0.22727272727272727,0.1607441327221092,0.2403846153846154,0.19
reasoning_F,F,HQ + F,block_pls,HQ + F PLS-block (k=2),xgb1,2.0,2,6,2,repeat_07_fold_01,7,1,0.2421875,0.23484848484848486,0.16550873484174605,0.2406832298136646,0.6700000000000002
reasoning_F,F,HQ + F,block_pls,HQ + F PLS-block (k=3),logistic,3.0,3,6,3,repeat_07_fold_01,7,1,0.25471698113207547,0.20454545454545456,0.1647521452771998,0.24280575539568344,0.21000000000000002
reasoning_F,F,HQ + F,block_pls,HQ + F PLS-block (k=3),xgb1,3.0,3,6,3,repeat_07_fold_01,7,1,0.24822695035460993,0.26515151515151514,0.16733231654464556,0.2514367816091954,0.6600000000000001
reasoning_A,A,HQ + A,raw_family,HQ + A (raw),logistic,,0,5,5,repeat_07_fold_02,7,2,0.2706766917293233,0.2727272727272727,0.18872675930325264,0.2710843373493976,0.25000000000000006
reasoning_A,A,HQ + A,raw_family,HQ + A (raw),xgb1,,0,5,5,repeat_07_fold_02,7,2,0.2376237623762376,0.18181818181818182,0.18755115510698606,0.22388059701492538,0.7700000000000002
reasoning_A,A,HQ + A,block_pls,HQ + A PLS-block (k=2),logistic,2.0,2,5,2,repeat_07_fold_02,7,2,0.24770642201834864,0.20454545454545456,0.17647563409989264,0.23767605633802816,0.27
reasoning_A,A,HQ + A,block_pls,HQ + A PLS-block (k=2),xgb1,2.0,2,5,2,repeat_07_fold_02,7,2,0.24489795918367346,0.18181818181818182,0.17232384187971178,0.22900763358778625,0.7800000000000001
reasoning_A,A,HQ + A,block_pls,HQ + A PLS-block (k=3),logistic,3.0,3,5,3,repeat_07_fold_02,7,2,0.2608695652173913,0.2727272727272727,0.18670173749093869,0.2631578947368421,0.24000000000000005
reasoning_A,A,HQ + A,block_pls,HQ + A PLS-block (k=3),xgb1,3.0,3,5,3,repeat_07_fold_02,7,2,0.2537313432835821,0.12878787878787878,0.18338917361906315,0.2125,0.8400000000000002
reasoning_B,B,HQ + B,raw_family,HQ + B (raw),logistic,,0,2,2,repeat_07_fold_02,7,2,0.2153846153846154,0.10606060606060606,0.14752365478732182,0.17857142857142858,0.26000000000000006
reasoning_B,B,HQ + B,raw_family,HQ + B (raw),xgb1,,0,2,2,repeat_07_fold_02,7,2,0.18354430379746836,0.2196969696969697,0.1436889895576818,0.18979057591623036,0.6600000000000001
reasoning_B,B,HQ + B,block_pls,HQ + B PLS-block (k=1),logistic,1.0,1,2,1,repeat_07_fold_02,7,2,0.19672131147540983,0.09090909090909091,0.14535590322065045,0.1595744680851064,0.27
reasoning_B,B,HQ + B,block_pls,HQ + B PLS-block (k=1),xgb1,1.0,1,2,1,repeat_07_fold_02,7,2,0.1834319526627219,0.23484848484848486,0.14394468662691157,0.19183168316831684,0.6500000000000001
reasoning_B,B,HQ + B,block_pls,HQ + B PLS-block (k=2),logistic,2.0,2,2,2,repeat_07_fold_02,7,2,0.21311475409836064,0.09848484848484848,0.14772658651796539,0.17287234042553193,0.27
reasoning_B,B,HQ + B,block_pls,HQ + B PLS-block (k=2),xgb1,2.0,2,2,2,repeat_07_fold_02,7,2,0.19402985074626866,0.09848484848484848,0.14710459716693175,0.1625,0.7600000000000002
reasoning_C,C,HQ + C,raw_family,HQ + C (raw),logistic,,0,3,3,repeat_07_fold_02,7,2,0.189873417721519,0.11363636363636363,0.15473161194906282,0.16741071428571427,0.24000000000000005
reasoning_C,C,HQ + C,raw_family,HQ + C (raw),xgb1,,0,3,3,repeat_07_fold_02,7,2,0.16455696202531644,0.09848484848484848,0.15098469426492955,0.14508928571428573,0.7400000000000002
reasoning_C,C,HQ + C,block_pls,HQ + C PLS-block (k=2),logistic,2.0,2,3,2,repeat_07_fold_02,7,2,0.1794871794871795,0.10606060606060606,0.15491700514641427,0.15765765765765766,0.24000000000000005
reasoning_C,C,HQ + C,block_pls,HQ + C PLS-block (k=2),xgb1,2.0,2,3,2,repeat_07_fold_02,7,2,0.19230769230769232,0.1893939393939394,0.154120681371656,0.19171779141104295,0.6800000000000002
reasoning_D,D,HQ + D,raw_family,HQ + D (raw),logistic,,0,2,2,repeat_07_fold_02,7,2,0.22033898305084745,0.09848484848484848,0.15916360104310198,0.1766304347826087,0.28
reasoning_D,D,HQ + D,raw_family,HQ + D (raw),xgb1,,0,2,2,repeat_07_fold_02,7,2,0.20261437908496732,0.23484848484848486,0.1547383951224537,0.20833333333333334,0.6600000000000001
reasoning_D,D,HQ + D,block_pls,HQ + D PLS-block (k=1),logistic,1.0,1,2,1,repeat_07_fold_02,7,2,0.21212121212121213,0.10606060606060606,0.15236781069600192,0.17676767676767677,0.26000000000000006
reasoning_D,D,HQ + D,block_pls,HQ + D PLS-block (k=1),xgb1,1.0,1,2,1,repeat_07_fold_02,7,2,0.20394736842105263,0.23484848484848486,0.15550211147707177,0.20945945945945946,0.6600000000000001
reasoning_D,D,HQ + D,block_pls,HQ + D PLS-block (k=2),logistic,2.0,2,2,2,repeat_07_fold_02,7,2,0.22033898305084745,0.09848484848484848,0.15943043672082832,0.1766304347826087,0.28
reasoning_D,D,HQ + D,block_pls,HQ + D PLS-block (k=2),xgb1,2.0,2,2,2,repeat_07_fold_02,7,2,0.24691358024691357,0.15151515151515152,0.1586992613431042,0.21929824561403508,0.7400000000000002
reasoning_E,E,HQ + E,raw_family,HQ + E (raw),logistic,,0,3,3,repeat_07_fold_02,7,2,0.20634920634920634,0.09848484848484848,0.1465004137806729,0.16927083333333334,0.26000000000000006
reasoning_E,E,HQ + E,raw_family,HQ + E (raw),xgb1,,0,3,3,repeat_07_fold_02,7,2,0.21428571428571427,0.1590909090909091,0.1479365722207937,0.20038167938931298,0.7200000000000002
reasoning_E,E,HQ + E,block_pls,HQ + E PLS-block (k=1),logistic,1.0,1,3,1,repeat_07_fold_02,7,2,0.21875,0.10606060606060606,0.14759219892004816,0.18041237113402062,0.26000000000000006
reasoning_E,E,HQ + E,block_pls,HQ + E PLS-block (k=1),xgb1,1.0,1,3,1,repeat_07_fold_02,7,2,0.2028985507246377,0.10606060606060606,0.14506658312351692,0.1715686274509804,0.7600000000000002
reasoning_F,F,HQ + F,raw_family,HQ + F (raw),logistic,,0,6,6,repeat_07_fold_02,7,2,0.24,0.2727272727272727,0.1623281308698318,0.2459016393442623,0.18000000000000005
reasoning_F,F,HQ + F,raw_family,HQ + F (raw),xgb1,,0,6,6,repeat_07_fold_02,7,2,0.2087912087912088,0.14393939393939395,0.1473085798702778,0.19153225806451613,0.7200000000000002
reasoning_F,F,HQ + F,block_pls,HQ + F PLS-block (k=2),logistic,2.0,2,6,2,repeat_07_fold_02,7,2,0.21637426900584794,0.2803030303030303,0.1578265609246457,0.2267156862745098,0.17000000000000004
reasoning_F,F,HQ + F,block_pls,HQ + F PLS-block (k=2),xgb1,2.0,2,6,2,repeat_07_fold_02,7,2,0.22,0.16666666666666666,0.16118233349790018,0.20676691729323307,0.7100000000000002
reasoning_F,F,HQ + F,block_pls,HQ + F PLS-block (k=3),logistic,3.0,3,6,3,repeat_07_fold_02,7,2,0.23300970873786409,0.18181818181818182,0.16059184068186147,0.22058823529411764,0.22000000000000003
reasoning_F,F,HQ + F,block_pls,HQ + F PLS-block (k=3),xgb1,3.0,3,6,3,repeat_07_fold_02,7,2,0.19658119658119658,0.17424242424242425,0.16720413956272795,0.19166666666666668,0.6900000000000002
reasoning_A,A,HQ + A,raw_family,HQ + A (raw),logistic,,0,5,5,repeat_07_fold_03,7,3,0.35454545454545455,0.29545454545454547,0.2644848115434428,0.3409090909090909,0.25000000000000006
reasoning_A,A,HQ + A,raw_family,HQ + A (raw),xgb1,,0,5,5,repeat_07_fold_03,7,3,0.34965034965034963,0.3787878787878788,0.28181062535631224,0.35511363636363635,0.7100000000000002
reasoning_A,A,HQ + A,block_pls,HQ + A PLS-block (k=2),logistic,2.0,2,5,2,repeat_07_fold_03,7,3,0.3394495412844037,0.2803030303030303,0.2569381815954567,0.3257042253521127,0.26000000000000006
reasoning_A,A,HQ + A,block_pls,HQ + A PLS-block (k=2),xgb1,2.0,2,5,2,repeat_07_fold_03,7,3,0.25806451612903225,0.48484848484848486,0.2742034518077817,0.2846975088967972,0.6300000000000001
reasoning_A,A,HQ + A,block_pls,HQ + A PLS-block (k=3),logistic,3.0,3,5,3,repeat_07_fold_03,7,3,0.35833333333333334,0.32575757575757575,0.2683394829286093,0.35130718954248363,0.24000000000000005
reasoning_A,A,HQ + A,block_pls,HQ + A PLS-block (k=3),xgb1,3.0,3,5,3,repeat_07_fold_03,7,3,0.3524590163934426,0.32575757575757575,0.2794272392327923,0.3467741935483871,0.7600000000000002
reasoning_B,B,HQ + B,raw_family,HQ + B (raw),logistic,,0,2,2,repeat_07_fold_03,7,3,0.35294117647058826,0.18181818181818182,0.19443499920358412,0.297029702970297,0.26000000000000006
reasoning_B,B,HQ + B,raw_family,HQ + B (raw),xgb1,,0,2,2,repeat_07_fold_03,7,3,0.22941176470588234,0.29545454545454547,0.19775921590654666,0.24014778325123154,0.6500000000000001
reasoning_B,B,HQ + B,block_pls,HQ + B PLS-block (k=1),logistic,1.0,1,2,1,repeat_07_fold_03,7,3,0.32098765432098764,0.19696969696969696,0.19176292842048676,0.2850877192982456,0.24000000000000005
reasoning_B,B,HQ + B,block_pls,HQ + B PLS-block (k=1),xgb1,1.0,1,2,1,repeat_07_fold_03,7,3,0.2857142857142857,0.24242424242424243,0.20079412041807582,0.27586206896551724,0.7000000000000002
reasoning_B,B,HQ + B,block_pls,HQ + B PLS-block (k=2),logistic,2.0,2,2,2,repeat_07_fold_03,7,3,0.35294117647058826,0.18181818181818182,0.19436130019418352,0.297029702970297,0.26000000000000006
reasoning_B,B,HQ + B,block_pls,HQ + B PLS-block (k=2),xgb1,2.0,2,2,2,repeat_07_fold_03,7,3,0.27419354838709675,0.25757575757575757,0.20151000147626005,0.27070063694267515,0.6800000000000002
reasoning_C,C,HQ + C,raw_family,HQ + C (raw),logistic,,0,3,3,repeat_07_fold_03,7,3,0.2815533980582524,0.2196969696969697,0.19362933576457927,0.2665441176470588,0.21000000000000002
reasoning_C,C,HQ + C,raw_family,HQ + C (raw),xgb1,,0,3,3,repeat_07_fold_03,7,3,0.28735632183908044,0.1893939393939394,0.20179996613979628,0.2604166666666667,0.7200000000000002
reasoning_C,C,HQ + C,block_pls,HQ + C PLS-block (k=2),logistic,2.0,2,3,2,repeat_07_fold_03,7,3,0.2636363636363636,0.2196969696969697,0.19335289518889004,0.2534965034965035,0.2
reasoning_C,C,HQ + C,block_pls,HQ + C PLS-block (k=2),xgb1,2.0,2,3,2,repeat_07_fold_03,7,3,0.27450980392156865,0.21212121212121213,0.20978030428154118,0.25925925925925924,0.7100000000000002
reasoning_D,D,HQ + D,raw_family,HQ + D (raw),logistic,,0,2,2,repeat_07_fold_03,7,3,0.3132530120481928,0.19696969696969696,0.20008284225094833,0.2801724137931034,0.25000000000000006
reasoning_D,D,HQ + D,raw_family,HQ + D (raw),xgb1,,0,2,2,repeat_07_fold_03,7,3,0.2727272727272727,0.25,0.20783540371948112,0.26785714285714285,0.6900000000000002
reasoning_D,D,HQ + D,block_pls,HQ + D PLS-block (k=1),logistic,1.0,1,2,1,repeat_07_fold_03,7,3,0.3150684931506849,0.17424242424242425,0.19500049650020024,0.27122641509433965,0.25000000000000006
reasoning_D,D,HQ + D,block_pls,HQ + D PLS-block (k=1),xgb1,1.0,1,2,1,repeat_07_fold_03,7,3,0.3068181818181818,0.20454545454545456,0.20702096379042462,0.27892561983471076,0.7200000000000002
reasoning_D,D,HQ + D,block_pls,HQ + D PLS-block (k=2),logistic,2.0,2,2,2,repeat_07_fold_03,7,3,0.30952380952380953,0.19696969696969696,0.20017847576567965,0.2777777777777778,0.25000000000000006
reasoning_D,D,HQ + D,block_pls,HQ + D PLS-block (k=2),xgb1,2.0,2,2,2,repeat_07_fold_03,7,3,0.34328358208955223,0.17424242424242425,0.21331830391732318,0.2875,0.7600000000000002
reasoning_E,E,HQ + E,raw_family,HQ + E (raw),logistic,,0,3,3,repeat_07_fold_03,7,3,0.2871287128712871,0.2196969696969697,0.1885014869319535,0.27052238805970147,0.21000000000000002
reasoning_E,E,HQ + E,raw_family,HQ + E (raw),xgb1,,0,3,3,repeat_07_fold_03,7,3,0.2275449101796407,0.2878787878787879,0.19759103259273783,0.2375,0.6500000000000001
reasoning_E,E,HQ + E,block_pls,HQ + E PLS-block (k=1),logistic,1.0,1,3,1,repeat_07_fold_03,7,3,0.3023255813953488,0.19696969696969696,0.18921787956735997,0.27310924369747897,0.23000000000000004
reasoning_E,E,HQ + E,block_pls,HQ + E PLS-block (k=1),xgb1,1.0,1,3,1,repeat_07_fold_03,7,3,0.2661290322580645,0.25,0.19867882247594137,0.2627388535031847,0.6800000000000002
reasoning_F,F,HQ + F,raw_family,HQ + F (raw),logistic,,0,6,6,repeat_07_fold_03,7,3,0.26851851851851855,0.2196969696969697,0.20449636641074212,0.2570921985815603,0.21000000000000002
reasoning_F,F,HQ + F,raw_family,HQ + F (raw),xgb1,,0,6,6,repeat_07_fold_03,7,3,0.22674418604651161,0.29545454545454547,0.19917553919692477,0.23780487804878048,0.6400000000000001
reasoning_F,F,HQ + F,block_pls,HQ + F PLS-block (k=2),logistic,2.0,2,6,2,repeat_07_fold_03,7,3,0.27450980392156865,0.21212121212121213,0.20569019243506945,0.25925925925925924,0.21000000000000002
reasoning_F,F,HQ + F,block_pls,HQ + F PLS-block (k=2),xgb1,2.0,2,6,2,repeat_07_fold_03,7,3,0.2602739726027397,0.2878787878787879,0.2162188662051041,0.26536312849162014,0.6700000000000002
reasoning_F,F,HQ + F,block_pls,HQ + F PLS-block (k=3),logistic,3.0,3,6,3,repeat_07_fold_03,7,3,0.2967032967032967,0.20454545454545456,0.20340533873371702,0.2721774193548387,0.23000000000000004
reasoning_F,F,HQ + F,block_pls,HQ + F PLS-block (k=3),xgb1,3.0,3,6,3,repeat_07_fold_03,7,3,0.25748502994011974,0.32575757575757575,0.21779947595753563,0.26875,0.6500000000000001
reasoning_A,A,HQ + A,raw_family,HQ + A (raw),logistic,,0,5,5,repeat_08_fold_01,8,1,0.27848101265822783,0.3333333333333333,0.25048480418021973,0.2879581151832461,0.2
reasoning_A,A,HQ + A,raw_family,HQ + A (raw),xgb1,,0,5,5,repeat_08_fold_01,8,1,0.28654970760233917,0.3712121212121212,0.25248964389664713,0.3002450980392157,0.6600000000000001
reasoning_A,A,HQ + A,block_pls,HQ + A PLS-block (k=2),logistic,2.0,2,5,2,repeat_08_fold_01,8,1,0.3783783783783784,0.21212121212121213,0.24599460741721654,0.32710280373831774,0.31000000000000005
reasoning_A,A,HQ + A,block_pls,HQ + A PLS-block (k=2),xgb1,2.0,2,5,2,repeat_08_fold_01,8,1,0.3081761006289308,0.3712121212121212,0.2580094869387434,0.3190104166666667,0.7000000000000002
reasoning_A,A,HQ + A,block_pls,HQ + A PLS-block (k=3),logistic,3.0,3,5,3,repeat_08_fold_01,8,1,0.2808219178082192,0.3106060606060606,0.24981975675498613,0.28631284916201116,0.21000000000000002
reasoning_A,A,HQ + A,block_pls,HQ + A PLS-block (k=3),xgb1,3.0,3,5,3,repeat_08_fold_01,8,1,0.27385892116182575,0.5,0.26286509993903,0.3010948905109489,0.6300000000000001
reasoning_B,B,HQ + B,raw_family,HQ + B (raw),logistic,,0,2,2,repeat_08_fold_01,8,1,0.25396825396825395,0.12121212121212122,0.17823472336306564,0.20833333333333334,0.23000000000000004
reasoning_B,B,HQ + B,raw_family,HQ + B (raw),xgb1,,0,2,2,repeat_08_fold_01,8,1,0.24444444444444444,0.08333333333333333,0.1776878579450373,0.1762820512820513,0.7600000000000002
reasoning_B,B,HQ + B,block_pls,HQ + B PLS-block (k=1),logistic,1.0,1,2,1,repeat_08_fold_01,8,1,0.27692307692307694,0.13636363636363635,0.1788756335621815,0.22959183673469388,0.23000000000000004
reasoning_B,B,HQ + B,block_pls,HQ + B PLS-block (k=1),xgb1,1.0,1,2,1,repeat_08_fold_01,8,1,0.2619047619047619,0.08333333333333333,0.1804764531750893,0.18333333333333332,0.7700000000000002
reasoning_B,B,HQ + B,block_pls,HQ + B PLS-block (k=2),logistic,2.0,2,2,2,repeat_08_fold_01,8,1,0.25,0.12121212121212122,0.17810237415812988,0.20618556701030927,0.23000000000000004
reasoning_B,B,HQ + B,block_pls,HQ + B PLS-block (k=2),xgb1,2.0,2,2,2,repeat_08_fold_01,8,1,0.2857142857142857,0.09090909090909091,0.18029494332150217,0.2,0.7700000000000002
reasoning_C,C,HQ + C,raw_family,HQ + C (raw),logistic,,0,3,3,repeat_08_fold_01,8,1,0.2716049382716049,0.16666666666666666,0.18386405207311649,0.2412280701754386,0.21000000000000002
reasoning_C,C,HQ + C,raw_family,HQ + C (raw),xgb1,,0,3,3,repeat_08_fold_01,8,1,0.2714285714285714,0.14393939393939395,0.18275309921314437,0.23058252427184467,0.7100000000000002
reasoning_C,C,HQ + C,block_pls,HQ + C PLS-block (k=2),logistic,2.0,2,3,2,repeat_08_fold_01,8,1,0.275,0.16666666666666666,0.18357278551885525,0.24336283185840707,0.21000000000000002
reasoning_C,C,HQ + C,block_pls,HQ + C PLS-block (k=2),xgb1,2.0,2,3,2,repeat_08_fold_01,8,1,0.2717391304347826,0.1893939393939394,0.1852750303709192,0.25,0.6900000000000002
reasoning_D,D,HQ + D,raw_family,HQ + D (raw),logistic,,0,2,2,repeat_08_fold_01,8,1,0.2289156626506024,0.14393939393939395,0.18148889271820806,0.20474137931034483,0.21000000000000002
reasoning_D,D,HQ + D,raw_family,HQ + D (raw),xgb1,,0,2,2,repeat_08_fold_01,8,1,0.29411764705882354,0.15151515151515152,0.1903373294471516,0.24752475247524752,0.7200000000000002
reasoning_D,D,HQ + D,block_pls,HQ + D PLS-block (k=1),logistic,1.0,1,2,1,repeat_08_fold_01,8,1,0.23595505617977527,0.1590909090909091,0.18085323334494083,0.2151639344262295,0.2
reasoning_D,D,HQ + D,block_pls,HQ + D PLS-block (k=1),xgb1,1.0,1,2,1,repeat_08_fold_01,8,1,0.29577464788732394,0.1590909090909091,0.19078857421333642,0.25240384615384615,0.7200000000000002
reasoning_D,D,HQ + D,block_pls,HQ + D PLS-block (k=2),logistic,2.0,2,2,2,repeat_08_fold_01,8,1,0.21495327102803738,0.17424242424242425,0.1812338971047703,0.20535714285714285,0.19
reasoning_D,D,HQ + D,block_pls,HQ + D PLS-block (k=2),xgb1,2.0,2,2,2,repeat_08_fold_01,8,1,0.3220338983050847,0.14393939393939395,0.19523747557574567,0.25815217391304346,0.7400000000000002
reasoning_E,E,HQ + E,raw_family,HQ + E (raw),logistic,,0,3,3,repeat_08_fold_01,8,1,0.2441860465116279,0.1590909090909091,0.1754490327723575,0.22058823529411764,0.2
reasoning_E,E,HQ + E,raw_family,HQ + E (raw),xgb1,,0,3,3,repeat_08_fold_01,8,1,0.2916666666666667,0.10606060606060606,0.17783002246820356,0.21604938271604937,0.7600000000000002
reasoning_E,E,HQ + E,block_pls,HQ + E PLS-block (k=1),logistic,1.0,1,3,1,repeat_08_fold_01,8,1,0.24705882352941178,0.1590909090909091,0.1758162611533046,0.22245762711864406,0.2
reasoning_E,E,HQ + E,block_pls,HQ + E PLS-block (k=1),xgb1,1.0,1,3,1,repeat_08_fold_01,8,1,0.2545454545454545,0.10606060606060606,0.17815162178343022,0.19886363636363635,0.7600000000000002
reasoning_F,F,HQ + F,raw_family,HQ + F (raw),logistic,,0,6,6,repeat_08_fold_01,8,1,0.24358974358974358,0.14393939393939395,0.18076926062199516,0.21396396396396397,0.22000000000000003
reasoning_F,F,HQ + F,raw_family,HQ + F (raw),xgb1,,0,6,6,repeat_08_fold_01,8,1,0.21641791044776118,0.2196969696969697,0.18170781581710388,0.21706586826347304,0.6500000000000001
reasoning_F,F,HQ + F,block_pls,HQ + F PLS-block (k=2),logistic,2.0,2,6,2,repeat_08_fold_01,8,1,0.2535211267605634,0.13636363636363635,0.18233457729170044,0.21634615384615385,0.22000000000000003
reasoning_F,F,HQ + F,block_pls,HQ + F PLS-block (k=2),xgb1,2.0,2,6,2,repeat_08_fold_01,8,1,0.2631578947368421,0.1893939393939394,0.19256695511199906,0.244140625,0.6800000000000002
reasoning_F,F,HQ + F,block_pls,HQ + F PLS-block (k=3),logistic,3.0,3,6,3,repeat_08_fold_01,8,1,0.23880597014925373,0.12121212121212122,0.18393251773337466,0.2,0.25000000000000006
reasoning_F,F,HQ + F,block_pls,HQ + F PLS-block (k=3),xgb1,3.0,3,6,3,repeat_08_fold_01,8,1,0.25806451612903225,0.24242424242424243,0.19660822024946756,0.25477707006369427,0.6600000000000001
reasoning_A,A,HQ + A,raw_family,HQ + A (raw),logistic,,0,5,5,repeat_08_fold_02,8,2,0.28776978417266186,0.30303030303030304,0.22483755036198927,0.29069767441860467,0.23000000000000004
reasoning_A,A,HQ + A,raw_family,HQ + A (raw),xgb1,,0,5,5,repeat_08_fold_02,8,2,0.31007751937984496,0.30303030303030304,0.23035470845191616,0.30864197530864196,0.7000000000000002
reasoning_A,A,HQ + A,block_pls,HQ + A PLS-block (k=2),logistic,2.0,2,5,2,repeat_08_fold_02,8,2,0.2982456140350877,0.25757575757575757,0.21280612720292438,0.2891156462585034,0.25000000000000006
reasoning_A,A,HQ + A,block_pls,HQ + A PLS-block (k=2),xgb1,2.0,2,5,2,repeat_08_fold_02,8,2,0.2692307692307692,0.21212121212121213,0.22118247049621215,0.25547445255474455,0.7800000000000001
reasoning_A,A,HQ + A,block_pls,HQ + A PLS-block (k=3),logistic,3.0,3,5,3,repeat_08_fold_02,8,2,0.3181818181818182,0.3181818181818182,0.22644969494583098,0.3181818181818182,0.24000000000000005
reasoning_A,A,HQ + A,block_pls,HQ + A PLS-block (k=3),xgb1,3.0,3,5,3,repeat_08_fold_02,8,2,0.2905982905982906,0.25757575757575757,0.2365697560473144,0.2833333333333333,0.7600000000000002
reasoning_B,B,HQ + B,raw_family,HQ + B (raw),logistic,,0,2,2,repeat_08_fold_02,8,2,0.2537313432835821,0.12878787878787878,0.15699933553866507,0.2125,0.28
reasoning_B,B,HQ + B,raw_family,HQ + B (raw),xgb1,,0,2,2,repeat_08_fold_02,8,2,0.17333333333333334,0.19696969696969696,0.15761034474397892,0.17759562841530055,0.6500000000000001
reasoning_B,B,HQ + B,block_pls,HQ + B PLS-block (k=1),logistic,1.0,1,2,1,repeat_08_fold_02,8,2,0.22857142857142856,0.12121212121212122,0.1549646316941784,0.1941747572815534,0.26000000000000006
reasoning_B,B,HQ + B,block_pls,HQ + B PLS-block (k=1),xgb1,1.0,1,2,1,repeat_08_fold_02,8,2,0.20408163265306123,0.15151515151515152,0.1585662815831034,0.19083969465648856,0.7100000000000002
reasoning_B,B,HQ + B,block_pls,HQ + B PLS-block (k=2),logistic,2.0,2,2,2,repeat_08_fold_02,8,2,0.2033898305084746,0.09090909090909091,0.15711422046514484,0.16304347826086957,0.32000000000000006
reasoning_B,B,HQ + B,block_pls,HQ + B PLS-block (k=2),xgb1,2.0,2,2,2,repeat_08_fold_02,8,2,0.2066115702479339,0.1893939393939394,0.15959873339293698,0.20292207792207792,0.6800000000000002
reasoning_C,C,HQ + C,raw_family,HQ + C (raw),logistic,,0,3,3,repeat_08_fold_02,8,2,0.21875,0.10606060606060606,0.1592453010558819,0.18041237113402062,0.29000000000000004
reasoning_C,C,HQ + C,raw_family,HQ + C (raw),xgb1,,0,3,3,repeat_08_fold_02,8,2,0.20833333333333334,0.15151515151515152,0.1629305499057954,0.1937984496124031,0.7100000000000002
reasoning_C,C,HQ + C,block_pls,HQ + C PLS-block (k=2),logistic,2.0,2,3,2,repeat_08_fold_02,8,2,0.22608695652173913,0.19696969696969696,0.15905545193081821,0.2195945945945946,0.2
reasoning_C,C,HQ + C,block_pls,HQ + C PLS-block (k=2),xgb1,2.0,2,3,2,repeat_08_fold_02,8,2,0.2283464566929134,0.2196969696969697,0.17010765107104714,0.2265625,0.6700000000000002
reasoning_D,D,HQ + D,raw_family,HQ + D (raw),logistic,,0,2,2,repeat_08_fold_02,8,2,0.2571428571428571,0.13636363636363635,0.16253359228754655,0.21844660194174756,0.28
reasoning_D,D,HQ + D,raw_family,HQ + D (raw),xgb1,,0,2,2,repeat_08_fold_02,8,2,0.23529411764705882,0.12121212121212122,0.1628671485450201,0.19801980198019803,0.7500000000000002
reasoning_D,D,HQ + D,block_pls,HQ + D PLS-block (k=1),logistic,1.0,1,2,1,repeat_08_fold_02,8,2,0.2361111111111111,0.12878787878787878,0.15651145074929546,0.20238095238095238,0.26000000000000006
reasoning_D,D,HQ + D,block_pls,HQ + D PLS-block (k=1),xgb1,1.0,1,2,1,repeat_08_fold_02,8,2,0.2236842105263158,0.12878787878787878,0.16333700767253168,0.19495412844036697,0.7300000000000002
reasoning_D,D,HQ + D,block_pls,HQ + D PLS-block (k=2),logistic,2.0,2,2,2,repeat_08_fold_02,8,2,0.22522522522522523,0.1893939393939394,0.16275655724452032,0.2170138888888889,0.21000000000000002
reasoning_D,D,HQ + D,block_pls,HQ + D PLS-block (k=2),xgb1,2.0,2,2,2,repeat_08_fold_02,8,2,0.23684210526315788,0.13636363636363635,0.16617482913024778,0.20642201834862386,0.7400000000000002
reasoning_E,E,HQ + E,raw_family,HQ + E (raw),logistic,,0,3,3,repeat_08_fold_02,8,2,0.24615384615384617,0.12121212121212122,0.15516099052802126,0.20408163265306123,0.28
reasoning_E,E,HQ + E,raw_family,HQ + E (raw),xgb1,,0,3,3,repeat_08_fold_02,8,2,0.2,0.18181818181818182,0.15744039356020093,0.19607843137254902,0.6900000000000002
reasoning_E,E,HQ + E,block_pls,HQ + E PLS-block (k=1),logistic,1.0,1,3,1,repeat_08_fold_02,8,2,0.23529411764705882,0.12121212121212122,0.15660749320024134,0.19801980198019803,0.27
reasoning_E,E,HQ + E,block_pls,HQ + E PLS-block (k=1),xgb1,1.0,1,3,1,repeat_08_fold_02,8,2,0.20512820512820512,0.18181818181818182,0.15790941855434232,0.2,0.6900000000000002
reasoning_F,F,HQ + F,raw_family,HQ + F (raw),logistic,,0,6,6,repeat_08_fold_02,8,2,0.22580645161290322,0.1590909090909091,0.16984754288290788,0.20833333333333334,0.23000000000000004
reasoning_F,F,HQ + F,raw_family,HQ + F (raw),xgb1,,0,6,6,repeat_08_fold_02,8,2,0.18487394957983194,0.16666666666666666,0.1573449747696818,0.18092105263157895,0.6800000000000002
reasoning_F,F,HQ + F,block_pls,HQ + F PLS-block (k=2),logistic,2.0,2,6,2,repeat_08_fold_02,8,2,0.23809523809523808,0.15151515151515152,0.16675937111710673,0.21367521367521367,0.24000000000000005
reasoning_F,F,HQ + F,block_pls,HQ + F PLS-block (k=2),xgb1,2.0,2,6,2,repeat_08_fold_02,8,2,0.23170731707317074,0.14393939393939395,0.17079690182352467,0.20652173913043478,0.7400000000000002
reasoning_F,F,HQ + F,block_pls,HQ + F PLS-block (k=3),logistic,3.0,3,6,3,repeat_08_fold_02,8,2,0.23711340206185566,0.17424242424242425,0.16759343408368654,0.22115384615384615,0.23000000000000004
reasoning_F,F,HQ + F,block_pls,HQ + F PLS-block (k=3),xgb1,3.0,3,6,3,repeat_08_fold_02,8,2,0.23076923076923078,0.1590909090909091,0.17133843694681952,0.21169354838709678,0.7200000000000002
reasoning_A,A,HQ + A,raw_family,HQ + A (raw),logistic,,0,5,5,repeat_08_fold_03,8,3,0.28735632183908044,0.1893939393939394,0.2082720772115838,0.2604166666666667,0.36000000000000004
reasoning_A,A,HQ + A,raw_family,HQ + A (raw),xgb1,,0,5,5,repeat_08_fold_03,8,3,0.3008130081300813,0.2803030303030303,0.22542334816860785,0.296474358974359,0.7200000000000002
reasoning_A,A,HQ + A,block_pls,HQ + A PLS-block (k=2),logistic,2.0,2,5,2,repeat_08_fold_03,8,3,0.28703703703703703,0.23484848484848486,0.20537855647548073,0.274822695035461,0.31000000000000005
reasoning_A,A,HQ + A,block_pls,HQ + A PLS-block (k=2),xgb1,2.0,2,5,2,repeat_08_fold_03,8,3,0.29896907216494845,0.2196969696969697,0.21071856536888459,0.27884615384615385,0.8300000000000002
reasoning_A,A,HQ + A,block_pls,HQ + A PLS-block (k=3),logistic,3.0,3,5,3,repeat_08_fold_03,8,3,0.2781954887218045,0.2803030303030303,0.20749674218589773,0.2786144578313253,0.27
reasoning_A,A,HQ + A,block_pls,HQ + A PLS-block (k=3),xgb1,3.0,3,5,3,repeat_08_fold_03,8,3,0.2375,0.2878787878787879,0.21195396713343467,0.24611398963730569,0.7300000000000002
reasoning_B,B,HQ + B,raw_family,HQ + B (raw),logistic,,0,2,2,repeat_08_fold_03,8,3,0.3064516129032258,0.14393939393939395,0.17457732601908785,0.25,0.31000000000000005
reasoning_B,B,HQ + B,raw_family,HQ + B (raw),xgb1,,0,2,2,repeat_08_fold_03,8,3,0.27419354838709675,0.12878787878787878,0.17464382730649158,0.2236842105263158,0.7800000000000001
reasoning_B,B,HQ + B,block_pls,HQ + B PLS-block (k=1),logistic,1.0,1,2,1,repeat_08_fold_03,8,3,0.31666666666666665,0.14393939393939395,0.17198948809064143,0.2553763440860215,0.32000000000000006
reasoning_B,B,HQ + B,block_pls,HQ + B PLS-block (k=1),xgb1,1.0,1,2,1,repeat_08_fold_03,8,3,0.18110236220472442,0.3484848484848485,0.17388612104651163,0.20034843205574912,0.5900000000000002
reasoning_B,B,HQ + B,block_pls,HQ + B PLS-block (k=2),logistic,2.0,2,2,2,repeat_08_fold_03,8,3,0.20555555555555555,0.2803030303030303,0.17462958911185,0.21713615023474178,0.16000000000000003
reasoning_B,B,HQ + B,block_pls,HQ + B PLS-block (k=2),xgb1,2.0,2,2,2,repeat_08_fold_03,8,3,0.2903225806451613,0.13636363636363635,0.17639230155649793,0.23684210526315788,0.7700000000000002
reasoning_C,C,HQ + C,raw_family,HQ + C (raw),logistic,,0,3,3,repeat_08_fold_03,8,3,0.23076923076923078,0.20454545454545456,0.17464704621257007,0.225,0.2
reasoning_C,C,HQ + C,raw_family,HQ + C (raw),xgb1,,0,3,3,repeat_08_fold_03,8,3,0.21621621621621623,0.24242424242424243,0.1720839403249958,0.22099447513812154,0.6600000000000001
reasoning_C,C,HQ + C,block_pls,HQ + C PLS-block (k=2),logistic,2.0,2,3,2,repeat_08_fold_03,8,3,0.3103448275862069,0.13636363636363635,0.17511938358648788,0.24725274725274726,0.34
reasoning_C,C,HQ + C,block_pls,HQ + C PLS-block (k=2),xgb1,2.0,2,3,2,repeat_08_fold_03,8,3,0.2695035460992908,0.2878787878787879,0.18167173492917793,0.27298850574712646,0.6700000000000002
reasoning_D,D,HQ + D,raw_family,HQ + D (raw),logistic,,0,2,2,repeat_08_fold_03,8,3,0.21910112359550563,0.29545454545454547,0.1824545113443774,0.23104265402843602,0.16000000000000003
reasoning_D,D,HQ + D,raw_family,HQ + D (raw),xgb1,,0,2,2,repeat_08_fold_03,8,3,0.29411764705882354,0.15151515151515152,0.1778692846890905,0.24752475247524752,0.7600000000000002
reasoning_D,D,HQ + D,block_pls,HQ + D PLS-block (k=1),logistic,1.0,1,2,1,repeat_08_fold_03,8,3,0.31666666666666665,0.14393939393939395,0.1763040653644753,0.2553763440860215,0.31000000000000005
reasoning_D,D,HQ + D,block_pls,HQ + D PLS-block (k=1),xgb1,1.0,1,2,1,repeat_08_fold_03,8,3,0.27631578947368424,0.1590909090909091,0.17733046929605129,0.2408256880733945,0.7400000000000002
reasoning_D,D,HQ + D,block_pls,HQ + D PLS-block (k=2),logistic,2.0,2,2,2,repeat_08_fold_03,8,3,0.21604938271604937,0.26515151515151514,0.1826721548761433,0.22435897435897437,0.17000000000000004
reasoning_D,D,HQ + D,block_pls,HQ + D PLS-block (k=2),xgb1,2.0,2,2,2,repeat_08_fold_03,8,3,0.3076923076923077,0.15151515151515152,0.18900194103028728,0.25510204081632654,0.7600000000000002
reasoning_E,E,HQ + E,raw_family,HQ + E (raw),logistic,,0,3,3,repeat_08_fold_03,8,3,0.3090909090909091,0.12878787878787878,0.17186434794657807,0.24147727272727273,0.37000000000000005
reasoning_E,E,HQ + E,raw_family,HQ + E (raw),xgb1,,0,3,3,repeat_08_fold_03,8,3,0.18032786885245902,0.4166666666666667,0.17405482672290784,0.20340236686390534,0.5600000000000002
reasoning_E,E,HQ + E,block_pls,HQ + E PLS-block (k=1),logistic,1.0,1,3,1,repeat_08_fold_03,8,3,0.20833333333333334,0.26515151515151514,0.17204835509270572,0.21766169154228857,0.16000000000000003
reasoning_E,E,HQ + E,block_pls,HQ + E PLS-block (k=1),xgb1,1.0,1,3,1,repeat_08_fold_03,8,3,0.29508196721311475,0.13636363636363635,0.17467768415153237,0.2393617021276596,0.7800000000000001
reasoning_F,F,HQ + F,raw_family,HQ + F (raw),logistic,,0,6,6,repeat_08_fold_03,8,3,0.1981981981981982,0.3333333333333333,0.1839980061102465,0.21568627450980393,0.15000000000000002
reasoning_F,F,HQ + F,raw_family,HQ + F (raw),xgb1,,0,6,6,repeat_08_fold_03,8,3,0.28169014084507044,0.15151515151515152,0.17530995161449317,0.2403846153846154,0.7600000000000002
reasoning_F,F,HQ + F,block_pls,HQ + F PLS-block (k=2),logistic,2.0,2,6,2,repeat_08_fold_03,8,3,0.1989795918367347,0.29545454545454547,0.18062265277498155,0.212882096069869,0.16000000000000003
reasoning_F,F,HQ + F,block_pls,HQ + F PLS-block (k=2),xgb1,2.0,2,6,2,repeat_08_fold_03,8,3,0.27906976744186046,0.18181818181818182,0.1819507911255311,0.25210084033613445,0.7400000000000002
reasoning_F,F,HQ + F,block_pls,HQ + F PLS-block (k=3),logistic,3.0,3,6,3,repeat_08_fold_03,8,3,0.21465968586387435,0.3106060606060606,0.18293843752070182,0.22879464285714285,0.16000000000000003
reasoning_F,F,HQ + F,block_pls,HQ + F PLS-block (k=3),xgb1,3.0,3,6,3,repeat_08_fold_03,8,3,0.21761658031088082,0.3181818181818182,0.18727748669687286,0.2323008849557522,0.6400000000000001
reasoning_A,A,HQ + A,raw_family,HQ + A (raw),logistic,,0,5,5,repeat_09_fold_01,9,1,0.2569444444444444,0.2803030303030303,0.20417607806002944,0.2612994350282486,0.22000000000000003
reasoning_A,A,HQ + A,raw_family,HQ + A (raw),xgb1,,0,5,5,repeat_09_fold_01,9,1,0.26666666666666666,0.18181818181818182,0.20738353401040496,0.24390243902439024,0.7800000000000001
reasoning_A,A,HQ + A,block_pls,HQ + A PLS-block (k=2),logistic,2.0,2,5,2,repeat_09_fold_01,9,1,0.3008849557522124,0.25757575757575757,0.20839033146460956,0.2910958904109589,0.25000000000000006
reasoning_A,A,HQ + A,block_pls,HQ + A PLS-block (k=2),xgb1,2.0,2,5,2,repeat_09_fold_01,9,1,0.2823529411764706,0.18181818181818182,0.21281379319486637,0.2542372881355932,0.8100000000000002
reasoning_A,A,HQ + A,block_pls,HQ + A PLS-block (k=3),logistic,3.0,3,5,3,repeat_09_fold_01,9,1,0.2571428571428571,0.20454545454545456,0.2051939822593211,0.24456521739130435,0.28
reasoning_A,A,HQ + A,block_pls,HQ + A PLS-block (k=3),xgb1,3.0,3,5,3,repeat_09_fold_01,9,1,0.25688073394495414,0.21212121212121213,0.21666186039454483,0.24647887323943662,0.7700000000000002
reasoning_B,B,HQ + B,raw_family,HQ + B (raw),logistic,,0,2,2,repeat_09_fold_01,9,1,0.2,0.11363636363636363,0.15163284427808263,0.1736111111111111,0.24000000000000005
reasoning_B,B,HQ + B,raw_family,HQ + B (raw),xgb1,,0,2,2,repeat_09_fold_01,9,1,0.24193548387096775,0.11363636363636363,0.1567393728285002,0.19736842105263158,0.7500000000000002
reasoning_B,B,HQ + B,block_pls,HQ + B PLS-block (k=1),logistic,1.0,1,2,1,repeat_09_fold_01,9,1,0.2054794520547945,0.11363636363636363,0.15032135477885442,0.17688679245283018,0.23000000000000004
reasoning_B,B,HQ + B,block_pls,HQ + B PLS-block (k=1),xgb1,1.0,1,2,1,repeat_09_fold_01,9,1,0.22580645161290322,0.10606060606060606,0.15453068184983892,0.18421052631578946,0.7500000000000002
reasoning_B,B,HQ + B,block_pls,HQ + B PLS-block (k=2),logistic,2.0,2,2,2,repeat_09_fold_01,9,1,0.2054794520547945,0.11363636363636363,0.1515701972001483,0.17688679245283018,0.24000000000000005
reasoning_B,B,HQ + B,block_pls,HQ + B PLS-block (k=2),xgb1,2.0,2,2,2,repeat_09_fold_01,9,1,0.22413793103448276,0.09848484848484848,0.15626595031245133,0.17857142857142858,0.7700000000000002
reasoning_C,C,HQ + C,raw_family,HQ + C (raw),logistic,,0,3,3,repeat_09_fold_01,9,1,0.17117117117117117,0.14393939393939395,0.15286852377573237,0.16493055555555555,0.2
reasoning_C,C,HQ + C,raw_family,HQ + C (raw),xgb1,,0,3,3,repeat_09_fold_01,9,1,0.23529411764705882,0.09090909090909091,0.1588296601673561,0.17857142857142858,0.7900000000000001
reasoning_C,C,HQ + C,block_pls,HQ + C PLS-block (k=2),logistic,2.0,2,3,2,repeat_09_fold_01,9,1,0.17592592592592593,0.14393939393939395,0.1533357193958727,0.16843971631205673,0.2
reasoning_C,C,HQ + C,block_pls,HQ + C PLS-block (k=2),xgb1,2.0,2,3,2,repeat_09_fold_01,9,1,0.25,0.09090909090909091,0.1642953338793187,0.18518518518518517,0.8100000000000002
reasoning_D,D,HQ + D,raw_family,HQ + D (raw),logistic,,0,2,2,repeat_09_fold_01,9,1,0.1875,0.11363636363636363,0.1575725003303648,0.16592920353982302,0.23000000000000004
reasoning_D,D,HQ + D,raw_family,HQ + D (raw),xgb1,,0,2,2,repeat_09_fold_01,9,1,0.25,0.08333333333333333,0.15502169557250206,0.17857142857142858,0.8200000000000002
reasoning_D,D,HQ + D,block_pls,HQ + D PLS-block (k=1),logistic,1.0,1,2,1,repeat_09_fold_01,9,1,0.19696969696969696,0.09848484848484848,0.15054600780834268,0.16414141414141414,0.24000000000000005
reasoning_D,D,HQ + D,block_pls,HQ + D PLS-block (k=1),xgb1,1.0,1,2,1,repeat_09_fold_01,9,1,0.2391304347826087,0.08333333333333333,0.1537694203454211,0.17405063291139242,0.8100000000000002
reasoning_D,D,HQ + D,block_pls,HQ + D PLS-block (k=2),logistic,2.0,2,2,2,repeat_09_fold_01,9,1,0.2,0.12121212121212122,0.1580209022585306,0.17699115044247787,0.23000000000000004
reasoning_D,D,HQ + D,block_pls,HQ + D PLS-block (k=2),xgb1,2.0,2,2,2,repeat_09_fold_01,9,1,0.2558139534883721,0.08333333333333333,0.1604458419901456,0.18092105263157895,0.8200000000000002
reasoning_E,E,HQ + E,raw_family,HQ + E (raw),logistic,,0,3,3,repeat_09_fold_01,9,1,0.24489795918367346,0.09090909090909091,0.1510295192239578,0.18292682926829268,0.29000000000000004
reasoning_E,E,HQ + E,raw_family,HQ + E (raw),xgb1,,0,3,3,repeat_09_fold_01,9,1,0.22580645161290322,0.10606060606060606,0.15660629938437112,0.18421052631578946,0.7500000000000002
reasoning_E,E,HQ + E,block_pls,HQ + E PLS-block (k=1),logistic,1.0,1,3,1,repeat_09_fold_01,9,1,0.23404255319148937,0.08333333333333333,0.15130307670848372,0.171875,0.32000000000000006
reasoning_E,E,HQ + E,block_pls,HQ + E PLS-block (k=1),xgb1,1.0,1,3,1,repeat_09_fold_01,9,1,0.23333333333333334,0.10606060606060606,0.15484210292889372,0.1881720430107527,0.7600000000000002
reasoning_F,F,HQ + F,raw_family,HQ + F (raw),logistic,,0,6,6,repeat_09_fold_01,9,1,0.25471698113207547,0.20454545454545456,0.16809144690101652,0.24280575539568344,0.2
reasoning_F,F,HQ + F,raw_family,HQ + F (raw),xgb1,,0,6,6,repeat_09_fold_01,9,1,0.20754716981132076,0.08333333333333333,0.1569925220242141,0.15988372093023256,0.7800000000000001
reasoning_F,F,HQ + F,block_pls,HQ + F PLS-block (k=2),logistic,2.0,2,6,2,repeat_09_fold_01,9,1,0.22950819672131148,0.21212121212121213,0.16562696008835226,0.22580645161290322,0.19
reasoning_F,F,HQ + F,block_pls,HQ + F PLS-block (k=2),xgb1,2.0,2,6,2,repeat_09_fold_01,9,1,0.24074074074074073,0.09848484848484848,0.1756323879944607,0.1867816091954023,0.8100000000000002
reasoning_F,F,HQ + F,block_pls,HQ + F PLS-block (k=3),logistic,3.0,3,6,3,repeat_09_fold_01,9,1,0.24705882352941178,0.1590909090909091,0.16615892457525439,0.22245762711864406,0.23000000000000004
reasoning_F,F,HQ + F,block_pls,HQ + F PLS-block (k=3),xgb1,3.0,3,6,3,repeat_09_fold_01,9,1,0.25396825396825395,0.12121212121212122,0.17875292390071576,0.20833333333333334,0.7800000000000001
reasoning_A,A,HQ + A,raw_family,HQ + A (raw),logistic,,0,5,5,repeat_09_fold_02,9,2,0.36,0.3409090909090909,0.2558623417665674,0.3560126582278481,0.24000000000000005
reasoning_A,A,HQ + A,raw_family,HQ + A (raw),xgb1,,0,5,5,repeat_09_fold_02,9,2,0.3130434782608696,0.5454545454545454,0.2825377215667542,0.34220532319391633,0.6100000000000001
reasoning_A,A,HQ + A,block_pls,HQ + A PLS-block (k=2),logistic,2.0,2,5,2,repeat_09_fold_02,9,2,0.41379310344827586,0.2727272727272727,0.25491308567755805,0.375,0.30000000000000004
reasoning_A,A,HQ + A,block_pls,HQ + A PLS-block (k=2),xgb1,2.0,2,5,2,repeat_09_fold_02,9,2,0.3673469387755102,0.2727272727272727,0.2591984352407632,0.3435114503816794,0.7700000000000002
reasoning_A,A,HQ + A,block_pls,HQ + A PLS-block (k=3),logistic,3.0,3,5,3,repeat_09_fold_02,9,2,0.34306569343065696,0.3560606060606061,0.2574003736102101,0.34558823529411764,0.22000000000000003
reasoning_A,A,HQ + A,block_pls,HQ + A PLS-block (k=3),xgb1,3.0,3,5,3,repeat_09_fold_02,9,2,0.3783783783783784,0.3181818181818182,0.2727295649305308,0.3645833333333333,0.7500000000000002
reasoning_B,B,HQ + B,raw_family,HQ + B (raw),logistic,,0,2,2,repeat_09_fold_02,9,2,0.19753086419753085,0.24242424242424243,0.182392035053343,0.20512820512820512,0.16000000000000003
reasoning_B,B,HQ + B,raw_family,HQ + B (raw),xgb1,,0,2,2,repeat_09_fold_02,9,2,0.20114942528735633,0.26515151515151514,0.1879997421330435,0.2113526570048309,0.6200000000000001
reasoning_B,B,HQ + B,block_pls,HQ + B PLS-block (k=1),logistic,1.0,1,2,1,repeat_09_fold_02,9,2,0.23134328358208955,0.23484848484848486,0.17844005754500117,0.23203592814371257,0.18000000000000005
reasoning_B,B,HQ + B,block_pls,HQ + B PLS-block (k=1),xgb1,1.0,1,2,1,repeat_09_fold_02,9,2,0.20212765957446807,0.2878787878787879,0.18992808570335906,0.2149321266968326,0.6100000000000001
reasoning_B,B,HQ + B,block_pls,HQ + B PLS-block (k=2),logistic,2.0,2,2,2,repeat_09_fold_02,9,2,0.1864406779661017,0.25,0.18240786588123048,0.19642857142857142,0.15000000000000002
reasoning_B,B,HQ + B,block_pls,HQ + B PLS-block (k=2),xgb1,2.0,2,2,2,repeat_09_fold_02,9,2,0.232,0.2196969696969697,0.19218635467704018,0.22943037974683544,0.6700000000000002
reasoning_C,C,HQ + C,raw_family,HQ + C (raw),logistic,,0,3,3,repeat_09_fold_02,9,2,0.28421052631578947,0.20454545454545456,0.18442407947941722,0.263671875,0.22000000000000003
reasoning_C,C,HQ + C,raw_family,HQ + C (raw),xgb1,,0,3,3,repeat_09_fold_02,9,2,0.24561403508771928,0.21212121212121213,0.18968139841533335,0.23809523809523808,0.6700000000000002
reasoning_C,C,HQ + C,block_pls,HQ + C PLS-block (k=2),logistic,2.0,2,3,2,repeat_09_fold_02,9,2,0.24113475177304963,0.25757575757575757,0.18534147338689078,0.2442528735632184,0.18000000000000005
reasoning_C,C,HQ + C,block_pls,HQ + C PLS-block (k=2),xgb1,2.0,2,3,2,repeat_09_fold_02,9,2,0.2361111111111111,0.25757575757575757,0.19835214751944047,0.2401129943502825,0.6400000000000001
reasoning_D,D,HQ + D,raw_family,HQ + D (raw),logistic,,0,2,2,repeat_09_fold_02,9,2,0.23809523809523808,0.22727272727272727,0.18747578817207552,0.2358490566037736,0.19
reasoning_D,D,HQ + D,raw_family,HQ + D (raw),xgb1,,0,2,2,repeat_09_fold_02,9,2,0.21311475409836064,0.29545454545454547,0.19679876595456516,0.22569444444444445,0.6100000000000001
reasoning_D,D,HQ + D,block_pls,HQ + D PLS-block (k=1),logistic,1.0,1,2,1,repeat_09_fold_02,9,2,0.23308270676691728,0.23484848484848486,0.18606456661229281,0.23343373493975902,0.18000000000000005
reasoning_D,D,HQ + D,block_pls,HQ + D PLS-block (k=1),xgb1,1.0,1,2,1,repeat_09_fold_02,9,2,0.22857142857142856,0.30303030303030304,0.19828166804275096,0.2403846153846154,0.6200000000000001
reasoning_D,D,HQ + D,block_pls,HQ + D PLS-block (k=2),logistic,2.0,2,2,2,repeat_09_fold_02,9,2,0.2246376811594203,0.23484848484848486,0.18776904536777875,0.22660818713450293,0.18000000000000005
reasoning_D,D,HQ + D,block_pls,HQ + D PLS-block (k=2),xgb1,2.0,2,2,2,repeat_09_fold_02,9,2,0.23529411764705882,0.30303030303030304,0.20427369599809325,0.24630541871921183,0.6200000000000001
reasoning_E,E,HQ + E,raw_family,HQ + E (raw),logistic,,0,3,3,repeat_09_fold_02,9,2,0.20496894409937888,0.25,0.1764443152484771,0.21262886597938144,0.16000000000000003
reasoning_E,E,HQ + E,raw_family,HQ + E (raw),xgb1,,0,3,3,repeat_09_fold_02,9,2,0.22085889570552147,0.2727272727272727,0.18716139693895628,0.22959183673469388,0.6300000000000001
reasoning_E,E,HQ + E,block_pls,HQ + E PLS-block (k=1),logistic,1.0,1,3,1,repeat_09_fold_02,9,2,0.24793388429752067,0.22727272727272727,0.17841261335308659,0.2435064935064935,0.19
reasoning_E,E,HQ + E,block_pls,HQ + E PLS-block (k=1),xgb1,1.0,1,3,1,repeat_09_fold_02,9,2,0.22,0.25,0.1895945699678458,0.22540983606557377,0.6400000000000001
reasoning_F,F,HQ + F,raw_family,HQ + F (raw),logistic,,0,6,6,repeat_09_fold_02,9,2,0.27,0.20454545454545456,0.18601299398375057,0.25375939849624063,0.21000000000000002
reasoning_F,F,HQ + F,raw_family,HQ + F (raw),xgb1,,0,6,6,repeat_09_fold_02,9,2,0.21621621621621623,0.18181818181818182,0.18850245907292335,0.20833333333333334,0.6700000000000002
reasoning_F,F,HQ + F,block_pls,HQ + F PLS-block (k=2),logistic,2.0,2,6,2,repeat_09_fold_02,9,2,0.26373626373626374,0.18181818181818182,0.18303579892593438,0.24193548387096775,0.22000000000000003
reasoning_F,F,HQ + F,block_pls,HQ + F PLS-block (k=2),xgb1,2.0,2,6,2,repeat_09_fold_02,9,2,0.2543859649122807,0.2196969696969697,0.19531881430994483,0.2465986394557823,0.6600000000000001
reasoning_F,F,HQ + F,block_pls,HQ + F PLS-block (k=3),logistic,3.0,3,6,3,repeat_09_fold_02,9,2,0.2777777777777778,0.1893939393939394,0.18523720560407048,0.2540650406504065,0.22000000000000003
reasoning_F,F,HQ + F,block_pls,HQ + F PLS-block (k=3),xgb1,3.0,3,6,3,repeat_09_fold_02,9,2,0.2713178294573643,0.26515151515151514,0.19832698974384405,0.2700617283950617,0.6500000000000001
reasoning_A,A,HQ + A,raw_family,HQ + A (raw),logistic,,0,5,5,repeat_09_fold_03,9,3,0.3130434782608696,0.2727272727272727,0.22046313135800333,0.30405405405405406,0.28
reasoning_A,A,HQ + A,raw_family,HQ + A (raw),xgb1,,0,5,5,repeat_09_fold_03,9,3,0.273224043715847,0.3787878787878788,0.22572336378645075,0.28935185185185186,0.6600000000000001
reasoning_A,A,HQ + A,block_pls,HQ + A PLS-block (k=2),logistic,2.0,2,5,2,repeat_09_fold_03,9,3,0.264,0.25,0.20906496560525578,0.2610759493670886,0.25000000000000006
reasoning_A,A,HQ + A,block_pls,HQ + A PLS-block (k=2),xgb1,2.0,2,5,2,repeat_09_fold_03,9,3,0.2524271844660194,0.19696969696969696,0.2060644739125271,0.23897058823529413,0.8000000000000002
reasoning_A,A,HQ + A,block_pls,HQ + A PLS-block (k=3),logistic,3.0,3,5,3,repeat_09_fold_03,9,3,0.31666666666666665,0.2878787878787879,0.22095008355722637,0.3104575163398693,0.27
reasoning_A,A,HQ + A,block_pls,HQ + A PLS-block (k=3),xgb1,3.0,3,5,3,repeat_09_fold_03,9,3,0.2621359223300971,0.20454545454545456,0.21312597923911328,0.24816176470588236,0.8000000000000002
reasoning_B,B,HQ + B,raw_family,HQ + B (raw),logistic,,0,2,2,repeat_09_fold_03,9,3,0.2753623188405797,0.14393939393939395,0.18323638040911105,0.23284313725490197,0.24000000000000005
reasoning_B,B,HQ + B,raw_family,HQ + B (raw),xgb1,,0,2,2,repeat_09_fold_03,9,3,0.2403846153846154,0.1893939393939394,0.17819194384535866,0.2281021897810219,0.7000000000000002
reasoning_B,B,HQ + B,block_pls,HQ + B PLS-block (k=1),logistic,1.0,1,2,1,repeat_09_fold_03,9,3,0.23863636363636365,0.1590909090909091,0.18239858185408148,0.21694214876033058,0.21000000000000002
reasoning_B,B,HQ + B,block_pls,HQ + B PLS-block (k=1),xgb1,1.0,1,2,1,repeat_09_fold_03,9,3,0.22631578947368422,0.32575757575757575,0.1771398951069934,0.24103139013452915,0.6300000000000001
reasoning_B,B,HQ + B,block_pls,HQ + B PLS-block (k=2),logistic,2.0,2,2,2,repeat_09_fold_03,9,3,0.2835820895522388,0.14393939393939395,0.18312927497094206,0.2375,0.25000000000000006
reasoning_B,B,HQ + B,block_pls,HQ + B PLS-block (k=2),xgb1,2.0,2,2,2,repeat_09_fold_03,9,3,0.21621621621621623,0.30303030303030304,0.18099630875172829,0.22935779816513763,0.6300000000000001
reasoning_C,C,HQ + C,raw_family,HQ + C (raw),logistic,,0,3,3,repeat_09_fold_03,9,3,0.2753623188405797,0.14393939393939395,0.18486766820673992,0.23284313725490197,0.25000000000000006
reasoning_C,C,HQ + C,raw_family,HQ + C (raw),xgb1,,0,3,3,repeat_09_fold_03,9,3,0.2158273381294964,0.22727272727272727,0.18302002472957257,0.2180232558139535,0.6600000000000001
reasoning_C,C,HQ + C,block_pls,HQ + C PLS-block (k=2),logistic,2.0,2,3,2,repeat_09_fold_03,9,3,0.2602739726027397,0.14393939393939395,0.18542363206852738,0.2240566037735849,0.24000000000000005
reasoning_C,C,HQ + C,block_pls,HQ + C PLS-block (k=2),xgb1,2.0,2,3,2,repeat_09_fold_03,9,3,0.24154589371980675,0.3787878787878788,0.18834257999526197,0.2604166666666667,0.6100000000000001
reasoning_D,D,HQ + D,raw_family,HQ + D (raw),logistic,,0,2,2,repeat_09_fold_03,9,3,0.22580645161290322,0.1590909090909091,0.18875035065876122,0.20833333333333334,0.22000000000000003
reasoning_D,D,HQ + D,raw_family,HQ + D (raw),xgb1,,0,2,2,repeat_09_fold_03,9,3,0.24812030075187969,0.25,0.18965645926424307,0.24849397590361447,0.6700000000000002
reasoning_D,D,HQ + D,block_pls,HQ + D PLS-block (k=1),logistic,1.0,1,2,1,repeat_09_fold_03,9,3,0.2602739726027397,0.14393939393939395,0.1860158849029383,0.2240566037735849,0.23000000000000004
reasoning_D,D,HQ + D,block_pls,HQ + D PLS-block (k=1),xgb1,1.0,1,2,1,repeat_09_fold_03,9,3,0.28125,0.20454545454545456,0.18907413474728918,0.2616279069767442,0.7100000000000002
reasoning_D,D,HQ + D,block_pls,HQ + D PLS-block (k=2),logistic,2.0,2,2,2,repeat_09_fold_03,9,3,0.22340425531914893,0.1590909090909091,0.18839492984000736,0.20669291338582677,0.22000000000000003
reasoning_D,D,HQ + D,block_pls,HQ + D PLS-block (k=2),xgb1,2.0,2,2,2,repeat_09_fold_03,9,3,0.2571428571428571,0.20454545454545456,0.1925007246694357,0.24456521739130435,0.7100000000000002
reasoning_E,E,HQ + E,raw_family,HQ + E (raw),logistic,,0,3,3,repeat_09_fold_03,9,3,0.2631578947368421,0.11363636363636363,0.17968296267089828,0.20833333333333334,0.30000000000000004
reasoning_E,E,HQ + E,raw_family,HQ + E (raw),xgb1,,0,3,3,repeat_09_fold_03,9,3,0.22839506172839505,0.2803030303030303,0.17630850533140444,0.23717948717948717,0.6500000000000001
reasoning_E,E,HQ + E,block_pls,HQ + E PLS-block (k=1),logistic,1.0,1,3,1,repeat_09_fold_03,9,3,0.2608695652173913,0.13636363636363635,0.18190500399814089,0.22058823529411764,0.25000000000000006
reasoning_E,E,HQ + E,block_pls,HQ + E PLS-block (k=1),xgb1,1.0,1,3,1,repeat_09_fold_03,9,3,0.21428571428571427,0.1590909090909091,0.1742256186256249,0.20038167938931298,0.7000000000000002
reasoning_F,F,HQ + F,raw_family,HQ + F (raw),logistic,,0,6,6,repeat_09_fold_03,9,3,0.23170731707317074,0.14393939393939395,0.19050133124577884,0.20652173913043478,0.25000000000000006
reasoning_F,F,HQ + F,raw_family,HQ + F (raw),xgb1,,0,6,6,repeat_09_fold_03,9,3,0.22727272727272727,0.1893939393939394,0.1840288280072237,0.21853146853146854,0.6900000000000002
reasoning_F,F,HQ + F,block_pls,HQ + F PLS-block (k=2),logistic,2.0,2,6,2,repeat_09_fold_03,9,3,0.2361111111111111,0.12878787878787878,0.19017392525455715,0.20238095238095238,0.26000000000000006
reasoning_F,F,HQ + F,block_pls,HQ + F PLS-block (k=2),xgb1,2.0,2,6,2,repeat_09_fold_03,9,3,0.25925925925925924,0.1590909090909091,0.19141953006897405,0.23026315789473684,0.7500000000000002
reasoning_F,F,HQ + F,block_pls,HQ + F PLS-block (k=3),logistic,3.0,3,6,3,repeat_09_fold_03,9,3,0.25555555555555554,0.17424242424242425,0.1922479105064702,0.23373983739837398,0.24000000000000005
reasoning_F,F,HQ + F,block_pls,HQ + F PLS-block (k=3),xgb1,3.0,3,6,3,repeat_09_fold_03,9,3,0.2962962962962963,0.18181818181818182,0.1973083184812927,0.2631578947368421,0.7500000000000002
reasoning_A,A,HQ + A,raw_family,HQ + A (raw),logistic,,0,5,5,repeat_10_fold_01,10,1,0.2125,0.12878787878787878,0.21475012942773136,0.18805309734513273,0.33
reasoning_A,A,HQ + A,raw_family,HQ + A (raw),xgb1,,0,5,5,repeat_10_fold_01,10,1,0.3103448275862069,0.2727272727272727,0.21927323447871683,0.30201342281879195,0.7300000000000002
reasoning_A,A,HQ + A,block_pls,HQ + A PLS-block (k=2),logistic,2.0,2,5,2,repeat_10_fold_01,10,1,0.28703703703703703,0.23484848484848486,0.20735625283451675,0.274822695035461,0.27
reasoning_A,A,HQ + A,block_pls,HQ + A PLS-block (k=2),xgb1,2.0,2,5,2,repeat_10_fold_01,10,1,0.2702702702702703,0.22727272727272727,0.20367806788116943,0.2604166666666667,0.7900000000000001
reasoning_A,A,HQ + A,block_pls,HQ + A PLS-block (k=3),logistic,3.0,3,5,3,repeat_10_fold_01,10,1,0.27350427350427353,0.24242424242424243,0.2157032789837565,0.26666666666666666,0.26000000000000006
reasoning_A,A,HQ + A,block_pls,HQ + A PLS-block (k=3),xgb1,3.0,3,5,3,repeat_10_fold_01,10,1,0.3191489361702128,0.22727272727272727,0.21044765080073624,0.2952755905511811,0.8000000000000002
reasoning_B,B,HQ + B,raw_family,HQ + B (raw),logistic,,0,2,2,repeat_10_fold_01,10,1,0.20279720279720279,0.2196969696969697,0.16068043366782186,0.2059659090909091,0.19
reasoning_B,B,HQ + B,raw_family,HQ + B (raw),xgb1,,0,2,2,repeat_10_fold_01,10,1,0.2077922077922078,0.12121212121212122,0.15173247442224652,0.18181818181818182,0.7500000000000002
reasoning_B,B,HQ + B,block_pls,HQ + B PLS-block (k=1),logistic,1.0,1,2,1,repeat_10_fold_01,10,1,0.19254658385093168,0.23484848484848486,0.15975200698601266,0.19974226804123713,0.18000000000000005
reasoning_B,B,HQ + B,block_pls,HQ + B PLS-block (k=1),xgb1,1.0,1,2,1,repeat_10_fold_01,10,1,0.21176470588235294,0.13636363636363635,0.151314678142708,0.1906779661016949,0.7400000000000002
reasoning_B,B,HQ + B,block_pls,HQ + B PLS-block (k=2),logistic,2.0,2,2,2,repeat_10_fold_01,10,1,0.2013888888888889,0.2196969696969697,0.1607634119003996,0.20480225988700565,0.19
reasoning_B,B,HQ + B,block_pls,HQ + B PLS-block (k=2),xgb1,2.0,2,2,2,repeat_10_fold_01,10,1,0.21686746987951808,0.13636363636363635,0.15249014433189617,0.1939655172413793,0.7400000000000002
reasoning_C,C,HQ + C,raw_family,HQ + C (raw),logistic,,0,3,3,repeat_10_fold_01,10,1,0.2283464566929134,0.2196969696969697,0.16075943508765678,0.2265625,0.21000000000000002
reasoning_C,C,HQ + C,raw_family,HQ + C (raw),xgb1,,0,3,3,repeat_10_fold_01,10,1,0.2318840579710145,0.12121212121212122,0.15466300736117955,0.19607843137254902,0.7700000000000002
reasoning_C,C,HQ + C,block_pls,HQ + C PLS-block (k=2),logistic,2.0,2,3,2,repeat_10_fold_01,10,1,0.2265625,0.2196969696969697,0.16049325429860245,0.2251552795031056,0.21000000000000002
reasoning_C,C,HQ + C,block_pls,HQ + C PLS-block (k=2),xgb1,2.0,2,3,2,repeat_10_fold_01,10,1,0.20353982300884957,0.17424242424242425,0.15455773457896424,0.1969178082191781,0.7100000000000002
reasoning_D,D,HQ + D,raw_family,HQ + D (raw),logistic,,0,2,2,repeat_10_fold_01,10,1,0.2318840579710145,0.24242424242424243,0.16734872241790125,0.23391812865497075,0.2
reasoning_D,D,HQ + D,raw_family,HQ + D (raw),xgb1,,0,2,2,repeat_10_fold_01,10,1,0.22727272727272727,0.11363636363636363,0.158783379679307,0.1893939393939394,0.7700000000000002
reasoning_D,D,HQ + D,block_pls,HQ + D PLS-block (k=1),logistic,1.0,1,2,1,repeat_10_fold_01,10,1,0.22900763358778625,0.22727272727272727,0.1634662200825904,0.22865853658536586,0.2
reasoning_D,D,HQ + D,block_pls,HQ + D PLS-block (k=1),xgb1,1.0,1,2,1,repeat_10_fold_01,10,1,0.22388059701492538,0.11363636363636363,0.15782463396045304,0.1875,0.7700000000000002
reasoning_D,D,HQ + D,block_pls,HQ + D PLS-block (k=2),logistic,2.0,2,2,2,repeat_10_fold_01,10,1,0.22857142857142856,0.24242424242424243,0.16751088961086003,0.23121387283236994,0.2
reasoning_D,D,HQ + D,block_pls,HQ + D PLS-block (k=2),xgb1,2.0,2,2,2,repeat_10_fold_01,10,1,0.2328767123287671,0.12878787878787878,0.1611351695979205,0.20047169811320756,0.7600000000000002
reasoning_E,E,HQ + E,raw_family,HQ + E (raw),logistic,,0,3,3,repeat_10_fold_01,10,1,0.24719101123595505,0.16666666666666666,0.15862000602372664,0.22540983606557377,0.24000000000000005
reasoning_E,E,HQ + E,raw_family,HQ + E (raw),xgb1,,0,3,3,repeat_10_fold_01,10,1,0.21794871794871795,0.12878787878787878,0.15185376726271643,0.19144144144144143,0.7600000000000002
reasoning_E,E,HQ + E,block_pls,HQ + E PLS-block (k=1),logistic,1.0,1,3,1,repeat_10_fold_01,10,1,0.2465753424657534,0.13636363636363635,0.15860283880677403,0.21226415094339623,0.28
reasoning_E,E,HQ + E,block_pls,HQ + E PLS-block (k=1),xgb1,1.0,1,3,1,repeat_10_fold_01,10,1,0.19491525423728814,0.17424242424242425,0.15142364322090401,0.19039735099337748,0.7000000000000002
reasoning_F,F,HQ + F,raw_family,HQ + F (raw),logistic,,0,6,6,repeat_10_fold_01,10,1,0.23853211009174313,0.19696969696969696,0.1682920898755937,0.22887323943661972,0.23000000000000004
reasoning_F,F,HQ + F,raw_family,HQ + F (raw),xgb1,,0,6,6,repeat_10_fold_01,10,1,0.23076923076923078,0.18181818181818182,0.15399140132417094,0.21897810218978103,0.7200000000000002
reasoning_F,F,HQ + F,block_pls,HQ + F PLS-block (k=2),logistic,2.0,2,6,2,repeat_10_fold_01,10,1,0.23595505617977527,0.1590909090909091,0.16571273957533988,0.2151639344262295,0.26000000000000006
reasoning_F,F,HQ + F,block_pls,HQ + F PLS-block (k=2),xgb1,2.0,2,6,2,repeat_10_fold_01,10,1,0.19078947368421054,0.2196969696969697,0.16225696432535608,0.19594594594594594,0.6700000000000002
reasoning_F,F,HQ + F,block_pls,HQ + F PLS-block (k=3),logistic,3.0,3,6,3,repeat_10_fold_01,10,1,0.23157894736842105,0.16666666666666666,0.16688826510970353,0.21484375,0.25000000000000006
reasoning_F,F,HQ + F,block_pls,HQ + F PLS-block (k=3),xgb1,3.0,3,6,3,repeat_10_fold_01,10,1,0.20915032679738563,0.24242424242424243,0.16807734663689847,0.21505376344086022,0.6700000000000002
reasoning_A,A,HQ + A,raw_family,HQ + A (raw),logistic,,0,5,5,repeat_10_fold_02,10,2,0.32673267326732675,0.25,0.2140410897360033,0.30783582089552236,0.28
reasoning_A,A,HQ + A,raw_family,HQ + A (raw),xgb1,,0,5,5,repeat_10_fold_02,10,2,0.29347826086956524,0.20454545454545456,0.2423208285809309,0.27,0.7700000000000002
reasoning_A,A,HQ + A,block_pls,HQ + A PLS-block (k=2),logistic,2.0,2,5,2,repeat_10_fold_02,10,2,0.3125,0.22727272727272727,0.1983671056949743,0.29069767441860467,0.26000000000000006
reasoning_A,A,HQ + A,block_pls,HQ + A PLS-block (k=2),xgb1,2.0,2,5,2,repeat_10_fold_02,10,2,0.30357142857142855,0.25757575757575757,0.233229881098555,0.29310344827586204,0.7400000000000002
reasoning_A,A,HQ + A,block_pls,HQ + A PLS-block (k=3),logistic,3.0,3,5,3,repeat_10_fold_02,10,2,0.33,0.25,0.21403090338629785,0.3101503759398496,0.28
reasoning_A,A,HQ + A,block_pls,HQ + A PLS-block (k=3),xgb1,3.0,3,5,3,repeat_10_fold_02,10,2,0.3217391304347826,0.2803030303030303,0.24736814309977687,0.3125,0.7400000000000002
reasoning_B,B,HQ + B,raw_family,HQ + B (raw),logistic,,0,2,2,repeat_10_fold_02,10,2,0.16279069767441862,0.05303030303030303,0.13835013751884112,0.11513157894736842,0.44000000000000006
reasoning_B,B,HQ + B,raw_family,HQ + B (raw),xgb1,,0,2,2,repeat_10_fold_02,10,2,0.20588235294117646,0.10606060606060606,0.15205568220635587,0.17326732673267325,0.7100000000000002
reasoning_B,B,HQ + B,block_pls,HQ + B PLS-block (k=1),logistic,1.0,1,2,1,repeat_10_fold_02,10,2,0.16279069767441862,0.05303030303030303,0.1365080260277572,0.11513157894736842,0.44000000000000006
reasoning_B,B,HQ + B,block_pls,HQ + B PLS-block (k=1),xgb1,1.0,1,2,1,repeat_10_fold_02,10,2,0.21666666666666667,0.09848484848484848,0.15491873269407777,0.17473118279569894,0.7200000000000002
reasoning_B,B,HQ + B,block_pls,HQ + B PLS-block (k=2),logistic,2.0,2,2,2,repeat_10_fold_02,10,2,0.18181818181818182,0.06060606060606061,0.13832636027238066,0.12987012987012986,0.36000000000000004
reasoning_B,B,HQ + B,block_pls,HQ + B PLS-block (k=2),xgb1,2.0,2,2,2,repeat_10_fold_02,10,2,0.21212121212121213,0.10606060606060606,0.15558594564800043,0.17676767676767677,0.7100000000000002
reasoning_C,C,HQ + C,raw_family,HQ + C (raw),logistic,,0,3,3,repeat_10_fold_02,10,2,0.16279069767441862,0.05303030303030303,0.14126339070942426,0.11513157894736842,0.42000000000000004
reasoning_C,C,HQ + C,raw_family,HQ + C (raw),xgb1,,0,3,3,repeat_10_fold_02,10,2,0.19047619047619047,0.09090909090909091,0.15861794599892887,0.15625,0.7200000000000002
reasoning_C,C,HQ + C,block_pls,HQ + C PLS-block (k=2),logistic,2.0,2,3,2,repeat_10_fold_02,10,2,0.16279069767441862,0.05303030303030303,0.14182612116105275,0.11513157894736842,0.42000000000000004
reasoning_C,C,HQ + C,block_pls,HQ + C PLS-block (k=2),xgb1,2.0,2,3,2,repeat_10_fold_02,10,2,0.18181818181818182,0.06060606060606061,0.17123371447563843,0.12987012987012986,0.8400000000000002
reasoning_D,D,HQ + D,raw_family,HQ + D (raw),logistic,,0,2,2,repeat_10_fold_02,10,2,0.1951219512195122,0.12121212121212122,0.14094070533335878,0.17391304347826086,0.22000000000000003
reasoning_D,D,HQ + D,raw_family,HQ + D (raw),xgb1,,0,2,2,repeat_10_fold_02,10,2,0.2647058823529412,0.13636363636363635,0.16162946240826648,0.22277227722772278,0.7200000000000002
reasoning_D,D,HQ + D,block_pls,HQ + D PLS-block (k=1),logistic,1.0,1,2,1,repeat_10_fold_02,10,2,0.16279069767441862,0.05303030303030303,0.139815525071036,0.11513157894736842,0.4100000000000001
reasoning_D,D,HQ + D,block_pls,HQ + D PLS-block (k=1),xgb1,1.0,1,2,1,repeat_10_fold_02,10,2,0.23809523809523808,0.11363636363636363,0.16125275991646365,0.1953125,0.7200000000000002
reasoning_D,D,HQ + D,block_pls,HQ + D PLS-block (k=2),logistic,2.0,2,2,2,repeat_10_fold_02,10,2,0.1927710843373494,0.12121212121212122,0.14080884512741756,0.1724137931034483,0.22000000000000003
reasoning_D,D,HQ + D,block_pls,HQ + D PLS-block (k=2),xgb1,2.0,2,2,2,repeat_10_fold_02,10,2,0.22916666666666666,0.08333333333333333,0.163744745509465,0.1697530864197531,0.7700000000000002
reasoning_E,E,HQ + E,raw_family,HQ + E (raw),logistic,,0,3,3,repeat_10_fold_02,10,2,0.16279069767441862,0.05303030303030303,0.13617910955757562,0.11513157894736842,0.5100000000000001
reasoning_E,E,HQ + E,raw_family,HQ + E (raw),xgb1,,0,3,3,repeat_10_fold_02,10,2,0.17391304347826086,0.06060606060606061,0.15209777126513777,0.12658227848101267,0.7700000000000002
reasoning_E,E,HQ + E,block_pls,HQ + E PLS-block (k=1),logistic,1.0,1,3,1,repeat_10_fold_02,10,2,0.16279069767441862,0.05303030303030303,0.13640638467064245,0.11513157894736842,0.4700000000000001
reasoning_E,E,HQ + E,block_pls,HQ + E PLS-block (k=1),xgb1,1.0,1,3,1,repeat_10_fold_02,10,2,0.1875,0.06818181818181818,0.15250257177118193,0.1388888888888889,0.7600000000000002
reasoning_F,F,HQ + F,raw_family,HQ + F (raw),logistic,,0,6,6,repeat_10_fold_02,10,2,0.16393442622950818,0.07575757575757576,0.15084401595109884,0.13297872340425532,0.27
reasoning_F,F,HQ + F,raw_family,HQ + F (raw),xgb1,,0,6,6,repeat_10_fold_02,10,2,0.21568627450980393,0.08333333333333333,0.160064749529494,0.1636904761904762,0.7400000000000002
reasoning_F,F,HQ + F,block_pls,HQ + F PLS-block (k=2),logistic,2.0,2,6,2,repeat_10_fold_02,10,2,0.16279069767441862,0.05303030303030303,0.14930076882261925,0.11513157894736842,0.5200000000000001
reasoning_F,F,HQ + F,block_pls,HQ + F PLS-block (k=2),xgb1,2.0,2,6,2,repeat_10_fold_02,10,2,0.1956521739130435,0.13636363636363635,0.17110953626711195,0.18,0.6700000000000002
reasoning_F,F,HQ + F,block_pls,HQ + F PLS-block (k=3),logistic,3.0,3,6,3,repeat_10_fold_02,10,2,0.16129032258064516,0.07575757575757576,0.15076551498199808,0.13157894736842105,0.27
reasoning_F,F,HQ + F,block_pls,HQ + F PLS-block (k=3),xgb1,3.0,3,6,3,repeat_10_fold_02,10,2,0.21818181818181817,0.09090909090909091,0.17664542802683245,0.17045454545454544,0.7400000000000002
reasoning_A,A,HQ + A,raw_family,HQ + A (raw),logistic,,0,5,5,repeat_10_fold_03,10,3,0.39,0.29545454545454547,0.2580199206216272,0.36654135338345867,0.30000000000000004
reasoning_A,A,HQ + A,raw_family,HQ + A (raw),xgb1,,0,5,5,repeat_10_fold_03,10,3,0.2556818181818182,0.3409090909090909,0.24313246495398705,0.26913875598086123,0.6500000000000001
reasoning_A,A,HQ + A,block_pls,HQ + A PLS-block (k=2),logistic,2.0,2,5,2,repeat_10_fold_03,10,3,0.3761467889908257,0.3106060606060606,0.2665013418770423,0.3609154929577465,0.27
reasoning_A,A,HQ + A,block_pls,HQ + A PLS-block (k=2),xgb1,2.0,2,5,2,repeat_10_fold_03,10,3,0.27586206896551724,0.42424242424242425,0.2637446575628086,0.2966101694915254,0.6700000000000002
reasoning_A,A,HQ + A,block_pls,HQ + A PLS-block (k=3),logistic,3.0,3,5,3,repeat_10_fold_03,10,3,0.3917525773195876,0.2878787878787879,0.2584628043782871,0.36538461538461536,0.30000000000000004
reasoning_A,A,HQ + A,block_pls,HQ + A PLS-block (k=3),xgb1,3.0,3,5,3,repeat_10_fold_03,10,3,0.3333333333333333,0.2878787878787879,0.26112374132280225,0.3231292517006803,0.7800000000000001
reasoning_B,B,HQ + B,raw_family,HQ + B (raw),logistic,,0,2,2,repeat_10_fold_03,10,3,0.40476190476190477,0.12878787878787878,0.20774069268904727,0.2833333333333333,0.4000000000000001
reasoning_B,B,HQ + B,raw_family,HQ + B (raw),xgb1,,0,2,2,repeat_10_fold_03,10,3,0.2413793103448276,0.3181818181818182,0.2099881758095467,0.2536231884057971,0.6400000000000001
reasoning_B,B,HQ + B,block_pls,HQ + B PLS-block (k=1),logistic,1.0,1,2,1,repeat_10_fold_03,10,3,0.40476190476190477,0.12878787878787878,0.20538018102953817,0.2833333333333333,0.4100000000000001
reasoning_B,B,HQ + B,block_pls,HQ + B PLS-block (k=1),xgb1,1.0,1,2,1,repeat_10_fold_03,10,3,0.2441860465116279,0.3181818181818182,0.2080694079890952,0.25609756097560976,0.6400000000000001
reasoning_B,B,HQ + B,block_pls,HQ + B PLS-block (k=2),logistic,2.0,2,2,2,repeat_10_fold_03,10,3,0.40476190476190477,0.12878787878787878,0.2078595907428848,0.2833333333333333,0.4000000000000001
reasoning_B,B,HQ + B,block_pls,HQ + B PLS-block (k=2),xgb1,2.0,2,2,2,repeat_10_fold_03,10,3,0.20833333333333334,0.3409090909090909,0.2095232713769724,0.22590361445783133,0.6100000000000001
reasoning_C,C,HQ + C,raw_family,HQ + C (raw),logistic,,0,3,3,repeat_10_fold_03,10,3,0.35185185185185186,0.14393939393939395,0.20990284153825717,0.27298850574712646,0.27
reasoning_C,C,HQ + C,raw_family,HQ + C (raw),xgb1,,0,3,3,repeat_10_fold_03,10,3,0.2808988764044944,0.1893939393939394,0.20531147322815968,0.25614754098360654,0.7100000000000002
reasoning_C,C,HQ + C,block_pls,HQ + C PLS-block (k=2),logistic,2.0,2,3,2,repeat_10_fold_03,10,3,0.37254901960784315,0.14393939393939395,0.21003419486957095,0.28273809523809523,0.28
reasoning_C,C,HQ + C,block_pls,HQ + C PLS-block (k=2),xgb1,2.0,2,3,2,repeat_10_fold_03,10,3,0.35135135135135137,0.19696969696969696,0.21960714751411806,0.3037383177570093,0.7300000000000002
reasoning_D,D,HQ + D,raw_family,HQ + D (raw),logistic,,0,2,2,repeat_10_fold_03,10,3,0.23563218390804597,0.3106060606060606,0.21866138885216158,0.24758454106280192,0.16000000000000003
reasoning_D,D,HQ + D,raw_family,HQ + D (raw),xgb1,,0,2,2,repeat_10_fold_03,10,3,0.23497267759562843,0.32575757575757575,0.2057001907832303,0.2488425925925926,0.6300000000000001
reasoning_D,D,HQ + D,block_pls,HQ + D PLS-block (k=1),logistic,1.0,1,2,1,repeat_10_fold_03,10,3,0.40476190476190477,0.12878787878787878,0.20851422471196163,0.2833333333333333,0.44000000000000006
reasoning_D,D,HQ + D,block_pls,HQ + D PLS-block (k=1),xgb1,1.0,1,2,1,repeat_10_fold_03,10,3,0.2268041237113402,0.3333333333333333,0.20563245377395317,0.2422907488986784,0.6200000000000001
reasoning_D,D,HQ + D,block_pls,HQ + D PLS-block (k=2),logistic,2.0,2,2,2,repeat_10_fold_03,10,3,0.23699421965317918,0.3106060606060606,0.21904015291728016,0.2487864077669903,0.16000000000000003
reasoning_D,D,HQ + D,block_pls,HQ + D PLS-block (k=2),xgb1,2.0,2,2,2,repeat_10_fold_03,10,3,0.2388888888888889,0.32575757575757575,0.21613252579526937,0.25234741784037557,0.6300000000000001
reasoning_E,E,HQ + E,raw_family,HQ + E (raw),logistic,,0,3,3,repeat_10_fold_03,10,3,0.40476190476190477,0.12878787878787878,0.2004509107232462,0.2833333333333333,0.39000000000000007
reasoning_E,E,HQ + E,raw_family,HQ + E (raw),xgb1,,0,3,3,repeat_10_fold_03,10,3,0.24390243902439024,0.30303030303030304,0.20945704760566916,0.25380710659898476,0.6500000000000001
reasoning_E,E,HQ + E,block_pls,HQ + E PLS-block (k=1),logistic,1.0,1,3,1,repeat_10_fold_03,10,3,0.40476190476190477,0.12878787878787878,0.20451828694791976,0.2833333333333333,0.4000000000000001
reasoning_E,E,HQ + E,block_pls,HQ + E PLS-block (k=1),xgb1,1.0,1,3,1,repeat_10_fold_03,10,3,0.29069767441860467,0.1893939393939394,0.20562600089234492,0.26260504201680673,0.7200000000000002
reasoning_F,F,HQ + F,raw_family,HQ + F (raw),logistic,,0,6,6,repeat_10_fold_03,10,3,0.345679012345679,0.21212121212121213,0.2203086362748006,0.30701754385964913,0.23000000000000004
reasoning_F,F,HQ + F,raw_family,HQ + F (raw),xgb1,,0,6,6,repeat_10_fold_03,10,3,0.272,0.25757575757575757,0.2095424909135693,0.2689873417721519,0.6700000000000002
reasoning_F,F,HQ + F,block_pls,HQ + F PLS-block (k=2),logistic,2.0,2,6,2,repeat_10_fold_03,10,3,0.345679012345679,0.21212121212121213,0.21774838645033728,0.30701754385964913,0.23000000000000004
reasoning_F,F,HQ + F,block_pls,HQ + F PLS-block (k=2),xgb1,2.0,2,6,2,repeat_10_fold_03,10,3,0.2315270935960591,0.3560606060606061,0.21665892206104095,0.2489406779661017,0.6200000000000001
reasoning_F,F,HQ + F,block_pls,HQ + F PLS-block (k=3),logistic,3.0,3,6,3,repeat_10_fold_03,10,3,0.4222222222222222,0.14393939393939395,0.21960091111948102,0.30448717948717946,0.36000000000000004
reasoning_F,F,HQ + F,block_pls,HQ + F PLS-block (k=3),xgb1,3.0,3,6,3,repeat_10_fold_03,10,3,0.296,0.2803030303030303,0.22035298905171696,0.2927215189873418,0.6800000000000002
reasoning_A,A,HQ + A,raw_family,HQ + A (raw),logistic,,0,5,5,repeat_11_fold_01,11,1,0.27941176470588236,0.2878787878787879,0.20911929532295737,0.28106508875739644,0.28
reasoning_A,A,HQ + A,raw_family,HQ + A (raw),xgb1,,0,5,5,repeat_11_fold_01,11,1,0.30597014925373134,0.3106060606060606,0.22811026344108387,0.3068862275449102,0.7200000000000002
reasoning_A,A,HQ + A,block_pls,HQ + A PLS-block (k=2),logistic,2.0,2,5,2,repeat_11_fold_01,11,1,0.2967032967032967,0.20454545454545456,0.2072421290241961,0.2721774193548387,0.34
reasoning_A,A,HQ + A,block_pls,HQ + A PLS-block (k=2),xgb1,2.0,2,5,2,repeat_11_fold_01,11,1,0.3150684931506849,0.3484848484848485,0.23272221636263601,0.32122905027932963,0.7400000000000002
reasoning_A,A,HQ + A,block_pls,HQ + A PLS-block (k=3),logistic,3.0,3,5,3,repeat_11_fold_01,11,1,0.29133858267716534,0.2803030303030303,0.20948411537948755,0.2890625,0.30000000000000004
reasoning_A,A,HQ + A,block_pls,HQ + A PLS-block (k=3),xgb1,3.0,3,5,3,repeat_11_fold_01,11,1,0.3142857142857143,0.3333333333333333,0.23493302691585083,0.3179190751445087,0.7500000000000002
reasoning_B,B,HQ + B,raw_family,HQ + B (raw),logistic,,0,2,2,repeat_11_fold_01,11,1,0.24358974358974358,0.14393939393939395,0.16266770827306914,0.21396396396396397,0.25000000000000006
reasoning_B,B,HQ + B,raw_family,HQ + B (raw),xgb1,,0,2,2,repeat_11_fold_01,11,1,0.27692307692307694,0.13636363636363635,0.17287388088862732,0.22959183673469388,0.7500000000000002
reasoning_B,B,HQ + B,block_pls,HQ + B PLS-block (k=1),logistic,1.0,1,2,1,repeat_11_fold_01,11,1,0.2358490566037736,0.1893939393939394,0.16201418407790766,0.22482014388489208,0.2
reasoning_B,B,HQ + B,block_pls,HQ + B PLS-block (k=1),xgb1,1.0,1,2,1,repeat_11_fold_01,11,1,0.28125,0.13636363636363635,0.17233465319401603,0.23195876288659795,0.7500000000000002
reasoning_B,B,HQ + B,block_pls,HQ + B PLS-block (k=2),logistic,2.0,2,2,2,repeat_11_fold_01,11,1,0.23076923076923078,0.13636363636363635,0.1623103912384929,0.20270270270270271,0.25000000000000006
reasoning_B,B,HQ + B,block_pls,HQ + B PLS-block (k=2),xgb1,2.0,2,2,2,repeat_11_fold_01,11,1,0.25806451612903225,0.12121212121212122,0.17131380325553783,0.21052631578947367,0.7800000000000001
reasoning_C,C,HQ + C,raw_family,HQ + C (raw),logistic,,0,3,3,repeat_11_fold_01,11,1,0.23469387755102042,0.17424242424242425,0.16521652994502406,0.21946564885496184,0.21000000000000002
reasoning_C,C,HQ + C,raw_family,HQ + C (raw),xgb1,,0,3,3,repeat_11_fold_01,11,1,0.27419354838709675,0.12878787878787878,0.17651540045469533,0.2236842105263158,0.7600000000000002
reasoning_C,C,HQ + C,block_pls,HQ + C PLS-block (k=2),logistic,2.0,2,3,2,repeat_11_fold_01,11,1,0.2391304347826087,0.16666666666666666,0.16547417316859245,0.22,0.22000000000000003
reasoning_C,C,HQ + C,block_pls,HQ + C PLS-block (k=2),xgb1,2.0,2,3,2,repeat_11_fold_01,11,1,0.2616822429906542,0.21212121212121213,0.18114206617205894,0.25,0.7000000000000002
reasoning_D,D,HQ + D,raw_family,HQ + D (raw),logistic,,0,2,2,repeat_11_fold_01,11,1,0.24742268041237114,0.18181818181818182,0.1717036599411209,0.23076923076923078,0.22000000000000003
reasoning_D,D,HQ + D,raw_family,HQ + D (raw),xgb1,,0,2,2,repeat_11_fold_01,11,1,0.28,0.1590909090909091,0.18534386640983877,0.24305555555555555,0.7400000000000002
reasoning_D,D,HQ + D,block_pls,HQ + D PLS-block (k=1),logistic,1.0,1,2,1,repeat_11_fold_01,11,1,0.23529411764705882,0.15151515151515152,0.17345405451866047,0.211864406779661,0.24000000000000005
reasoning_D,D,HQ + D,block_pls,HQ + D PLS-block (k=1),xgb1,1.0,1,2,1,repeat_11_fold_01,11,1,0.29577464788732394,0.1590909090909091,0.18665806887369715,0.25240384615384615,0.7500000000000002
reasoning_D,D,HQ + D,block_pls,HQ + D PLS-block (k=2),logistic,2.0,2,2,2,repeat_11_fold_01,11,1,0.24242424242424243,0.18181818181818182,0.17145657455821722,0.22727272727272727,0.22000000000000003
reasoning_D,D,HQ + D,block_pls,HQ + D PLS-block (k=2),xgb1,2.0,2,2,2,repeat_11_fold_01,11,1,0.29850746268656714,0.15151515151515152,0.19041515039723927,0.25,0.7600000000000002
reasoning_E,E,HQ + E,raw_family,HQ + E (raw),logistic,,0,3,3,repeat_11_fold_01,11,1,0.23008849557522124,0.19696969696969696,0.15921280842848323,0.2226027397260274,0.2
reasoning_E,E,HQ + E,raw_family,HQ + E (raw),xgb1,,0,3,3,repeat_11_fold_01,11,1,0.2638888888888889,0.14393939393939395,0.17261002733682274,0.2261904761904762,0.7400000000000002
reasoning_E,E,HQ + E,block_pls,HQ + E PLS-block (k=1),logistic,1.0,1,3,1,repeat_11_fold_01,11,1,0.23333333333333334,0.1590909090909091,0.1616193619320156,0.21341463414634146,0.22000000000000003
reasoning_E,E,HQ + E,block_pls,HQ + E PLS-block (k=1),xgb1,1.0,1,3,1,repeat_11_fold_01,11,1,0.25675675675675674,0.14393939393939395,0.17389297746522606,0.2219626168224299,0.7400000000000002
reasoning_F,F,HQ + F,raw_family,HQ + F (raw),logistic,,0,6,6,repeat_11_fold_01,11,1,0.2717391304347826,0.1893939393939394,0.17832661115209245,0.25,0.23000000000000004
reasoning_F,F,HQ + F,raw_family,HQ + F (raw),xgb1,,0,6,6,repeat_11_fold_01,11,1,0.2786885245901639,0.12878787878787878,0.17456451558292477,0.22606382978723405,0.7600000000000002
reasoning_F,F,HQ + F,block_pls,HQ + F PLS-block (k=2),logistic,2.0,2,6,2,repeat_11_fold_01,11,1,0.25,0.18181818181818182,0.1720807849617598,0.23255813953488372,0.23000000000000004
reasoning_F,F,HQ + F,block_pls,HQ + F PLS-block (k=2),xgb1,2.0,2,6,2,repeat_11_fold_01,11,1,0.2465753424657534,0.2727272727272727,0.1824540158838443,0.25139664804469275,0.6700000000000002
reasoning_F,F,HQ + F,block_pls,HQ + F PLS-block (k=3),logistic,3.0,3,6,3,repeat_11_fold_01,11,1,0.25806451612903225,0.18181818181818182,0.1781459149524095,0.23809523809523808,0.23000000000000004
reasoning_F,F,HQ + F,block_pls,HQ + F PLS-block (k=3),xgb1,3.0,3,6,3,repeat_11_fold_01,11,1,0.2578125,0.25,0.19155566421109954,0.2562111801242236,0.6900000000000002
reasoning_A,A,HQ + A,raw_family,HQ + A (raw),logistic,,0,5,5,repeat_11_fold_02,11,2,0.3522727272727273,0.23484848484848486,0.24067544327054727,0.3202479338842975,0.27
reasoning_A,A,HQ + A,raw_family,HQ + A (raw),xgb1,,0,5,5,repeat_11_fold_02,11,2,0.3412698412698413,0.32575757575757575,0.25176053945433274,0.3380503144654088,0.6900000000000002
reasoning_A,A,HQ + A,block_pls,HQ + A PLS-block (k=2),logistic,2.0,2,5,2,repeat_11_fold_02,11,2,0.3157894736842105,0.2727272727272727,0.22936545342690823,0.30612244897959184,0.23000000000000004
reasoning_A,A,HQ + A,block_pls,HQ + A PLS-block (k=2),xgb1,2.0,2,5,2,repeat_11_fold_02,11,2,0.3333333333333333,0.32575757575757575,0.25520864995938813,0.3317901234567901,0.7000000000000002
reasoning_A,A,HQ + A,block_pls,HQ + A PLS-block (k=3),logistic,3.0,3,5,3,repeat_11_fold_02,11,2,0.36046511627906974,0.23484848484848486,0.24037338436353126,0.32563025210084034,0.28
reasoning_A,A,HQ + A,block_pls,HQ + A PLS-block (k=3),xgb1,3.0,3,5,3,repeat_11_fold_02,11,2,0.2897727272727273,0.38636363636363635,0.26094807829596683,0.3050239234449761,0.6600000000000001
reasoning_B,B,HQ + B,raw_family,HQ + B (raw),logistic,,0,2,2,repeat_11_fold_02,11,2,0.208,0.19696969696969696,0.16133865761849026,0.20569620253164558,0.19
reasoning_B,B,HQ + B,raw_family,HQ + B (raw),xgb1,,0,2,2,repeat_11_fold_02,11,2,0.18840579710144928,0.19696969696969696,0.16866182281667363,0.19005847953216373,0.6500000000000001
reasoning_B,B,HQ + B,block_pls,HQ + B PLS-block (k=1),logistic,1.0,1,2,1,repeat_11_fold_02,11,2,0.19626168224299065,0.1590909090909091,0.15925947104997845,0.1875,0.2
reasoning_B,B,HQ + B,block_pls,HQ + B PLS-block (k=1),xgb1,1.0,1,2,1,repeat_11_fold_02,11,2,0.15311004784688995,0.24242424242424243,0.16921177596497994,0.1652892561983471,0.5900000000000002
reasoning_B,B,HQ + B,block_pls,HQ + B PLS-block (k=2),logistic,2.0,2,2,2,repeat_11_fold_02,11,2,0.208,0.19696969696969696,0.16138254536049618,0.20569620253164558,0.19
reasoning_B,B,HQ + B,block_pls,HQ + B PLS-block (k=2),xgb1,2.0,2,2,2,repeat_11_fold_02,11,2,0.19078947368421054,0.2196969696969697,0.1706788871668448,0.19594594594594594,0.6400000000000001
reasoning_C,C,HQ + C,raw_family,HQ + C (raw),logistic,,0,3,3,repeat_11_fold_02,11,2,0.22388059701492538,0.22727272727272727,0.1721421784412117,0.2245508982035928,0.18000000000000005
reasoning_C,C,HQ + C,raw_family,HQ + C (raw),xgb1,,0,3,3,repeat_11_fold_02,11,2,0.2558139534883721,0.16666666666666666,0.17751350662038587,0.23109243697478993,0.7100000000000002
reasoning_C,C,HQ + C,block_pls,HQ + C PLS-block (k=2),logistic,2.0,2,3,2,repeat_11_fold_02,11,2,0.2222222222222222,0.22727272727272727,0.17279308086533887,0.22321428571428573,0.18000000000000005
reasoning_C,C,HQ + C,block_pls,HQ + C PLS-block (k=2),xgb1,2.0,2,3,2,repeat_11_fold_02,11,2,0.25301204819277107,0.1590909090909091,0.18527975335314645,0.22629310344827586,0.7100000000000002
reasoning_D,D,HQ + D,raw_family,HQ + D (raw),logistic,,0,2,2,repeat_11_fold_02,11,2,0.24166666666666667,0.2196969696969697,0.17653059289851522,0.2369281045751634,0.19
reasoning_D,D,HQ + D,raw_family,HQ + D (raw),xgb1,,0,2,2,repeat_11_fold_02,11,2,0.2066115702479339,0.1893939393939394,0.17836262511557976,0.20292207792207792,0.6600000000000001
reasoning_D,D,HQ + D,block_pls,HQ + D PLS-block (k=1),logistic,1.0,1,2,1,repeat_11_fold_02,11,2,0.1836734693877551,0.2727272727272727,0.1689406083218843,0.1965065502183406,0.15000000000000002
reasoning_D,D,HQ + D,block_pls,HQ + D PLS-block (k=1),xgb1,1.0,1,2,1,repeat_11_fold_02,11,2,0.2037037037037037,0.16666666666666666,0.17847971829466922,0.1950354609929078,0.6800000000000002
reasoning_D,D,HQ + D,block_pls,HQ + D PLS-block (k=2),logistic,2.0,2,2,2,repeat_11_fold_02,11,2,0.2396694214876033,0.2196969696969697,0.17695667408216625,0.2353896103896104,0.19
reasoning_D,D,HQ + D,block_pls,HQ + D PLS-block (k=2),xgb1,2.0,2,2,2,repeat_11_fold_02,11,2,0.3064516129032258,0.14393939393939395,0.18493780634698398,0.25,0.7400000000000002
reasoning_E,E,HQ + E,raw_family,HQ + E (raw),logistic,,0,3,3,repeat_11_fold_02,11,2,0.19801980198019803,0.30303030303030304,0.16251298739516992,0.2127659574468085,0.15000000000000002
reasoning_E,E,HQ + E,raw_family,HQ + E (raw),xgb1,,0,3,3,repeat_11_fold_02,11,2,0.23469387755102042,0.17424242424242425,0.17235669461361364,0.21946564885496184,0.6900000000000002
reasoning_E,E,HQ + E,block_pls,HQ + E PLS-block (k=1),logistic,1.0,1,3,1,repeat_11_fold_02,11,2,0.21818181818181817,0.18181818181818182,0.16641744820156162,0.2097902097902098,0.19
reasoning_E,E,HQ + E,block_pls,HQ + E PLS-block (k=1),xgb1,1.0,1,3,1,repeat_11_fold_02,11,2,0.21904761904761905,0.17424242424242425,0.17320465736110408,0.20833333333333334,0.6800000000000002
reasoning_F,F,HQ + F,raw_family,HQ + F (raw),logistic,,0,6,6,repeat_11_fold_02,11,2,0.25471698113207547,0.20454545454545456,0.17856192695412743,0.24280575539568344,0.2
reasoning_F,F,HQ + F,raw_family,HQ + F (raw),xgb1,,0,6,6,repeat_11_fold_02,11,2,0.23076923076923078,0.13636363636363635,0.17550494336234854,0.20270270270270271,0.7200000000000002
reasoning_F,F,HQ + F,block_pls,HQ + F PLS-block (k=2),logistic,2.0,2,6,2,repeat_11_fold_02,11,2,0.28735632183908044,0.1893939393939394,0.17958072664613464,0.2604166666666667,0.22000000000000003
reasoning_F,F,HQ + F,block_pls,HQ + F PLS-block (k=2),xgb1,2.0,2,6,2,repeat_11_fold_02,11,2,0.2727272727272727,0.25,0.19528623420961927,0.26785714285714285,0.6600000000000001
reasoning_F,F,HQ + F,block_pls,HQ + F PLS-block (k=3),logistic,3.0,3,6,3,repeat_11_fold_02,11,2,0.24770642201834864,0.20454545454545456,0.1787046566413633,0.23767605633802816,0.2
reasoning_F,F,HQ + F,block_pls,HQ + F PLS-block (k=3),xgb1,3.0,3,6,3,repeat_11_fold_02,11,2,0.2644628099173554,0.24242424242424243,0.19713289723319405,0.2597402597402597,0.6600000000000001
reasoning_A,A,HQ + A,raw_family,HQ + A (raw),logistic,,0,5,5,repeat_11_fold_03,11,3,0.3235294117647059,0.25,0.2224756209468081,0.3055555555555556,0.29000000000000004
reasoning_A,A,HQ + A,raw_family,HQ + A (raw),xgb1,,0,5,5,repeat_11_fold_03,11,3,0.3053435114503817,0.30303030303030304,0.2173444523806139,0.3048780487804878,0.7300000000000002
reasoning_A,A,HQ + A,block_pls,HQ + A PLS-block (k=2),logistic,2.0,2,5,2,repeat_11_fold_03,11,3,0.3113207547169811,0.25,0.21276048877984685,0.29676258992805754,0.27
reasoning_A,A,HQ + A,block_pls,HQ + A PLS-block (k=2),xgb1,2.0,2,5,2,repeat_11_fold_03,11,3,0.27848101265822783,0.3333333333333333,0.21489952455715228,0.2879581151832461,0.7200000000000002
reasoning_A,A,HQ + A,block_pls,HQ + A PLS-block (k=3),logistic,3.0,3,5,3,repeat_11_fold_03,11,3,0.3018867924528302,0.24242424242424243,0.22244332102670172,0.28776978417266186,0.27
reasoning_A,A,HQ + A,block_pls,HQ + A PLS-block (k=3),xgb1,3.0,3,5,3,repeat_11_fold_03,11,3,0.308411214953271,0.25,0.22093129754337487,0.29464285714285715,0.7900000000000001
reasoning_B,B,HQ + B,raw_family,HQ + B (raw),logistic,,0,2,2,repeat_11_fold_03,11,3,0.20987654320987653,0.12878787878787878,0.16028582356998375,0.18640350877192982,0.22000000000000003
reasoning_B,B,HQ + B,raw_family,HQ + B (raw),xgb1,,0,2,2,repeat_11_fold_03,11,3,0.25,0.12121212121212122,0.16070740100270203,0.20618556701030927,0.7600000000000002
reasoning_B,B,HQ + B,block_pls,HQ + B PLS-block (k=1),logistic,1.0,1,2,1,repeat_11_fold_03,11,3,0.22077922077922077,0.12878787878787878,0.1603027962527075,0.19318181818181818,0.23000000000000004
reasoning_B,B,HQ + B,block_pls,HQ + B PLS-block (k=1),xgb1,1.0,1,2,1,repeat_11_fold_03,11,3,0.22018348623853212,0.18181818181818182,0.1601871523404055,0.2112676056338028,0.6700000000000002
reasoning_B,B,HQ + B,block_pls,HQ + B PLS-block (k=2),logistic,2.0,2,2,2,repeat_11_fold_03,11,3,0.21052631578947367,0.12121212121212122,0.16030919087091672,0.1834862385321101,0.23000000000000004
reasoning_B,B,HQ + B,block_pls,HQ + B PLS-block (k=2),xgb1,2.0,2,2,2,repeat_11_fold_03,11,3,0.2463768115942029,0.12878787878787878,0.16252033030353435,0.20833333333333334,0.7300000000000002
reasoning_C,C,HQ + C,raw_family,HQ + C (raw),logistic,,0,3,3,repeat_11_fold_03,11,3,0.20238095238095238,0.12878787878787878,0.16370723218268948,0.18162393162393162,0.23000000000000004
reasoning_C,C,HQ + C,raw_family,HQ + C (raw),xgb1,,0,3,3,repeat_11_fold_03,11,3,0.23880597014925373,0.12121212121212122,0.15614936061472598,0.2,0.7500000000000002
reasoning_C,C,HQ + C,block_pls,HQ + C PLS-block (k=2),logistic,2.0,2,3,2,repeat_11_fold_03,11,3,0.22058823529411764,0.11363636363636363,0.16343432464201207,0.18564356435643564,0.26000000000000006
reasoning_C,C,HQ + C,block_pls,HQ + C PLS-block (k=2),xgb1,2.0,2,3,2,repeat_11_fold_03,11,3,0.2196969696969697,0.2196969696969697,0.16369590577083729,0.2196969696969697,0.6600000000000001
reasoning_D,D,HQ + D,raw_family,HQ + D (raw),logistic,,0,2,2,repeat_11_fold_03,11,3,0.2222222222222222,0.12121212121212122,0.1653838498370686,0.19047619047619047,0.25000000000000006
reasoning_D,D,HQ + D,raw_family,HQ + D (raw),xgb1,,0,2,2,repeat_11_fold_03,11,3,0.21621621621621623,0.12121212121212122,0.1604114591395685,0.18691588785046728,0.7400000000000002
reasoning_D,D,HQ + D,block_pls,HQ + D PLS-block (k=1),logistic,1.0,1,2,1,repeat_11_fold_03,11,3,0.20689655172413793,0.13636363636363635,0.15955966063259575,0.1875,0.21000000000000002
reasoning_D,D,HQ + D,block_pls,HQ + D PLS-block (k=1),xgb1,1.0,1,2,1,repeat_11_fold_03,11,3,0.2191780821917808,0.12121212121212122,0.1594050869774366,0.18867924528301888,0.7400000000000002
reasoning_D,D,HQ + D,block_pls,HQ + D PLS-block (k=2),logistic,2.0,2,2,2,repeat_11_fold_03,11,3,0.2222222222222222,0.12121212121212122,0.16555766361077415,0.19047619047619047,0.25000000000000006
reasoning_D,D,HQ + D,block_pls,HQ + D PLS-block (k=2),xgb1,2.0,2,2,2,repeat_11_fold_03,11,3,0.21359223300970873,0.16666666666666666,0.16599644596016172,0.20220588235294118,0.7000000000000002
reasoning_E,E,HQ + E,raw_family,HQ + E (raw),logistic,,0,3,3,repeat_11_fold_03,11,3,0.2112676056338028,0.11363636363636363,0.15640926950671166,0.18028846153846154,0.25000000000000006
reasoning_E,E,HQ + E,raw_family,HQ + E (raw),xgb1,,0,3,3,repeat_11_fold_03,11,3,0.22727272727272727,0.11363636363636363,0.160502428326123,0.1893939393939394,0.7500000000000002
reasoning_E,E,HQ + E,block_pls,HQ + E PLS-block (k=1),logistic,1.0,1,3,1,repeat_11_fold_03,11,3,0.22666666666666666,0.12878787878787878,0.15842389847080882,0.19675925925925927,0.24000000000000005
reasoning_E,E,HQ + E,block_pls,HQ + E PLS-block (k=1),xgb1,1.0,1,3,1,repeat_11_fold_03,11,3,0.23076923076923078,0.11363636363636363,0.16128828343519397,0.1913265306122449,0.7500000000000002
reasoning_F,F,HQ + F,raw_family,HQ + F (raw),logistic,,0,6,6,repeat_11_fold_03,11,3,0.21367521367521367,0.1893939393939394,0.1672681545185551,0.20833333333333334,0.2
reasoning_F,F,HQ + F,raw_family,HQ + F (raw),xgb1,,0,6,6,repeat_11_fold_03,11,3,0.19327731092436976,0.17424242424242425,0.15513741521751662,0.18914473684210525,0.6700000000000002
reasoning_F,F,HQ + F,block_pls,HQ + F PLS-block (k=2),logistic,2.0,2,6,2,repeat_11_fold_03,11,3,0.21428571428571427,0.1590909090909091,0.1644136951236647,0.20038167938931298,0.21000000000000002
reasoning_F,F,HQ + F,block_pls,HQ + F PLS-block (k=2),xgb1,2.0,2,6,2,repeat_11_fold_03,11,3,0.18691588785046728,0.15151515151515152,0.1611890969509227,0.17857142857142858,0.7100000000000002
reasoning_F,F,HQ + F,block_pls,HQ + F PLS-block (k=3),logistic,3.0,3,6,3,repeat_11_fold_03,11,3,0.2,0.13636363636363635,0.16689457883156336,0.18292682926829268,0.23000000000000004
reasoning_F,F,HQ + F,block_pls,HQ + F PLS-block (k=3),xgb1,3.0,3,6,3,repeat_11_fold_03,11,3,0.2196969696969697,0.2196969696969697,0.1656355361182536,0.2196969696969697,0.6700000000000002
reasoning_A,A,HQ + A,raw_family,HQ + A (raw),logistic,,0,5,5,repeat_12_fold_01,12,1,0.33076923076923076,0.32575757575757575,0.2286738188726897,0.32975460122699385,0.26000000000000006
reasoning_A,A,HQ + A,raw_family,HQ + A (raw),xgb1,,0,5,5,repeat_12_fold_01,12,1,0.29906542056074764,0.24242424242424243,0.242134780929531,0.2857142857142857,0.7400000000000002
reasoning_A,A,HQ + A,block_pls,HQ + A PLS-block (k=2),logistic,2.0,2,5,2,repeat_12_fold_01,12,1,0.3008849557522124,0.25757575757575757,0.2215557760916093,0.2910958904109589,0.26000000000000006
reasoning_A,A,HQ + A,block_pls,HQ + A PLS-block (k=2),xgb1,2.0,2,5,2,repeat_12_fold_01,12,1,0.3028169014084507,0.32575757575757575,0.23414642009180192,0.30714285714285716,0.7500000000000002
reasoning_A,A,HQ + A,block_pls,HQ + A PLS-block (k=3),logistic,3.0,3,5,3,repeat_12_fold_01,12,1,0.35135135135135137,0.29545454545454547,0.22852121253963906,0.3385416666666667,0.29000000000000004
reasoning_A,A,HQ + A,block_pls,HQ + A PLS-block (k=3),xgb1,3.0,3,5,3,repeat_12_fold_01,12,1,0.3087248322147651,0.3484848484848485,0.23769494500571678,0.3159340659340659,0.7400000000000002
reasoning_B,B,HQ + B,raw_family,HQ + B (raw),logistic,,0,2,2,repeat_12_fold_01,12,1,0.22988505747126436,0.15151515151515152,0.1640055819919605,0.20833333333333334,0.23000000000000004
reasoning_B,B,HQ + B,raw_family,HQ + B (raw),xgb1,,0,2,2,repeat_12_fold_01,12,1,0.22784810126582278,0.13636363636363635,0.16609210492984117,0.20089285714285715,0.7400000000000002
reasoning_B,B,HQ + B,block_pls,HQ + B PLS-block (k=1),logistic,1.0,1,2,1,repeat_12_fold_01,12,1,0.23943661971830985,0.12878787878787878,0.16042539608069642,0.20432692307692307,0.26000000000000006
reasoning_B,B,HQ + B,block_pls,HQ + B PLS-block (k=1),xgb1,1.0,1,2,1,repeat_12_fold_01,12,1,0.2222222222222222,0.13636363636363635,0.16496980528800076,0.19736842105263158,0.7400000000000002
reasoning_B,B,HQ + B,block_pls,HQ + B PLS-block (k=2),logistic,2.0,2,2,2,repeat_12_fold_01,12,1,0.22340425531914893,0.1590909090909091,0.16422645251142712,0.20669291338582677,0.22000000000000003
reasoning_B,B,HQ + B,block_pls,HQ + B PLS-block (k=2),xgb1,2.0,2,2,2,repeat_12_fold_01,12,1,0.20930232558139536,0.13636363636363635,0.16821193782151347,0.18907563025210083,0.7300000000000002
reasoning_C,C,HQ + C,raw_family,HQ + C (raw),logistic,,0,3,3,repeat_12_fold_01,12,1,0.21428571428571427,0.11363636363636363,0.15968452132355193,0.1820388349514563,0.26000000000000006
reasoning_C,C,HQ + C,raw_family,HQ + C (raw),xgb1,,0,3,3,repeat_12_fold_01,12,1,0.23958333333333334,0.17424242424242425,0.168249511367073,0.22286821705426357,0.7200000000000002
reasoning_C,C,HQ + C,block_pls,HQ + C PLS-block (k=2),logistic,2.0,2,3,2,repeat_12_fold_01,12,1,0.2153846153846154,0.10606060606060606,0.15974503987491742,0.17857142857142858,0.27
reasoning_C,C,HQ + C,block_pls,HQ + C PLS-block (k=2),xgb1,2.0,2,3,2,repeat_12_fold_01,12,1,0.20212765957446807,0.14393939393939395,0.1677013569360843,0.18700787401574803,0.7200000000000002
reasoning_D,D,HQ + D,raw_family,HQ + D (raw),logistic,,0,2,2,repeat_12_fold_01,12,1,0.2571428571428571,0.13636363636363635,0.16922135802127408,0.21844660194174756,0.28
reasoning_D,D,HQ + D,raw_family,HQ + D (raw),xgb1,,0,2,2,repeat_12_fold_01,12,1,0.22093023255813954,0.14393939393939395,0.17117609341916093,0.19957983193277312,0.7300000000000002
reasoning_D,D,HQ + D,block_pls,HQ + D PLS-block (k=1),logistic,1.0,1,2,1,repeat_12_fold_01,12,1,0.24324324324324326,0.13636363636363635,0.1650116320749141,0.2102803738317757,0.26000000000000006
reasoning_D,D,HQ + D,block_pls,HQ + D PLS-block (k=1),xgb1,1.0,1,2,1,repeat_12_fold_01,12,1,0.2345679012345679,0.14393939393939395,0.17019308929546312,0.20833333333333334,0.7400000000000002
reasoning_D,D,HQ + D,block_pls,HQ + D PLS-block (k=2),logistic,2.0,2,2,2,repeat_12_fold_01,12,1,0.2608695652173913,0.13636363636363635,0.16942443026043616,0.22058823529411764,0.28
reasoning_D,D,HQ + D,block_pls,HQ + D PLS-block (k=2),xgb1,2.0,2,2,2,repeat_12_fold_01,12,1,0.225,0.13636363636363635,0.1771811659696396,0.19911504424778761,0.7400000000000002
reasoning_E,E,HQ + E,raw_family,HQ + E (raw),logistic,,0,3,3,repeat_12_fold_01,12,1,0.23529411764705882,0.12121212121212122,0.159335010005148,0.19801980198019803,0.27
reasoning_E,E,HQ + E,raw_family,HQ + E (raw),xgb1,,0,3,3,repeat_12_fold_01,12,1,0.2463768115942029,0.12878787878787878,0.16626784242468973,0.20833333333333334,0.7700000000000002
reasoning_E,E,HQ + E,block_pls,HQ + E PLS-block (k=1),logistic,1.0,1,3,1,repeat_12_fold_01,12,1,0.24390243902439024,0.15151515151515152,0.159997915982147,0.21739130434782608,0.24000000000000005
reasoning_E,E,HQ + E,block_pls,HQ + E PLS-block (k=1),xgb1,1.0,1,3,1,repeat_12_fold_01,12,1,0.27450980392156865,0.10606060606060606,0.166757785971061,0.20833333333333334,0.8300000000000002
reasoning_F,F,HQ + F,raw_family,HQ + F (raw),logistic,,0,6,6,repeat_12_fold_01,12,1,0.22857142857142856,0.18181818181818182,0.16939889430945038,0.21739130434782608,0.23000000000000004
reasoning_F,F,HQ + F,raw_family,HQ + F (raw),xgb1,,0,6,6,repeat_12_fold_01,12,1,0.23076923076923078,0.13636363636363635,0.16829973126314757,0.20270270270270271,0.7600000000000002
reasoning_F,F,HQ + F,block_pls,HQ + F PLS-block (k=2),logistic,2.0,2,6,2,repeat_12_fold_01,12,1,0.2413793103448276,0.1590909090909091,0.1682692353815991,0.21875,0.24000000000000005
reasoning_F,F,HQ + F,block_pls,HQ + F PLS-block (k=2),xgb1,2.0,2,6,2,repeat_12_fold_01,12,1,0.2518518518518518,0.25757575757575757,0.18087809237670002,0.25297619047619047,0.6800000000000002
reasoning_F,F,HQ + F,block_pls,HQ + F PLS-block (k=3),logistic,3.0,3,6,3,repeat_12_fold_01,12,1,0.21311475409836064,0.19696969696969696,0.16821538813998055,0.20967741935483872,0.21000000000000002
reasoning_F,F,HQ + F,block_pls,HQ + F PLS-block (k=3),xgb1,3.0,3,6,3,repeat_12_fold_01,12,1,0.25217391304347825,0.2196969696969697,0.18361419484953215,0.24493243243243243,0.7000000000000002
reasoning_A,A,HQ + A,raw_family,HQ + A (raw),logistic,,0,5,5,repeat_12_fold_02,12,2,0.2872340425531915,0.20454545454545456,0.20726156096909823,0.265748031496063,0.28
reasoning_A,A,HQ + A,raw_family,HQ + A (raw),xgb1,,0,5,5,repeat_12_fold_02,12,2,0.28225806451612906,0.26515151515151514,0.20577580515845123,0.2786624203821656,0.7200000000000002
reasoning_A,A,HQ + A,block_pls,HQ + A PLS-block (k=2),logistic,2.0,2,5,2,repeat_12_fold_02,12,2,0.2982456140350877,0.25757575757575757,0.20058515307575503,0.2891156462585034,0.24000000000000005
reasoning_A,A,HQ + A,block_pls,HQ + A PLS-block (k=2),xgb1,2.0,2,5,2,repeat_12_fold_02,12,2,0.2682926829268293,0.25,0.20241792849676707,0.2644230769230769,0.7600000000000002
reasoning_A,A,HQ + A,block_pls,HQ + A PLS-block (k=3),logistic,3.0,3,5,3,repeat_12_fold_02,12,2,0.27710843373493976,0.17424242424242425,0.20739800554779023,0.2478448275862069,0.31000000000000005
reasoning_A,A,HQ + A,block_pls,HQ + A PLS-block (k=3),xgb1,3.0,3,5,3,repeat_12_fold_02,12,2,0.28125,0.2727272727272727,0.20687096138759287,0.2795031055900621,0.7500000000000002
reasoning_B,B,HQ + B,raw_family,HQ + B (raw),logistic,,0,2,2,repeat_12_fold_02,12,2,0.12727272727272726,0.05303030303030303,0.1375028914972237,0.09943181818181818,0.26000000000000006
reasoning_B,B,HQ + B,raw_family,HQ + B (raw),xgb1,,0,2,2,repeat_12_fold_02,12,2,0.15217391304347827,0.05303030303030303,0.15050835643159347,0.11075949367088607,0.7800000000000001
reasoning_B,B,HQ + B,block_pls,HQ + B PLS-block (k=1),logistic,1.0,1,2,1,repeat_12_fold_02,12,2,0.16,0.06060606060606061,0.14575809978031246,0.12048192771084337,0.28
reasoning_B,B,HQ + B,block_pls,HQ + B PLS-block (k=1),xgb1,1.0,1,2,1,repeat_12_fold_02,12,2,0.18181818181818182,0.09090909090909091,0.15234090153564522,0.15151515151515152,0.7300000000000002
reasoning_B,B,HQ + B,block_pls,HQ + B PLS-block (k=2),logistic,2.0,2,2,2,repeat_12_fold_02,12,2,0.15384615384615385,0.07575757575757576,0.1370868078562429,0.12755102040816327,0.23000000000000004
reasoning_B,B,HQ + B,block_pls,HQ + B PLS-block (k=2),xgb1,2.0,2,2,2,repeat_12_fold_02,12,2,0.18055555555555555,0.09848484848484848,0.14657925393171134,0.15476190476190477,0.7200000000000002
reasoning_C,C,HQ + C,raw_family,HQ + C (raw),logistic,,0,3,3,repeat_12_fold_02,12,2,0.19298245614035087,0.08333333333333333,0.15391251113978457,0.1527777777777778,0.26000000000000006
reasoning_C,C,HQ + C,raw_family,HQ + C (raw),xgb1,,0,3,3,repeat_12_fold_02,12,2,0.1511627906976744,0.09848484848484848,0.15424935239030432,0.13655462184873948,0.6900000000000002
reasoning_C,C,HQ + C,block_pls,HQ + C PLS-block (k=2),logistic,2.0,2,3,2,repeat_12_fold_02,12,2,0.19298245614035087,0.08333333333333333,0.15429800877312622,0.1527777777777778,0.26000000000000006
reasoning_C,C,HQ + C,block_pls,HQ + C PLS-block (k=2),xgb1,2.0,2,3,2,repeat_12_fold_02,12,2,0.14516129032258066,0.06818181818181818,0.161903784883555,0.11842105263157894,0.7300000000000002
reasoning_D,D,HQ + D,raw_family,HQ + D (raw),logistic,,0,2,2,repeat_12_fold_02,12,2,0.2,0.09848484848484848,0.15246784454019408,0.16581632653061223,0.24000000000000005
reasoning_D,D,HQ + D,raw_family,HQ + D (raw),xgb1,,0,2,2,repeat_12_fold_02,12,2,0.20689655172413793,0.13636363636363635,0.16255261765257317,0.1875,0.6900000000000002
reasoning_D,D,HQ + D,block_pls,HQ + D PLS-block (k=1),logistic,1.0,1,2,1,repeat_12_fold_02,12,2,0.1694915254237288,0.07575757575757576,0.15227012002713064,0.1358695652173913,0.24000000000000005
reasoning_D,D,HQ + D,block_pls,HQ + D PLS-block (k=1),xgb1,1.0,1,2,1,repeat_12_fold_02,12,2,0.20253164556962025,0.12121212121212122,0.16279945804457052,0.17857142857142858,0.7000000000000002
reasoning_D,D,HQ + D,block_pls,HQ + D PLS-block (k=2),logistic,2.0,2,2,2,repeat_12_fold_02,12,2,0.19696969696969696,0.09848484848484848,0.1521742497460763,0.16414141414141414,0.24000000000000005
reasoning_D,D,HQ + D,block_pls,HQ + D PLS-block (k=2),xgb1,2.0,2,2,2,repeat_12_fold_02,12,2,0.20833333333333334,0.11363636363636363,0.16675123431127167,0.17857142857142858,0.7200000000000002
reasoning_E,E,HQ + E,raw_family,HQ + E (raw),logistic,,0,3,3,repeat_12_fold_02,12,2,0.18181818181818182,0.07575757575757576,0.1406156686727406,0.14204545454545456,0.25000000000000006
reasoning_E,E,HQ + E,raw_family,HQ + E (raw),xgb1,,0,3,3,repeat_12_fold_02,12,2,0.17391304347826086,0.06060606060606061,0.1480017072560444,0.12658227848101267,0.7700000000000002
reasoning_E,E,HQ + E,block_pls,HQ + E PLS-block (k=1),logistic,1.0,1,3,1,repeat_12_fold_02,12,2,0.1724137931034483,0.07575757575757576,0.14303113328639971,0.13736263736263737,0.24000000000000005
reasoning_E,E,HQ + E,block_pls,HQ + E PLS-block (k=1),xgb1,1.0,1,3,1,repeat_12_fold_02,12,2,0.16666666666666666,0.09848484848484848,0.14648643816585605,0.1463963963963964,0.7100000000000002
reasoning_F,F,HQ + F,raw_family,HQ + F (raw),logistic,,0,6,6,repeat_12_fold_02,12,2,0.19753086419753085,0.12121212121212122,0.15497210691086263,0.17543859649122806,0.22000000000000003
reasoning_F,F,HQ + F,raw_family,HQ + F (raw),xgb1,,0,6,6,repeat_12_fold_02,12,2,0.13953488372093023,0.045454545454545456,0.15814856987514142,0.09868421052631579,0.7800000000000001
reasoning_F,F,HQ + F,block_pls,HQ + F PLS-block (k=2),logistic,2.0,2,6,2,repeat_12_fold_02,12,2,0.20588235294117646,0.10606060606060606,0.1536392453410103,0.17326732673267325,0.24000000000000005
reasoning_F,F,HQ + F,block_pls,HQ + F PLS-block (k=2),xgb1,2.0,2,6,2,repeat_12_fold_02,12,2,0.15789473684210525,0.06818181818181818,0.1607275818168637,0.125,0.7600000000000002
reasoning_F,F,HQ + F,block_pls,HQ + F PLS-block (k=3),logistic,3.0,3,6,3,repeat_12_fold_02,12,2,0.1951219512195122,0.12121212121212122,0.15451936930354535,0.17391304347826086,0.22000000000000003
reasoning_F,F,HQ + F,block_pls,HQ + F PLS-block (k=3),xgb1,3.0,3,6,3,repeat_12_fold_02,12,2,0.19745222929936307,0.23484848484848486,0.16146257413093396,0.20394736842105263,0.6300000000000001
reasoning_A,A,HQ + A,raw_family,HQ + A (raw),logistic,,0,5,5,repeat_12_fold_03,12,3,0.2864583333333333,0.4166666666666667,0.25164356961868556,0.3055555555555556,0.18000000000000005
reasoning_A,A,HQ + A,raw_family,HQ + A (raw),xgb1,,0,5,5,repeat_12_fold_03,12,3,0.3263888888888889,0.3560606060606061,0.25561630677995945,0.3319209039548023,0.7000000000000002
reasoning_A,A,HQ + A,block_pls,HQ + A PLS-block (k=2),logistic,2.0,2,5,2,repeat_12_fold_03,12,3,0.32061068702290074,0.3181818181818182,0.24246549896882297,0.3201219512195122,0.23000000000000004
reasoning_A,A,HQ + A,block_pls,HQ + A PLS-block (k=2),xgb1,2.0,2,5,2,repeat_12_fold_03,12,3,0.30434782608695654,0.26515151515151514,0.24763739323727507,0.2956081081081081,0.7800000000000001
reasoning_A,A,HQ + A,block_pls,HQ + A PLS-block (k=3),logistic,3.0,3,5,3,repeat_12_fold_03,12,3,0.294478527607362,0.36363636363636365,0.25226161089956367,0.30612244897959184,0.2
reasoning_A,A,HQ + A,block_pls,HQ + A PLS-block (k=3),xgb1,3.0,3,5,3,repeat_12_fold_03,12,3,0.3028571428571429,0.4015151515151515,0.25916801068498885,0.31850961538461536,0.7000000000000002
reasoning_B,B,HQ + B,raw_family,HQ + B (raw),logistic,,0,2,2,repeat_12_fold_03,12,3,0.20958083832335328,0.26515151515151514,0.2009037269726868,0.21875,0.16000000000000003
reasoning_B,B,HQ + B,raw_family,HQ + B (raw),xgb1,,0,2,2,repeat_12_fold_03,12,3,0.22164948453608246,0.32575757575757575,0.19856566342994908,0.236784140969163,0.6200000000000001
reasoning_B,B,HQ + B,block_pls,HQ + B PLS-block (k=1),logistic,1.0,1,2,1,repeat_12_fold_03,12,3,0.2147239263803681,0.26515151515151514,0.19604270583294925,0.22321428571428573,0.16000000000000003
reasoning_B,B,HQ + B,block_pls,HQ + B PLS-block (k=1),xgb1,1.0,1,2,1,repeat_12_fold_03,12,3,0.20540540540540542,0.2878787878787879,0.19975966514608243,0.21788990825688073,0.6300000000000001
reasoning_B,B,HQ + B,block_pls,HQ + B PLS-block (k=2),logistic,2.0,2,2,2,repeat_12_fold_03,12,3,0.20958083832335328,0.26515151515151514,0.20134502298410326,0.21875,0.16000000000000003
reasoning_B,B,HQ + B,block_pls,HQ + B PLS-block (k=2),xgb1,2.0,2,2,2,repeat_12_fold_03,12,3,0.3048780487804878,0.1893939393939394,0.20088321010786564,0.2717391304347826,0.7200000000000002
reasoning_C,C,HQ + C,raw_family,HQ + C (raw),logistic,,0,3,3,repeat_12_fold_03,12,3,0.2818181818181818,0.23484848484848486,0.20161190970304116,0.270979020979021,0.2
reasoning_C,C,HQ + C,raw_family,HQ + C (raw),xgb1,,0,3,3,repeat_12_fold_03,12,3,0.26119402985074625,0.26515151515151514,0.20115168048830895,0.2619760479041916,0.6700000000000002
reasoning_C,C,HQ + C,block_pls,HQ + C PLS-block (k=2),logistic,2.0,2,3,2,repeat_12_fold_03,12,3,0.2767857142857143,0.23484848484848486,0.2015471705814909,0.2672413793103448,0.2
reasoning_C,C,HQ + C,block_pls,HQ + C PLS-block (k=2),xgb1,2.0,2,3,2,repeat_12_fold_03,12,3,0.2695035460992908,0.2878787878787879,0.20961136089451066,0.27298850574712646,0.6600000000000001
reasoning_D,D,HQ + D,raw_family,HQ + D (raw),logistic,,0,2,2,repeat_12_fold_03,12,3,0.3103448275862069,0.20454545454545456,0.20324304229813347,0.28125,0.24000000000000005
reasoning_D,D,HQ + D,raw_family,HQ + D (raw),xgb1,,0,2,2,repeat_12_fold_03,12,3,0.2711864406779661,0.24242424242424243,0.20042015369702748,0.26490066225165565,0.6800000000000002
reasoning_D,D,HQ + D,block_pls,HQ + D PLS-block (k=1),logistic,1.0,1,2,1,repeat_12_fold_03,12,3,0.26785714285714285,0.22727272727272727,0.1963114544483605,0.25862068965517243,0.2
reasoning_D,D,HQ + D,block_pls,HQ + D PLS-block (k=1),xgb1,1.0,1,2,1,repeat_12_fold_03,12,3,0.26956521739130435,0.23484848484848486,0.2004203651920009,0.26182432432432434,0.6900000000000002
reasoning_D,D,HQ + D,block_pls,HQ + D PLS-block (k=2),logistic,2.0,2,2,2,repeat_12_fold_03,12,3,0.3048780487804878,0.1893939393939394,0.2035992097382802,0.2717391304347826,0.25000000000000006
reasoning_D,D,HQ + D,block_pls,HQ + D PLS-block (k=2),xgb1,2.0,2,2,2,repeat_12_fold_03,12,3,0.24848484848484848,0.3106060606060606,0.20816000881566904,0.2588383838383838,0.6500000000000001
reasoning_E,E,HQ + E,raw_family,HQ + E (raw),logistic,,0,3,3,repeat_12_fold_03,12,3,0.2542372881355932,0.22727272727272727,0.19833897489923047,0.24834437086092714,0.19
reasoning_E,E,HQ + E,raw_family,HQ + E (raw),xgb1,,0,3,3,repeat_12_fold_03,12,3,0.22110552763819097,0.3333333333333333,0.1986398818485397,0.23706896551724138,0.6200000000000001
reasoning_E,E,HQ + E,block_pls,HQ + E PLS-block (k=1),logistic,1.0,1,3,1,repeat_12_fold_03,12,3,0.24770642201834864,0.20454545454545456,0.1985146161335309,0.23767605633802816,0.2
reasoning_E,E,HQ + E,block_pls,HQ + E PLS-block (k=1),xgb1,1.0,1,3,1,repeat_12_fold_03,12,3,0.21717171717171718,0.32575757575757575,0.19985351883205543,0.2326839826839827,0.6200000000000001
reasoning_F,F,HQ + F,raw_family,HQ + F (raw),logistic,,0,6,6,repeat_12_fold_03,12,3,0.32323232323232326,0.24242424242424243,0.20980455744141613,0.30303030303030304,0.22000000000000003
reasoning_F,F,HQ + F,raw_family,HQ + F (raw),xgb1,,0,6,6,repeat_12_fold_03,12,3,0.21518987341772153,0.38636363636363635,0.20521416497549852,0.2361111111111111,0.5900000000000002
reasoning_F,F,HQ + F,block_pls,HQ + F PLS-block (k=2),logistic,2.0,2,6,2,repeat_12_fold_03,12,3,0.31313131313131315,0.23484848484848486,0.20552949190671482,0.2935606060606061,0.22000000000000003
reasoning_F,F,HQ + F,block_pls,HQ + F PLS-block (k=2),xgb1,2.0,2,6,2,repeat_12_fold_03,12,3,0.27007299270072993,0.2803030303030303,0.2107988047281355,0.27205882352941174,0.6700000000000002
reasoning_F,F,HQ + F,block_pls,HQ + F PLS-block (k=3),logistic,3.0,3,6,3,repeat_12_fold_03,12,3,0.3025210084033613,0.2727272727272727,0.2085349517491561,0.29605263157894735,0.21000000000000002
reasoning_F,F,HQ + F,block_pls,HQ + F PLS-block (k=3),xgb1,3.0,3,6,3,repeat_12_fold_03,12,3,0.27941176470588236,0.2878787878787879,0.21752265803319704,0.28106508875739644,0.6700000000000002
reasoning_A,A,HQ + A,raw_family,HQ + A (raw),logistic,,0,5,5,repeat_13_fold_01,13,1,0.328,0.3106060606060606,0.23800453416339246,0.32436708860759494,0.26000000000000006
reasoning_A,A,HQ + A,raw_family,HQ + A (raw),xgb1,,0,5,5,repeat_13_fold_01,13,1,0.30201342281879195,0.3409090909090909,0.25241529657299705,0.3090659340659341,0.6800000000000002
reasoning_A,A,HQ + A,block_pls,HQ + A PLS-block (k=2),logistic,2.0,2,5,2,repeat_13_fold_01,13,1,0.27972027972027974,0.30303030303030304,0.2287533572133734,0.2840909090909091,0.22000000000000003
reasoning_A,A,HQ + A,block_pls,HQ + A PLS-block (k=2),xgb1,2.0,2,5,2,repeat_13_fold_01,13,1,0.2717948717948718,0.4015151515151515,0.2520711666667524,0.2905701754385965,0.6700000000000002
reasoning_A,A,HQ + A,block_pls,HQ + A PLS-block (k=3),logistic,3.0,3,5,3,repeat_13_fold_01,13,1,0.3217391304347826,0.2803030303030303,0.23991538498650963,0.3125,0.27
reasoning_A,A,HQ + A,block_pls,HQ + A PLS-block (k=3),xgb1,3.0,3,5,3,repeat_13_fold_01,13,1,0.2937853107344633,0.3939393939393939,0.2652684390484491,0.30952380952380953,0.6900000000000002
reasoning_B,B,HQ + B,raw_family,HQ + B (raw),logistic,,0,2,2,repeat_13_fold_01,13,1,0.3142857142857143,0.16666666666666666,0.1881562423659245,0.2669902912621359,0.25000000000000006
reasoning_B,B,HQ + B,raw_family,HQ + B (raw),xgb1,,0,2,2,repeat_13_fold_01,13,1,0.25263157894736843,0.18181818181818182,0.19123418070031922,0.234375,0.7100000000000002
reasoning_B,B,HQ + B,block_pls,HQ + B PLS-block (k=1),logistic,1.0,1,2,1,repeat_13_fold_01,13,1,0.3188405797101449,0.16666666666666666,0.18279749390766356,0.2696078431372549,0.25000000000000006
reasoning_B,B,HQ + B,block_pls,HQ + B PLS-block (k=1),xgb1,1.0,1,2,1,repeat_13_fold_01,13,1,0.22580645161290322,0.26515151515151514,0.19050841759786455,0.2327127659574468,0.6500000000000001
reasoning_B,B,HQ + B,block_pls,HQ + B PLS-block (k=2),logistic,2.0,2,2,2,repeat_13_fold_01,13,1,0.3142857142857143,0.16666666666666666,0.18827557974878095,0.2669902912621359,0.25000000000000006
reasoning_B,B,HQ + B,block_pls,HQ + B PLS-block (k=2),xgb1,2.0,2,2,2,repeat_13_fold_01,13,1,0.2336448598130841,0.1893939393939394,0.1957673964387548,0.22321428571428573,0.7000000000000002
reasoning_C,C,HQ + C,raw_family,HQ + C (raw),logistic,,0,3,3,repeat_13_fold_01,13,1,0.32786885245901637,0.15151515151515152,0.18888392198849374,0.26595744680851063,0.29000000000000004
reasoning_C,C,HQ + C,raw_family,HQ + C (raw),xgb1,,0,3,3,repeat_13_fold_01,13,1,0.2755102040816326,0.20454545454545456,0.19714393202148658,0.25763358778625955,0.7000000000000002
reasoning_C,C,HQ + C,block_pls,HQ + C PLS-block (k=2),logistic,2.0,2,3,2,repeat_13_fold_01,13,1,0.323943661971831,0.17424242424242425,0.1890087739151572,0.2764423076923077,0.24000000000000005
reasoning_C,C,HQ + C,block_pls,HQ + C PLS-block (k=2),xgb1,2.0,2,3,2,repeat_13_fold_01,13,1,0.2777777777777778,0.26515151515151514,0.2090086151927164,0.2751572327044025,0.6800000000000002
reasoning_D,D,HQ + D,raw_family,HQ + D (raw),logistic,,0,2,2,repeat_13_fold_01,13,1,0.3283582089552239,0.16666666666666666,0.19105448505549305,0.275,0.27
reasoning_D,D,HQ + D,raw_family,HQ + D (raw),xgb1,,0,2,2,repeat_13_fold_01,13,1,0.27450980392156865,0.21212121212121213,0.2009261607699398,0.25925925925925924,0.7000000000000002
reasoning_D,D,HQ + D,block_pls,HQ + D PLS-block (k=1),logistic,1.0,1,2,1,repeat_13_fold_01,13,1,0.3283582089552239,0.16666666666666666,0.18716217973220883,0.275,0.27
reasoning_D,D,HQ + D,block_pls,HQ + D PLS-block (k=1),xgb1,1.0,1,2,1,repeat_13_fold_01,13,1,0.27956989247311825,0.19696969696969696,0.20021240473188023,0.25793650793650796,0.7100000000000002
reasoning_D,D,HQ + D,block_pls,HQ + D PLS-block (k=2),logistic,2.0,2,2,2,repeat_13_fold_01,13,1,0.3283582089552239,0.16666666666666666,0.19124968732064965,0.275,0.27
reasoning_D,D,HQ + D,block_pls,HQ + D PLS-block (k=2),xgb1,2.0,2,2,2,repeat_13_fold_01,13,1,0.313953488372093,0.20454545454545456,0.20552496757178554,0.28361344537815125,0.7200000000000002
reasoning_E,E,HQ + E,raw_family,HQ + E (raw),logistic,,0,3,3,repeat_13_fold_01,13,1,0.2545454545454545,0.21212121212121213,0.1848026619546862,0.24475524475524477,0.19
reasoning_E,E,HQ + E,raw_family,HQ + E (raw),xgb1,,0,3,3,repeat_13_fold_01,13,1,0.27710843373493976,0.17424242424242425,0.1926268054363643,0.2478448275862069,0.7200000000000002
reasoning_E,E,HQ + E,block_pls,HQ + E PLS-block (k=1),logistic,1.0,1,3,1,repeat_13_fold_01,13,1,0.2727272727272727,0.20454545454545456,0.1848009148359478,0.2556818181818182,0.2
reasoning_E,E,HQ + E,block_pls,HQ + E PLS-block (k=1),xgb1,1.0,1,3,1,repeat_13_fold_01,13,1,0.24107142857142858,0.20454545454545456,0.1927570182943219,0.23275862068965517,0.6900000000000002
reasoning_F,F,HQ + F,raw_family,HQ + F (raw),logistic,,0,6,6,repeat_13_fold_01,13,1,0.29333333333333333,0.16666666666666666,0.1943875580828261,0.25462962962962965,0.25000000000000006
reasoning_F,F,HQ + F,raw_family,HQ + F (raw),xgb1,,0,6,6,repeat_13_fold_01,13,1,0.3188405797101449,0.16666666666666666,0.1989732974992974,0.2696078431372549,0.7300000000000002
reasoning_F,F,HQ + F,block_pls,HQ + F PLS-block (k=2),logistic,2.0,2,6,2,repeat_13_fold_01,13,1,0.28,0.1590909090909091,0.19089620491164594,0.24305555555555555,0.24000000000000005
reasoning_F,F,HQ + F,block_pls,HQ + F PLS-block (k=2),xgb1,2.0,2,6,2,repeat_13_fold_01,13,1,0.2903225806451613,0.20454545454545456,0.20215703777596042,0.26785714285714285,0.7100000000000002
reasoning_F,F,HQ + F,block_pls,HQ + F PLS-block (k=3),logistic,3.0,3,6,3,repeat_13_fold_01,13,1,0.2727272727272727,0.18181818181818182,0.1915529566479462,0.24793388429752067,0.23000000000000004
reasoning_F,F,HQ + F,block_pls,HQ + F PLS-block (k=3),xgb1,3.0,3,6,3,repeat_13_fold_01,13,1,0.2826086956521739,0.19696969696969696,0.2069732781288126,0.26,0.7100000000000002
reasoning_A,A,HQ + A,raw_family,HQ + A (raw),logistic,,0,5,5,repeat_13_fold_02,13,2,0.25742574257425743,0.19696969696969696,0.18233711240739284,0.24253731343283583,0.28
reasoning_A,A,HQ + A,raw_family,HQ + A (raw),xgb1,,0,5,5,repeat_13_fold_02,13,2,0.24603174603174602,0.23484848484848486,0.19053070517131906,0.24371069182389937,0.7100000000000002
reasoning_A,A,HQ + A,block_pls,HQ + A PLS-block (k=2),logistic,2.0,2,5,2,repeat_13_fold_02,13,2,0.19117647058823528,0.09848484848484848,0.1838426974543739,0.1608910891089109,0.36000000000000004
reasoning_A,A,HQ + A,block_pls,HQ + A PLS-block (k=2),xgb1,2.0,2,5,2,repeat_13_fold_02,13,2,0.2644628099173554,0.24242424242424243,0.20080994845513989,0.2597402597402597,0.7300000000000002
reasoning_A,A,HQ + A,block_pls,HQ + A PLS-block (k=3),logistic,3.0,3,5,3,repeat_13_fold_02,13,2,0.23076923076923078,0.13636363636363635,0.18000111666368035,0.20270270270270271,0.34
reasoning_A,A,HQ + A,block_pls,HQ + A PLS-block (k=3),xgb1,3.0,3,5,3,repeat_13_fold_02,13,2,0.27710843373493976,0.3484848484848485,0.1980036261896673,0.2889447236180904,0.6900000000000002
reasoning_B,B,HQ + B,raw_family,HQ + B (raw),logistic,,0,2,2,repeat_13_fold_02,13,2,0.10869565217391304,0.03787878787878788,0.13468308932804207,0.07911392405063292,0.34
reasoning_B,B,HQ + B,raw_family,HQ + B (raw),xgb1,,0,2,2,repeat_13_fold_02,13,2,0.11363636363636363,0.03787878787878788,0.13654430258576372,0.08116883116883117,0.8100000000000002
reasoning_B,B,HQ + B,block_pls,HQ + B PLS-block (k=1),logistic,1.0,1,2,1,repeat_13_fold_02,13,2,0.10869565217391304,0.03787878787878788,0.13304434499083767,0.07911392405063292,0.34
reasoning_B,B,HQ + B,block_pls,HQ + B PLS-block (k=1),xgb1,1.0,1,2,1,repeat_13_fold_02,13,2,0.11363636363636363,0.03787878787878788,0.13712008500780765,0.08116883116883117,0.7900000000000001
reasoning_B,B,HQ + B,block_pls,HQ + B PLS-block (k=2),logistic,2.0,2,2,2,repeat_13_fold_02,13,2,0.10869565217391304,0.03787878787878788,0.1344136641515245,0.07911392405063292,0.34
reasoning_B,B,HQ + B,block_pls,HQ + B PLS-block (k=2),xgb1,2.0,2,2,2,repeat_13_fold_02,13,2,0.13333333333333333,0.045454545454545456,0.1357306745706494,0.09615384615384616,0.7800000000000001
reasoning_C,C,HQ + C,raw_family,HQ + C (raw),logistic,,0,3,3,repeat_13_fold_02,13,2,0.10204081632653061,0.03787878787878788,0.13700445703423061,0.07621951219512195,0.30000000000000004
reasoning_C,C,HQ + C,raw_family,HQ + C (raw),xgb1,,0,3,3,repeat_13_fold_02,13,2,0.13725490196078433,0.05303030303030303,0.1362051411391383,0.10416666666666667,0.7400000000000002
reasoning_C,C,HQ + C,block_pls,HQ + C PLS-block (k=2),logistic,2.0,2,3,2,repeat_13_fold_02,13,2,0.10869565217391304,0.03787878787878788,0.1375448004940607,0.07911392405063292,0.34
reasoning_C,C,HQ + C,block_pls,HQ + C PLS-block (k=2),xgb1,2.0,2,3,2,repeat_13_fold_02,13,2,0.10204081632653061,0.03787878787878788,0.14549522129681128,0.07621951219512195,0.7500000000000002
reasoning_D,D,HQ + D,raw_family,HQ + D (raw),logistic,,0,2,2,repeat_13_fold_02,13,2,0.18181818181818182,0.07575757575757576,0.136676676859676,0.14204545454545456,0.27
reasoning_D,D,HQ + D,raw_family,HQ + D (raw),xgb1,,0,2,2,repeat_13_fold_02,13,2,0.19444444444444445,0.10606060606060606,0.14368912591067098,0.16666666666666666,0.7000000000000002
reasoning_D,D,HQ + D,block_pls,HQ + D PLS-block (k=1),logistic,1.0,1,2,1,repeat_13_fold_02,13,2,0.1111111111111111,0.03787878787878788,0.1350402660343682,0.08012820512820513,0.37000000000000005
reasoning_D,D,HQ + D,block_pls,HQ + D PLS-block (k=1),xgb1,1.0,1,2,1,repeat_13_fold_02,13,2,0.17307692307692307,0.06818181818181818,0.14515468794551528,0.1323529411764706,0.7400000000000002
reasoning_D,D,HQ + D,block_pls,HQ + D PLS-block (k=2),logistic,2.0,2,2,2,repeat_13_fold_02,13,2,0.10869565217391304,0.03787878787878788,0.1364104459190378,0.07911392405063292,0.33
reasoning_D,D,HQ + D,block_pls,HQ + D PLS-block (k=2),xgb1,2.0,2,2,2,repeat_13_fold_02,13,2,0.19083969465648856,0.1893939393939394,0.14919560351357053,0.19054878048780488,0.6500000000000001
reasoning_E,E,HQ + E,raw_family,HQ + E (raw),logistic,,0,3,3,repeat_13_fold_02,13,2,0.12,0.045454545454545456,0.12985615941346645,0.09036144578313253,0.28
reasoning_E,E,HQ + E,raw_family,HQ + E (raw),xgb1,,0,3,3,repeat_13_fold_02,13,2,0.16666666666666666,0.06818181818181818,0.13667937333234226,0.12931034482758622,0.7400000000000002
reasoning_E,E,HQ + E,block_pls,HQ + E PLS-block (k=1),logistic,1.0,1,3,1,repeat_13_fold_02,13,2,0.125,0.045454545454545456,0.13242995147457026,0.09259259259259259,0.28
reasoning_E,E,HQ + E,block_pls,HQ + E PLS-block (k=1),xgb1,1.0,1,3,1,repeat_13_fold_02,13,2,0.14583333333333334,0.05303030303030303,0.13617276146244975,0.10802469135802469,0.7600000000000002
reasoning_F,F,HQ + F,raw_family,HQ + F (raw),logistic,,0,6,6,repeat_13_fold_02,13,2,0.10638297872340426,0.03787878787878788,0.14018186304371463,0.078125,0.4100000000000001
reasoning_F,F,HQ + F,raw_family,HQ + F (raw),xgb1,,0,6,6,repeat_13_fold_02,13,2,0.17757009345794392,0.14393939393939395,0.14114744840431587,0.16964285714285715,0.6600000000000001
reasoning_F,F,HQ + F,block_pls,HQ + F PLS-block (k=2),logistic,2.0,2,6,2,repeat_13_fold_02,13,2,0.18421052631578946,0.10606060606060606,0.14351669252627935,0.16055045871559634,0.23000000000000004
reasoning_F,F,HQ + F,block_pls,HQ + F PLS-block (k=2),xgb1,2.0,2,6,2,repeat_13_fold_02,13,2,0.18811881188118812,0.14393939393939395,0.1496935928374337,0.17723880597014927,0.6700000000000002
reasoning_F,F,HQ + F,block_pls,HQ + F PLS-block (k=3),logistic,3.0,3,6,3,repeat_13_fold_02,13,2,0.10869565217391304,0.03787878787878788,0.14131543302721364,0.07911392405063292,0.4600000000000001
reasoning_F,F,HQ + F,block_pls,HQ + F PLS-block (k=3),xgb1,3.0,3,6,3,repeat_13_fold_02,13,2,0.18604651162790697,0.12121212121212122,0.15319375093165688,0.16806722689075632,0.6900000000000002
reasoning_A,A,HQ + A,raw_family,HQ + A (raw),logistic,,0,5,5,repeat_13_fold_03,13,3,0.32727272727272727,0.2727272727272727,0.23064137027828724,0.3146853146853147,0.27
reasoning_A,A,HQ + A,raw_family,HQ + A (raw),xgb1,,0,5,5,repeat_13_fold_03,13,3,0.3146853146853147,0.3409090909090909,0.24249345978371437,0.3196022727272727,0.7000000000000002
reasoning_A,A,HQ + A,block_pls,HQ + A PLS-block (k=2),logistic,2.0,2,5,2,repeat_13_fold_03,13,3,0.3541666666666667,0.25757575757575757,0.226476512870945,0.32945736434108525,0.28
reasoning_A,A,HQ + A,block_pls,HQ + A PLS-block (k=2),xgb1,2.0,2,5,2,repeat_13_fold_03,13,3,0.29411764705882354,0.30303030303030304,0.24077013354622182,0.2958579881656805,0.7300000000000002
reasoning_A,A,HQ + A,block_pls,HQ + A PLS-block (k=3),logistic,3.0,3,5,3,repeat_13_fold_03,13,3,0.3541666666666667,0.25757575757575757,0.23186290456206685,0.32945736434108525,0.29000000000000004
reasoning_A,A,HQ + A,block_pls,HQ + A PLS-block (k=3),xgb1,3.0,3,5,3,repeat_13_fold_03,13,3,0.270042194092827,0.48484848484848486,0.247589941373549,0.2962962962962963,0.6100000000000001
reasoning_B,B,HQ + B,raw_family,HQ + B (raw),logistic,,0,2,2,repeat_13_fold_03,13,3,0.2463768115942029,0.12878787878787878,0.16617236851056313,0.20833333333333334,0.26000000000000006
reasoning_B,B,HQ + B,raw_family,HQ + B (raw),xgb1,,0,2,2,repeat_13_fold_03,13,3,0.21052631578947367,0.24242424242424243,0.17506966044968075,0.21621621621621623,0.6600000000000001
reasoning_B,B,HQ + B,block_pls,HQ + B PLS-block (k=1),logistic,1.0,1,2,1,repeat_13_fold_03,13,3,0.2647058823529412,0.13636363636363635,0.16953939132155627,0.22277227722772278,0.27
reasoning_B,B,HQ + B,block_pls,HQ + B PLS-block (k=1),xgb1,1.0,1,2,1,repeat_13_fold_03,13,3,0.20958083832335328,0.26515151515151514,0.17273603764697565,0.21875,0.6500000000000001
reasoning_B,B,HQ + B,block_pls,HQ + B PLS-block (k=2),logistic,2.0,2,2,2,repeat_13_fold_03,13,3,0.24285714285714285,0.12878787878787878,0.1659131256352212,0.20631067961165048,0.26000000000000006
reasoning_B,B,HQ + B,block_pls,HQ + B PLS-block (k=2),xgb1,2.0,2,2,2,repeat_13_fold_03,13,3,0.2647058823529412,0.13636363636363635,0.17304570940753594,0.22277227722772278,0.7600000000000002
reasoning_C,C,HQ + C,raw_family,HQ + C (raw),logistic,,0,3,3,repeat_13_fold_03,13,3,0.25,0.17424242424242425,0.17280965256925368,0.23,0.23000000000000004
reasoning_C,C,HQ + C,raw_family,HQ + C (raw),xgb1,,0,3,3,repeat_13_fold_03,13,3,0.27692307692307694,0.13636363636363635,0.17471321892797714,0.22959183673469388,0.7700000000000002
reasoning_C,C,HQ + C,block_pls,HQ + C PLS-block (k=2),logistic,2.0,2,3,2,repeat_13_fold_03,13,3,0.24742268041237114,0.18181818181818182,0.172402847080853,0.23076923076923078,0.22000000000000003
reasoning_C,C,HQ + C,block_pls,HQ + C PLS-block (k=2),xgb1,2.0,2,3,2,repeat_13_fold_03,13,3,0.20652173913043478,0.2878787878787879,0.17981106132486951,0.21889400921658986,0.6400000000000001
reasoning_D,D,HQ + D,raw_family,HQ + D (raw),logistic,,0,2,2,repeat_13_fold_03,13,3,0.2698412698412698,0.12878787878787878,0.18107745935073996,0.22135416666666666,0.29000000000000004
reasoning_D,D,HQ + D,raw_family,HQ + D (raw),xgb1,,0,2,2,repeat_13_fold_03,13,3,0.26229508196721313,0.12121212121212122,0.17949854103415988,0.2127659574468085,0.7800000000000001
reasoning_D,D,HQ + D,block_pls,HQ + D PLS-block (k=1),logistic,1.0,1,2,1,repeat_13_fold_03,13,3,0.2833333333333333,0.12878787878787878,0.17389356798868705,0.22849462365591397,0.29000000000000004
reasoning_D,D,HQ + D,block_pls,HQ + D PLS-block (k=1),xgb1,1.0,1,2,1,repeat_13_fold_03,13,3,0.2711864406779661,0.12121212121212122,0.17682530704834037,0.21739130434782608,0.7900000000000001
reasoning_D,D,HQ + D,block_pls,HQ + D PLS-block (k=2),logistic,2.0,2,2,2,repeat_13_fold_03,13,3,0.288135593220339,0.12878787878787878,0.1812823692399668,0.23097826086956522,0.30000000000000004
reasoning_D,D,HQ + D,block_pls,HQ + D PLS-block (k=2),xgb1,2.0,2,2,2,repeat_13_fold_03,13,3,0.2391304347826087,0.25,0.18547295025675506,0.2412280701754386,0.6700000000000002
reasoning_E,E,HQ + E,raw_family,HQ + E (raw),logistic,,0,3,3,repeat_13_fold_03,13,3,0.2159090909090909,0.14393939393939395,0.16786757318531148,0.1962809917355372,0.23000000000000004
reasoning_E,E,HQ + E,raw_family,HQ + E (raw),xgb1,,0,3,3,repeat_13_fold_03,13,3,0.19254658385093168,0.23484848484848486,0.17280761902739533,0.19974226804123713,0.6500000000000001
reasoning_E,E,HQ + E,block_pls,HQ + E PLS-block (k=1),logistic,1.0,1,3,1,repeat_13_fold_03,13,3,0.2222222222222222,0.15151515151515152,0.1686884314566647,0.2032520325203252,0.23000000000000004
reasoning_E,E,HQ + E,block_pls,HQ + E PLS-block (k=1),xgb1,1.0,1,3,1,repeat_13_fold_03,13,3,0.2909090909090909,0.12121212121212122,0.17198919705341606,0.22727272727272727,0.8100000000000002
reasoning_F,F,HQ + F,raw_family,HQ + F (raw),logistic,,0,6,6,repeat_13_fold_03,13,3,0.24375,0.29545454545454547,0.18099069718089925,0.25259067357512954,0.18000000000000005
reasoning_F,F,HQ + F,raw_family,HQ + F (raw),xgb1,,0,6,6,repeat_13_fold_03,13,3,0.2037037037037037,0.25,0.17486919303269,0.21153846153846154,0.6500000000000001
reasoning_F,F,HQ + F,block_pls,HQ + F PLS-block (k=2),logistic,2.0,2,6,2,repeat_13_fold_03,13,3,0.25,0.24242424242424243,0.17915785184541644,0.2484472049689441,0.2
reasoning_F,F,HQ + F,block_pls,HQ + F PLS-block (k=2),xgb1,2.0,2,6,2,repeat_13_fold_03,13,3,0.27722772277227725,0.21212121212121213,0.18588692708667276,0.26119402985074625,0.7100000000000002
reasoning_F,F,HQ + F,block_pls,HQ + F PLS-block (k=3),logistic,3.0,3,6,3,repeat_13_fold_03,13,3,0.24324324324324326,0.20454545454545456,0.18092103344448052,0.234375,0.22000000000000003
reasoning_F,F,HQ + F,block_pls,HQ + F PLS-block (k=3),xgb1,3.0,3,6,3,repeat_13_fold_03,13,3,0.2465753424657534,0.2727272727272727,0.19214018009184886,0.25139664804469275,0.6700000000000002
reasoning_A,A,HQ + A,raw_family,HQ + A (raw),logistic,,0,5,5,repeat_14_fold_01,14,1,0.36607142857142855,0.3106060606060606,0.2320348402287304,0.35344827586206895,0.26000000000000006
reasoning_A,A,HQ + A,raw_family,HQ + A (raw),xgb1,,0,5,5,repeat_14_fold_01,14,1,0.28662420382165604,0.3409090909090909,0.23614345223186056,0.29605263157894735,0.6800000000000002
reasoning_A,A,HQ + A,block_pls,HQ + A PLS-block (k=2),logistic,2.0,2,5,2,repeat_14_fold_01,14,1,0.34408602150537637,0.24242424242424243,0.22438257225958352,0.31746031746031744,0.28
reasoning_A,A,HQ + A,block_pls,HQ + A PLS-block (k=2),xgb1,2.0,2,5,2,repeat_14_fold_01,14,1,0.3125,0.22727272727272727,0.2201332331528952,0.29069767441860467,0.7900000000000001
reasoning_A,A,HQ + A,block_pls,HQ + A PLS-block (k=3),logistic,3.0,3,5,3,repeat_14_fold_01,14,1,0.3508771929824561,0.30303030303030304,0.23071658547376464,0.3401360544217687,0.26000000000000006
reasoning_A,A,HQ + A,block_pls,HQ + A PLS-block (k=3),xgb1,3.0,3,5,3,repeat_14_fold_01,14,1,0.2721518987341772,0.32575757575757575,0.227869592910372,0.281413612565445,0.7100000000000002
reasoning_B,B,HQ + B,raw_family,HQ + B (raw),logistic,,0,2,2,repeat_14_fold_01,14,1,0.26666666666666666,0.09090909090909091,0.17983478815520348,0.19230769230769232,0.29000000000000004
reasoning_B,B,HQ + B,raw_family,HQ + B (raw),xgb1,,0,2,2,repeat_14_fold_01,14,1,0.25,0.12121212121212122,0.1690216233871138,0.20618556701030927,0.7300000000000002
reasoning_B,B,HQ + B,block_pls,HQ + B PLS-block (k=1),logistic,1.0,1,2,1,repeat_14_fold_01,14,1,0.25,0.08333333333333333,0.17714544007462885,0.17857142857142858,0.34
reasoning_B,B,HQ + B,block_pls,HQ + B PLS-block (k=1),xgb1,1.0,1,2,1,repeat_14_fold_01,14,1,0.25396825396825395,0.12121212121212122,0.16817261109094625,0.20833333333333334,0.7300000000000002
reasoning_B,B,HQ + B,block_pls,HQ + B PLS-block (k=2),logistic,2.0,2,2,2,repeat_14_fold_01,14,1,0.26666666666666666,0.09090909090909091,0.1794569253055752,0.19230769230769232,0.29000000000000004
reasoning_B,B,HQ + B,block_pls,HQ + B PLS-block (k=2),xgb1,2.0,2,2,2,repeat_14_fold_01,14,1,0.2465753424657534,0.13636363636363635,0.17123563030289032,0.21226415094339623,0.7200000000000002
reasoning_C,C,HQ + C,raw_family,HQ + C (raw),logistic,,0,3,3,repeat_14_fold_01,14,1,0.24166666666666667,0.2196969696969697,0.1817552887578688,0.2369281045751634,0.18000000000000005
reasoning_C,C,HQ + C,raw_family,HQ + C (raw),xgb1,,0,3,3,repeat_14_fold_01,14,1,0.18811881188118812,0.14393939393939395,0.1683173336813979,0.17723880597014927,0.6800000000000002
reasoning_C,C,HQ + C,block_pls,HQ + C PLS-block (k=2),logistic,2.0,2,3,2,repeat_14_fold_01,14,1,0.24166666666666667,0.2196969696969697,0.18172224992717478,0.2369281045751634,0.18000000000000005
reasoning_C,C,HQ + C,block_pls,HQ + C PLS-block (k=2),xgb1,2.0,2,3,2,repeat_14_fold_01,14,1,0.2676056338028169,0.14393939393939395,0.18070010442909218,0.2283653846153846,0.7200000000000002
reasoning_D,D,HQ + D,raw_family,HQ + D (raw),logistic,,0,2,2,repeat_14_fold_01,14,1,0.3157894736842105,0.13636363636363635,0.1853017868012109,0.25,0.27
reasoning_D,D,HQ + D,raw_family,HQ + D (raw),xgb1,,0,2,2,repeat_14_fold_01,14,1,0.24358974358974358,0.14393939393939395,0.17396397371426747,0.21396396396396397,0.7100000000000002
reasoning_D,D,HQ + D,block_pls,HQ + D PLS-block (k=1),logistic,1.0,1,2,1,repeat_14_fold_01,14,1,0.3103448275862069,0.13636363636363635,0.17611997746829974,0.24725274725274726,0.25000000000000006
reasoning_D,D,HQ + D,block_pls,HQ + D PLS-block (k=1),xgb1,1.0,1,2,1,repeat_14_fold_01,14,1,0.23170731707317074,0.14393939393939395,0.17185471509363653,0.20652173913043478,0.7000000000000002
reasoning_D,D,HQ + D,block_pls,HQ + D PLS-block (k=2),logistic,2.0,2,2,2,repeat_14_fold_01,14,1,0.3157894736842105,0.13636363636363635,0.1857855851428869,0.25,0.27
reasoning_D,D,HQ + D,block_pls,HQ + D PLS-block (k=2),xgb1,2.0,2,2,2,repeat_14_fold_01,14,1,0.25,0.15151515151515152,0.1797964488864126,0.22123893805309736,0.7100000000000002
reasoning_E,E,HQ + E,raw_family,HQ + E (raw),logistic,,0,3,3,repeat_14_fold_01,14,1,0.25,0.08333333333333333,0.1765106976412521,0.17857142857142858,0.35000000000000003
reasoning_E,E,HQ + E,raw_family,HQ + E (raw),xgb1,,0,3,3,repeat_14_fold_01,14,1,0.25,0.08333333333333333,0.1678674937460075,0.17857142857142858,0.8000000000000002
reasoning_E,E,HQ + E,block_pls,HQ + E PLS-block (k=1),logistic,1.0,1,3,1,repeat_14_fold_01,14,1,0.25,0.08333333333333333,0.1779915855145321,0.17857142857142858,0.32000000000000006
reasoning_E,E,HQ + E,block_pls,HQ + E PLS-block (k=1),xgb1,1.0,1,3,1,repeat_14_fold_01,14,1,0.24444444444444444,0.08333333333333333,0.1638421741051968,0.1762820512820513,0.8100000000000002
reasoning_F,F,HQ + F,raw_family,HQ + F (raw),logistic,,0,6,6,repeat_14_fold_01,14,1,0.29347826086956524,0.20454545454545456,0.19320095840166016,0.27,0.21000000000000002
reasoning_F,F,HQ + F,raw_family,HQ + F (raw),xgb1,,0,6,6,repeat_14_fold_01,14,1,0.26666666666666666,0.12121212121212122,0.17080001116098242,0.21505376344086022,0.7300000000000002
reasoning_F,F,HQ + F,block_pls,HQ + F PLS-block (k=2),logistic,2.0,2,6,2,repeat_14_fold_01,14,1,0.2708333333333333,0.19696969696969696,0.18765584340276661,0.25193798449612403,0.21000000000000002
reasoning_F,F,HQ + F,block_pls,HQ + F PLS-block (k=2),xgb1,2.0,2,6,2,repeat_14_fold_01,14,1,0.2716049382716049,0.16666666666666666,0.1814976600197422,0.2412280701754386,0.7100000000000002
reasoning_F,F,HQ + F,block_pls,HQ + F PLS-block (k=3),logistic,3.0,3,6,3,repeat_14_fold_01,14,1,0.2426470588235294,0.25,0.18751201964409778,0.2440828402366864,0.18000000000000005
reasoning_F,F,HQ + F,block_pls,HQ + F PLS-block (k=3),xgb1,3.0,3,6,3,repeat_14_fold_01,14,1,0.2777777777777778,0.15151515151515152,0.18800277852596817,0.23809523809523808,0.7200000000000002
reasoning_A,A,HQ + A,raw_family,HQ + A (raw),logistic,,0,5,5,repeat_14_fold_02,14,2,0.35051546391752575,0.25757575757575757,0.2529866603911285,0.3269230769230769,0.28
reasoning_A,A,HQ + A,raw_family,HQ + A (raw),xgb1,,0,5,5,repeat_14_fold_02,14,2,0.3619047619047619,0.2878787878787879,0.2530109286862726,0.3442028985507246,0.7400000000000002
reasoning_A,A,HQ + A,block_pls,HQ + A PLS-block (k=2),logistic,2.0,2,5,2,repeat_14_fold_02,14,2,0.29743589743589743,0.4393939393939394,0.24568346643066713,0.31798245614035087,0.16000000000000003
reasoning_A,A,HQ + A,block_pls,HQ + A PLS-block (k=2),xgb1,2.0,2,5,2,repeat_14_fold_02,14,2,0.3979591836734694,0.29545454545454547,0.2610250946942795,0.37213740458015265,0.7700000000000002
reasoning_A,A,HQ + A,block_pls,HQ + A PLS-block (k=3),logistic,3.0,3,5,3,repeat_14_fold_02,14,2,0.35051546391752575,0.25757575757575757,0.2549400215626953,0.3269230769230769,0.28
reasoning_A,A,HQ + A,block_pls,HQ + A PLS-block (k=3),xgb1,3.0,3,5,3,repeat_14_fold_02,14,2,0.3805309734513274,0.32575757575757575,0.2677750463894906,0.3681506849315068,0.7500000000000002
reasoning_B,B,HQ + B,raw_family,HQ + B (raw),logistic,,0,2,2,repeat_14_fold_02,14,2,0.2833333333333333,0.12878787878787878,0.1758384598257639,0.22849462365591397,0.27
reasoning_B,B,HQ + B,raw_family,HQ + B (raw),xgb1,,0,2,2,repeat_14_fold_02,14,2,0.2246376811594203,0.23484848484848486,0.17776839844253917,0.22660818713450293,0.6600000000000001
reasoning_B,B,HQ + B,block_pls,HQ + B PLS-block (k=1),logistic,1.0,1,2,1,repeat_14_fold_02,14,2,0.23863636363636365,0.1590909090909091,0.1746959922885063,0.21694214876033058,0.21000000000000002
reasoning_B,B,HQ + B,block_pls,HQ + B PLS-block (k=1),xgb1,1.0,1,2,1,repeat_14_fold_02,14,2,0.21935483870967742,0.25757575757575757,0.17683817862562518,0.22606382978723405,0.6500000000000001
reasoning_B,B,HQ + B,block_pls,HQ + B PLS-block (k=2),logistic,2.0,2,2,2,repeat_14_fold_02,14,2,0.2786885245901639,0.12878787878787878,0.17622532623159176,0.22606382978723405,0.27
reasoning_B,B,HQ + B,block_pls,HQ + B PLS-block (k=2),xgb1,2.0,2,2,2,repeat_14_fold_02,14,2,0.21656050955414013,0.25757575757575757,0.17883967294612696,0.2236842105263158,0.6400000000000001
reasoning_C,C,HQ + C,raw_family,HQ + C (raw),logistic,,0,3,3,repeat_14_fold_02,14,2,0.27,0.20454545454545456,0.17687935445376352,0.25375939849624063,0.2
reasoning_C,C,HQ + C,raw_family,HQ + C (raw),xgb1,,0,3,3,repeat_14_fold_02,14,2,0.2857142857142857,0.16666666666666666,0.17361743098339522,0.25,0.7300000000000002
reasoning_C,C,HQ + C,block_pls,HQ + C PLS-block (k=2),logistic,2.0,2,3,2,repeat_14_fold_02,14,2,0.26732673267326734,0.20454545454545456,0.1768163923987054,0.251865671641791,0.2
reasoning_C,C,HQ + C,block_pls,HQ + C PLS-block (k=2),xgb1,2.0,2,3,2,repeat_14_fold_02,14,2,0.18695652173913044,0.32575757575757575,0.18222264771964747,0.20437262357414449,0.5700000000000002
reasoning_D,D,HQ + D,raw_family,HQ + D (raw),logistic,,0,2,2,repeat_14_fold_02,14,2,0.24096385542168675,0.15151515151515152,0.1793987224073707,0.21551724137931033,0.23000000000000004
reasoning_D,D,HQ + D,raw_family,HQ + D (raw),xgb1,,0,2,2,repeat_14_fold_02,14,2,0.2894736842105263,0.16666666666666666,0.1858968152280931,0.25229357798165136,0.7400000000000002
reasoning_D,D,HQ + D,block_pls,HQ + D PLS-block (k=1),logistic,1.0,1,2,1,repeat_14_fold_02,14,2,0.25,0.15151515151515152,0.1790276317853639,0.22123893805309736,0.22000000000000003
reasoning_D,D,HQ + D,block_pls,HQ + D PLS-block (k=1),xgb1,1.0,1,2,1,repeat_14_fold_02,14,2,0.2876712328767123,0.1590909090909091,0.18454509468926006,0.24764150943396226,0.7500000000000002
reasoning_D,D,HQ + D,block_pls,HQ + D PLS-block (k=2),logistic,2.0,2,2,2,repeat_14_fold_02,14,2,0.2638888888888889,0.14393939393939395,0.17925092339468943,0.2261904761904762,0.25000000000000006
reasoning_D,D,HQ + D,block_pls,HQ + D PLS-block (k=2),xgb1,2.0,2,2,2,repeat_14_fold_02,14,2,0.29850746268656714,0.15151515151515152,0.1854120726805776,0.25,0.7700000000000002
reasoning_E,E,HQ + E,raw_family,HQ + E (raw),logistic,,0,3,3,repeat_14_fold_02,14,2,0.2358490566037736,0.1893939393939394,0.1721784356581129,0.22482014388489208,0.19
reasoning_E,E,HQ + E,raw_family,HQ + E (raw),xgb1,,0,3,3,repeat_14_fold_02,14,2,0.2878787878787879,0.14393939393939395,0.1764744057348971,0.2398989898989899,0.7500000000000002
reasoning_E,E,HQ + E,block_pls,HQ + E PLS-block (k=1),logistic,1.0,1,3,1,repeat_14_fold_02,14,2,0.24742268041237114,0.18181818181818182,0.17335298653709635,0.23076923076923078,0.2
reasoning_E,E,HQ + E,block_pls,HQ + E PLS-block (k=1),xgb1,1.0,1,3,1,repeat_14_fold_02,14,2,0.2191780821917808,0.24242424242424243,0.1776154602943017,0.22346368715083798,0.6600000000000001
reasoning_F,F,HQ + F,raw_family,HQ + F (raw),logistic,,0,6,6,repeat_14_fold_02,14,2,0.2571428571428571,0.13636363636363635,0.18730707335934058,0.21844660194174756,0.26000000000000006
reasoning_F,F,HQ + F,raw_family,HQ + F (raw),xgb1,,0,6,6,repeat_14_fold_02,14,2,0.20606060606060606,0.25757575757575757,0.17723436850456692,0.21464646464646464,0.6400000000000001
reasoning_F,F,HQ + F,block_pls,HQ + F PLS-block (k=2),logistic,2.0,2,6,2,repeat_14_fold_02,14,2,0.2653061224489796,0.19696969696969696,0.18346325525832258,0.2480916030534351,0.21000000000000002
reasoning_F,F,HQ + F,block_pls,HQ + F PLS-block (k=2),xgb1,2.0,2,6,2,repeat_14_fold_02,14,2,0.24271844660194175,0.1893939393939394,0.18420311302753897,0.22977941176470587,0.7000000000000002
reasoning_F,F,HQ + F,block_pls,HQ + F PLS-block (k=3),logistic,3.0,3,6,3,repeat_14_fold_02,14,2,0.2328767123287671,0.12878787878787878,0.18771065654162117,0.20047169811320756,0.26000000000000006
reasoning_F,F,HQ + F,block_pls,HQ + F PLS-block (k=3),xgb1,3.0,3,6,3,repeat_14_fold_02,14,2,0.25,0.1893939393939394,0.18767323620145848,0.2349624060150376,0.7100000000000002
reasoning_A,A,HQ + A,raw_family,HQ + A (raw),logistic,,0,5,5,repeat_14_fold_03,14,3,0.2677165354330709,0.25757575757575757,0.20538698642069847,0.265625,0.27
reasoning_A,A,HQ + A,raw_family,HQ + A (raw),xgb1,,0,5,5,repeat_14_fold_03,14,3,0.2714285714285714,0.2878787878787879,0.21486168352905077,0.2745664739884393,0.7000000000000002
reasoning_A,A,HQ + A,block_pls,HQ + A PLS-block (k=2),logistic,2.0,2,5,2,repeat_14_fold_03,14,3,0.25,0.30303030303030304,0.19939289477717653,0.25906735751295334,0.22000000000000003
reasoning_A,A,HQ + A,block_pls,HQ + A PLS-block (k=2),xgb1,2.0,2,5,2,repeat_14_fold_03,14,3,0.28368794326241137,0.30303030303030304,0.21517670322334212,0.28735632183908044,0.7200000000000002
reasoning_A,A,HQ + A,block_pls,HQ + A PLS-block (k=3),logistic,3.0,3,5,3,repeat_14_fold_03,14,3,0.28888888888888886,0.19696969696969696,0.20552021131325782,0.26422764227642276,0.35000000000000003
reasoning_A,A,HQ + A,block_pls,HQ + A PLS-block (k=3),xgb1,3.0,3,5,3,repeat_14_fold_03,14,3,0.2926829268292683,0.45454545454545453,0.22337136882136754,0.31512605042016806,0.6600000000000001
reasoning_B,B,HQ + B,raw_family,HQ + B (raw),logistic,,0,2,2,repeat_14_fold_03,14,3,0.19333333333333333,0.2196969696969697,0.15594535316605657,0.19808743169398907,0.17000000000000004
reasoning_B,B,HQ + B,raw_family,HQ + B (raw),xgb1,,0,2,2,repeat_14_fold_03,14,3,0.23157894736842105,0.16666666666666666,0.16156101719458557,0.21484375,0.7000000000000002
reasoning_B,B,HQ + B,block_pls,HQ + B PLS-block (k=1),logistic,1.0,1,2,1,repeat_14_fold_03,14,3,0.19491525423728814,0.17424242424242425,0.15416161688334606,0.19039735099337748,0.19
reasoning_B,B,HQ + B,block_pls,HQ + B PLS-block (k=1),xgb1,1.0,1,2,1,repeat_14_fold_03,14,3,0.21739130434782608,0.15151515151515152,0.16056965374073087,0.2,0.7100000000000002
reasoning_B,B,HQ + B,block_pls,HQ + B PLS-block (k=2),logistic,2.0,2,2,2,repeat_14_fold_03,14,3,0.1984126984126984,0.1893939393939394,0.15602415342016607,0.19654088050314467,0.19
reasoning_B,B,HQ + B,block_pls,HQ + B PLS-block (k=2),xgb1,2.0,2,2,2,repeat_14_fold_03,14,3,0.19083969465648856,0.1893939393939394,0.16153470095235772,0.19054878048780488,0.6700000000000002
reasoning_C,C,HQ + C,raw_family,HQ + C (raw),logistic,,0,3,3,repeat_14_fold_03,14,3,0.19672131147540983,0.18181818181818182,0.15850533404318065,0.1935483870967742,0.19
reasoning_C,C,HQ + C,raw_family,HQ + C (raw),xgb1,,0,3,3,repeat_14_fold_03,14,3,0.2153846153846154,0.10606060606060606,0.161281104934292,0.17857142857142858,0.7600000000000002
reasoning_C,C,HQ + C,block_pls,HQ + C PLS-block (k=2),logistic,2.0,2,3,2,repeat_14_fold_03,14,3,0.1951219512195122,0.18181818181818182,0.15843817856311948,0.19230769230769232,0.19
reasoning_C,C,HQ + C,block_pls,HQ + C PLS-block (k=2),xgb1,2.0,2,3,2,repeat_14_fold_03,14,3,0.2158273381294964,0.22727272727272727,0.17286257182433232,0.2180232558139535,0.6600000000000001
reasoning_D,D,HQ + D,raw_family,HQ + D (raw),logistic,,0,2,2,repeat_14_fold_03,14,3,0.22330097087378642,0.17424242424242425,0.16444295940046588,0.2113970588235294,0.2
reasoning_D,D,HQ + D,raw_family,HQ + D (raw),xgb1,,0,2,2,repeat_14_fold_03,14,3,0.23232323232323232,0.17424242424242425,0.1666861537330055,0.2178030303030303,0.6900000000000002
reasoning_D,D,HQ + D,block_pls,HQ + D PLS-block (k=1),logistic,1.0,1,2,1,repeat_14_fold_03,14,3,0.19642857142857142,0.16666666666666666,0.15817344820136509,0.1896551724137931,0.19
reasoning_D,D,HQ + D,block_pls,HQ + D PLS-block (k=1),xgb1,1.0,1,2,1,repeat_14_fold_03,14,3,0.2247191011235955,0.15151515151515152,0.16666373185462777,0.20491803278688525,0.7100000000000002
reasoning_D,D,HQ + D,block_pls,HQ + D PLS-block (k=2),logistic,2.0,2,2,2,repeat_14_fold_03,14,3,0.23157894736842105,0.16666666666666666,0.164794975688307,0.21484375,0.21000000000000002
reasoning_D,D,HQ + D,block_pls,HQ + D PLS-block (k=2),xgb1,2.0,2,2,2,repeat_14_fold_03,14,3,0.22857142857142856,0.12121212121212122,0.173905397719858,0.1941747572815534,0.7400000000000002
reasoning_E,E,HQ + E,raw_family,HQ + E (raw),logistic,,0,3,3,repeat_14_fold_03,14,3,0.18803418803418803,0.16666666666666666,0.15378349597512345,0.18333333333333332,0.19
reasoning_E,E,HQ + E,raw_family,HQ + E (raw),xgb1,,0,3,3,repeat_14_fold_03,14,3,0.22340425531914893,0.1590909090909091,0.15933596836659955,0.20669291338582677,0.7100000000000002
reasoning_E,E,HQ + E,block_pls,HQ + E PLS-block (k=1),logistic,1.0,1,3,1,repeat_14_fold_03,14,3,0.20155038759689922,0.19696969696969696,0.15374621652004392,0.2006172839506173,0.18000000000000005
reasoning_E,E,HQ + E,block_pls,HQ + E PLS-block (k=1),xgb1,1.0,1,3,1,repeat_14_fold_03,14,3,0.20952380952380953,0.16666666666666666,0.16130873104779894,0.19927536231884058,0.6900000000000002
reasoning_F,F,HQ + F,raw_family,HQ + F (raw),logistic,,0,6,6,repeat_14_fold_03,14,3,0.19718309859154928,0.21212121212121213,0.163267699317613,0.2,0.19
reasoning_F,F,HQ + F,raw_family,HQ + F (raw),xgb1,,0,6,6,repeat_14_fold_03,14,3,0.21666666666666667,0.09848484848484848,0.16394074738205122,0.17473118279569894,0.7700000000000002
reasoning_F,F,HQ + F,block_pls,HQ + F PLS-block (k=2),logistic,2.0,2,6,2,repeat_14_fold_03,14,3,0.21138211382113822,0.19696969696969696,0.16373553397140175,0.20833333333333334,0.2
reasoning_F,F,HQ + F,block_pls,HQ + F PLS-block (k=2),xgb1,2.0,2,6,2,repeat_14_fold_03,14,3,0.22972972972972974,0.25757575757575757,0.1746902848729651,0.23480662983425415,0.6500000000000001
reasoning_F,F,HQ + F,block_pls,HQ + F PLS-block (k=3),logistic,3.0,3,6,3,repeat_14_fold_03,14,3,0.1984732824427481,0.19696969696969696,0.164071981385248,0.19817073170731708,0.2
reasoning_F,F,HQ + F,block_pls,HQ + F PLS-block (k=3),xgb1,3.0,3,6,3,repeat_14_fold_03,14,3,0.2682926829268293,0.16666666666666666,0.17596288012952607,0.2391304347826087,0.7300000000000002
reasoning_A,A,HQ + A,raw_family,HQ + A (raw),logistic,,0,5,5,repeat_15_fold_01,15,1,0.25190839694656486,0.25,0.19265536935985886,0.25152439024390244,0.28
reasoning_A,A,HQ + A,raw_family,HQ + A (raw),xgb1,,0,5,5,repeat_15_fold_01,15,1,0.2932330827067669,0.29545454545454547,0.21994184773781383,0.2936746987951807,0.7300000000000002
reasoning_A,A,HQ + A,block_pls,HQ + A PLS-block (k=2),logistic,2.0,2,5,2,repeat_15_fold_01,15,1,0.22972972972972974,0.25757575757575757,0.1892343177111918,0.23480662983425415,0.23000000000000004
reasoning_A,A,HQ + A,block_pls,HQ + A PLS-block (k=2),xgb1,2.0,2,5,2,repeat_15_fold_01,15,1,0.2717391304347826,0.1893939393939394,0.21654989215455583,0.25,0.8300000000000002
reasoning_A,A,HQ + A,block_pls,HQ + A PLS-block (k=3),logistic,3.0,3,5,3,repeat_15_fold_01,15,1,0.2517985611510791,0.26515151515151514,0.1917383220888466,0.2543604651162791,0.26000000000000006
reasoning_A,A,HQ + A,block_pls,HQ + A PLS-block (k=3),xgb1,3.0,3,5,3,repeat_15_fold_01,15,1,0.2661290322580645,0.25,0.2210899844608228,0.2627388535031847,0.7700000000000002
reasoning_B,B,HQ + B,raw_family,HQ + B (raw),logistic,,0,2,2,repeat_15_fold_01,15,1,0.21739130434782608,0.11363636363636363,0.15414587592264256,0.18382352941176472,0.26000000000000006
reasoning_B,B,HQ + B,raw_family,HQ + B (raw),xgb1,,0,2,2,repeat_15_fold_01,15,1,0.22077922077922077,0.12878787878787878,0.1765303045621335,0.19318181818181818,0.7100000000000002
reasoning_B,B,HQ + B,block_pls,HQ + B PLS-block (k=1),logistic,1.0,1,2,1,repeat_15_fold_01,15,1,0.22388059701492538,0.11363636363636363,0.151643602190534,0.1875,0.27
reasoning_B,B,HQ + B,block_pls,HQ + B PLS-block (k=1),xgb1,1.0,1,2,1,repeat_15_fold_01,15,1,0.1941747572815534,0.15151515151515152,0.17633272624538623,0.18382352941176472,0.6700000000000002
reasoning_B,B,HQ + B,block_pls,HQ + B PLS-block (k=2),logistic,2.0,2,2,2,repeat_15_fold_01,15,1,0.21739130434782608,0.11363636363636363,0.1541762213783407,0.18382352941176472,0.26000000000000006
reasoning_B,B,HQ + B,block_pls,HQ + B PLS-block (k=2),xgb1,2.0,2,2,2,repeat_15_fold_01,15,1,0.1978021978021978,0.13636363636363635,0.17808869641164496,0.1814516129032258,0.6800000000000002
reasoning_C,C,HQ + C,raw_family,HQ + C (raw),logistic,,0,3,3,repeat_15_fold_01,15,1,0.23376623376623376,0.13636363636363635,0.1531107576269734,0.20454545454545456,0.23000000000000004
reasoning_C,C,HQ + C,raw_family,HQ + C (raw),xgb1,,0,3,3,repeat_15_fold_01,15,1,0.20987654320987653,0.12878787878787878,0.17487751725183626,0.18640350877192982,0.7000000000000002
reasoning_C,C,HQ + C,block_pls,HQ + C PLS-block (k=2),logistic,2.0,2,3,2,repeat_15_fold_01,15,1,0.21794871794871795,0.12878787878787878,0.15319907174101685,0.19144144144144143,0.23000000000000004
reasoning_C,C,HQ + C,block_pls,HQ + C PLS-block (k=2),xgb1,2.0,2,3,2,repeat_15_fold_01,15,1,0.19642857142857142,0.16666666666666666,0.18171286133476663,0.1896551724137931,0.6700000000000002
reasoning_D,D,HQ + D,raw_family,HQ + D (raw),logistic,,0,2,2,repeat_15_fold_01,15,1,0.21951219512195122,0.13636363636363635,0.15717601830111555,0.1956521739130435,0.22000000000000003
reasoning_D,D,HQ + D,raw_family,HQ + D (raw),xgb1,,0,2,2,repeat_15_fold_01,15,1,0.1889763779527559,0.18181818181818182,0.17724260288206187,0.1875,0.6500000000000001
reasoning_D,D,HQ + D,block_pls,HQ + D PLS-block (k=1),logistic,1.0,1,2,1,repeat_15_fold_01,15,1,0.20833333333333334,0.11363636363636363,0.15160284405953925,0.17857142857142858,0.24000000000000005
reasoning_D,D,HQ + D,block_pls,HQ + D PLS-block (k=1),xgb1,1.0,1,2,1,repeat_15_fold_01,15,1,0.1926605504587156,0.1590909090909091,0.17540958321511854,0.18485915492957747,0.6700000000000002
reasoning_D,D,HQ + D,block_pls,HQ + D PLS-block (k=2),logistic,2.0,2,2,2,repeat_15_fold_01,15,1,0.21176470588235294,0.13636363636363635,0.1571446004870585,0.1906779661016949,0.22000000000000003
reasoning_D,D,HQ + D,block_pls,HQ + D PLS-block (k=2),xgb1,2.0,2,2,2,repeat_15_fold_01,15,1,0.20245398773006135,0.25,0.18485124053077626,0.21045918367346939,0.6200000000000001
reasoning_E,E,HQ + E,raw_family,HQ + E (raw),logistic,,0,3,3,repeat_15_fold_01,15,1,0.22388059701492538,0.11363636363636363,0.14508635337050005,0.1875,0.25000000000000006
reasoning_E,E,HQ + E,raw_family,HQ + E (raw),xgb1,,0,3,3,repeat_15_fold_01,15,1,0.19540229885057472,0.12878787878787878,0.16989695414397632,0.17708333333333334,0.6900000000000002
reasoning_E,E,HQ + E,block_pls,HQ + E PLS-block (k=1),logistic,1.0,1,3,1,repeat_15_fold_01,15,1,0.22727272727272727,0.11363636363636363,0.14858982147497363,0.1893939393939394,0.27
reasoning_E,E,HQ + E,block_pls,HQ + E PLS-block (k=1),xgb1,1.0,1,3,1,repeat_15_fold_01,15,1,0.20689655172413793,0.13636363636363635,0.17155710559347104,0.1875,0.6900000000000002
reasoning_F,F,HQ + F,raw_family,HQ + F (raw),logistic,,0,6,6,repeat_15_fold_01,15,1,0.22105263157894736,0.1590909090909091,0.16801985029209543,0.205078125,0.22000000000000003
reasoning_F,F,HQ + F,raw_family,HQ + F (raw),xgb1,,0,6,6,repeat_15_fold_01,15,1,0.2169811320754717,0.17424242424242425,0.17775154370667118,0.2068345323741007,0.6600000000000001
reasoning_F,F,HQ + F,block_pls,HQ + F PLS-block (k=2),logistic,2.0,2,6,2,repeat_15_fold_01,15,1,0.2247191011235955,0.15151515151515152,0.1624332438043906,0.20491803278688525,0.22000000000000003
reasoning_F,F,HQ + F,block_pls,HQ + F PLS-block (k=2),xgb1,2.0,2,6,2,repeat_15_fold_01,15,1,0.24691358024691357,0.15151515151515152,0.18534054560370378,0.21929824561403508,0.7100000000000002
reasoning_F,F,HQ + F,block_pls,HQ + F PLS-block (k=3),logistic,3.0,3,6,3,repeat_15_fold_01,15,1,0.22916666666666666,0.16666666666666666,0.1676854827863179,0.2131782945736434,0.21000000000000002
reasoning_F,F,HQ + F,block_pls,HQ + F PLS-block (k=3),xgb1,3.0,3,6,3,repeat_15_fold_01,15,1,0.2597402597402597,0.15151515151515152,0.19055017905215108,0.22727272727272727,0.7200000000000002
reasoning_A,A,HQ + A,raw_family,HQ + A (raw),logistic,,0,5,5,repeat_15_fold_02,15,2,0.37623762376237624,0.2878787878787879,0.23163726610750274,0.35447761194029853,0.26000000000000006
reasoning_A,A,HQ + A,raw_family,HQ + A (raw),xgb1,,0,5,5,repeat_15_fold_02,15,2,0.4222222222222222,0.2878787878787879,0.2560909609544182,0.3861788617886179,0.7600000000000002
reasoning_A,A,HQ + A,block_pls,HQ + A PLS-block (k=2),logistic,2.0,2,5,2,repeat_15_fold_02,15,2,0.344,0.32575757575757575,0.23241236690261224,0.3401898734177215,0.23000000000000004
reasoning_A,A,HQ + A,block_pls,HQ + A PLS-block (k=2),xgb1,2.0,2,5,2,repeat_15_fold_02,15,2,0.3223684210526316,0.3712121212121212,0.25451220585367634,0.3310810810810811,0.7000000000000002
reasoning_A,A,HQ + A,block_pls,HQ + A PLS-block (k=3),logistic,3.0,3,5,3,repeat_15_fold_02,15,2,0.36538461538461536,0.2878787878787879,0.2320167126472744,0.3467153284671533,0.25000000000000006
reasoning_A,A,HQ + A,block_pls,HQ + A PLS-block (k=3),xgb1,3.0,3,5,3,repeat_15_fold_02,15,2,0.3333333333333333,0.3333333333333333,0.254256562813978,0.3333333333333333,0.7100000000000002
reasoning_B,B,HQ + B,raw_family,HQ + B (raw),logistic,,0,2,2,repeat_15_fold_02,15,2,0.2602739726027397,0.14393939393939395,0.17290911674805828,0.2240566037735849,0.24000000000000005
reasoning_B,B,HQ + B,raw_family,HQ + B (raw),xgb1,,0,2,2,repeat_15_fold_02,15,2,0.21951219512195122,0.20454545454545456,0.1828317088942602,0.21634615384615385,0.6900000000000002
reasoning_B,B,HQ + B,block_pls,HQ + B PLS-block (k=1),logistic,1.0,1,2,1,repeat_15_fold_02,15,2,0.21428571428571427,0.18181818181818182,0.17564086630691023,0.20689655172413793,0.2
reasoning_B,B,HQ + B,block_pls,HQ + B PLS-block (k=1),xgb1,1.0,1,2,1,repeat_15_fold_02,15,2,0.18235294117647058,0.23484848484848486,0.18220461602600002,0.19088669950738915,0.6500000000000001
reasoning_B,B,HQ + B,block_pls,HQ + B PLS-block (k=2),logistic,2.0,2,2,2,repeat_15_fold_02,15,2,0.2753623188405797,0.14393939393939395,0.17260998976702938,0.23284313725490197,0.25000000000000006
reasoning_B,B,HQ + B,block_pls,HQ + B PLS-block (k=2),xgb1,2.0,2,2,2,repeat_15_fold_02,15,2,0.18316831683168316,0.2803030303030303,0.1781646896744291,0.19680851063829788,0.6200000000000001
reasoning_C,C,HQ + C,raw_family,HQ + C (raw),logistic,,0,3,3,repeat_15_fold_02,15,2,0.21008403361344538,0.1893939393939394,0.1802708866822614,0.20559210526315788,0.19
reasoning_C,C,HQ + C,raw_family,HQ + C (raw),xgb1,,0,3,3,repeat_15_fold_02,15,2,0.19480519480519481,0.22727272727272727,0.1814050664163272,0.20053475935828877,0.6600000000000001
reasoning_C,C,HQ + C,block_pls,HQ + C PLS-block (k=2),logistic,2.0,2,3,2,repeat_15_fold_02,15,2,0.21008403361344538,0.1893939393939394,0.18030050679371235,0.20559210526315788,0.19
reasoning_C,C,HQ + C,block_pls,HQ + C PLS-block (k=2),xgb1,2.0,2,3,2,repeat_15_fold_02,15,2,0.21153846153846154,0.25,0.1930586576500165,0.21825396825396826,0.6500000000000001
reasoning_D,D,HQ + D,raw_family,HQ + D (raw),logistic,,0,2,2,repeat_15_fold_02,15,2,0.2403846153846154,0.1893939393939394,0.1877521590899468,0.2281021897810219,0.21000000000000002
reasoning_D,D,HQ + D,raw_family,HQ + D (raw),xgb1,,0,2,2,repeat_15_fold_02,15,2,0.2073170731707317,0.25757575757575757,0.19115807542284255,0.21573604060913706,0.6500000000000001
reasoning_D,D,HQ + D,block_pls,HQ + D PLS-block (k=1),logistic,1.0,1,2,1,repeat_15_fold_02,15,2,0.273972602739726,0.15151515151515152,0.18228036707964138,0.2358490566037736,0.25000000000000006
reasoning_D,D,HQ + D,block_pls,HQ + D PLS-block (k=1),xgb1,1.0,1,2,1,repeat_15_fold_02,15,2,0.21084337349397592,0.26515151515151514,0.19087090976854576,0.2198492462311558,0.6500000000000001
reasoning_D,D,HQ + D,block_pls,HQ + D PLS-block (k=2),logistic,2.0,2,2,2,repeat_15_fold_02,15,2,0.24271844660194175,0.1893939393939394,0.18786583280443964,0.22977941176470587,0.21000000000000002
reasoning_D,D,HQ + D,block_pls,HQ + D PLS-block (k=2),xgb1,2.0,2,2,2,repeat_15_fold_02,15,2,0.22794117647058823,0.23484848484848486,0.19796306146381906,0.22928994082840237,0.6700000000000002
reasoning_E,E,HQ + E,raw_family,HQ + E (raw),logistic,,0,3,3,repeat_15_fold_02,15,2,0.19672131147540983,0.18181818181818182,0.176002963097205,0.1935483870967742,0.19
reasoning_E,E,HQ + E,raw_family,HQ + E (raw),xgb1,,0,3,3,repeat_15_fold_02,15,2,0.22115384615384615,0.17424242424242425,0.18109681455498816,0.20985401459854014,0.7100000000000002
reasoning_E,E,HQ + E,block_pls,HQ + E PLS-block (k=1),logistic,1.0,1,3,1,repeat_15_fold_02,15,2,0.22115384615384615,0.17424242424242425,0.17627039445511627,0.20985401459854014,0.21000000000000002
reasoning_E,E,HQ + E,block_pls,HQ + E PLS-block (k=1),xgb1,1.0,1,3,1,repeat_15_fold_02,15,2,0.2,0.24242424242424243,0.18029991839158638,0.20725388601036268,0.6600000000000001
reasoning_F,F,HQ + F,raw_family,HQ + F (raw),logistic,,0,6,6,repeat_15_fold_02,15,2,0.2696629213483146,0.18181818181818182,0.19251484942997374,0.2459016393442623,0.23000000000000004
reasoning_F,F,HQ + F,raw_family,HQ + F (raw),xgb1,,0,6,6,repeat_15_fold_02,15,2,0.19534883720930232,0.3181818181818182,0.1834415444835919,0.21169354838709678,0.6200000000000001
reasoning_F,F,HQ + F,block_pls,HQ + F PLS-block (k=2),logistic,2.0,2,6,2,repeat_15_fold_02,15,2,0.23958333333333334,0.17424242424242425,0.19361268221262912,0.22286821705426357,0.22000000000000003
reasoning_F,F,HQ + F,block_pls,HQ + F PLS-block (k=2),xgb1,2.0,2,6,2,repeat_15_fold_02,15,2,0.21153846153846154,0.25,0.19973396757346257,0.21825396825396826,0.6600000000000001
reasoning_F,F,HQ + F,block_pls,HQ + F PLS-block (k=3),logistic,3.0,3,6,3,repeat_15_fold_02,15,2,0.26373626373626374,0.18181818181818182,0.19098530591488327,0.24193548387096775,0.23000000000000004
reasoning_F,F,HQ + F,block_pls,HQ + F PLS-block (k=3),xgb1,3.0,3,6,3,repeat_15_fold_02,15,2,0.21052631578947367,0.2727272727272727,0.2029056065849717,0.22058823529411764,0.6500000000000001
reasoning_A,A,HQ + A,raw_family,HQ + A (raw),logistic,,0,5,5,repeat_15_fold_03,15,3,0.29931972789115646,0.3333333333333333,0.23304647860957375,0.3055555555555556,0.22000000000000003
reasoning_A,A,HQ + A,raw_family,HQ + A (raw),xgb1,,0,5,5,repeat_15_fold_03,15,3,0.3211009174311927,0.26515151515151514,0.23281753159845886,0.30809859154929575,0.7500000000000002
reasoning_A,A,HQ + A,block_pls,HQ + A PLS-block (k=2),logistic,2.0,2,5,2,repeat_15_fold_03,15,3,0.2926829268292683,0.2727272727272727,0.21908832420033786,0.28846153846153844,0.24000000000000005
reasoning_A,A,HQ + A,block_pls,HQ + A PLS-block (k=2),xgb1,2.0,2,5,2,repeat_15_fold_03,15,3,0.32142857142857145,0.4090909090909091,0.23905572756663568,0.3358208955223881,0.7100000000000002
reasoning_A,A,HQ + A,block_pls,HQ + A PLS-block (k=3),logistic,3.0,3,5,3,repeat_15_fold_03,15,3,0.3119266055045872,0.25757575757575757,0.23519097974701195,0.2992957746478873,0.28
reasoning_A,A,HQ + A,block_pls,HQ + A PLS-block (k=3),xgb1,3.0,3,5,3,repeat_15_fold_03,15,3,0.29906542056074764,0.48484848484848486,0.2481729780477806,0.32388663967611336,0.6700000000000002
reasoning_B,B,HQ + B,raw_family,HQ + B (raw),logistic,,0,2,2,repeat_15_fold_03,15,3,0.20095693779904306,0.3181818181818182,0.15526615201116453,0.21694214876033058,0.15000000000000002
reasoning_B,B,HQ + B,raw_family,HQ + B (raw),xgb1,,0,2,2,repeat_15_fold_03,15,3,0.21794871794871795,0.12878787878787878,0.15520478241132296,0.19144144144144143,0.7400000000000002
reasoning_B,B,HQ + B,block_pls,HQ + B PLS-block (k=1),logistic,1.0,1,2,1,repeat_15_fold_03,15,3,0.19553072625698323,0.26515151515151514,0.15217532820402144,0.20636792452830188,0.16000000000000003
reasoning_B,B,HQ + B,block_pls,HQ + B PLS-block (k=1),xgb1,1.0,1,2,1,repeat_15_fold_03,15,3,0.25396825396825395,0.12121212121212122,0.15496881515173666,0.20833333333333334,0.7600000000000002
reasoning_B,B,HQ + B,block_pls,HQ + B PLS-block (k=2),logistic,2.0,2,2,2,repeat_15_fold_03,15,3,0.20437956204379562,0.21212121212121213,0.15539160331183496,0.20588235294117646,0.18000000000000005
reasoning_B,B,HQ + B,block_pls,HQ + B PLS-block (k=2),xgb1,2.0,2,2,2,repeat_15_fold_03,15,3,0.18636363636363637,0.3106060606060606,0.15809531131561091,0.2025691699604743,0.6100000000000001
reasoning_C,C,HQ + C,raw_family,HQ + C (raw),logistic,,0,3,3,repeat_15_fold_03,15,3,0.2727272727272727,0.13636363636363635,0.15452464548182632,0.22727272727272727,0.26000000000000006
reasoning_C,C,HQ + C,raw_family,HQ + C (raw),xgb1,,0,3,3,repeat_15_fold_03,15,3,0.2777777777777778,0.11363636363636363,0.1581917609962274,0.21551724137931033,0.7700000000000002
reasoning_C,C,HQ + C,block_pls,HQ + C PLS-block (k=2),logistic,2.0,2,3,2,repeat_15_fold_03,15,3,0.2608695652173913,0.13636363636363635,0.15400230010780955,0.22058823529411764,0.26000000000000006
reasoning_C,C,HQ + C,block_pls,HQ + C PLS-block (k=2),xgb1,2.0,2,3,2,repeat_15_fold_03,15,3,0.225,0.13636363636363635,0.15446695710698993,0.19911504424778761,0.7200000000000002
reasoning_D,D,HQ + D,raw_family,HQ + D (raw),logistic,,0,2,2,repeat_15_fold_03,15,3,0.23622047244094488,0.22727272727272727,0.161204890917459,0.234375,0.19
reasoning_D,D,HQ + D,raw_family,HQ + D (raw),xgb1,,0,2,2,repeat_15_fold_03,15,3,0.2222222222222222,0.16666666666666666,0.16501734968579498,0.20833333333333334,0.7100000000000002
reasoning_D,D,HQ + D,block_pls,HQ + D PLS-block (k=1),logistic,1.0,1,2,1,repeat_15_fold_03,15,3,0.21481481481481482,0.2196969696969697,0.15757347699478777,0.21577380952380953,0.18000000000000005
reasoning_D,D,HQ + D,block_pls,HQ + D PLS-block (k=1),xgb1,1.0,1,2,1,repeat_15_fold_03,15,3,0.27941176470588236,0.14393939393939395,0.16370401789929845,0.23514851485148514,0.7500000000000002
reasoning_D,D,HQ + D,block_pls,HQ + D PLS-block (k=2),logistic,2.0,2,2,2,repeat_15_fold_03,15,3,0.22666666666666666,0.25757575757575757,0.16132922589873222,0.23224043715846995,0.18000000000000005
reasoning_D,D,HQ + D,block_pls,HQ + D PLS-block (k=2),xgb1,2.0,2,2,2,repeat_15_fold_03,15,3,0.21495327102803738,0.17424242424242425,0.16825046130543436,0.20535714285714285,0.7100000000000002
reasoning_E,E,HQ + E,raw_family,HQ + E (raw),logistic,,0,3,3,repeat_15_fold_03,15,3,0.1949685534591195,0.23484848484848486,0.15343810557093535,0.20182291666666666,0.17000000000000004
reasoning_E,E,HQ + E,raw_family,HQ + E (raw),xgb1,,0,3,3,repeat_15_fold_03,15,3,0.2727272727272727,0.11363636363636363,0.15724769813036749,0.21306818181818182,0.7800000000000001
reasoning_E,E,HQ + E,block_pls,HQ + E PLS-block (k=1),logistic,1.0,1,3,1,repeat_15_fold_03,15,3,0.189873417721519,0.22727272727272727,0.15346513672059323,0.19633507853403143,0.17000000000000004
reasoning_E,E,HQ + E,block_pls,HQ + E PLS-block (k=1),xgb1,1.0,1,3,1,repeat_15_fold_03,15,3,0.26229508196721313,0.12121212121212122,0.15782760673482335,0.2127659574468085,0.7700000000000002
reasoning_F,F,HQ + F,raw_family,HQ + F (raw),logistic,,0,6,6,repeat_15_fold_03,15,3,0.19736842105263158,0.22727272727272727,0.15146187338163988,0.20270270270270271,0.18000000000000005
reasoning_F,F,HQ + F,raw_family,HQ + F (raw),xgb1,,0,6,6,repeat_15_fold_03,15,3,0.2978723404255319,0.10606060606060606,0.16090989273875145,0.21875,0.8000000000000002
reasoning_F,F,HQ + F,block_pls,HQ + F PLS-block (k=2),logistic,2.0,2,6,2,repeat_15_fold_03,15,3,0.22429906542056074,0.18181818181818182,0.14891505890558482,0.21428571428571427,0.22000000000000003
reasoning_F,F,HQ + F,block_pls,HQ + F PLS-block (k=2),xgb1,2.0,2,6,2,repeat_15_fold_03,15,3,0.2066115702479339,0.1893939393939394,0.15664846366195445,0.20292207792207792,0.7000000000000002
reasoning_F,F,HQ + F,block_pls,HQ + F PLS-block (k=3),logistic,3.0,3,6,3,repeat_15_fold_03,15,3,0.21551724137931033,0.1893939393939394,0.1503277238307495,0.20973154362416108,0.21000000000000002
reasoning_F,F,HQ + F,block_pls,HQ + F PLS-block (k=3),xgb1,3.0,3,6,3,repeat_15_fold_03,15,3,0.2222222222222222,0.19696969696969696,0.1621644587335176,0.21666666666666667,0.7000000000000002
reasoning_A,A,HQ + A,raw_family,HQ + A (raw),logistic,,0,5,5,repeat_16_fold_01,16,1,0.30337078651685395,0.20454545454545456,0.2239006670130237,0.2766393442622951,0.29000000000000004
reasoning_A,A,HQ + A,raw_family,HQ + A (raw),xgb1,,0,5,5,repeat_16_fold_01,16,1,0.3411764705882353,0.2196969696969697,0.24274979114862485,0.3072033898305085,0.7600000000000002
reasoning_A,A,HQ + A,block_pls,HQ + A PLS-block (k=2),logistic,2.0,2,5,2,repeat_16_fold_01,16,1,0.29850746268656714,0.15151515151515152,0.22115767404250147,0.25,0.34
reasoning_A,A,HQ + A,block_pls,HQ + A PLS-block (k=2),xgb1,2.0,2,5,2,repeat_16_fold_01,16,1,0.3655913978494624,0.25757575757575757,0.2379645163625809,0.3373015873015873,0.7400000000000002
reasoning_A,A,HQ + A,block_pls,HQ + A PLS-block (k=3),logistic,3.0,3,5,3,repeat_16_fold_01,16,1,0.29411764705882354,0.1893939393939394,0.2228237638855578,0.2648305084745763,0.30000000000000004
reasoning_A,A,HQ + A,block_pls,HQ + A PLS-block (k=3),xgb1,3.0,3,5,3,repeat_16_fold_01,16,1,0.33766233766233766,0.19696969696969696,0.2400704357708345,0.29545454545454547,0.7700000000000002
reasoning_B,B,HQ + B,raw_family,HQ + B (raw),logistic,,0,2,2,repeat_16_fold_01,16,1,0.19642857142857142,0.08333333333333333,0.15943011854056544,0.1544943820224719,0.32000000000000006
reasoning_B,B,HQ + B,raw_family,HQ + B (raw),xgb1,,0,2,2,repeat_16_fold_01,16,1,0.2112676056338028,0.11363636363636363,0.1517506423444168,0.18028846153846154,0.7500000000000002
reasoning_B,B,HQ + B,block_pls,HQ + B PLS-block (k=1),logistic,1.0,1,2,1,repeat_16_fold_01,16,1,0.19718309859154928,0.10606060606060606,0.15677535843962997,0.16826923076923078,0.24000000000000005
reasoning_B,B,HQ + B,block_pls,HQ + B PLS-block (k=1),xgb1,1.0,1,2,1,repeat_16_fold_01,16,1,0.21212121212121213,0.10606060606060606,0.15224590826560058,0.17676767676767677,0.7600000000000002
reasoning_B,B,HQ + B,block_pls,HQ + B PLS-block (k=2),logistic,2.0,2,2,2,repeat_16_fold_01,16,1,0.2,0.08333333333333333,0.15949010691855228,0.15625,0.33
reasoning_B,B,HQ + B,block_pls,HQ + B PLS-block (k=2),xgb1,2.0,2,2,2,repeat_16_fold_01,16,1,0.1935483870967742,0.09090909090909091,0.15471160355712177,0.15789473684210525,0.7700000000000002
reasoning_C,C,HQ + C,raw_family,HQ + C (raw),logistic,,0,3,3,repeat_16_fold_01,16,1,0.1935483870967742,0.09090909090909091,0.1624959066008601,0.15789473684210525,0.26000000000000006
reasoning_C,C,HQ + C,raw_family,HQ + C (raw),xgb1,,0,3,3,repeat_16_fold_01,16,1,0.2222222222222222,0.13636363636363635,0.15418559541315727,0.19736842105263158,0.7100000000000002
reasoning_C,C,HQ + C,block_pls,HQ + C PLS-block (k=2),logistic,2.0,2,3,2,repeat_16_fold_01,16,1,0.2,0.09090909090909091,0.16257796295392477,0.16129032258064516,0.27
reasoning_C,C,HQ + C,block_pls,HQ + C PLS-block (k=2),xgb1,2.0,2,3,2,repeat_16_fold_01,16,1,0.22093023255813954,0.2878787878787879,0.16470723077016847,0.23170731707317074,0.6200000000000001
reasoning_D,D,HQ + D,raw_family,HQ + D (raw),logistic,,0,2,2,repeat_16_fold_01,16,1,0.20754716981132076,0.16666666666666666,0.1694204009780561,0.19784172661870503,0.19
reasoning_D,D,HQ + D,raw_family,HQ + D (raw),xgb1,,0,2,2,repeat_16_fold_01,16,1,0.20714285714285716,0.2196969696969697,0.15745475606832826,0.20953757225433525,0.6400000000000001
reasoning_D,D,HQ + D,block_pls,HQ + D PLS-block (k=1),logistic,1.0,1,2,1,repeat_16_fold_01,16,1,0.2,0.07575757575757576,0.16126525477250495,0.15060240963855423,0.34
reasoning_D,D,HQ + D,block_pls,HQ + D PLS-block (k=1),xgb1,1.0,1,2,1,repeat_16_fold_01,16,1,0.21428571428571427,0.13636363636363635,0.15651126583951863,0.19230769230769232,0.7200000000000002
reasoning_D,D,HQ + D,block_pls,HQ + D PLS-block (k=2),logistic,2.0,2,2,2,repeat_16_fold_01,16,1,0.21296296296296297,0.17424242424242425,0.16970538459869083,0.20390070921985815,0.19
reasoning_D,D,HQ + D,block_pls,HQ + D PLS-block (k=2),xgb1,2.0,2,2,2,repeat_16_fold_01,16,1,0.22377622377622378,0.24242424242424243,0.16597809512401485,0.22727272727272727,0.6400000000000001
reasoning_E,E,HQ + E,raw_family,HQ + E (raw),logistic,,0,3,3,repeat_16_fold_01,16,1,0.2,0.07575757575757576,0.15555654512335515,0.15060240963855423,0.4000000000000001
reasoning_E,E,HQ + E,raw_family,HQ + E (raw),xgb1,,0,3,3,repeat_16_fold_01,16,1,0.21052631578947367,0.09090909090909091,0.15315619605966657,0.16666666666666666,0.7800000000000001
reasoning_E,E,HQ + E,block_pls,HQ + E PLS-block (k=1),logistic,1.0,1,3,1,repeat_16_fold_01,16,1,0.19230769230769232,0.07575757575757576,0.1561031243881636,0.14705882352941177,0.34
reasoning_E,E,HQ + E,block_pls,HQ + E PLS-block (k=1),xgb1,1.0,1,3,1,repeat_16_fold_01,16,1,0.20634920634920634,0.09848484848484848,0.15309413757830087,0.16927083333333334,0.7600000000000002
reasoning_F,F,HQ + F,raw_family,HQ + F (raw),logistic,,0,6,6,repeat_16_fold_01,16,1,0.22727272727272727,0.1893939393939394,0.16252153251207016,0.21853146853146854,0.21000000000000002
reasoning_F,F,HQ + F,raw_family,HQ + F (raw),xgb1,,0,6,6,repeat_16_fold_01,16,1,0.2,0.09090909090909091,0.15227016370287152,0.16129032258064516,0.7800000000000001
reasoning_F,F,HQ + F,block_pls,HQ + F PLS-block (k=2),logistic,2.0,2,6,2,repeat_16_fold_01,16,1,0.19696969696969696,0.09848484848484848,0.15981163608450913,0.16414141414141414,0.28
reasoning_F,F,HQ + F,block_pls,HQ + F PLS-block (k=2),xgb1,2.0,2,6,2,repeat_16_fold_01,16,1,0.23076923076923078,0.22727272727272727,0.1624558201100442,0.23006134969325154,0.6600000000000001
reasoning_F,F,HQ + F,block_pls,HQ + F PLS-block (k=3),logistic,3.0,3,6,3,repeat_16_fold_01,16,1,0.2054794520547945,0.11363636363636363,0.1649624383524738,0.17688679245283018,0.28
reasoning_F,F,HQ + F,block_pls,HQ + F PLS-block (k=3),xgb1,3.0,3,6,3,repeat_16_fold_01,16,1,0.23863636363636365,0.1590909090909091,0.16948879460424207,0.21694214876033058,0.7200000000000002
reasoning_A,A,HQ + A,raw_family,HQ + A (raw),logistic,,0,5,5,repeat_16_fold_02,16,2,0.3220338983050847,0.2878787878787879,0.23660884573296345,0.31456953642384106,0.31000000000000005
reasoning_A,A,HQ + A,raw_family,HQ + A (raw),xgb1,,0,5,5,repeat_16_fold_02,16,2,0.2670157068062827,0.38636363636363635,0.2451429379771386,0.2845982142857143,0.6700000000000002
reasoning_A,A,HQ + A,block_pls,HQ + A PLS-block (k=2),logistic,2.0,2,5,2,repeat_16_fold_02,16,2,0.296875,0.2878787878787879,0.23267352736482685,0.2950310559006211,0.27
reasoning_A,A,HQ + A,block_pls,HQ + A PLS-block (k=2),xgb1,2.0,2,5,2,repeat_16_fold_02,16,2,0.2523809523809524,0.4015151515151515,0.2442788782731693,0.2726337448559671,0.6800000000000002
reasoning_A,A,HQ + A,block_pls,HQ + A PLS-block (k=3),logistic,3.0,3,5,3,repeat_16_fold_02,16,2,0.31297709923664124,0.3106060606060606,0.2375319878799305,0.3125,0.29000000000000004
reasoning_A,A,HQ + A,block_pls,HQ + A PLS-block (k=3),xgb1,3.0,3,5,3,repeat_16_fold_02,16,2,0.28289473684210525,0.32575757575757575,0.24631614879830188,0.2905405405405405,0.7700000000000002
reasoning_B,B,HQ + B,raw_family,HQ + B (raw),logistic,,0,2,2,repeat_16_fold_02,16,2,0.3561643835616438,0.19696969696969696,0.19630485127025546,0.30660377358490565,0.23000000000000004
reasoning_B,B,HQ + B,raw_family,HQ + B (raw),xgb1,,0,2,2,repeat_16_fold_02,16,2,0.26666666666666666,0.24242424242424243,0.21352442575661193,0.26143790849673204,0.6500000000000001
reasoning_B,B,HQ + B,block_pls,HQ + B PLS-block (k=1),logistic,1.0,1,2,1,repeat_16_fold_02,16,2,0.2905982905982906,0.25757575757575757,0.200681503148412,0.2833333333333333,0.18000000000000005
reasoning_B,B,HQ + B,block_pls,HQ + B PLS-block (k=1),xgb1,1.0,1,2,1,repeat_16_fold_02,16,2,0.25925925925925924,0.26515151515151514,0.21489020443579254,0.2604166666666667,0.6400000000000001
reasoning_B,B,HQ + B,block_pls,HQ + B PLS-block (k=2),logistic,2.0,2,2,2,repeat_16_fold_02,16,2,0.3561643835616438,0.19696969696969696,0.1959106373605757,0.30660377358490565,0.23000000000000004
reasoning_B,B,HQ + B,block_pls,HQ + B PLS-block (k=2),xgb1,2.0,2,2,2,repeat_16_fold_02,16,2,0.2631578947368421,0.22727272727272727,0.21179937102073176,0.25510204081632654,0.6600000000000001
reasoning_C,C,HQ + C,raw_family,HQ + C (raw),logistic,,0,3,3,repeat_16_fold_02,16,2,0.34782608695652173,0.18181818181818182,0.19844631986885106,0.29411764705882354,0.24000000000000005
reasoning_C,C,HQ + C,raw_family,HQ + C (raw),xgb1,,0,3,3,repeat_16_fold_02,16,2,0.24553571428571427,0.4166666666666667,0.2226255180857293,0.26750972762645914,0.5900000000000002
reasoning_C,C,HQ + C,block_pls,HQ + C PLS-block (k=2),logistic,2.0,2,3,2,repeat_16_fold_02,16,2,0.36363636363636365,0.18181818181818182,0.19803673236117741,0.30303030303030304,0.25000000000000006
reasoning_C,C,HQ + C,block_pls,HQ + C PLS-block (k=2),xgb1,2.0,2,3,2,repeat_16_fold_02,16,2,0.2809917355371901,0.25757575757575757,0.21702901890752588,0.275974025974026,0.6600000000000001
reasoning_D,D,HQ + D,raw_family,HQ + D (raw),logistic,,0,2,2,repeat_16_fold_02,16,2,0.3333333333333333,0.2196969696969697,0.20308201070921547,0.3020833333333333,0.22000000000000003
reasoning_D,D,HQ + D,raw_family,HQ + D (raw),xgb1,,0,2,2,repeat_16_fold_02,16,2,0.2962962962962963,0.24242424242424243,0.22159286941015627,0.28368794326241137,0.6600000000000001
reasoning_D,D,HQ + D,block_pls,HQ + D PLS-block (k=1),logistic,1.0,1,2,1,repeat_16_fold_02,16,2,0.35,0.21212121212121213,0.20252620591717008,0.30973451327433627,0.21000000000000002
reasoning_D,D,HQ + D,block_pls,HQ + D PLS-block (k=1),xgb1,1.0,1,2,1,repeat_16_fold_02,16,2,0.2727272727272727,0.25,0.2225693816265953,0.26785714285714285,0.6500000000000001
reasoning_D,D,HQ + D,block_pls,HQ + D PLS-block (k=2),logistic,2.0,2,2,2,repeat_16_fold_02,16,2,0.3258426966292135,0.2196969696969697,0.20266974236778737,0.29713114754098363,0.22000000000000003
reasoning_D,D,HQ + D,block_pls,HQ + D PLS-block (k=2),xgb1,2.0,2,2,2,repeat_16_fold_02,16,2,0.2553191489361702,0.2727272727272727,0.22097288324988057,0.25862068965517243,0.6500000000000001
reasoning_E,E,HQ + E,raw_family,HQ + E (raw),logistic,,0,3,3,repeat_16_fold_02,16,2,0.33695652173913043,0.23484848484848486,0.2014581901074054,0.31,0.2
reasoning_E,E,HQ + E,raw_family,HQ + E (raw),xgb1,,0,3,3,repeat_16_fold_02,16,2,0.2743362831858407,0.23484848484848486,0.21896622784622288,0.2654109589041096,0.6600000000000001
reasoning_E,E,HQ + E,block_pls,HQ + E PLS-block (k=1),logistic,1.0,1,3,1,repeat_16_fold_02,16,2,0.3563218390804598,0.23484848484848486,0.20290826628782882,0.3229166666666667,0.2
reasoning_E,E,HQ + E,block_pls,HQ + E PLS-block (k=1),xgb1,1.0,1,3,1,repeat_16_fold_02,16,2,0.2871287128712871,0.2196969696969697,0.22270258108001284,0.27052238805970147,0.6700000000000002
reasoning_F,F,HQ + F,raw_family,HQ + F (raw),logistic,,0,6,6,repeat_16_fold_02,16,2,0.3137254901960784,0.24242424242424243,0.21180029973399117,0.2962962962962963,0.21000000000000002
reasoning_F,F,HQ + F,raw_family,HQ + F (raw),xgb1,,0,6,6,repeat_16_fold_02,16,2,0.25824175824175827,0.3560606060606061,0.22655960051884017,0.27325581395348836,0.6100000000000001
reasoning_F,F,HQ + F,block_pls,HQ + F PLS-block (k=2),logistic,2.0,2,6,2,repeat_16_fold_02,16,2,0.3020833333333333,0.2196969696969697,0.20794381580219942,0.2810077519379845,0.21000000000000002
reasoning_F,F,HQ + F,block_pls,HQ + F PLS-block (k=2),xgb1,2.0,2,6,2,repeat_16_fold_02,16,2,0.42424242424242425,0.21212121212121213,0.2306746727272023,0.35353535353535354,0.7400000000000002
reasoning_F,F,HQ + F,block_pls,HQ + F PLS-block (k=3),logistic,3.0,3,6,3,repeat_16_fold_02,16,2,0.3106796116504854,0.24242424242424243,0.21038200976089133,0.29411764705882354,0.21000000000000002
reasoning_F,F,HQ + F,block_pls,HQ + F PLS-block (k=3),xgb1,3.0,3,6,3,repeat_16_fold_02,16,2,0.3,0.3181818181818182,0.23541472662335317,0.30346820809248554,0.6500000000000001
reasoning_A,A,HQ + A,raw_family,HQ + A (raw),logistic,,0,5,5,repeat_16_fold_03,16,3,0.34375,0.25,0.21870617346723764,0.31976744186046513,0.30000000000000004
reasoning_A,A,HQ + A,raw_family,HQ + A (raw),xgb1,,0,5,5,repeat_16_fold_03,16,3,0.2711864406779661,0.12121212121212122,0.21920496786176194,0.21739130434782608,0.8200000000000002
reasoning_A,A,HQ + A,block_pls,HQ + A PLS-block (k=2),logistic,2.0,2,5,2,repeat_16_fold_03,16,3,0.3,0.20454545454545456,0.2083763918570359,0.27439024390243905,0.29000000000000004
reasoning_A,A,HQ + A,block_pls,HQ + A PLS-block (k=2),xgb1,2.0,2,5,2,repeat_16_fold_03,16,3,0.2702702702702703,0.15151515151515152,0.2180255333139718,0.2336448598130841,0.8100000000000002
reasoning_A,A,HQ + A,block_pls,HQ + A PLS-block (k=3),logistic,3.0,3,5,3,repeat_16_fold_03,16,3,0.32608695652173914,0.22727272727272727,0.21944334216458622,0.3,0.30000000000000004
reasoning_A,A,HQ + A,block_pls,HQ + A PLS-block (k=3),xgb1,3.0,3,5,3,repeat_16_fold_03,16,3,0.313953488372093,0.20454545454545456,0.2262051242006281,0.28361344537815125,0.8000000000000002
reasoning_B,B,HQ + B,raw_family,HQ + B (raw),logistic,,0,2,2,repeat_16_fold_03,16,3,0.1827956989247312,0.25757575757575757,0.15309185240270232,0.19406392694063926,0.16000000000000003
reasoning_B,B,HQ + B,raw_family,HQ + B (raw),xgb1,,0,2,2,repeat_16_fold_03,16,3,0.1643835616438356,0.09090909090909091,0.1424493454895734,0.14150943396226415,0.7600000000000002
reasoning_B,B,HQ + B,block_pls,HQ + B PLS-block (k=1),logistic,1.0,1,2,1,repeat_16_fold_03,16,3,0.25396825396825395,0.12121212121212122,0.14958655518706615,0.20833333333333334,0.29000000000000004
reasoning_B,B,HQ + B,block_pls,HQ + B PLS-block (k=1),xgb1,1.0,1,2,1,repeat_16_fold_03,16,3,0.17105263157894737,0.09848484848484848,0.14221252012184982,0.14908256880733944,0.7600000000000002
reasoning_B,B,HQ + B,block_pls,HQ + B PLS-block (k=2),logistic,2.0,2,2,2,repeat_16_fold_03,16,3,0.1793478260869565,0.25,0.15329825093987443,0.19009216589861752,0.16000000000000003
reasoning_B,B,HQ + B,block_pls,HQ + B PLS-block (k=2),xgb1,2.0,2,2,2,repeat_16_fold_03,16,3,0.19642857142857142,0.08333333333333333,0.14477959111932306,0.1544943820224719,0.7800000000000001
reasoning_C,C,HQ + C,raw_family,HQ + C (raw),logistic,,0,3,3,repeat_16_fold_03,16,3,0.1891891891891892,0.1590909090909091,0.15331957511084376,0.18229166666666666,0.21000000000000002
reasoning_C,C,HQ + C,raw_family,HQ + C (raw),xgb1,,0,3,3,repeat_16_fold_03,16,3,0.1780821917808219,0.09848484848484848,0.1460819129956029,0.15330188679245282,0.7600000000000002
reasoning_C,C,HQ + C,block_pls,HQ + C PLS-block (k=2),logistic,2.0,2,3,2,repeat_16_fold_03,16,3,0.22105263157894736,0.1590909090909091,0.1536772556478488,0.205078125,0.22000000000000003
reasoning_C,C,HQ + C,block_pls,HQ + C PLS-block (k=2),xgb1,2.0,2,3,2,repeat_16_fold_03,16,3,0.17647058823529413,0.11363636363636363,0.15098711181024246,0.15889830508474576,0.7400000000000002
reasoning_D,D,HQ + D,raw_family,HQ + D (raw),logistic,,0,2,2,repeat_16_fold_03,16,3,0.20625,0.25,0.15750586493664698,0.21373056994818654,0.18000000000000005
reasoning_D,D,HQ + D,raw_family,HQ + D (raw),xgb1,,0,2,2,repeat_16_fold_03,16,3,0.16071428571428573,0.20454545454545456,0.1504543435590739,0.16791044776119404,0.6600000000000001
reasoning_D,D,HQ + D,block_pls,HQ + D PLS-block (k=1),logistic,1.0,1,2,1,repeat_16_fold_03,16,3,0.2727272727272727,0.13636363636363635,0.15345606694800157,0.22727272727272727,0.28
reasoning_D,D,HQ + D,block_pls,HQ + D PLS-block (k=1),xgb1,1.0,1,2,1,repeat_16_fold_03,16,3,0.1751412429378531,0.23484848484848486,0.15075823234340607,0.18452380952380953,0.6500000000000001
reasoning_D,D,HQ + D,block_pls,HQ + D PLS-block (k=2),logistic,2.0,2,2,2,repeat_16_fold_03,16,3,0.20625,0.25,0.15771253384922196,0.21373056994818654,0.18000000000000005
reasoning_D,D,HQ + D,block_pls,HQ + D PLS-block (k=2),xgb1,2.0,2,2,2,repeat_16_fold_03,16,3,0.1746987951807229,0.2196969696969697,0.1559912473266037,0.18216080402010051,0.6600000000000001
reasoning_E,E,HQ + E,raw_family,HQ + E (raw),logistic,,0,3,3,repeat_16_fold_03,16,3,0.21176470588235294,0.13636363636363635,0.1469294018221426,0.1906779661016949,0.23000000000000004
reasoning_E,E,HQ + E,raw_family,HQ + E (raw),xgb1,,0,3,3,repeat_16_fold_03,16,3,0.18055555555555555,0.09848484848484848,0.14258490120425776,0.15476190476190477,0.7600000000000002
reasoning_E,E,HQ + E,block_pls,HQ + E PLS-block (k=1),logistic,1.0,1,3,1,repeat_16_fold_03,16,3,0.17757009345794392,0.14393939393939395,0.14917279910897419,0.16964285714285715,0.21000000000000002
reasoning_E,E,HQ + E,block_pls,HQ + E PLS-block (k=1),xgb1,1.0,1,3,1,repeat_16_fold_03,16,3,0.16666666666666666,0.08333333333333333,0.1422069088817456,0.1388888888888889,0.7700000000000002
reasoning_F,F,HQ + F,raw_family,HQ + F (raw),logistic,,0,6,6,repeat_16_fold_03,16,3,0.224,0.21212121212121213,0.16354461021991132,0.22151898734177214,0.21000000000000002
reasoning_F,F,HQ + F,raw_family,HQ + F (raw),xgb1,,0,6,6,repeat_16_fold_03,16,3,0.19047619047619047,0.09090909090909091,0.1438928158214037,0.15625,0.7700000000000002
reasoning_F,F,HQ + F,block_pls,HQ + F PLS-block (k=2),logistic,2.0,2,6,2,repeat_16_fold_03,16,3,0.26666666666666666,0.18181818181818182,0.16076596587382436,0.24390243902439024,0.24000000000000005
reasoning_F,F,HQ + F,block_pls,HQ + F PLS-block (k=2),xgb1,2.0,2,6,2,repeat_16_fold_03,16,3,0.22826086956521738,0.1590909090909091,0.15533133620268352,0.21,0.7400000000000002
reasoning_F,F,HQ + F,block_pls,HQ + F PLS-block (k=3),logistic,3.0,3,6,3,repeat_16_fold_03,16,3,0.23157894736842105,0.16666666666666666,0.1599297351834878,0.21484375,0.24000000000000005
reasoning_F,F,HQ + F,block_pls,HQ + F PLS-block (k=3),xgb1,3.0,3,6,3,repeat_16_fold_03,16,3,0.22448979591836735,0.16666666666666666,0.16026618283359512,0.2099236641221374,0.7300000000000002
