feature_name,feature_group,selection_frequency,positive_selection_frequency,negative_selection_frequency,sign_consistency,sign_stable,dominant_sign,best_c_value,subsample_count,c_grid_size,stable_at_0p6,stable_at_0p8,stable_at_0p9,selection_freq_c_0p01,positive_selection_freq_c_0p01,negative_selection_freq_c_0p01,selection_freq_c_0p03,positive_selection_freq_c_0p03,negative_selection_freq_c_0p03,selection_freq_c_0p1,positive_selection_freq_c_0p1,negative_selection_freq_c_0p1,selection_freq_c_0p3,positive_selection_freq_c_0p3,negative_selection_freq_c_0p3,selection_freq_c_1p0,positive_selection_freq_c_1p0,negative_selection_freq_c_1p0,selection_freq_c_3p0,positive_selection_freq_c_3p0,negative_selection_freq_c_3p0,family_id,family_label,family_display_label,outer_split_id,repeat_index,fold_index
best_degree_prestige,hq,1.0,1.0,0.0,1.0,True,positive,0.1,25,6,True,True,True,0.0,0.0,0.0,0.92,0.92,0.0,1.0,1.0,0.0,1.0,1.0,0.0,0.96,0.96,0.0,0.96,0.96,0.0,reasoning_A,A,HQ + A,repeat_01_fold_01,1,1
edu_prestige_tier,hq,1.0,1.0,0.0,1.0,True,positive,0.1,25,6,True,True,True,0.0,0.0,0.0,0.92,0.92,0.0,1.0,1.0,0.0,1.0,1.0,0.0,0.96,0.96,0.0,0.96,0.96,0.0,reasoning_A,A,HQ + A,repeat_01_fold_01,1,1
exit_x_serial,hq,1.0,0.68,0.32,0.68,False,positive,1.0,25,6,True,True,True,0.0,0.0,0.0,0.28,0.28,0.0,0.52,0.52,0.0,0.72,0.64,0.08,1.0,0.68,0.32,0.92,0.6,0.32,reasoning_A,A,HQ + A,repeat_01_fold_01,1,1
field_relevance_score,hq,1.0,0.36,0.64,0.64,False,negative,3.0,25,6,True,True,True,0.0,0.0,0.0,0.0,0.0,0.0,0.12,0.0,0.12,0.48,0.04,0.44,0.8,0.16,0.64,1.0,0.36,0.64,reasoning_A,A,HQ + A,repeat_01_fold_01,1,1
industry_alignment,hq,1.0,1.0,0.0,1.0,True,positive,0.1,25,6,True,True,True,0.0,0.0,0.0,0.28,0.28,0.0,1.0,1.0,0.0,1.0,1.0,0.0,1.0,1.0,0.0,1.0,1.0,0.0,reasoning_A,A,HQ + A,repeat_01_fold_01,1,1
industry_prestige_penalty,hq,1.0,0.88,0.12,0.88,False,positive,3.0,25,6,True,True,True,0.0,0.0,0.0,0.0,0.0,0.0,0.72,0.72,0.0,0.92,0.92,0.0,0.92,0.88,0.04,1.0,0.88,0.12,reasoning_A,A,HQ + A,repeat_01_fold_01,1,1
max_seniority_reached,hq,1.0,0.96,0.04,0.96,True,positive,3.0,25,6,True,True,True,0.0,0.0,0.0,0.0,0.0,0.0,0.64,0.64,0.0,0.96,0.96,0.0,0.96,0.96,0.0,1.0,0.96,0.04,reasoning_A,A,HQ + A,repeat_01_fold_01,1,1
repeat_founding_gap,hq,1.0,0.44,0.56,0.56,False,negative,3.0,25,6,True,True,True,0.0,0.0,0.0,0.0,0.0,0.0,0.08,0.0,0.08,0.6,0.28,0.32,0.92,0.44,0.48,1.0,0.44,0.56,reasoning_A,A,HQ + A,repeat_01_fold_01,1,1
restlessness_score,hq,1.0,0.0,1.0,1.0,True,negative,1.0,25,6,True,True,True,0.0,0.0,0.0,0.0,0.0,0.0,0.64,0.0,0.64,0.96,0.0,0.96,1.0,0.0,1.0,1.0,0.0,1.0,reasoning_A,A,HQ + A,repeat_01_fold_01,1,1
seniority_is_monotone,hq,1.0,0.04,0.96,0.96,True,negative,1.0,25,6,True,True,True,0.0,0.0,0.0,0.0,0.0,0.0,0.36,0.0,0.36,0.72,0.04,0.68,1.0,0.04,0.96,1.0,0.04,0.96,reasoning_A,A,HQ + A,repeat_01_fold_01,1,1
total_inferred_experience,hq,1.0,0.08,0.92,0.92,True,negative,3.0,25,6,True,True,True,0.0,0.0,0.0,0.0,0.0,0.0,0.76,0.0,0.76,0.96,0.0,0.96,0.92,0.0,0.92,1.0,0.08,0.92,reasoning_A,A,HQ + A,repeat_01_fold_01,1,1
years_in_large_company,hq,1.0,0.92,0.08,0.92,True,positive,3.0,25,6,True,True,True,0.0,0.0,0.0,0.04,0.04,0.0,0.6,0.6,0.0,0.88,0.88,0.0,0.92,0.92,0.0,1.0,0.92,0.08,reasoning_A,A,HQ + A,repeat_01_fold_01,1,1
comfort_index,hq,0.96,0.8,0.16,0.8333333333333334,False,positive,1.0,25,6,True,True,True,0.0,0.0,0.0,0.04,0.04,0.0,0.6,0.56,0.04,0.92,0.8,0.12,0.96,0.8,0.16,0.96,0.8,0.16,reasoning_A,A,HQ + A,repeat_01_fold_01,1,1
company_size_is_growing,hq,0.96,0.84,0.12,0.875,False,positive,3.0,25,6,True,True,True,0.0,0.0,0.0,0.0,0.0,0.0,0.04,0.0,0.04,0.52,0.36,0.16,0.84,0.72,0.12,0.96,0.84,0.12,reasoning_A,A,HQ + A,repeat_01_fold_01,1,1
industry_pivot_count,hq,0.96,0.28,0.68,0.7083333333333334,False,negative,3.0,25,6,True,True,True,0.0,0.0,0.0,0.0,0.0,0.0,0.04,0.0,0.04,0.48,0.08,0.4,0.92,0.24,0.68,0.96,0.28,0.68,reasoning_A,A,HQ + A,repeat_01_fold_01,1,1
is_serial_founder,hq,0.96,0.08,0.88,0.9166666666666667,True,negative,3.0,25,6,True,True,True,0.0,0.0,0.0,0.0,0.0,0.0,0.16,0.0,0.16,0.48,0.0,0.48,0.92,0.04,0.88,0.96,0.08,0.88,reasoning_A,A,HQ + A,repeat_01_fold_01,1,1
longest_founding_tenure,hq,0.96,0.12,0.84,0.875,False,negative,3.0,25,6,True,True,True,0.0,0.0,0.0,0.0,0.0,0.0,0.44,0.0,0.44,0.92,0.0,0.92,0.88,0.0,0.88,0.96,0.12,0.84,reasoning_A,A,HQ + A,repeat_01_fold_01,1,1
max_company_size_before_founding,hq,0.96,0.84,0.12,0.875,False,positive,3.0,25,6,True,True,True,0.0,0.0,0.0,0.04,0.04,0.0,0.52,0.52,0.0,0.8,0.8,0.0,0.88,0.8,0.08,0.96,0.84,0.12,reasoning_A,A,HQ + A,repeat_01_fold_01,1,1
stem_flag,hq,0.96,0.72,0.24,0.75,False,positive,3.0,25,6,True,True,True,0.0,0.0,0.0,0.0,0.0,0.0,0.12,0.08,0.04,0.48,0.32,0.16,0.76,0.56,0.2,0.96,0.72,0.24,reasoning_A,A,HQ + A,repeat_01_fold_01,1,1
degree_level,hq,0.92,0.24,0.68,0.7391304347826088,False,negative,1.0,25,6,True,True,True,0.0,0.0,0.0,0.0,0.0,0.0,0.12,0.08,0.04,0.64,0.16,0.48,0.92,0.24,0.68,0.92,0.24,0.68,reasoning_A,A,HQ + A,repeat_01_fold_01,1,1
founding_role_count,hq,0.92,0.88,0.04,0.9565217391304347,True,positive,3.0,25,6,True,True,True,0.0,0.0,0.0,0.0,0.0,0.0,0.04,0.0,0.04,0.56,0.52,0.04,0.84,0.8,0.04,0.92,0.88,0.04,reasoning_A,A,HQ + A,repeat_01_fold_01,1,1
prestige_sacrifice_score,hq,0.92,0.52,0.4,0.5652173913043478,False,positive,3.0,25,6,True,True,True,0.0,0.0,0.0,0.04,0.04,0.0,0.56,0.56,0.0,0.52,0.52,0.0,0.76,0.56,0.2,0.92,0.52,0.4,reasoning_A,A,HQ + A,repeat_01_fold_01,1,1
prestige_x_relevance,hq,0.88,0.24,0.64,0.7272727272727273,False,negative,3.0,25,6,True,True,False,0.0,0.0,0.0,0.28,0.28,0.0,0.32,0.32,0.0,0.2,0.16,0.04,0.6,0.24,0.36,0.88,0.24,0.64,reasoning_A,A,HQ + A,repeat_01_fold_01,1,1
founding_timing,hq,0.84,0.52,0.32,0.6190476190476191,False,positive,3.0,25,6,True,True,False,0.0,0.0,0.0,0.0,0.0,0.0,0.0,0.0,0.0,0.16,0.0,0.16,0.68,0.4,0.28,0.84,0.52,0.32,reasoning_A,A,HQ + A,repeat_01_fold_01,1,1
persistence_score,hq,0.84,0.44,0.4,0.5238095238095238,False,positive,3.0,25,6,True,True,False,0.0,0.0,0.0,0.0,0.0,0.0,0.08,0.08,0.0,0.44,0.32,0.12,0.72,0.4,0.32,0.84,0.44,0.4,reasoning_A,A,HQ + A,repeat_01_fold_01,1,1
exit_count,hq,0.8,0.76,0.04,0.95,True,positive,1.0,25,6,True,True,False,0.0,0.0,0.0,0.56,0.56,0.0,0.72,0.72,0.0,0.68,0.68,0.0,0.8,0.76,0.04,0.8,0.8,0.0,reasoning_A,A,HQ + A,repeat_01_fold_01,1,1
sacrifice_x_serial,hq,0.76,0.6,0.16,0.7894736842105263,False,positive,3.0,25,6,True,False,False,0.0,0.0,0.0,0.0,0.0,0.0,0.16,0.12,0.04,0.36,0.28,0.08,0.6,0.48,0.12,0.76,0.6,0.16,reasoning_A,A,HQ + A,repeat_01_fold_01,1,1
has_prior_ipo,hq,0.72,0.56,0.16,0.7777777777777779,False,positive,3.0,25,6,True,False,False,0.0,0.0,0.0,0.0,0.0,0.0,0.28,0.24,0.04,0.56,0.4,0.16,0.68,0.52,0.16,0.72,0.56,0.16,reasoning_A,A,HQ + A,repeat_01_fold_01,1,1
has_prior_acquisition,hq,0.68,0.64,0.04,0.9411764705882353,True,positive,3.0,25,6,True,False,False,0.0,0.0,0.0,0.44,0.44,0.0,0.48,0.48,0.0,0.4,0.4,0.0,0.48,0.44,0.04,0.68,0.64,0.04,reasoning_A,A,HQ + A,repeat_01_fold_01,1,1
A_evidence_support_rating,reasoning,1.0,1.0,0.0,1.0,True,positive,0.03,25,6,True,True,True,0.0,0.0,0.0,1.0,1.0,0.0,1.0,1.0,0.0,1.0,1.0,0.0,1.0,1.0,0.0,1.0,1.0,0.0,reasoning_A,A,HQ + A,repeat_01_fold_01,1,1
A_scrappiness,reasoning,1.0,0.0,1.0,1.0,True,negative,0.1,25,6,True,True,True,0.0,0.0,0.0,0.32,0.0,0.32,1.0,0.0,1.0,1.0,0.0,1.0,1.0,0.0,1.0,1.0,0.0,1.0,reasoning_A,A,HQ + A,repeat_01_fold_01,1,1
A_trajectory_strength,reasoning,1.0,0.28,0.72,0.72,False,negative,3.0,25,6,True,True,True,0.0,0.0,0.0,0.0,0.0,0.0,0.16,0.0,0.16,0.68,0.0,0.68,0.88,0.16,0.72,1.0,0.28,0.72,reasoning_A,A,HQ + A,repeat_01_fold_01,1,1
A_ownership_signal,reasoning,0.96,0.16,0.8,0.8333333333333334,False,negative,3.0,25,6,True,True,True,0.0,0.0,0.0,0.4,0.0,0.4,0.88,0.0,0.88,0.84,0.04,0.8,0.88,0.08,0.8,0.96,0.16,0.8,reasoning_A,A,HQ + A,repeat_01_fold_01,1,1
A_career_coherence,reasoning,0.88,0.36,0.52,0.5909090909090909,False,negative,3.0,25,6,True,True,False,0.0,0.0,0.0,0.0,0.0,0.0,0.04,0.0,0.04,0.36,0.12,0.24,0.72,0.28,0.44,0.88,0.36,0.52,reasoning_A,A,HQ + A,repeat_01_fold_01,1,1
best_degree_prestige,hq,1.0,1.0,0.0,1.0,True,positive,0.3,25,6,True,True,True,0.0,0.0,0.0,0.88,0.88,0.0,0.96,0.96,0.0,1.0,1.0,0.0,1.0,1.0,0.0,1.0,1.0,0.0,reasoning_B,B,HQ + B,repeat_01_fold_01,1,1
comfort_index,hq,1.0,0.84,0.16,0.84,False,positive,3.0,25,6,True,True,True,0.0,0.0,0.0,0.04,0.04,0.0,0.68,0.68,0.0,0.8,0.72,0.08,0.96,0.8,0.16,1.0,0.84,0.16,reasoning_B,B,HQ + B,repeat_01_fold_01,1,1
company_size_is_growing,hq,1.0,0.72,0.28,0.72,False,positive,3.0,25,6,True,True,True,0.0,0.0,0.0,0.0,0.0,0.0,0.24,0.04,0.2,0.64,0.4,0.24,0.92,0.68,0.24,1.0,0.72,0.28,reasoning_B,B,HQ + B,repeat_01_fold_01,1,1
edu_prestige_tier,hq,1.0,1.0,0.0,1.0,True,positive,0.3,25,6,True,True,True,0.0,0.0,0.0,0.88,0.88,0.0,0.96,0.96,0.0,1.0,1.0,0.0,1.0,1.0,0.0,1.0,1.0,0.0,reasoning_B,B,HQ + B,repeat_01_fold_01,1,1
field_relevance_score,hq,1.0,0.4,0.6,0.6,False,negative,3.0,25,6,True,True,True,0.0,0.0,0.0,0.0,0.0,0.0,0.04,0.0,0.04,0.44,0.16,0.28,0.92,0.36,0.56,1.0,0.4,0.6,reasoning_B,B,HQ + B,repeat_01_fold_01,1,1
industry_alignment,hq,1.0,1.0,0.0,1.0,True,positive,0.3,25,6,True,True,True,0.0,0.0,0.0,0.16,0.16,0.0,0.96,0.96,0.0,1.0,1.0,0.0,1.0,1.0,0.0,1.0,1.0,0.0,reasoning_B,B,HQ + B,repeat_01_fold_01,1,1
is_serial_founder,hq,1.0,0.12,0.88,0.88,False,negative,1.0,25,6,True,True,True,0.0,0.0,0.0,0.0,0.0,0.0,0.04,0.0,0.04,0.64,0.04,0.6,1.0,0.12,0.88,1.0,0.12,0.88,reasoning_B,B,HQ + B,repeat_01_fold_01,1,1
max_company_size_before_founding,hq,1.0,0.84,0.16,0.84,False,positive,3.0,25,6,True,True,True,0.0,0.0,0.0,0.0,0.0,0.0,0.44,0.44,0.0,0.76,0.76,0.0,0.88,0.84,0.04,1.0,0.84,0.16,reasoning_B,B,HQ + B,repeat_01_fold_01,1,1
max_seniority_reached,hq,1.0,1.0,0.0,1.0,True,positive,1.0,25,6,True,True,True,0.0,0.0,0.0,0.0,0.0,0.0,0.52,0.52,0.0,0.92,0.92,0.0,1.0,1.0,0.0,1.0,1.0,0.0,reasoning_B,B,HQ + B,repeat_01_fold_01,1,1
restlessness_score,hq,1.0,0.0,1.0,1.0,True,negative,0.3,25,6,True,True,True,0.0,0.0,0.0,0.0,0.0,0.0,0.76,0.0,0.76,1.0,0.0,1.0,1.0,0.0,1.0,1.0,0.0,1.0,reasoning_B,B,HQ + B,repeat_01_fold_01,1,1
seniority_is_monotone,hq,1.0,0.0,1.0,1.0,True,negative,3.0,25,6,True,True,True,0.0,0.0,0.0,0.0,0.0,0.0,0.28,0.0,0.28,0.72,0.0,0.72,0.88,0.0,0.88,1.0,0.0,1.0,reasoning_B,B,HQ + B,repeat_01_fold_01,1,1
years_in_large_company,hq,1.0,0.96,0.04,0.96,True,positive,1.0,25,6,True,True,True,0.0,0.0,0.0,0.04,0.04,0.0,0.56,0.56,0.0,0.84,0.84,0.0,1.0,0.96,0.04,1.0,0.96,0.04,reasoning_B,B,HQ + B,repeat_01_fold_01,1,1
founding_role_count,hq,0.96,0.96,0.0,1.0,True,positive,1.0,25,6,True,True,True,0.0,0.0,0.0,0.0,0.0,0.0,0.04,0.04,0.0,0.64,0.64,0.0,0.96,0.96,0.0,0.96,0.96,0.0,reasoning_B,B,HQ + B,repeat_01_fold_01,1,1
industry_prestige_penalty,hq,0.96,0.64,0.32,0.6666666666666667,False,positive,3.0,25,6,True,True,True,0.0,0.0,0.0,0.08,0.08,0.0,0.44,0.44,0.0,0.72,0.6,0.12,0.92,0.64,0.28,0.96,0.64,0.32,reasoning_B,B,HQ + B,repeat_01_fold_01,1,1
persistence_score,hq,0.96,0.48,0.48,0.5,False,positive,3.0,25,6,True,True,True,0.0,0.0,0.0,0.0,0.0,0.0,0.04,0.04,0.0,0.44,0.24,0.2,0.84,0.44,0.4,0.96,0.48,0.48,reasoning_B,B,HQ + B,repeat_01_fold_01,1,1
repeat_founding_gap,hq,0.96,0.52,0.44,0.5416666666666667,False,positive,1.0,25,6,True,True,True,0.0,0.0,0.0,0.0,0.0,0.0,0.2,0.08,0.12,0.6,0.28,0.32,0.96,0.52,0.44,0.96,0.52,0.44,reasoning_B,B,HQ + B,repeat_01_fold_01,1,1
stem_flag,hq,0.96,0.76,0.2,0.7916666666666667,False,positive,3.0,25,6,True,True,True,0.0,0.0,0.0,0.0,0.0,0.0,0.04,0.04,0.0,0.44,0.36,0.08,0.8,0.64,0.16,0.96,0.76,0.2,reasoning_B,B,HQ + B,repeat_01_fold_01,1,1
total_inferred_experience,hq,0.96,0.0,0.96,1.0,True,negative,0.3,25,6,True,True,True,0.0,0.0,0.0,0.0,0.0,0.0,0.84,0.0,0.84,0.96,0.0,0.96,0.96,0.0,0.96,0.96,0.0,0.96,reasoning_B,B,HQ + B,repeat_01_fold_01,1,1
degree_level,hq,0.92,0.16,0.76,0.8260869565217391,False,negative,3.0,25,6,True,True,True,0.0,0.0,0.0,0.0,0.0,0.0,0.16,0.08,0.08,0.48,0.08,0.4,0.84,0.2,0.64,0.92,0.16,0.76,reasoning_B,B,HQ + B,repeat_01_fold_01,1,1
industry_pivot_count,hq,0.92,0.4,0.52,0.5652173913043478,False,negative,3.0,25,6,True,True,True,0.0,0.0,0.0,0.0,0.0,0.0,0.12,0.0,0.12,0.36,0.12,0.24,0.72,0.28,0.44,0.92,0.4,0.52,reasoning_B,B,HQ + B,repeat_01_fold_01,1,1
longest_founding_tenure,hq,0.92,0.0,0.92,1.0,True,negative,1.0,25,6,True,True,True,0.0,0.0,0.0,0.0,0.0,0.0,0.52,0.0,0.52,0.88,0.0,0.88,0.92,0.0,0.92,0.88,0.04,0.84,reasoning_B,B,HQ + B,repeat_01_fold_01,1,1
sacrifice_x_serial,hq,0.92,0.72,0.2,0.7826086956521738,False,positive,3.0,25,6,True,True,True,0.0,0.0,0.0,0.0,0.0,0.0,0.08,0.08,0.0,0.36,0.36,0.0,0.72,0.6,0.12,0.92,0.72,0.2,reasoning_B,B,HQ + B,repeat_01_fold_01,1,1
exit_count,hq,0.88,0.88,0.0,1.0,True,positive,3.0,25,6,True,True,False,0.0,0.0,0.0,0.68,0.68,0.0,0.72,0.72,0.0,0.84,0.84,0.0,0.84,0.84,0.0,0.88,0.88,0.0,reasoning_B,B,HQ + B,repeat_01_fold_01,1,1
exit_x_serial,hq,0.88,0.36,0.52,0.5909090909090909,False,negative,3.0,25,6,True,True,False,0.0,0.0,0.0,0.28,0.28,0.0,0.44,0.44,0.0,0.72,0.56,0.16,0.84,0.4,0.44,0.88,0.36,0.52,reasoning_B,B,HQ + B,repeat_01_fold_01,1,1
prestige_sacrifice_score,hq,0.88,0.6,0.28,0.6818181818181818,False,positive,3.0,25,6,True,True,False,0.0,0.0,0.0,0.16,0.16,0.0,0.56,0.56,0.0,0.68,0.68,0.0,0.84,0.72,0.12,0.88,0.6,0.28,reasoning_B,B,HQ + B,repeat_01_fold_01,1,1
founding_timing,hq,0.84,0.48,0.36,0.5714285714285714,False,positive,3.0,25,6,True,True,False,0.0,0.0,0.0,0.0,0.0,0.0,0.04,0.0,0.04,0.2,0.0,0.2,0.68,0.36,0.32,0.84,0.48,0.36,reasoning_B,B,HQ + B,repeat_01_fold_01,1,1
prestige_x_relevance,hq,0.84,0.52,0.32,0.6190476190476191,False,positive,3.0,25,6,True,True,False,0.0,0.0,0.0,0.4,0.4,0.0,0.56,0.56,0.0,0.64,0.6,0.04,0.8,0.56,0.24,0.84,0.52,0.32,reasoning_B,B,HQ + B,repeat_01_fold_01,1,1
has_prior_acquisition,hq,0.64,0.64,0.0,1.0,True,positive,0.1,25,6,True,False,False,0.0,0.0,0.0,0.32,0.32,0.0,0.64,0.64,0.0,0.64,0.64,0.0,0.6,0.6,0.0,0.6,0.6,0.0,reasoning_B,B,HQ + B,repeat_01_fold_01,1,1
has_prior_ipo,hq,0.56,0.44,0.12,0.7857142857142857,False,positive,3.0,25,6,False,False,False,0.0,0.0,0.0,0.04,0.04,0.0,0.2,0.16,0.04,0.36,0.24,0.12,0.4,0.28,0.12,0.56,0.44,0.12,reasoning_B,B,HQ + B,repeat_01_fold_01,1,1
B_evidence_support_rating,reasoning,1.0,1.0,0.0,1.0,True,positive,0.3,25,6,True,True,True,0.0,0.0,0.0,0.0,0.0,0.0,0.84,0.84,0.0,1.0,1.0,0.0,1.0,1.0,0.0,1.0,1.0,0.0,reasoning_B,B,HQ + B,repeat_01_fold_01,1,1
B_rubric_score,reasoning,1.0,0.0,1.0,1.0,True,negative,3.0,25,6,True,True,True,0.0,0.0,0.0,0.0,0.0,0.0,0.0,0.0,0.0,0.48,0.0,0.48,0.96,0.0,0.96,1.0,0.0,1.0,reasoning_B,B,HQ + B,repeat_01_fold_01,1,1
best_degree_prestige,hq,1.0,1.0,0.0,1.0,True,positive,0.1,25,6,True,True,True,0.0,0.0,0.0,0.8,0.8,0.0,1.0,1.0,0.0,1.0,1.0,0.0,1.0,1.0,0.0,1.0,1.0,0.0,reasoning_C,C,HQ + C,repeat_01_fold_01,1,1
comfort_index,hq,1.0,0.72,0.28,0.72,False,positive,1.0,25,6,True,True,True,0.0,0.0,0.0,0.0,0.0,0.0,0.6,0.6,0.0,0.8,0.72,0.08,1.0,0.72,0.28,1.0,0.72,0.28,reasoning_C,C,HQ + C,repeat_01_fold_01,1,1
edu_prestige_tier,hq,1.0,1.0,0.0,1.0,True,positive,0.1,25,6,True,True,True,0.0,0.0,0.0,0.8,0.8,0.0,1.0,1.0,0.0,1.0,1.0,0.0,1.0,1.0,0.0,1.0,1.0,0.0,reasoning_C,C,HQ + C,repeat_01_fold_01,1,1
exit_x_serial,hq,1.0,0.52,0.48,0.52,False,positive,3.0,25,6,True,True,True,0.0,0.0,0.0,0.28,0.28,0.0,0.56,0.56,0.0,0.56,0.56,0.0,0.84,0.52,0.32,1.0,0.52,0.48,reasoning_C,C,HQ + C,repeat_01_fold_01,1,1
founding_role_count,hq,1.0,0.84,0.16,0.84,False,positive,3.0,25,6,True,True,True,0.0,0.0,0.0,0.0,0.0,0.0,0.0,0.0,0.0,0.4,0.36,0.04,0.8,0.72,0.08,1.0,0.84,0.16,reasoning_C,C,HQ + C,repeat_01_fold_01,1,1
industry_alignment,hq,1.0,0.96,0.04,0.96,True,positive,0.3,25,6,True,True,True,0.0,0.0,0.0,0.2,0.2,0.0,0.92,0.92,0.0,1.0,0.96,0.04,1.0,0.96,0.04,1.0,0.96,0.04,reasoning_C,C,HQ + C,repeat_01_fold_01,1,1
industry_pivot_count,hq,1.0,0.36,0.64,0.64,False,negative,3.0,25,6,True,True,True,0.0,0.0,0.0,0.0,0.0,0.0,0.2,0.0,0.2,0.8,0.24,0.56,0.96,0.32,0.64,1.0,0.36,0.64,reasoning_C,C,HQ + C,repeat_01_fold_01,1,1
industry_prestige_penalty,hq,1.0,0.64,0.36,0.64,False,positive,3.0,25,6,True,True,True,0.0,0.0,0.0,0.04,0.04,0.0,0.44,0.44,0.0,0.64,0.52,0.12,0.84,0.6,0.24,1.0,0.64,0.36,reasoning_C,C,HQ + C,repeat_01_fold_01,1,1
max_company_size_before_founding,hq,1.0,0.96,0.04,0.96,True,positive,1.0,25,6,True,True,True,0.0,0.0,0.0,0.08,0.08,0.0,0.56,0.56,0.0,0.84,0.84,0.0,1.0,0.96,0.04,0.96,0.92,0.04,reasoning_C,C,HQ + C,repeat_01_fold_01,1,1
max_seniority_reached,hq,1.0,0.96,0.04,0.96,True,positive,0.3,25,6,True,True,True,0.0,0.0,0.0,0.0,0.0,0.0,0.56,0.56,0.0,1.0,0.96,0.04,1.0,0.96,0.04,1.0,0.96,0.04,reasoning_C,C,HQ + C,repeat_01_fold_01,1,1
repeat_founding_gap,hq,1.0,0.32,0.68,0.68,False,negative,3.0,25,6,True,True,True,0.0,0.0,0.0,0.0,0.0,0.0,0.24,0.08,0.16,0.76,0.16,0.6,0.96,0.28,0.68,1.0,0.32,0.68,reasoning_C,C,HQ + C,repeat_01_fold_01,1,1
restlessness_score,hq,1.0,0.0,1.0,1.0,True,negative,0.3,25,6,True,True,True,0.0,0.0,0.0,0.0,0.0,0.0,0.76,0.0,0.76,1.0,0.0,1.0,1.0,0.0,1.0,1.0,0.0,1.0,reasoning_C,C,HQ + C,repeat_01_fold_01,1,1
seniority_is_monotone,hq,1.0,0.04,0.96,0.96,True,negative,3.0,25,6,True,True,True,0.0,0.0,0.0,0.0,0.0,0.0,0.36,0.0,0.36,0.84,0.04,0.8,0.88,0.04,0.84,1.0,0.04,0.96,reasoning_C,C,HQ + C,repeat_01_fold_01,1,1
stem_flag,hq,1.0,0.72,0.28,0.72,False,positive,3.0,25,6,True,True,True,0.0,0.0,0.0,0.0,0.0,0.0,0.0,0.0,0.0,0.6,0.52,0.08,0.84,0.64,0.2,1.0,0.72,0.28,reasoning_C,C,HQ + C,repeat_01_fold_01,1,1
total_inferred_experience,hq,1.0,0.04,0.96,0.96,True,negative,3.0,25,6,True,True,True,0.0,0.0,0.0,0.0,0.0,0.0,0.72,0.0,0.72,0.88,0.0,0.88,0.92,0.0,0.92,1.0,0.04,0.96,reasoning_C,C,HQ + C,repeat_01_fold_01,1,1
years_in_large_company,hq,1.0,0.88,0.12,0.88,False,positive,3.0,25,6,True,True,True,0.0,0.0,0.0,0.04,0.04,0.0,0.44,0.44,0.0,0.68,0.68,0.0,0.92,0.88,0.04,1.0,0.88,0.12,reasoning_C,C,HQ + C,repeat_01_fold_01,1,1
company_size_is_growing,hq,0.96,0.68,0.28,0.7083333333333334,False,positive,3.0,25,6,True,True,True,0.0,0.0,0.0,0.0,0.0,0.0,0.12,0.0,0.12,0.6,0.36,0.24,0.92,0.64,0.28,0.96,0.68,0.28,reasoning_C,C,HQ + C,repeat_01_fold_01,1,1
degree_level,hq,0.96,0.2,0.76,0.7916666666666667,False,negative,3.0,25,6,True,True,True,0.0,0.0,0.0,0.0,0.0,0.0,0.16,0.08,0.08,0.72,0.16,0.56,0.88,0.16,0.72,0.96,0.2,0.76,reasoning_C,C,HQ + C,repeat_01_fold_01,1,1
field_relevance_score,hq,0.96,0.36,0.6,0.625,False,negative,3.0,25,6,True,True,True,0.0,0.0,0.0,0.0,0.0,0.0,0.0,0.0,0.0,0.32,0.16,0.16,0.76,0.28,0.48,0.96,0.36,0.6,reasoning_C,C,HQ + C,repeat_01_fold_01,1,1
founding_timing,hq,0.96,0.56,0.4,0.5833333333333334,False,positive,3.0,25,6,True,True,True,0.0,0.0,0.0,0.0,0.0,0.0,0.12,0.0,0.12,0.24,0.0,0.24,0.64,0.24,0.4,0.96,0.56,0.4,reasoning_C,C,HQ + C,repeat_01_fold_01,1,1
longest_founding_tenure,hq,0.96,0.0,0.96,1.0,True,negative,1.0,25,6,True,True,True,0.0,0.0,0.0,0.0,0.0,0.0,0.64,0.0,0.64,0.92,0.0,0.92,0.96,0.0,0.96,0.96,0.0,0.96,reasoning_C,C,HQ + C,repeat_01_fold_01,1,1
is_serial_founder,hq,0.92,0.28,0.64,0.6956521739130435,False,negative,1.0,25,6,True,True,True,0.0,0.0,0.0,0.0,0.0,0.0,0.16,0.0,0.16,0.6,0.04,0.56,0.92,0.28,0.64,0.92,0.28,0.64,reasoning_C,C,HQ + C,repeat_01_fold_01,1,1
persistence_score,hq,0.92,0.52,0.4,0.5652173913043478,False,positive,3.0,25,6,True,True,True,0.0,0.0,0.0,0.0,0.0,0.0,0.04,0.04,0.0,0.4,0.32,0.08,0.88,0.52,0.36,0.92,0.52,0.4,reasoning_C,C,HQ + C,repeat_01_fold_01,1,1
prestige_sacrifice_score,hq,0.92,0.72,0.2,0.7826086956521738,False,positive,3.0,25,6,True,True,True,0.0,0.0,0.0,0.04,0.04,0.0,0.76,0.76,0.0,0.84,0.84,0.0,0.8,0.68,0.12,0.92,0.72,0.2,reasoning_C,C,HQ + C,repeat_01_fold_01,1,1
sacrifice_x_serial,hq,0.92,0.6,0.32,0.6521739130434782,False,positive,3.0,25,6,True,True,True,0.0,0.0,0.0,0.0,0.0,0.0,0.04,0.04,0.0,0.36,0.28,0.08,0.72,0.52,0.2,0.92,0.6,0.32,reasoning_C,C,HQ + C,repeat_01_fold_01,1,1
exit_count,hq,0.88,0.88,0.0,1.0,True,positive,3.0,25,6,True,True,False,0.0,0.0,0.0,0.64,0.64,0.0,0.72,0.72,0.0,0.8,0.8,0.0,0.84,0.84,0.0,0.88,0.88,0.0,reasoning_C,C,HQ + C,repeat_01_fold_01,1,1
prestige_x_relevance,hq,0.84,0.52,0.32,0.6190476190476191,False,positive,3.0,25,6,True,True,False,0.0,0.0,0.0,0.44,0.44,0.0,0.52,0.52,0.0,0.56,0.52,0.04,0.72,0.52,0.2,0.84,0.52,0.32,reasoning_C,C,HQ + C,repeat_01_fold_01,1,1
has_prior_ipo,hq,0.6,0.48,0.12,0.8,False,positive,1.0,25,6,True,False,False,0.0,0.0,0.0,0.08,0.08,0.0,0.24,0.2,0.04,0.48,0.4,0.08,0.6,0.48,0.12,0.6,0.44,0.16,reasoning_C,C,HQ + C,repeat_01_fold_01,1,1
has_prior_acquisition,hq,0.56,0.56,0.0,1.0,True,positive,0.1,25,6,False,False,False,0.0,0.0,0.0,0.32,0.32,0.0,0.56,0.56,0.0,0.52,0.52,0.0,0.52,0.52,0.0,0.56,0.56,0.0,reasoning_C,C,HQ + C,repeat_01_fold_01,1,1
C_latent_risk,reasoning,1.0,1.0,0.0,1.0,True,positive,1.0,25,6,True,True,True,0.0,0.0,0.0,0.0,0.0,0.0,0.04,0.04,0.0,0.88,0.88,0.0,1.0,1.0,0.0,1.0,1.0,0.0,reasoning_C,C,HQ + C,repeat_01_fold_01,1,1
C_latent_strength,reasoning,1.0,1.0,0.0,1.0,True,positive,0.3,25,6,True,True,True,0.0,0.0,0.0,0.0,0.0,0.0,0.84,0.84,0.0,1.0,1.0,0.0,1.0,1.0,0.0,1.0,1.0,0.0,reasoning_C,C,HQ + C,repeat_01_fold_01,1,1
C_evidence_support_rating,reasoning,0.96,0.64,0.32,0.6666666666666667,False,positive,3.0,25,6,True,True,True,0.0,0.0,0.0,0.0,0.0,0.0,0.16,0.16,0.0,0.44,0.4,0.04,0.76,0.56,0.2,0.96,0.64,0.32,reasoning_C,C,HQ + C,repeat_01_fold_01,1,1
best_degree_prestige,hq,1.0,1.0,0.0,1.0,True,positive,0.1,25,6,True,True,True,0.0,0.0,0.0,0.96,0.96,0.0,1.0,1.0,0.0,1.0,1.0,0.0,1.0,1.0,0.0,1.0,1.0,0.0,reasoning_D,D,HQ + D,repeat_01_fold_01,1,1
comfort_index,hq,1.0,0.52,0.48,0.52,False,positive,3.0,25,6,True,True,True,0.0,0.0,0.0,0.0,0.0,0.0,0.44,0.44,0.0,0.8,0.48,0.32,0.92,0.48,0.44,1.0,0.52,0.48,reasoning_D,D,HQ + D,repeat_01_fold_01,1,1
company_size_is_growing,hq,1.0,0.6,0.4,0.6,False,positive,3.0,25,6,True,True,True,0.0,0.0,0.0,0.0,0.0,0.0,0.32,0.04,0.28,0.68,0.32,0.36,0.96,0.56,0.4,1.0,0.6,0.4,reasoning_D,D,HQ + D,repeat_01_fold_01,1,1
edu_prestige_tier,hq,1.0,1.0,0.0,1.0,True,positive,0.1,25,6,True,True,True,0.0,0.0,0.0,0.96,0.96,0.0,1.0,1.0,0.0,1.0,1.0,0.0,1.0,1.0,0.0,1.0,1.0,0.0,reasoning_D,D,HQ + D,repeat_01_fold_01,1,1
industry_alignment,hq,1.0,1.0,0.0,1.0,True,positive,0.3,25,6,True,True,True,0.0,0.0,0.0,0.16,0.16,0.0,0.96,0.96,0.0,1.0,1.0,0.0,1.0,1.0,0.0,1.0,1.0,0.0,reasoning_D,D,HQ + D,repeat_01_fold_01,1,1
industry_prestige_penalty,hq,1.0,0.68,0.32,0.68,False,positive,3.0,25,6,True,True,True,0.0,0.0,0.0,0.12,0.12,0.0,0.48,0.48,0.0,0.76,0.64,0.12,0.96,0.68,0.28,1.0,0.68,0.32,reasoning_D,D,HQ + D,repeat_01_fold_01,1,1
is_serial_founder,hq,1.0,0.0,1.0,1.0,True,negative,3.0,25,6,True,True,True,0.0,0.0,0.0,0.0,0.0,0.0,0.2,0.0,0.2,0.56,0.0,0.56,0.92,0.0,0.92,1.0,0.0,1.0,reasoning_D,D,HQ + D,repeat_01_fold_01,1,1
longest_founding_tenure,hq,1.0,0.08,0.92,0.92,True,negative,3.0,25,6,True,True,True,0.0,0.0,0.0,0.0,0.0,0.0,0.6,0.0,0.6,0.84,0.0,0.84,0.96,0.04,0.92,1.0,0.08,0.92,reasoning_D,D,HQ + D,repeat_01_fold_01,1,1
max_company_size_before_founding,hq,1.0,0.96,0.04,0.96,True,positive,1.0,25,6,True,True,True,0.0,0.0,0.0,0.0,0.0,0.0,0.52,0.52,0.0,0.88,0.88,0.0,1.0,0.96,0.04,0.96,0.92,0.04,reasoning_D,D,HQ + D,repeat_01_fold_01,1,1
max_seniority_reached,hq,1.0,1.0,0.0,1.0,True,positive,0.3,25,6,True,True,True,0.0,0.0,0.0,0.0,0.0,0.0,0.68,0.68,0.0,1.0,1.0,0.0,1.0,1.0,0.0,1.0,1.0,0.0,reasoning_D,D,HQ + D,repeat_01_fold_01,1,1
repeat_founding_gap,hq,1.0,0.36,0.64,0.64,False,negative,3.0,25,6,True,True,True,0.0,0.0,0.0,0.0,0.0,0.0,0.12,0.04,0.08,0.64,0.2,0.44,0.88,0.28,0.6,1.0,0.36,0.64,reasoning_D,D,HQ + D,repeat_01_fold_01,1,1
restlessness_score,hq,1.0,0.0,1.0,1.0,True,negative,1.0,25,6,True,True,True,0.0,0.0,0.0,0.0,0.0,0.0,0.8,0.0,0.8,0.92,0.0,0.92,1.0,0.0,1.0,1.0,0.0,1.0,reasoning_D,D,HQ + D,repeat_01_fold_01,1,1
degree_level,hq,0.96,0.2,0.76,0.7916666666666667,False,negative,3.0,25,6,True,True,True,0.0,0.0,0.0,0.0,0.0,0.0,0.16,0.04,0.12,0.76,0.12,0.64,0.92,0.2,0.72,0.96,0.2,0.76,reasoning_D,D,HQ + D,repeat_01_fold_01,1,1
exit_x_serial,hq,0.96,0.36,0.6,0.625,False,negative,1.0,25,6,True,True,True,0.0,0.0,0.0,0.24,0.24,0.0,0.32,0.32,0.0,0.48,0.36,0.12,0.96,0.36,0.6,0.96,0.32,0.64,reasoning_D,D,HQ + D,repeat_01_fold_01,1,1
founding_role_count,hq,0.96,0.96,0.0,1.0,True,positive,3.0,25,6,True,True,True,0.0,0.0,0.0,0.0,0.0,0.0,0.04,0.0,0.04,0.48,0.44,0.04,0.88,0.88,0.0,0.96,0.96,0.0,reasoning_D,D,HQ + D,repeat_01_fold_01,1,1
industry_pivot_count,hq,0.96,0.2,0.76,0.7916666666666667,False,negative,3.0,25,6,True,True,True,0.0,0.0,0.0,0.0,0.0,0.0,0.24,0.0,0.24,0.72,0.12,0.6,0.92,0.16,0.76,0.96,0.2,0.76,reasoning_D,D,HQ + D,repeat_01_fold_01,1,1
persistence_score,hq,0.96,0.44,0.52,0.5416666666666667,False,negative,3.0,25,6,True,True,True,0.0,0.0,0.0,0.0,0.0,0.0,0.08,0.08,0.0,0.48,0.28,0.2,0.72,0.4,0.32,0.96,0.44,0.52,reasoning_D,D,HQ + D,repeat_01_fold_01,1,1
prestige_sacrifice_score,hq,0.96,0.8,0.16,0.8333333333333334,False,positive,3.0,25,6,True,True,True,0.0,0.0,0.0,0.08,0.08,0.0,0.64,0.64,0.0,0.72,0.68,0.04,0.92,0.8,0.12,0.96,0.8,0.16,reasoning_D,D,HQ + D,repeat_01_fold_01,1,1
prestige_x_relevance,hq,0.96,0.32,0.64,0.6666666666666667,False,negative,3.0,25,6,True,True,True,0.0,0.0,0.0,0.4,0.4,0.0,0.52,0.52,0.0,0.4,0.4,0.0,0.68,0.32,0.36,0.96,0.32,0.64,reasoning_D,D,HQ + D,repeat_01_fold_01,1,1
total_inferred_experience,hq,0.96,0.0,0.96,1.0,True,negative,0.3,25,6,True,True,True,0.0,0.0,0.0,0.0,0.0,0.0,0.8,0.0,0.8,0.96,0.0,0.96,0.92,0.0,0.92,0.88,0.0,0.88,reasoning_D,D,HQ + D,repeat_01_fold_01,1,1
years_in_large_company,hq,0.96,0.84,0.12,0.875,False,positive,1.0,25,6,True,True,True,0.0,0.0,0.0,0.0,0.0,0.0,0.48,0.48,0.0,0.88,0.84,0.04,0.96,0.84,0.12,0.96,0.84,0.12,reasoning_D,D,HQ + D,repeat_01_fold_01,1,1
seniority_is_monotone,hq,0.92,0.12,0.8,0.8695652173913043,False,negative,3.0,25,6,True,True,True,0.0,0.0,0.0,0.0,0.0,0.0,0.32,0.0,0.32,0.76,0.08,0.68,0.88,0.12,0.76,0.92,0.12,0.8,reasoning_D,D,HQ + D,repeat_01_fold_01,1,1
stem_flag,hq,0.92,0.64,0.28,0.6956521739130435,False,positive,3.0,25,6,True,True,True,0.0,0.0,0.0,0.0,0.0,0.0,0.12,0.12,0.0,0.36,0.36,0.0,0.68,0.56,0.12,0.92,0.64,0.28,reasoning_D,D,HQ + D,repeat_01_fold_01,1,1
field_relevance_score,hq,0.88,0.36,0.52,0.5909090909090909,False,negative,3.0,25,6,True,True,False,0.0,0.0,0.0,0.0,0.0,0.0,0.0,0.0,0.0,0.36,0.12,0.24,0.68,0.24,0.44,0.88,0.36,0.52,reasoning_D,D,HQ + D,repeat_01_fold_01,1,1
founding_timing,hq,0.88,0.44,0.44,0.5,False,positive,3.0,25,6,True,True,False,0.0,0.0,0.0,0.0,0.0,0.0,0.0,0.0,0.0,0.4,0.0,0.4,0.68,0.28,0.4,0.88,0.44,0.44,reasoning_D,D,HQ + D,repeat_01_fold_01,1,1
sacrifice_x_serial,hq,0.88,0.52,0.36,0.5909090909090909,False,positive,3.0,25,6,True,True,False,0.0,0.0,0.0,0.0,0.0,0.0,0.08,0.08,0.0,0.36,0.24,0.12,0.76,0.52,0.24,0.88,0.52,0.36,reasoning_D,D,HQ + D,repeat_01_fold_01,1,1
exit_count,hq,0.84,0.84,0.0,1.0,True,positive,1.0,25,6,True,True,False,0.0,0.0,0.0,0.64,0.64,0.0,0.8,0.8,0.0,0.8,0.8,0.0,0.84,0.84,0.0,0.84,0.84,0.0,reasoning_D,D,HQ + D,repeat_01_fold_01,1,1
has_prior_acquisition,hq,0.76,0.76,0.0,1.0,True,positive,3.0,25,6,True,False,False,0.0,0.0,0.0,0.28,0.28,0.0,0.36,0.36,0.0,0.6,0.6,0.0,0.72,0.72,0.0,0.76,0.76,0.0,reasoning_D,D,HQ + D,repeat_01_fold_01,1,1
has_prior_ipo,hq,0.52,0.4,0.12,0.7692307692307693,False,positive,3.0,25,6,False,False,False,0.0,0.0,0.0,0.0,0.0,0.0,0.24,0.16,0.08,0.36,0.24,0.12,0.32,0.2,0.12,0.52,0.4,0.12,reasoning_D,D,HQ + D,repeat_01_fold_01,1,1
D_evidence_support_rating,reasoning,1.0,0.0,1.0,1.0,True,negative,1.0,25,6,True,True,True,0.0,0.0,0.0,0.0,0.0,0.0,0.0,0.0,0.0,0.84,0.0,0.84,1.0,0.0,1.0,1.0,0.0,1.0,reasoning_D,D,HQ + D,repeat_01_fold_01,1,1
D_overall_founder_quality,reasoning,1.0,1.0,0.0,1.0,True,positive,0.1,25,6,True,True,True,0.0,0.0,0.0,0.2,0.2,0.0,1.0,1.0,0.0,1.0,1.0,0.0,1.0,1.0,0.0,1.0,1.0,0.0,reasoning_D,D,HQ + D,repeat_01_fold_01,1,1
best_degree_prestige,hq,1.0,1.0,0.0,1.0,True,positive,0.3,25,6,True,True,True,0.0,0.0,0.0,0.84,0.84,0.0,0.96,0.96,0.0,1.0,1.0,0.0,1.0,1.0,0.0,0.92,0.92,0.0,reasoning_E,E,HQ + E,repeat_01_fold_01,1,1
comfort_index,hq,1.0,0.72,0.28,0.72,False,positive,1.0,25,6,True,True,True,0.0,0.0,0.0,0.08,0.08,0.0,0.56,0.56,0.0,0.84,0.68,0.16,1.0,0.72,0.28,1.0,0.72,0.28,reasoning_E,E,HQ + E,repeat_01_fold_01,1,1
edu_prestige_tier,hq,1.0,1.0,0.0,1.0,True,positive,0.3,25,6,True,True,True,0.0,0.0,0.0,0.84,0.84,0.0,0.96,0.96,0.0,1.0,1.0,0.0,1.0,1.0,0.0,0.92,0.92,0.0,reasoning_E,E,HQ + E,repeat_01_fold_01,1,1
field_relevance_score,hq,1.0,0.32,0.68,0.68,False,negative,3.0,25,6,True,True,True,0.0,0.0,0.0,0.0,0.0,0.0,0.16,0.08,0.08,0.48,0.08,0.4,0.76,0.2,0.56,1.0,0.32,0.68,reasoning_E,E,HQ + E,repeat_01_fold_01,1,1
founding_role_count,hq,1.0,0.84,0.16,0.84,False,positive,3.0,25,6,True,True,True,0.0,0.0,0.0,0.0,0.0,0.0,0.0,0.0,0.0,0.4,0.36,0.04,0.88,0.76,0.12,1.0,0.84,0.16,reasoning_E,E,HQ + E,repeat_01_fold_01,1,1
industry_alignment,hq,1.0,1.0,0.0,1.0,True,positive,0.3,25,6,True,True,True,0.0,0.0,0.0,0.08,0.08,0.0,0.88,0.88,0.0,1.0,1.0,0.0,1.0,1.0,0.0,1.0,1.0,0.0,reasoning_E,E,HQ + E,repeat_01_fold_01,1,1
industry_prestige_penalty,hq,1.0,0.8,0.2,0.8,False,positive,3.0,25,6,True,True,True,0.0,0.0,0.0,0.12,0.12,0.0,0.56,0.56,0.0,0.84,0.72,0.12,0.96,0.76,0.2,1.0,0.8,0.2,reasoning_E,E,HQ + E,repeat_01_fold_01,1,1
is_serial_founder,hq,1.0,0.12,0.88,0.88,False,negative,3.0,25,6,True,True,True,0.0,0.0,0.0,0.0,0.0,0.0,0.08,0.0,0.08,0.4,0.0,0.4,0.8,0.12,0.68,1.0,0.12,0.88,reasoning_E,E,HQ + E,repeat_01_fold_01,1,1
longest_founding_tenure,hq,1.0,0.0,1.0,1.0,True,negative,1.0,25,6,True,True,True,0.0,0.0,0.0,0.0,0.0,0.0,0.68,0.0,0.68,0.92,0.0,0.92,1.0,0.0,1.0,0.96,0.0,0.96,reasoning_E,E,HQ + E,repeat_01_fold_01,1,1
max_seniority_reached,hq,1.0,0.96,0.04,0.96,True,positive,1.0,25,6,True,True,True,0.0,0.0,0.0,0.04,0.04,0.0,0.48,0.48,0.0,0.92,0.92,0.0,1.0,0.96,0.04,1.0,0.96,0.04,reasoning_E,E,HQ + E,repeat_01_fold_01,1,1
prestige_sacrifice_score,hq,1.0,0.68,0.32,0.68,False,positive,3.0,25,6,True,True,True,0.0,0.0,0.0,0.12,0.12,0.0,0.64,0.64,0.0,0.72,0.72,0.0,0.84,0.68,0.16,1.0,0.68,0.32,reasoning_E,E,HQ + E,repeat_01_fold_01,1,1
repeat_founding_gap,hq,1.0,0.56,0.44,0.56,False,positive,3.0,25,6,True,True,True,0.0,0.0,0.0,0.0,0.0,0.0,0.24,0.12,0.12,0.72,0.36,0.36,0.96,0.52,0.44,1.0,0.56,0.44,reasoning_E,E,HQ + E,repeat_01_fold_01,1,1
restlessness_score,hq,1.0,0.0,1.0,1.0,True,negative,1.0,25,6,True,True,True,0.0,0.0,0.0,0.0,0.0,0.0,0.72,0.0,0.72,0.96,0.0,0.96,1.0,0.0,1.0,1.0,0.0,1.0,reasoning_E,E,HQ + E,repeat_01_fold_01,1,1
seniority_is_monotone,hq,1.0,0.12,0.88,0.88,False,negative,1.0,25,6,True,True,True,0.0,0.0,0.0,0.0,0.0,0.0,0.44,0.04,0.4,0.76,0.08,0.68,1.0,0.12,0.88,1.0,0.12,0.88,reasoning_E,E,HQ + E,repeat_01_fold_01,1,1
total_inferred_experience,hq,1.0,0.0,1.0,1.0,True,negative,0.3,25,6,True,True,True,0.0,0.0,0.0,0.0,0.0,0.0,0.92,0.0,0.92,1.0,0.0,1.0,0.96,0.0,0.96,1.0,0.04,0.96,reasoning_E,E,HQ + E,repeat_01_fold_01,1,1
years_in_large_company,hq,1.0,0.96,0.04,0.96,True,positive,1.0,25,6,True,True,True,0.0,0.0,0.0,0.0,0.0,0.0,0.56,0.56,0.0,0.96,0.92,0.04,1.0,0.96,0.04,1.0,0.96,0.04,reasoning_E,E,HQ + E,repeat_01_fold_01,1,1
company_size_is_growing,hq,0.96,0.56,0.4,0.5833333333333334,False,positive,1.0,25,6,True,True,True,0.0,0.0,0.0,0.0,0.0,0.0,0.08,0.0,0.08,0.6,0.24,0.36,0.96,0.56,0.4,0.96,0.6,0.36,reasoning_E,E,HQ + E,repeat_01_fold_01,1,1
degree_level,hq,0.96,0.24,0.72,0.75,False,negative,1.0,25,6,True,True,True,0.0,0.0,0.0,0.0,0.0,0.0,0.16,0.12,0.04,0.84,0.24,0.6,0.96,0.24,0.72,0.96,0.24,0.72,reasoning_E,E,HQ + E,repeat_01_fold_01,1,1
exit_x_serial,hq,0.96,0.64,0.32,0.6666666666666667,False,positive,3.0,25,6,True,True,True,0.0,0.0,0.0,0.28,0.28,0.0,0.64,0.64,0.0,0.72,0.72,0.0,0.88,0.64,0.24,0.96,0.64,0.32,reasoning_E,E,HQ + E,repeat_01_fold_01,1,1
founding_timing,hq,0.92,0.44,0.48,0.5217391304347826,False,negative,3.0,25,6,True,True,True,0.0,0.0,0.0,0.0,0.0,0.0,0.04,0.0,0.04,0.2,0.0,0.2,0.6,0.24,0.36,0.92,0.44,0.48,reasoning_E,E,HQ + E,repeat_01_fold_01,1,1
industry_pivot_count,hq,0.92,0.44,0.48,0.5217391304347826,False,negative,1.0,25,6,True,True,True,0.0,0.0,0.0,0.0,0.0,0.0,0.2,0.04,0.16,0.56,0.16,0.4,0.92,0.44,0.48,0.92,0.44,0.48,reasoning_E,E,HQ + E,repeat_01_fold_01,1,1
max_company_size_before_founding,hq,0.92,0.72,0.2,0.7826086956521738,False,positive,3.0,25,6,True,True,True,0.0,0.0,0.0,0.08,0.08,0.0,0.48,0.48,0.0,0.64,0.64,0.0,0.88,0.72,0.16,0.92,0.72,0.2,reasoning_E,E,HQ + E,repeat_01_fold_01,1,1
persistence_score,hq,0.92,0.68,0.24,0.7391304347826088,False,positive,3.0,25,6,True,True,True,0.0,0.0,0.0,0.0,0.0,0.0,0.12,0.12,0.0,0.48,0.48,0.0,0.8,0.64,0.16,0.92,0.68,0.24,reasoning_E,E,HQ + E,repeat_01_fold_01,1,1
stem_flag,hq,0.92,0.68,0.24,0.7391304347826088,False,positive,3.0,25,6,True,True,True,0.0,0.0,0.0,0.0,0.0,0.0,0.24,0.16,0.08,0.68,0.52,0.16,0.84,0.64,0.2,0.92,0.68,0.24,reasoning_E,E,HQ + E,repeat_01_fold_01,1,1
prestige_x_relevance,hq,0.88,0.56,0.32,0.6363636363636365,False,positive,3.0,25,6,True,True,False,0.0,0.0,0.0,0.36,0.36,0.0,0.56,0.56,0.0,0.52,0.48,0.04,0.76,0.52,0.24,0.88,0.56,0.32,reasoning_E,E,HQ + E,repeat_01_fold_01,1,1
sacrifice_x_serial,hq,0.84,0.68,0.16,0.8095238095238096,False,positive,3.0,25,6,True,True,False,0.0,0.0,0.0,0.0,0.0,0.0,0.08,0.08,0.0,0.48,0.44,0.04,0.72,0.6,0.12,0.84,0.68,0.16,reasoning_E,E,HQ + E,repeat_01_fold_01,1,1
exit_count,hq,0.76,0.76,0.0,1.0,True,positive,3.0,25,6,True,False,False,0.0,0.0,0.0,0.48,0.48,0.0,0.72,0.72,0.0,0.68,0.68,0.0,0.72,0.72,0.0,0.76,0.76,0.0,reasoning_E,E,HQ + E,repeat_01_fold_01,1,1
has_prior_acquisition,hq,0.68,0.6,0.08,0.8823529411764705,False,positive,3.0,25,6,True,False,False,0.0,0.0,0.0,0.36,0.36,0.0,0.52,0.52,0.0,0.6,0.6,0.0,0.64,0.6,0.04,0.68,0.6,0.08,reasoning_E,E,HQ + E,repeat_01_fold_01,1,1
has_prior_ipo,hq,0.56,0.4,0.16,0.7142857142857143,False,positive,1.0,25,6,False,False,False,0.0,0.0,0.0,0.04,0.04,0.0,0.36,0.32,0.04,0.48,0.4,0.08,0.56,0.4,0.16,0.56,0.4,0.16,reasoning_E,E,HQ + E,repeat_01_fold_01,1,1
E_evidence_support_rating,reasoning,1.0,0.36,0.64,0.64,False,negative,3.0,25,6,True,True,True,0.0,0.0,0.0,0.0,0.0,0.0,0.2,0.2,0.0,0.36,0.32,0.04,0.72,0.32,0.4,1.0,0.36,0.64,reasoning_E,E,HQ + E,repeat_01_fold_01,1,1
E_hidden_risk,reasoning,0.96,0.56,0.4,0.5833333333333334,False,positive,3.0,25,6,True,True,True,0.0,0.0,0.0,0.0,0.0,0.0,0.2,0.0,0.2,0.52,0.24,0.28,0.84,0.48,0.36,0.96,0.56,0.4,reasoning_E,E,HQ + E,repeat_01_fold_01,1,1
E_hidden_upside,reasoning,0.96,0.72,0.24,0.75,False,positive,3.0,25,6,True,True,True,0.0,0.0,0.0,0.0,0.0,0.0,0.24,0.24,0.0,0.44,0.44,0.0,0.8,0.64,0.16,0.96,0.72,0.24,reasoning_E,E,HQ + E,repeat_01_fold_01,1,1
best_degree_prestige,hq,1.0,1.0,0.0,1.0,True,positive,0.1,25,6,True,True,True,0.0,0.0,0.0,0.96,0.96,0.0,1.0,1.0,0.0,1.0,1.0,0.0,1.0,1.0,0.0,1.0,1.0,0.0,reasoning_F,F,HQ + F,repeat_01_fold_01,1,1
edu_prestige_tier,hq,1.0,1.0,0.0,1.0,True,positive,0.1,25,6,True,True,True,0.0,0.0,0.0,0.96,0.96,0.0,1.0,1.0,0.0,1.0,1.0,0.0,1.0,1.0,0.0,1.0,1.0,0.0,reasoning_F,F,HQ + F,repeat_01_fold_01,1,1
industry_alignment,hq,1.0,1.0,0.0,1.0,True,positive,0.3,25,6,True,True,True,0.0,0.0,0.0,0.2,0.2,0.0,0.92,0.92,0.0,1.0,1.0,0.0,1.0,1.0,0.0,1.0,1.0,0.0,reasoning_F,F,HQ + F,repeat_01_fold_01,1,1
industry_prestige_penalty,hq,1.0,0.6,0.4,0.6,False,positive,1.0,25,6,True,True,True,0.0,0.0,0.0,0.0,0.0,0.0,0.48,0.48,0.0,0.8,0.6,0.2,1.0,0.6,0.4,1.0,0.6,0.4,reasoning_F,F,HQ + F,repeat_01_fold_01,1,1
longest_founding_tenure,hq,1.0,0.08,0.92,0.92,True,negative,3.0,25,6,True,True,True,0.0,0.0,0.0,0.0,0.0,0.0,0.8,0.0,0.8,0.92,0.0,0.92,0.92,0.0,0.92,1.0,0.08,0.92,reasoning_F,F,HQ + F,repeat_01_fold_01,1,1
max_seniority_reached,hq,1.0,0.92,0.08,0.92,True,positive,3.0,25,6,True,True,True,0.0,0.0,0.0,0.0,0.0,0.0,0.8,0.8,0.0,0.92,0.92,0.0,0.96,0.92,0.04,1.0,0.92,0.08,reasoning_F,F,HQ + F,repeat_01_fold_01,1,1
restlessness_score,hq,1.0,0.0,1.0,1.0,True,negative,1.0,25,6,True,True,True,0.0,0.0,0.0,0.0,0.0,0.0,0.64,0.0,0.64,0.96,0.0,0.96,1.0,0.0,1.0,1.0,0.0,1.0,reasoning_F,F,HQ + F,repeat_01_fold_01,1,1
sacrifice_x_serial,hq,1.0,0.76,0.24,0.76,False,positive,3.0,25,6,True,True,True,0.0,0.0,0.0,0.0,0.0,0.0,0.08,0.08,0.0,0.48,0.4,0.08,0.8,0.64,0.16,1.0,0.76,0.24,reasoning_F,F,HQ + F,repeat_01_fold_01,1,1
years_in_large_company,hq,1.0,0.96,0.04,0.96,True,positive,3.0,25,6,True,True,True,0.0,0.0,0.0,0.04,0.04,0.0,0.6,0.6,0.0,0.92,0.92,0.0,0.96,0.92,0.04,1.0,0.96,0.04,reasoning_F,F,HQ + F,repeat_01_fold_01,1,1
exit_x_serial,hq,0.96,0.32,0.64,0.6666666666666667,False,negative,3.0,25,6,True,True,True,0.0,0.0,0.0,0.24,0.24,0.0,0.36,0.36,0.0,0.64,0.4,0.24,0.92,0.36,0.56,0.96,0.32,0.64,reasoning_F,F,HQ + F,repeat_01_fold_01,1,1
founding_role_count,hq,0.96,0.88,0.08,0.9166666666666667,True,positive,3.0,25,6,True,True,True,0.0,0.0,0.0,0.0,0.0,0.0,0.04,0.0,0.04,0.56,0.48,0.08,0.88,0.8,0.08,0.96,0.88,0.08,reasoning_F,F,HQ + F,repeat_01_fold_01,1,1
founding_timing,hq,0.96,0.48,0.48,0.5,False,positive,3.0,25,6,True,True,True,0.0,0.0,0.0,0.0,0.0,0.0,0.08,0.0,0.08,0.44,0.04,0.4,0.84,0.36,0.48,0.96,0.48,0.48,reasoning_F,F,HQ + F,repeat_01_fold_01,1,1
industry_pivot_count,hq,0.96,0.44,0.52,0.5416666666666667,False,negative,3.0,25,6,True,True,True,0.0,0.0,0.0,0.0,0.0,0.0,0.12,0.0,0.12,0.64,0.2,0.44,0.88,0.36,0.52,0.96,0.44,0.52,reasoning_F,F,HQ + F,repeat_01_fold_01,1,1
is_serial_founder,hq,0.96,0.08,0.88,0.9166666666666667,True,negative,1.0,25,6,True,True,True,0.0,0.0,0.0,0.0,0.0,0.0,0.24,0.0,0.24,0.64,0.0,0.64,0.96,0.08,0.88,0.96,0.08,0.88,reasoning_F,F,HQ + F,repeat_01_fold_01,1,1
max_company_size_before_founding,hq,0.96,0.8,0.16,0.8333333333333334,False,positive,3.0,25,6,True,True,True,0.0,0.0,0.0,0.04,0.04,0.0,0.4,0.4,0.0,0.68,0.68,0.0,0.76,0.72,0.04,0.96,0.8,0.16,reasoning_F,F,HQ + F,repeat_01_fold_01,1,1
repeat_founding_gap,hq,0.96,0.6,0.36,0.625,False,positive,3.0,25,6,True,True,True,0.0,0.0,0.0,0.0,0.0,0.0,0.16,0.04,0.12,0.48,0.16,0.32,0.88,0.56,0.32,0.96,0.6,0.36,reasoning_F,F,HQ + F,repeat_01_fold_01,1,1
stem_flag,hq,0.96,0.72,0.24,0.75,False,positive,3.0,25,6,True,True,True,0.0,0.0,0.0,0.0,0.0,0.0,0.2,0.16,0.04,0.56,0.4,0.16,0.76,0.56,0.2,0.96,0.72,0.24,reasoning_F,F,HQ + F,repeat_01_fold_01,1,1
comfort_index,hq,0.92,0.72,0.2,0.7826086956521738,False,positive,3.0,25,6,True,True,True,0.0,0.0,0.0,0.0,0.0,0.0,0.6,0.6,0.0,0.76,0.72,0.04,0.88,0.72,0.16,0.92,0.72,0.2,reasoning_F,F,HQ + F,repeat_01_fold_01,1,1
company_size_is_growing,hq,0.92,0.6,0.32,0.6521739130434782,False,positive,3.0,25,6,True,True,True,0.0,0.0,0.0,0.0,0.0,0.0,0.2,0.0,0.2,0.64,0.28,0.36,0.76,0.44,0.32,0.92,0.6,0.32,reasoning_F,F,HQ + F,repeat_01_fold_01,1,1
degree_level,hq,0.92,0.2,0.72,0.7826086956521738,False,negative,3.0,25,6,True,True,True,0.0,0.0,0.0,0.0,0.0,0.0,0.16,0.08,0.08,0.56,0.12,0.44,0.88,0.24,0.64,0.92,0.2,0.72,reasoning_F,F,HQ + F,repeat_01_fold_01,1,1
field_relevance_score,hq,0.92,0.36,0.56,0.6086956521739131,False,negative,3.0,25,6,True,True,True,0.0,0.0,0.0,0.0,0.0,0.0,0.04,0.04,0.0,0.4,0.08,0.32,0.76,0.16,0.6,0.92,0.36,0.56,reasoning_F,F,HQ + F,repeat_01_fold_01,1,1
prestige_x_relevance,hq,0.92,0.28,0.64,0.6956521739130435,False,negative,3.0,25,6,True,True,True,0.0,0.0,0.0,0.12,0.12,0.0,0.28,0.28,0.0,0.32,0.2,0.12,0.72,0.28,0.44,0.92,0.28,0.64,reasoning_F,F,HQ + F,repeat_01_fold_01,1,1
total_inferred_experience,hq,0.92,0.0,0.92,1.0,True,negative,0.3,25,6,True,True,True,0.0,0.0,0.0,0.0,0.0,0.0,0.88,0.0,0.88,0.92,0.0,0.92,0.84,0.0,0.84,0.88,0.04,0.84,reasoning_F,F,HQ + F,repeat_01_fold_01,1,1
prestige_sacrifice_score,hq,0.88,0.76,0.12,0.8636363636363636,False,positive,3.0,25,6,True,True,False,0.0,0.0,0.0,0.08,0.08,0.0,0.72,0.72,0.0,0.72,0.72,0.0,0.8,0.76,0.04,0.88,0.76,0.12,reasoning_F,F,HQ + F,repeat_01_fold_01,1,1
seniority_is_monotone,hq,0.88,0.08,0.8,0.9090909090909092,True,negative,3.0,25,6,True,True,False,0.0,0.0,0.0,0.0,0.0,0.0,0.4,0.0,0.4,0.76,0.08,0.68,0.84,0.08,0.76,0.88,0.08,0.8,reasoning_F,F,HQ + F,repeat_01_fold_01,1,1
persistence_score,hq,0.84,0.6,0.24,0.7142857142857143,False,positive,3.0,25,6,True,True,False,0.0,0.0,0.0,0.0,0.0,0.0,0.0,0.0,0.0,0.48,0.44,0.04,0.76,0.56,0.2,0.84,0.6,0.24,reasoning_F,F,HQ + F,repeat_01_fold_01,1,1
exit_count,hq,0.76,0.76,0.0,1.0,True,positive,3.0,25,6,True,False,False,0.0,0.0,0.0,0.52,0.52,0.0,0.68,0.68,0.0,0.72,0.72,0.0,0.72,0.72,0.0,0.76,0.76,0.0,reasoning_F,F,HQ + F,repeat_01_fold_01,1,1
has_prior_acquisition,hq,0.76,0.76,0.0,1.0,True,positive,3.0,25,6,True,False,False,0.0,0.0,0.0,0.36,0.36,0.0,0.56,0.56,0.0,0.72,0.72,0.0,0.72,0.72,0.0,0.76,0.76,0.0,reasoning_F,F,HQ + F,repeat_01_fold_01,1,1
has_prior_ipo,hq,0.68,0.44,0.24,0.6470588235294117,False,positive,3.0,25,6,True,False,False,0.0,0.0,0.0,0.04,0.04,0.0,0.2,0.12,0.08,0.48,0.24,0.24,0.52,0.28,0.24,0.68,0.44,0.24,reasoning_F,F,HQ + F,repeat_01_fold_01,1,1
F_career_coherence,reasoning,1.0,0.0,1.0,1.0,True,negative,0.3,25,6,True,True,True,0.0,0.0,0.0,0.0,0.0,0.0,0.36,0.0,0.36,1.0,0.0,1.0,1.0,0.0,1.0,1.0,0.0,1.0,reasoning_F,F,HQ + F,repeat_01_fold_01,1,1
F_evidence_support_rating,reasoning,1.0,1.0,0.0,1.0,True,positive,0.3,25,6,True,True,True,0.0,0.0,0.0,0.0,0.0,0.0,0.72,0.72,0.0,1.0,1.0,0.0,1.0,1.0,0.0,1.0,1.0,0.0,reasoning_F,F,HQ + F,repeat_01_fold_01,1,1
F_rubric_score,reasoning,1.0,0.0,1.0,1.0,True,negative,3.0,25,6,True,True,True,0.0,0.0,0.0,0.0,0.0,0.0,0.0,0.0,0.0,0.04,0.0,0.04,0.56,0.0,0.56,1.0,0.0,1.0,reasoning_F,F,HQ + F,repeat_01_fold_01,1,1
F_trajectory_strength,reasoning,1.0,1.0,0.0,1.0,True,positive,3.0,25,6,True,True,True,0.0,0.0,0.0,0.0,0.0,0.0,0.0,0.0,0.0,0.08,0.08,0.0,0.96,0.96,0.0,1.0,1.0,0.0,reasoning_F,F,HQ + F,repeat_01_fold_01,1,1
F_ownership_signal,reasoning,0.84,0.64,0.2,0.761904761904762,False,positive,3.0,25,6,True,True,False,0.0,0.0,0.0,0.0,0.0,0.0,0.0,0.0,0.0,0.04,0.04,0.0,0.52,0.36,0.16,0.84,0.64,0.2,reasoning_F,F,HQ + F,repeat_01_fold_01,1,1
F_scrappiness,reasoning,0.76,0.44,0.32,0.5789473684210527,False,positive,3.0,25,6,True,False,False,0.0,0.0,0.0,0.0,0.0,0.0,0.0,0.0,0.0,0.08,0.04,0.04,0.64,0.32,0.32,0.76,0.44,0.32,reasoning_F,F,HQ + F,repeat_01_fold_01,1,1
best_degree_prestige,hq,1.0,0.96,0.04,0.96,True,positive,3.0,25,6,True,True,True,0.0,0.0,0.0,0.92,0.92,0.0,0.96,0.96,0.0,0.96,0.96,0.0,0.96,0.96,0.0,1.0,0.96,0.04,reasoning_A,A,HQ + A,repeat_01_fold_02,1,2
comfort_index,hq,1.0,0.96,0.04,0.96,True,positive,1.0,25,6,True,True,True,0.0,0.0,0.0,0.12,0.12,0.0,0.68,0.68,0.0,0.92,0.88,0.04,1.0,0.96,0.04,1.0,0.96,0.04,reasoning_A,A,HQ + A,repeat_01_fold_02,1,2
degree_level,hq,1.0,0.16,0.84,0.84,False,negative,3.0,25,6,True,True,True,0.0,0.0,0.0,0.0,0.0,0.0,0.36,0.08,0.28,0.88,0.16,0.72,0.96,0.16,0.8,1.0,0.16,0.84,reasoning_A,A,HQ + A,repeat_01_fold_02,1,2
edu_prestige_tier,hq,1.0,0.96,0.04,0.96,True,positive,3.0,25,6,True,True,True,0.0,0.0,0.0,0.92,0.92,0.0,0.96,0.96,0.0,0.96,0.96,0.0,0.96,0.96,0.0,1.0,0.96,0.04,reasoning_A,A,HQ + A,repeat_01_fold_02,1,2
industry_alignment,hq,1.0,1.0,0.0,1.0,True,positive,0.1,25,6,True,True,True,0.0,0.0,0.0,0.44,0.44,0.0,1.0,1.0,0.0,1.0,1.0,0.0,1.0,1.0,0.0,1.0,1.0,0.0,reasoning_A,A,HQ + A,repeat_01_fold_02,1,2
industry_prestige_penalty,hq,1.0,1.0,0.0,1.0,True,positive,0.3,25,6,True,True,True,0.0,0.0,0.0,0.56,0.56,0.0,0.92,0.92,0.0,1.0,1.0,0.0,1.0,1.0,0.0,1.0,1.0,0.0,reasoning_A,A,HQ + A,repeat_01_fold_02,1,2
max_seniority_reached,hq,1.0,1.0,0.0,1.0,True,positive,0.3,25,6,True,True,True,0.0,0.0,0.0,0.0,0.0,0.0,0.68,0.68,0.0,1.0,1.0,0.0,1.0,1.0,0.0,1.0,1.0,0.0,reasoning_A,A,HQ + A,repeat_01_fold_02,1,2
prestige_sacrifice_score,hq,1.0,1.0,0.0,1.0,True,positive,0.3,25,6,True,True,True,0.0,0.0,0.0,0.56,0.56,0.0,0.96,0.96,0.0,1.0,1.0,0.0,0.92,0.92,0.0,0.96,0.88,0.08,reasoning_A,A,HQ + A,repeat_01_fold_02,1,2
seniority_is_monotone,hq,1.0,0.8,0.2,0.8,False,positive,1.0,25,6,True,True,True,0.0,0.0,0.0,0.0,0.0,0.0,0.32,0.28,0.04,0.84,0.76,0.08,1.0,0.8,0.2,1.0,0.8,0.2,reasoning_A,A,HQ + A,repeat_01_fold_02,1,2
stem_flag,hq,1.0,0.48,0.52,0.52,False,negative,3.0,25,6,True,True,True,0.0,0.0,0.0,0.0,0.0,0.0,0.0,0.0,0.0,0.44,0.24,0.2,0.8,0.36,0.44,1.0,0.48,0.52,reasoning_A,A,HQ + A,repeat_01_fold_02,1,2
company_size_is_growing,hq,0.96,0.36,0.6,0.625,False,negative,3.0,25,6,True,True,True,0.0,0.0,0.0,0.0,0.0,0.0,0.04,0.0,0.04,0.56,0.16,0.4,0.88,0.28,0.6,0.96,0.36,0.6,reasoning_A,A,HQ + A,repeat_01_fold_02,1,2
founding_role_count,hq,0.96,0.08,0.88,0.9166666666666667,True,negative,1.0,25,6,True,True,True,0.0,0.0,0.0,0.0,0.0,0.0,0.32,0.0,0.32,0.8,0.0,0.8,0.96,0.08,0.88,0.96,0.08,0.88,reasoning_A,A,HQ + A,repeat_01_fold_02,1,2
is_serial_founder,hq,0.96,0.04,0.92,0.9583333333333334,True,negative,3.0,25,6,True,True,True,0.0,0.0,0.0,0.0,0.0,0.0,0.08,0.0,0.08,0.52,0.0,0.52,0.84,0.0,0.84,0.96,0.04,0.92,reasoning_A,A,HQ + A,repeat_01_fold_02,1,2
longest_founding_tenure,hq,0.96,0.24,0.72,0.75,False,negative,3.0,25,6,True,True,True,0.0,0.0,0.0,0.0,0.0,0.0,0.76,0.0,0.76,0.92,0.0,0.92,0.84,0.04,0.8,0.96,0.24,0.72,reasoning_A,A,HQ + A,repeat_01_fold_02,1,2
persistence_score,hq,0.96,0.56,0.4,0.5833333333333334,False,positive,3.0,25,6,True,True,True,0.0,0.0,0.0,0.0,0.0,0.0,0.0,0.0,0.0,0.4,0.32,0.08,0.88,0.56,0.32,0.96,0.56,0.4,reasoning_A,A,HQ + A,repeat_01_fold_02,1,2
prestige_x_relevance,hq,0.96,0.44,0.52,0.5416666666666667,False,negative,3.0,25,6,True,True,True,0.0,0.0,0.0,0.48,0.48,0.0,0.56,0.56,0.0,0.48,0.48,0.0,0.8,0.48,0.32,0.96,0.44,0.52,reasoning_A,A,HQ + A,repeat_01_fold_02,1,2
repeat_founding_gap,hq,0.96,0.76,0.2,0.7916666666666667,False,positive,3.0,25,6,True,True,True,0.0,0.0,0.0,0.0,0.0,0.0,0.4,0.4,0.0,0.64,0.6,0.04,0.88,0.76,0.12,0.96,0.76,0.2,reasoning_A,A,HQ + A,repeat_01_fold_02,1,2
sacrifice_x_serial,hq,0.96,0.92,0.04,0.9583333333333334,True,positive,3.0,25,6,True,True,True,0.0,0.0,0.0,0.0,0.0,0.0,0.0,0.0,0.0,0.24,0.24,0.0,0.92,0.88,0.04,0.96,0.92,0.04,reasoning_A,A,HQ + A,repeat_01_fold_02,1,2
total_inferred_experience,hq,0.96,0.04,0.92,0.9583333333333334,True,negative,3.0,25,6,True,True,True,0.0,0.0,0.0,0.0,0.0,0.0,0.64,0.0,0.64,0.92,0.0,0.92,0.88,0.0,0.88,0.96,0.04,0.92,reasoning_A,A,HQ + A,repeat_01_fold_02,1,2
years_in_large_company,hq,0.96,0.8,0.16,0.8333333333333334,False,positive,3.0,25,6,True,True,True,0.0,0.0,0.0,0.04,0.04,0.0,0.24,0.24,0.0,0.64,0.64,0.0,0.92,0.8,0.12,0.96,0.8,0.16,reasoning_A,A,HQ + A,repeat_01_fold_02,1,2
exit_x_serial,hq,0.92,0.64,0.28,0.6956521739130435,False,positive,3.0,25,6,True,True,True,0.0,0.0,0.0,0.32,0.32,0.0,0.4,0.4,0.0,0.68,0.6,0.08,0.84,0.64,0.2,0.92,0.64,0.28,reasoning_A,A,HQ + A,repeat_01_fold_02,1,2
founding_timing,hq,0.92,0.8,0.12,0.8695652173913043,False,positive,3.0,25,6,True,True,True,0.0,0.0,0.0,0.0,0.0,0.0,0.0,0.0,0.0,0.12,0.04,0.08,0.6,0.52,0.08,0.92,0.8,0.12,reasoning_A,A,HQ + A,repeat_01_fold_02,1,2
restlessness_score,hq,0.92,0.52,0.4,0.5652173913043478,False,positive,3.0,25,6,True,True,True,0.0,0.0,0.0,0.0,0.0,0.0,0.16,0.12,0.04,0.52,0.32,0.2,0.84,0.48,0.36,0.92,0.52,0.4,reasoning_A,A,HQ + A,repeat_01_fold_02,1,2
max_company_size_before_founding,hq,0.88,0.48,0.4,0.5454545454545454,False,positive,3.0,25,6,True,True,False,0.0,0.0,0.0,0.04,0.04,0.0,0.12,0.12,0.0,0.36,0.28,0.08,0.8,0.44,0.36,0.88,0.48,0.4,reasoning_A,A,HQ + A,repeat_01_fold_02,1,2
field_relevance_score,hq,0.84,0.6,0.24,0.7142857142857143,False,positive,3.0,25,6,True,True,False,0.0,0.0,0.0,0.0,0.0,0.0,0.0,0.0,0.0,0.2,0.12,0.08,0.64,0.44,0.2,0.84,0.6,0.24,reasoning_A,A,HQ + A,repeat_01_fold_02,1,2
has_prior_ipo,hq,0.84,0.8,0.04,0.9523809523809524,True,positive,3.0,25,6,True,True,False,0.0,0.0,0.0,0.48,0.48,0.0,0.72,0.72,0.0,0.8,0.76,0.04,0.8,0.76,0.04,0.84,0.8,0.04,reasoning_A,A,HQ + A,repeat_01_fold_02,1,2
industry_pivot_count,hq,0.8,0.2,0.6,0.7499999999999999,False,negative,3.0,25,6,True,True,False,0.0,0.0,0.0,0.0,0.0,0.0,0.24,0.0,0.24,0.6,0.08,0.52,0.72,0.16,0.56,0.8,0.2,0.6,reasoning_A,A,HQ + A,repeat_01_fold_02,1,2
exit_count,hq,0.76,0.76,0.0,1.0,True,positive,0.1,25,6,True,False,False,0.0,0.0,0.0,0.48,0.48,0.0,0.76,0.76,0.0,0.76,0.76,0.0,0.72,0.72,0.0,0.76,0.72,0.04,reasoning_A,A,HQ + A,repeat_01_fold_02,1,2
has_prior_acquisition,hq,0.56,0.32,0.24,0.5714285714285714,False,positive,3.0,25,6,False,False,False,0.0,0.0,0.0,0.04,0.04,0.0,0.12,0.12,0.0,0.16,0.12,0.04,0.36,0.2,0.16,0.56,0.32,0.24,reasoning_A,A,HQ + A,repeat_01_fold_02,1,2
A_evidence_support_rating,reasoning,1.0,1.0,0.0,1.0,True,positive,0.1,25,6,True,True,True,0.0,0.0,0.0,0.96,0.96,0.0,1.0,1.0,0.0,1.0,1.0,0.0,1.0,1.0,0.0,1.0,1.0,0.0,reasoning_A,A,HQ + A,repeat_01_fold_02,1,2
A_scrappiness,reasoning,1.0,0.0,1.0,1.0,True,negative,0.1,25,6,True,True,True,0.0,0.0,0.0,0.32,0.0,0.32,1.0,0.0,1.0,1.0,0.0,1.0,1.0,0.0,1.0,1.0,0.0,1.0,reasoning_A,A,HQ + A,repeat_01_fold_02,1,2
A_trajectory_strength,reasoning,0.96,0.24,0.72,0.75,False,negative,3.0,25,6,True,True,True,0.0,0.0,0.0,0.0,0.0,0.0,0.28,0.0,0.28,0.64,0.0,0.64,0.92,0.2,0.72,0.96,0.24,0.72,reasoning_A,A,HQ + A,repeat_01_fold_02,1,2
A_career_coherence,reasoning,0.92,0.08,0.84,0.9130434782608695,True,negative,3.0,25,6,True,True,True,0.0,0.0,0.0,0.0,0.0,0.0,0.08,0.0,0.08,0.64,0.04,0.6,0.88,0.08,0.8,0.92,0.08,0.84,reasoning_A,A,HQ + A,repeat_01_fold_02,1,2
A_ownership_signal,reasoning,0.92,0.36,0.56,0.6086956521739131,False,negative,3.0,25,6,True,True,True,0.0,0.0,0.0,0.12,0.0,0.12,0.6,0.0,0.6,0.56,0.0,0.56,0.8,0.24,0.56,0.92,0.36,0.56,reasoning_A,A,HQ + A,repeat_01_fold_02,1,2
best_degree_prestige,hq,1.0,1.0,0.0,1.0,True,positive,0.1,25,6,True,True,True,0.0,0.0,0.0,0.72,0.72,0.0,1.0,1.0,0.0,1.0,1.0,0.0,0.96,0.96,0.0,1.0,0.96,0.04,reasoning_B,B,HQ + B,repeat_01_fold_02,1,2
degree_level,hq,1.0,0.32,0.68,0.68,False,negative,3.0,25,6,True,True,True,0.0,0.0,0.0,0.0,0.0,0.0,0.08,0.0,0.08,0.64,0.0,0.64,0.8,0.12,0.68,1.0,0.32,0.68,reasoning_B,B,HQ + B,repeat_01_fold_02,1,2
edu_prestige_tier,hq,1.0,1.0,0.0,1.0,True,positive,0.1,25,6,True,True,True,0.0,0.0,0.0,0.72,0.72,0.0,1.0,1.0,0.0,1.0,1.0,0.0,0.96,0.96,0.0,1.0,0.96,0.04,reasoning_B,B,HQ + B,repeat_01_fold_02,1,2
exit_x_serial,hq,1.0,0.76,0.24,0.76,False,positive,3.0,25,6,True,True,True,0.0,0.0,0.0,0.4,0.4,0.0,0.52,0.52,0.0,0.76,0.68,0.08,0.92,0.72,0.2,1.0,0.76,0.24,reasoning_B,B,HQ + B,repeat_01_fold_02,1,2
field_relevance_score,hq,1.0,0.44,0.56,0.56,False,negative,3.0,25,6,True,True,True,0.0,0.0,0.0,0.0,0.0,0.0,0.08,0.0,0.08,0.48,0.08,0.4,0.84,0.32,0.52,1.0,0.44,0.56,reasoning_B,B,HQ + B,repeat_01_fold_02,1,2
industry_alignment,hq,1.0,1.0,0.0,1.0,True,positive,0.1,25,6,True,True,True,0.0,0.0,0.0,0.6,0.6,0.0,1.0,1.0,0.0,1.0,1.0,0.0,1.0,1.0,0.0,1.0,1.0,0.0,reasoning_B,B,HQ + B,repeat_01_fold_02,1,2
industry_prestige_penalty,hq,1.0,1.0,0.0,1.0,True,positive,0.1,25,6,True,True,True,0.0,0.0,0.0,0.76,0.76,0.0,1.0,1.0,0.0,1.0,1.0,0.0,1.0,1.0,0.0,1.0,1.0,0.0,reasoning_B,B,HQ + B,repeat_01_fold_02,1,2
max_seniority_reached,hq,1.0,1.0,0.0,1.0,True,positive,0.3,25,6,True,True,True,0.0,0.0,0.0,0.0,0.0,0.0,0.52,0.52,0.0,1.0,1.0,0.0,0.96,0.96,0.0,1.0,0.96,0.04,reasoning_B,B,HQ + B,repeat_01_fold_02,1,2
persistence_score,hq,1.0,0.56,0.44,0.56,False,positive,3.0,25,6,True,True,True,0.0,0.0,0.0,0.0,0.0,0.0,0.12,0.08,0.04,0.48,0.36,0.12,0.72,0.52,0.2,1.0,0.56,0.44,reasoning_B,B,HQ + B,repeat_01_fold_02,1,2
prestige_sacrifice_score,hq,1.0,1.0,0.0,1.0,True,positive,0.1,25,6,True,True,True,0.0,0.0,0.0,0.64,0.64,0.0,1.0,1.0,0.0,1.0,1.0,0.0,1.0,1.0,0.0,1.0,1.0,0.0,reasoning_B,B,HQ + B,repeat_01_fold_02,1,2
repeat_founding_gap,hq,1.0,0.84,0.16,0.84,False,positive,1.0,25,6,True,True,True,0.0,0.0,0.0,0.0,0.0,0.0,0.44,0.44,0.0,0.88,0.76,0.12,1.0,0.84,0.16,1.0,0.84,0.16,reasoning_B,B,HQ + B,repeat_01_fold_02,1,2
seniority_is_monotone,hq,1.0,0.84,0.16,0.84,False,positive,1.0,25,6,True,True,True,0.0,0.0,0.0,0.0,0.0,0.0,0.2,0.2,0.0,0.72,0.64,0.08,1.0,0.84,0.16,1.0,0.84,0.16,reasoning_B,B,HQ + B,repeat_01_fold_02,1,2
total_inferred_experience,hq,1.0,0.08,0.92,0.92,True,negative,3.0,25,6,True,True,True,0.0,0.0,0.0,0.0,0.0,0.0,0.8,0.0,0.8,0.96,0.0,0.96,0.92,0.0,0.92,1.0,0.08,0.92,reasoning_B,B,HQ + B,repeat_01_fold_02,1,2
comfort_index,hq,0.96,0.88,0.08,0.9166666666666667,True,positive,1.0,25,6,True,True,True,0.0,0.0,0.0,0.04,0.04,0.0,0.8,0.76,0.04,0.92,0.88,0.04,0.96,0.88,0.08,0.96,0.88,0.08,reasoning_B,B,HQ + B,repeat_01_fold_02,1,2
company_size_is_growing,hq,0.96,0.64,0.32,0.6666666666666667,False,positive,3.0,25,6,True,True,True,0.0,0.0,0.0,0.0,0.0,0.0,0.12,0.12,0.0,0.56,0.48,0.08,0.92,0.6,0.32,0.96,0.64,0.32,reasoning_B,B,HQ + B,repeat_01_fold_02,1,2
is_serial_founder,hq,0.96,0.12,0.84,0.875,False,negative,1.0,25,6,True,True,True,0.0,0.0,0.0,0.0,0.0,0.0,0.4,0.0,0.4,0.76,0.0,0.76,0.96,0.12,0.84,0.96,0.12,0.84,reasoning_B,B,HQ + B,repeat_01_fold_02,1,2
longest_founding_tenure,hq,0.96,0.2,0.76,0.7916666666666667,False,negative,1.0,25,6,True,True,True,0.0,0.0,0.0,0.0,0.0,0.0,0.68,0.0,0.68,0.72,0.0,0.72,0.96,0.2,0.76,0.96,0.24,0.72,reasoning_B,B,HQ + B,repeat_01_fold_02,1,2
restlessness_score,hq,0.96,0.44,0.52,0.5416666666666667,False,negative,3.0,25,6,True,True,True,0.0,0.0,0.0,0.0,0.0,0.0,0.16,0.04,0.12,0.68,0.32,0.36,0.88,0.4,0.48,0.96,0.44,0.52,reasoning_B,B,HQ + B,repeat_01_fold_02,1,2
founding_timing,hq,0.92,0.52,0.4,0.5652173913043478,False,positive,3.0,25,6,True,True,True,0.0,0.0,0.0,0.0,0.0,0.0,0.0,0.0,0.0,0.2,0.0,0.2,0.56,0.2,0.36,0.92,0.52,0.4,reasoning_B,B,HQ + B,repeat_01_fold_02,1,2
industry_pivot_count,hq,0.92,0.12,0.8,0.8695652173913043,False,negative,1.0,25,6,True,True,True,0.0,0.0,0.0,0.0,0.0,0.0,0.36,0.0,0.36,0.8,0.0,0.8,0.92,0.12,0.8,0.92,0.16,0.76,reasoning_B,B,HQ + B,repeat_01_fold_02,1,2
prestige_x_relevance,hq,0.92,0.68,0.24,0.7391304347826088,False,positive,3.0,25,6,True,True,True,0.0,0.0,0.0,0.6,0.6,0.0,0.72,0.72,0.0,0.76,0.76,0.0,0.84,0.72,0.12,0.92,0.68,0.24,reasoning_B,B,HQ + B,repeat_01_fold_02,1,2
stem_flag,hq,0.92,0.4,0.52,0.5652173913043478,False,negative,3.0,25,6,True,True,True,0.0,0.0,0.0,0.0,0.0,0.0,0.16,0.04,0.12,0.48,0.12,0.36,0.8,0.32,0.48,0.92,0.4,0.52,reasoning_B,B,HQ + B,repeat_01_fold_02,1,2
years_in_large_company,hq,0.92,0.84,0.08,0.9130434782608695,True,positive,3.0,25,6,True,True,True,0.0,0.0,0.0,0.0,0.0,0.0,0.28,0.28,0.0,0.6,0.6,0.0,0.88,0.8,0.08,0.92,0.84,0.08,reasoning_B,B,HQ + B,repeat_01_fold_02,1,2
max_company_size_before_founding,hq,0.88,0.2,0.68,0.7727272727272728,False,negative,3.0,25,6,True,True,False,0.0,0.0,0.0,0.0,0.0,0.0,0.04,0.04,0.0,0.32,0.04,0.28,0.72,0.12,0.6,0.88,0.2,0.68,reasoning_B,B,HQ + B,repeat_01_fold_02,1,2
sacrifice_x_serial,hq,0.88,0.6,0.28,0.6818181818181818,False,positive,3.0,25,6,True,True,False,0.0,0.0,0.0,0.0,0.0,0.0,0.0,0.0,0.0,0.28,0.12,0.16,0.76,0.48,0.28,0.88,0.6,0.28,reasoning_B,B,HQ + B,repeat_01_fold_02,1,2
exit_count,hq,0.84,0.76,0.08,0.9047619047619048,True,positive,3.0,25,6,True,True,False,0.0,0.0,0.0,0.48,0.48,0.0,0.72,0.72,0.0,0.72,0.72,0.0,0.8,0.76,0.04,0.84,0.76,0.08,reasoning_B,B,HQ + B,repeat_01_fold_02,1,2
founding_role_count,hq,0.84,0.12,0.72,0.8571428571428571,False,negative,3.0,25,6,True,True,False,0.0,0.0,0.0,0.0,0.0,0.0,0.32,0.0,0.32,0.64,0.04,0.6,0.76,0.08,0.68,0.84,0.12,0.72,reasoning_B,B,HQ + B,repeat_01_fold_02,1,2
has_prior_ipo,hq,0.72,0.64,0.08,0.888888888888889,False,positive,0.3,25,6,True,False,False,0.0,0.0,0.0,0.48,0.48,0.0,0.64,0.64,0.0,0.72,0.64,0.08,0.72,0.64,0.08,0.72,0.64,0.08,reasoning_B,B,HQ + B,repeat_01_fold_02,1,2
has_prior_acquisition,hq,0.4,0.24,0.16,0.6,False,positive,1.0,25,6,False,False,False,0.0,0.0,0.0,0.04,0.04,0.0,0.16,0.16,0.0,0.32,0.24,0.08,0.4,0.24,0.16,0.4,0.24,0.16,reasoning_B,B,HQ + B,repeat_01_fold_02,1,2
B_evidence_support_rating,reasoning,1.0,0.96,0.04,0.96,True,positive,3.0,25,6,True,True,True,0.0,0.0,0.0,0.0,0.0,0.0,0.2,0.2,0.0,0.84,0.84,0.0,0.96,0.96,0.0,1.0,0.96,0.04,reasoning_B,B,HQ + B,repeat_01_fold_02,1,2
B_rubric_score,reasoning,1.0,0.08,0.92,0.92,True,negative,3.0,25,6,True,True,True,0.0,0.0,0.0,0.0,0.0,0.0,0.0,0.0,0.0,0.72,0.08,0.64,0.96,0.08,0.88,1.0,0.08,0.92,reasoning_B,B,HQ + B,repeat_01_fold_02,1,2
best_degree_prestige,hq,1.0,1.0,0.0,1.0,True,positive,0.1,25,6,True,True,True,0.0,0.0,0.0,0.8,0.8,0.0,1.0,1.0,0.0,1.0,1.0,0.0,0.96,0.96,0.0,1.0,0.96,0.04,reasoning_C,C,HQ + C,repeat_01_fold_02,1,2
comfort_index,hq,1.0,0.84,0.16,0.84,False,positive,1.0,25,6,True,True,True,0.0,0.0,0.0,0.12,0.12,0.0,0.64,0.64,0.0,0.88,0.8,0.08,1.0,0.84,0.16,1.0,0.84,0.16,reasoning_C,C,HQ + C,repeat_01_fold_02,1,2
degree_level,hq,1.0,0.08,0.92,0.92,True,negative,1.0,25,6,True,True,True,0.0,0.0,0.0,0.0,0.0,0.0,0.24,0.04,0.2,0.76,0.08,0.68,1.0,0.08,0.92,1.0,0.08,0.92,reasoning_C,C,HQ + C,repeat_01_fold_02,1,2
edu_prestige_tier,hq,1.0,1.0,0.0,1.0,True,positive,0.1,25,6,True,True,True,0.0,0.0,0.0,0.8,0.8,0.0,1.0,1.0,0.0,1.0,1.0,0.0,0.96,0.96,0.0,1.0,0.96,0.04,reasoning_C,C,HQ + C,repeat_01_fold_02,1,2
exit_x_serial,hq,1.0,0.6,0.4,0.6,False,positive,1.0,25,6,True,True,True,0.0,0.0,0.0,0.32,0.32,0.0,0.4,0.4,0.0,0.72,0.52,0.2,1.0,0.6,0.4,1.0,0.6,0.4,reasoning_C,C,HQ + C,repeat_01_fold_02,1,2
industry_alignment,hq,1.0,1.0,0.0,1.0,True,positive,0.1,25,6,True,True,True,0.0,0.0,0.0,0.68,0.68,0.0,1.0,1.0,0.0,1.0,1.0,0.0,1.0,1.0,0.0,1.0,1.0,0.0,reasoning_C,C,HQ + C,repeat_01_fold_02,1,2
industry_prestige_penalty,hq,1.0,0.96,0.04,0.96,True,positive,1.0,25,6,True,True,True,0.0,0.0,0.0,0.4,0.4,0.0,0.76,0.76,0.0,0.92,0.88,0.04,1.0,0.96,0.04,1.0,0.96,0.04,reasoning_C,C,HQ + C,repeat_01_fold_02,1,2
longest_founding_tenure,hq,1.0,0.4,0.6,0.6,False,negative,3.0,25,6,True,True,True,0.0,0.0,0.0,0.0,0.0,0.0,0.6,0.0,0.6,0.72,0.04,0.68,0.76,0.2,0.56,1.0,0.4,0.6,reasoning_C,C,HQ + C,repeat_01_fold_02,1,2
max_seniority_reached,hq,1.0,0.88,0.12,0.88,False,positive,3.0,25,6,True,True,True,0.0,0.0,0.0,0.0,0.0,0.0,0.4,0.4,0.0,0.84,0.84,0.0,0.92,0.88,0.04,1.0,0.88,0.12,reasoning_C,C,HQ + C,repeat_01_fold_02,1,2
prestige_sacrifice_score,hq,1.0,1.0,0.0,1.0,True,positive,0.1,25,6,True,True,True,0.0,0.0,0.0,0.6,0.6,0.0,1.0,1.0,0.0,0.96,0.96,0.0,1.0,0.96,0.04,1.0,0.96,0.04,reasoning_C,C,HQ + C,repeat_01_fold_02,1,2
prestige_x_relevance,hq,1.0,0.64,0.36,0.64,False,positive,3.0,25,6,True,True,True,0.0,0.0,0.0,0.48,0.48,0.0,0.48,0.48,0.0,0.68,0.56,0.12,0.84,0.64,0.2,1.0,0.64,0.36,reasoning_C,C,HQ + C,repeat_01_fold_02,1,2
total_inferred_experience,hq,1.0,0.0,1.0,1.0,True,negative,0.3,25,6,True,True,True,0.0,0.0,0.0,0.0,0.0,0.0,0.68,0.0,0.68,1.0,0.0,1.0,1.0,0.0,1.0,0.96,0.0,0.96,reasoning_C,C,HQ + C,repeat_01_fold_02,1,2
years_in_large_company,hq,1.0,0.96,0.04,0.96,True,positive,1.0,25,6,True,True,True,0.0,0.0,0.0,0.0,0.0,0.0,0.4,0.4,0.0,0.96,0.92,0.04,1.0,0.96,0.04,1.0,0.96,0.04,reasoning_C,C,HQ + C,repeat_01_fold_02,1,2
field_relevance_score,hq,0.96,0.36,0.6,0.625,False,negative,3.0,25,6,True,True,True,0.0,0.0,0.0,0.0,0.0,0.0,0.12,0.04,0.08,0.52,0.2,0.32,0.88,0.28,0.6,0.96,0.36,0.6,reasoning_C,C,HQ + C,repeat_01_fold_02,1,2
industry_pivot_count,hq,0.96,0.2,0.76,0.7916666666666667,False,negative,3.0,25,6,True,True,True,0.0,0.0,0.0,0.0,0.0,0.0,0.36,0.0,0.36,0.72,0.04,0.68,0.92,0.2,0.72,0.96,0.2,0.76,reasoning_C,C,HQ + C,repeat_01_fold_02,1,2
is_serial_founder,hq,0.96,0.28,0.68,0.7083333333333334,False,negative,3.0,25,6,True,True,True,0.0,0.0,0.0,0.0,0.0,0.0,0.32,0.0,0.32,0.6,0.0,0.6,0.72,0.12,0.6,0.96,0.28,0.68,reasoning_C,C,HQ + C,repeat_01_fold_02,1,2
repeat_founding_gap,hq,0.96,0.76,0.2,0.7916666666666667,False,positive,3.0,25,6,True,True,True,0.0,0.0,0.0,0.0,0.0,0.0,0.36,0.36,0.0,0.76,0.68,0.08,0.92,0.76,0.16,0.96,0.76,0.2,reasoning_C,C,HQ + C,repeat_01_fold_02,1,2
restlessness_score,hq,0.96,0.56,0.4,0.5833333333333334,False,positive,3.0,25,6,True,True,True,0.0,0.0,0.0,0.0,0.0,0.0,0.2,0.12,0.08,0.64,0.36,0.28,0.92,0.52,0.4,0.96,0.56,0.4,reasoning_C,C,HQ + C,repeat_01_fold_02,1,2
stem_flag,hq,0.96,0.6,0.36,0.625,False,positive,3.0,25,6,True,True,True,0.0,0.0,0.0,0.0,0.0,0.0,0.08,0.04,0.04,0.44,0.28,0.16,0.84,0.52,0.32,0.96,0.6,0.36,reasoning_C,C,HQ + C,repeat_01_fold_02,1,2
company_size_is_growing,hq,0.92,0.4,0.52,0.5652173913043478,False,negative,3.0,25,6,True,True,True,0.0,0.0,0.0,0.0,0.0,0.0,0.32,0.08,0.24,0.64,0.28,0.36,0.8,0.32,0.48,0.92,0.4,0.52,reasoning_C,C,HQ + C,repeat_01_fold_02,1,2
founding_role_count,hq,0.92,0.16,0.76,0.8260869565217391,False,negative,3.0,25,6,True,True,True,0.0,0.0,0.0,0.0,0.0,0.0,0.6,0.0,0.6,0.64,0.0,0.64,0.8,0.08,0.72,0.92,0.16,0.76,reasoning_C,C,HQ + C,repeat_01_fold_02,1,2
founding_timing,hq,0.92,0.76,0.16,0.8260869565217391,False,positive,3.0,25,6,True,True,True,0.0,0.0,0.0,0.0,0.0,0.0,0.0,0.0,0.0,0.08,0.0,0.08,0.48,0.36,0.12,0.92,0.76,0.16,reasoning_C,C,HQ + C,repeat_01_fold_02,1,2
max_company_size_before_founding,hq,0.92,0.2,0.72,0.7826086956521738,False,negative,3.0,25,6,True,True,True,0.0,0.0,0.0,0.0,0.0,0.0,0.08,0.08,0.0,0.4,0.12,0.28,0.72,0.16,0.56,0.92,0.2,0.72,reasoning_C,C,HQ + C,repeat_01_fold_02,1,2
seniority_is_monotone,hq,0.92,0.68,0.24,0.7391304347826088,False,positive,1.0,25,6,True,True,True,0.0,0.0,0.0,0.0,0.0,0.0,0.12,0.08,0.04,0.88,0.68,0.2,0.92,0.68,0.24,0.92,0.68,0.24,reasoning_C,C,HQ + C,repeat_01_fold_02,1,2
exit_count,hq,0.88,0.88,0.0,1.0,True,positive,1.0,25,6,True,True,False,0.0,0.0,0.0,0.6,0.6,0.0,0.84,0.84,0.0,0.84,0.84,0.0,0.88,0.88,0.0,0.88,0.88,0.0,reasoning_C,C,HQ + C,repeat_01_fold_02,1,2
has_prior_ipo,hq,0.88,0.88,0.0,1.0,True,positive,0.3,25,6,True,True,False,0.0,0.0,0.0,0.4,0.4,0.0,0.76,0.76,0.0,0.88,0.88,0.0,0.88,0.88,0.0,0.88,0.88,0.0,reasoning_C,C,HQ + C,repeat_01_fold_02,1,2
persistence_score,hq,0.88,0.52,0.36,0.5909090909090909,False,positive,3.0,25,6,True,True,False,0.0,0.0,0.0,0.0,0.0,0.0,0.08,0.04,0.04,0.48,0.36,0.12,0.72,0.48,0.24,0.88,0.52,0.36,reasoning_C,C,HQ + C,repeat_01_fold_02,1,2
sacrifice_x_serial,hq,0.84,0.56,0.28,0.6666666666666667,False,positive,3.0,25,6,True,True,False,0.0,0.0,0.0,0.0,0.0,0.0,0.04,0.04,0.0,0.44,0.32,0.12,0.72,0.52,0.2,0.84,0.56,0.28,reasoning_C,C,HQ + C,repeat_01_fold_02,1,2
has_prior_acquisition,hq,0.24,0.12,0.12,0.5,False,positive,3.0,25,6,False,False,False,0.0,0.0,0.0,0.0,0.0,0.0,0.12,0.12,0.0,0.12,0.12,0.0,0.2,0.12,0.08,0.24,0.12,0.12,reasoning_C,C,HQ + C,repeat_01_fold_02,1,2
C_latent_risk,reasoning,1.0,1.0,0.0,1.0,True,positive,3.0,25,6,True,True,True,0.0,0.0,0.0,0.0,0.0,0.0,0.52,0.52,0.0,0.92,0.92,0.0,0.96,0.96,0.0,1.0,1.0,0.0,reasoning_C,C,HQ + C,repeat_01_fold_02,1,2
C_latent_strength,reasoning,1.0,1.0,0.0,1.0,True,positive,1.0,25,6,True,True,True,0.0,0.0,0.0,0.0,0.0,0.0,0.2,0.2,0.0,0.84,0.84,0.0,1.0,1.0,0.0,1.0,1.0,0.0,reasoning_C,C,HQ + C,repeat_01_fold_02,1,2
C_evidence_support_rating,reasoning,0.88,0.4,0.48,0.5454545454545454,False,negative,3.0,25,6,True,True,False,0.0,0.0,0.0,0.0,0.0,0.0,0.0,0.0,0.0,0.28,0.16,0.12,0.68,0.32,0.36,0.88,0.4,0.48,reasoning_C,C,HQ + C,repeat_01_fold_02,1,2
best_degree_prestige,hq,1.0,1.0,0.0,1.0,True,positive,0.1,25,6,True,True,True,0.0,0.0,0.0,0.96,0.96,0.0,1.0,1.0,0.0,1.0,1.0,0.0,1.0,1.0,0.0,1.0,1.0,0.0,reasoning_D,D,HQ + D,repeat_01_fold_02,1,2
degree_level,hq,1.0,0.12,0.88,0.88,False,negative,3.0,25,6,True,True,True,0.0,0.0,0.0,0.0,0.0,0.0,0.12,0.0,0.12,0.72,0.04,0.68,0.92,0.08,0.84,1.0,0.12,0.88,reasoning_D,D,HQ + D,repeat_01_fold_02,1,2
edu_prestige_tier,hq,1.0,1.0,0.0,1.0,True,positive,0.1,25,6,True,True,True,0.0,0.0,0.0,0.96,0.96,0.0,1.0,1.0,0.0,1.0,1.0,0.0,1.0,1.0,0.0,1.0,1.0,0.0,reasoning_D,D,HQ + D,repeat_01_fold_02,1,2
founding_role_count,hq,1.0,0.16,0.84,0.84,False,negative,3.0,25,6,True,True,True,0.0,0.0,0.0,0.0,0.0,0.0,0.52,0.0,0.52,0.72,0.0,0.72,0.92,0.16,0.76,1.0,0.16,0.84,reasoning_D,D,HQ + D,repeat_01_fold_02,1,2
industry_alignment,hq,1.0,1.0,0.0,1.0,True,positive,0.1,25,6,True,True,True,0.0,0.0,0.0,0.68,0.68,0.0,1.0,1.0,0.0,1.0,1.0,0.0,1.0,1.0,0.0,1.0,1.0,0.0,reasoning_D,D,HQ + D,repeat_01_fold_02,1,2
industry_pivot_count,hq,1.0,0.0,1.0,1.0,True,negative,3.0,25,6,True,True,True,0.0,0.0,0.0,0.0,0.0,0.0,0.28,0.0,0.28,0.8,0.0,0.8,0.96,0.0,0.96,1.0,0.0,1.0,reasoning_D,D,HQ + D,repeat_01_fold_02,1,2
industry_prestige_penalty,hq,1.0,0.96,0.04,0.96,True,positive,1.0,25,6,True,True,True,0.0,0.0,0.0,0.4,0.4,0.0,0.92,0.92,0.0,0.96,0.96,0.0,1.0,0.96,0.04,1.0,0.96,0.04,reasoning_D,D,HQ + D,repeat_01_fold_02,1,2
longest_founding_tenure,hq,1.0,0.4,0.6,0.6,False,negative,3.0,25,6,True,True,True,0.0,0.0,0.0,0.0,0.0,0.0,0.52,0.0,0.52,0.8,0.08,0.72,0.72,0.12,0.6,1.0,0.4,0.6,reasoning_D,D,HQ + D,repeat_01_fold_02,1,2
max_seniority_reached,hq,1.0,0.96,0.04,0.96,True,positive,3.0,25,6,True,True,True,0.0,0.0,0.0,0.0,0.0,0.0,0.28,0.28,0.0,0.92,0.92,0.0,0.96,0.96,0.0,1.0,0.96,0.04,reasoning_D,D,HQ + D,repeat_01_fold_02,1,2
prestige_sacrifice_score,hq,1.0,1.0,0.0,1.0,True,positive,0.3,25,6,True,True,True,0.0,0.0,0.0,0.52,0.52,0.0,0.96,0.96,0.0,1.0,1.0,0.0,1.0,1.0,0.0,1.0,1.0,0.0,reasoning_D,D,HQ + D,repeat_01_fold_02,1,2
repeat_founding_gap,hq,1.0,0.84,0.16,0.84,False,positive,1.0,25,6,True,True,True,0.0,0.0,0.0,0.0,0.0,0.0,0.56,0.52,0.04,0.88,0.76,0.12,1.0,0.84,0.16,1.0,0.84,0.16,reasoning_D,D,HQ + D,repeat_01_fold_02,1,2
restlessness_score,hq,1.0,0.56,0.44,0.56,False,positive,3.0,25,6,True,True,True,0.0,0.0,0.0,0.04,0.04,0.0,0.16,0.08,0.08,0.44,0.24,0.2,0.88,0.56,0.32,1.0,0.56,0.44,reasoning_D,D,HQ + D,repeat_01_fold_02,1,2
sacrifice_x_serial,hq,1.0,0.76,0.24,0.76,False,positive,3.0,25,6,True,True,True,0.0,0.0,0.0,0.0,0.0,0.0,0.0,0.0,0.0,0.32,0.28,0.04,0.8,0.64,0.16,1.0,0.76,0.24,reasoning_D,D,HQ + D,repeat_01_fold_02,1,2
seniority_is_monotone,hq,1.0,0.92,0.08,0.92,True,positive,1.0,25,6,True,True,True,0.0,0.0,0.0,0.0,0.0,0.0,0.32,0.32,0.0,0.84,0.76,0.08,1.0,0.92,0.08,0.96,0.88,0.08,reasoning_D,D,HQ + D,repeat_01_fold_02,1,2
comfort_index,hq,0.96,0.8,0.16,0.8333333333333334,False,positive,1.0,25,6,True,True,True,0.0,0.0,0.0,0.04,0.04,0.0,0.48,0.48,0.0,0.84,0.76,0.08,0.96,0.8,0.16,0.96,0.8,0.16,reasoning_D,D,HQ + D,repeat_01_fold_02,1,2
company_size_is_growing,hq,0.96,0.64,0.32,0.6666666666666667,False,positive,3.0,25,6,True,True,True,0.0,0.0,0.0,0.0,0.0,0.0,0.08,0.0,0.08,0.64,0.4,0.24,0.88,0.56,0.32,0.96,0.64,0.32,reasoning_D,D,HQ + D,repeat_01_fold_02,1,2
field_relevance_score,hq,0.96,0.64,0.32,0.6666666666666667,False,positive,3.0,25,6,True,True,True,0.0,0.0,0.0,0.0,0.0,0.0,0.0,0.0,0.0,0.32,0.16,0.16,0.72,0.48,0.24,0.96,0.64,0.32,reasoning_D,D,HQ + D,repeat_01_fold_02,1,2
is_serial_founder,hq,0.96,0.16,0.8,0.8333333333333334,False,negative,1.0,25,6,True,True,True,0.0,0.0,0.0,0.0,0.0,0.0,0.32,0.0,0.32,0.68,0.0,0.68,0.96,0.16,0.8,0.96,0.16,0.8,reasoning_D,D,HQ + D,repeat_01_fold_02,1,2
total_inferred_experience,hq,0.96,0.0,0.96,1.0,True,negative,0.3,25,6,True,True,True,0.0,0.0,0.0,0.0,0.0,0.0,0.64,0.0,0.64,0.96,0.0,0.96,0.96,0.0,0.96,0.96,0.0,0.96,reasoning_D,D,HQ + D,repeat_01_fold_02,1,2
exit_x_serial,hq,0.92,0.56,0.36,0.6086956521739131,False,positive,1.0,25,6,True,True,True,0.0,0.0,0.0,0.2,0.2,0.0,0.28,0.28,0.0,0.8,0.48,0.32,0.92,0.56,0.36,0.88,0.48,0.4,reasoning_D,D,HQ + D,repeat_01_fold_02,1,2
max_company_size_before_founding,hq,0.92,0.4,0.52,0.5652173913043478,False,negative,3.0,25,6,True,True,True,0.0,0.0,0.0,0.08,0.08,0.0,0.12,0.12,0.0,0.36,0.24,0.12,0.76,0.32,0.44,0.92,0.4,0.52,reasoning_D,D,HQ + D,repeat_01_fold_02,1,2
persistence_score,hq,0.92,0.4,0.52,0.5652173913043478,False,negative,3.0,25,6,True,True,True,0.0,0.0,0.0,0.0,0.0,0.0,0.0,0.0,0.0,0.4,0.28,0.12,0.72,0.44,0.28,0.92,0.4,0.52,reasoning_D,D,HQ + D,repeat_01_fold_02,1,2
prestige_x_relevance,hq,0.92,0.52,0.4,0.5652173913043478,False,positive,3.0,25,6,True,True,True,0.0,0.0,0.0,0.48,0.48,0.0,0.56,0.56,0.0,0.56,0.56,0.0,0.76,0.52,0.24,0.92,0.52,0.4,reasoning_D,D,HQ + D,repeat_01_fold_02,1,2
stem_flag,hq,0.92,0.48,0.44,0.5217391304347826,False,positive,3.0,25,6,True,True,True,0.0,0.0,0.0,0.0,0.0,0.0,0.04,0.04,0.0,0.4,0.16,0.24,0.8,0.4,0.4,0.92,0.48,0.44,reasoning_D,D,HQ + D,repeat_01_fold_02,1,2
years_in_large_company,hq,0.92,0.76,0.16,0.8260869565217391,False,positive,3.0,25,6,True,True,True,0.0,0.0,0.0,0.0,0.0,0.0,0.24,0.24,0.0,0.6,0.56,0.04,0.88,0.76,0.12,0.92,0.76,0.16,reasoning_D,D,HQ + D,repeat_01_fold_02,1,2
exit_count,hq,0.88,0.88,0.0,1.0,True,positive,1.0,25,6,True,True,False,0.0,0.0,0.0,0.52,0.52,0.0,0.84,0.84,0.0,0.84,0.84,0.0,0.88,0.88,0.0,0.88,0.88,0.0,reasoning_D,D,HQ + D,repeat_01_fold_02,1,2
founding_timing,hq,0.84,0.56,0.28,0.6666666666666667,False,positive,3.0,25,6,True,True,False,0.0,0.0,0.0,0.0,0.0,0.0,0.0,0.0,0.0,0.16,0.04,0.12,0.68,0.36,0.32,0.84,0.56,0.28,reasoning_D,D,HQ + D,repeat_01_fold_02,1,2
has_prior_ipo,hq,0.84,0.8,0.04,0.9523809523809524,True,positive,3.0,25,6,True,True,False,0.0,0.0,0.0,0.28,0.28,0.0,0.76,0.76,0.0,0.76,0.76,0.0,0.8,0.8,0.0,0.84,0.8,0.04,reasoning_D,D,HQ + D,repeat_01_fold_02,1,2
has_prior_acquisition,hq,0.32,0.2,0.12,0.625,False,positive,1.0,25,6,False,False,False,0.0,0.0,0.0,0.08,0.08,0.0,0.12,0.12,0.0,0.16,0.16,0.0,0.32,0.2,0.12,0.32,0.2,0.12,reasoning_D,D,HQ + D,repeat_01_fold_02,1,2
D_evidence_support_rating,reasoning,1.0,0.0,1.0,1.0,True,negative,1.0,25,6,True,True,True,0.0,0.0,0.0,0.0,0.0,0.0,0.16,0.0,0.16,0.84,0.0,0.84,1.0,0.0,1.0,1.0,0.0,1.0,reasoning_D,D,HQ + D,repeat_01_fold_02,1,2
D_overall_founder_quality,reasoning,1.0,1.0,0.0,1.0,True,positive,0.3,25,6,True,True,True,0.0,0.0,0.0,0.0,0.0,0.0,0.76,0.76,0.0,1.0,1.0,0.0,1.0,1.0,0.0,1.0,1.0,0.0,reasoning_D,D,HQ + D,repeat_01_fold_02,1,2
comfort_index,hq,1.0,0.84,0.16,0.84,False,positive,1.0,25,6,True,True,True,0.0,0.0,0.0,0.04,0.04,0.0,0.68,0.68,0.0,0.88,0.76,0.12,1.0,0.84,0.16,1.0,0.84,0.16,reasoning_E,E,HQ + E,repeat_01_fold_02,1,2
degree_level,hq,1.0,0.04,0.96,0.96,True,negative,3.0,25,6,True,True,True,0.0,0.0,0.0,0.0,0.0,0.0,0.12,0.0,0.12,0.64,0.0,0.64,0.92,0.0,0.92,1.0,0.04,0.96,reasoning_E,E,HQ + E,repeat_01_fold_02,1,2
industry_alignment,hq,1.0,1.0,0.0,1.0,True,positive,0.1,25,6,True,True,True,0.0,0.0,0.0,0.4,0.4,0.0,1.0,1.0,0.0,1.0,1.0,0.0,1.0,1.0,0.0,1.0,1.0,0.0,reasoning_E,E,HQ + E,repeat_01_fold_02,1,2
industry_pivot_count,hq,1.0,0.12,0.88,0.88,False,negative,3.0,25,6,True,True,True,0.0,0.0,0.0,0.0,0.0,0.0,0.32,0.0,0.32,0.84,0.0,0.84,0.96,0.08,0.88,1.0,0.12,0.88,reasoning_E,E,HQ + E,repeat_01_fold_02,1,2
longest_founding_tenure,hq,1.0,0.36,0.64,0.64,False,negative,3.0,25,6,True,True,True,0.0,0.0,0.0,0.0,0.0,0.0,0.72,0.0,0.72,0.68,0.0,0.68,0.8,0.12,0.68,1.0,0.36,0.64,reasoning_E,E,HQ + E,repeat_01_fold_02,1,2
max_company_size_before_founding,hq,1.0,0.32,0.68,0.68,False,negative,3.0,25,6,True,True,True,0.0,0.0,0.0,0.0,0.0,0.0,0.12,0.12,0.0,0.48,0.28,0.2,0.8,0.28,0.52,1.0,0.32,0.68,reasoning_E,E,HQ + E,repeat_01_fold_02,1,2
max_seniority_reached,hq,1.0,0.92,0.08,0.92,True,positive,1.0,25,6,True,True,True,0.0,0.0,0.0,0.0,0.0,0.0,0.36,0.36,0.0,0.92,0.92,0.0,1.0,0.92,0.08,1.0,0.92,0.08,reasoning_E,E,HQ + E,repeat_01_fold_02,1,2
prestige_sacrifice_score,hq,1.0,1.0,0.0,1.0,True,positive,0.3,25,6,True,True,True,0.0,0.0,0.0,0.52,0.52,0.0,0.96,0.96,0.0,1.0,1.0,0.0,0.96,0.96,0.0,1.0,0.96,0.04,reasoning_E,E,HQ + E,repeat_01_fold_02,1,2
repeat_founding_gap,hq,1.0,0.8,0.2,0.8,False,positive,3.0,25,6,True,True,True,0.0,0.0,0.0,0.0,0.0,0.0,0.36,0.36,0.0,0.76,0.76,0.0,0.96,0.8,0.16,1.0,0.8,0.2,reasoning_E,E,HQ + E,repeat_01_fold_02,1,2
years_in_large_company,hq,1.0,0.92,0.08,0.92,True,positive,3.0,25,6,True,True,True,0.0,0.0,0.0,0.0,0.0,0.0,0.32,0.32,0.0,0.8,0.8,0.0,0.96,0.92,0.04,1.0,0.92,0.08,reasoning_E,E,HQ + E,repeat_01_fold_02,1,2
best_degree_prestige,hq,0.96,0.96,0.0,1.0,True,positive,0.1,25,6,True,True,True,0.0,0.0,0.0,0.8,0.8,0.0,0.96,0.96,0.0,0.96,0.96,0.0,0.92,0.92,0.0,0.92,0.88,0.04,reasoning_E,E,HQ + E,repeat_01_fold_02,1,2
edu_prestige_tier,hq,0.96,0.96,0.0,1.0,True,positive,0.1,25,6,True,True,True,0.0,0.0,0.0,0.8,0.8,0.0,0.96,0.96,0.0,0.96,0.96,0.0,0.92,0.92,0.0,0.92,0.88,0.04,reasoning_E,E,HQ + E,repeat_01_fold_02,1,2
exit_x_serial,hq,0.96,0.8,0.16,0.8333333333333334,False,positive,1.0,25,6,True,True,True,0.0,0.0,0.0,0.2,0.2,0.0,0.56,0.56,0.0,0.72,0.72,0.0,0.96,0.8,0.16,0.96,0.8,0.16,reasoning_E,E,HQ + E,repeat_01_fold_02,1,2
industry_prestige_penalty,hq,0.96,0.92,0.04,0.9583333333333334,True,positive,1.0,25,6,True,True,True,0.0,0.0,0.0,0.24,0.24,0.0,0.8,0.8,0.0,0.92,0.88,0.04,0.96,0.92,0.04,0.96,0.92,0.04,reasoning_E,E,HQ + E,repeat_01_fold_02,1,2
restlessness_score,hq,0.96,0.64,0.32,0.6666666666666667,False,positive,3.0,25,6,True,True,True,0.0,0.0,0.0,0.0,0.0,0.0,0.04,0.04,0.0,0.6,0.48,0.12,0.88,0.6,0.28,0.96,0.64,0.32,reasoning_E,E,HQ + E,repeat_01_fold_02,1,2
seniority_is_monotone,hq,0.96,0.72,0.24,0.75,False,positive,3.0,25,6,True,True,True,0.0,0.0,0.0,0.0,0.0,0.0,0.32,0.32,0.0,0.64,0.6,0.04,0.88,0.68,0.2,0.96,0.72,0.24,reasoning_E,E,HQ + E,repeat_01_fold_02,1,2
total_inferred_experience,hq,0.96,0.0,0.96,1.0,True,negative,0.3,25,6,True,True,True,0.0,0.0,0.0,0.0,0.0,0.0,0.6,0.0,0.6,0.96,0.0,0.96,0.92,0.0,0.92,0.96,0.04,0.92,reasoning_E,E,HQ + E,repeat_01_fold_02,1,2
field_relevance_score,hq,0.92,0.36,0.56,0.6086956521739131,False,negative,3.0,25,6,True,True,True,0.0,0.0,0.0,0.0,0.0,0.0,0.04,0.0,0.04,0.44,0.12,0.32,0.8,0.28,0.52,0.92,0.36,0.56,reasoning_E,E,HQ + E,repeat_01_fold_02,1,2
founding_role_count,hq,0.92,0.16,0.76,0.8260869565217391,False,negative,3.0,25,6,True,True,True,0.0,0.0,0.0,0.0,0.0,0.0,0.48,0.0,0.48,0.76,0.0,0.76,0.72,0.0,0.72,0.92,0.16,0.76,reasoning_E,E,HQ + E,repeat_01_fold_02,1,2
is_serial_founder,hq,0.92,0.12,0.8,0.8695652173913043,False,negative,3.0,25,6,True,True,True,0.0,0.0,0.0,0.0,0.0,0.0,0.32,0.0,0.32,0.68,0.0,0.68,0.84,0.12,0.72,0.92,0.12,0.8,reasoning_E,E,HQ + E,repeat_01_fold_02,1,2
persistence_score,hq,0.92,0.6,0.32,0.6521739130434782,False,positive,3.0,25,6,True,True,True,0.0,0.0,0.0,0.0,0.0,0.0,0.08,0.0,0.08,0.48,0.36,0.12,0.8,0.56,0.24,0.92,0.6,0.32,reasoning_E,E,HQ + E,repeat_01_fold_02,1,2
prestige_x_relevance,hq,0.92,0.72,0.2,0.7826086956521738,False,positive,1.0,25,6,True,True,True,0.0,0.0,0.0,0.52,0.52,0.0,0.72,0.72,0.0,0.72,0.72,0.0,0.92,0.72,0.2,0.92,0.64,0.28,reasoning_E,E,HQ + E,repeat_01_fold_02,1,2
sacrifice_x_serial,hq,0.92,0.68,0.24,0.7391304347826088,False,positive,3.0,25,6,True,True,True,0.0,0.0,0.0,0.0,0.0,0.0,0.04,0.0,0.04,0.32,0.24,0.08,0.64,0.56,0.08,0.92,0.68,0.24,reasoning_E,E,HQ + E,repeat_01_fold_02,1,2
stem_flag,hq,0.92,0.28,0.64,0.6956521739130435,False,negative,3.0,25,6,True,True,True,0.0,0.0,0.0,0.0,0.0,0.0,0.04,0.0,0.04,0.32,0.08,0.24,0.76,0.24,0.52,0.92,0.28,0.64,reasoning_E,E,HQ + E,repeat_01_fold_02,1,2
company_size_is_growing,hq,0.88,0.52,0.36,0.5909090909090909,False,positive,3.0,25,6,True,True,False,0.0,0.0,0.0,0.0,0.0,0.0,0.04,0.0,0.04,0.6,0.32,0.28,0.8,0.44,0.36,0.88,0.52,0.36,reasoning_E,E,HQ + E,repeat_01_fold_02,1,2
founding_timing,hq,0.88,0.64,0.24,0.7272727272727273,False,positive,3.0,25,6,True,True,False,0.0,0.0,0.0,0.0,0.0,0.0,0.0,0.0,0.0,0.16,0.0,0.16,0.6,0.4,0.2,0.88,0.64,0.24,reasoning_E,E,HQ + E,repeat_01_fold_02,1,2
exit_count,hq,0.84,0.84,0.0,1.0,True,positive,0.1,25,6,True,True,False,0.0,0.0,0.0,0.36,0.36,0.0,0.84,0.84,0.0,0.76,0.76,0.0,0.72,0.72,0.0,0.72,0.72,0.0,reasoning_E,E,HQ + E,repeat_01_fold_02,1,2
has_prior_ipo,hq,0.84,0.72,0.12,0.8571428571428571,False,positive,3.0,25,6,True,True,False,0.0,0.0,0.0,0.44,0.44,0.0,0.6,0.6,0.0,0.68,0.68,0.0,0.8,0.72,0.08,0.84,0.72,0.12,reasoning_E,E,HQ + E,repeat_01_fold_02,1,2
has_prior_acquisition,hq,0.4,0.28,0.12,0.7000000000000001,False,positive,1.0,25,6,False,False,False,0.0,0.0,0.0,0.12,0.12,0.0,0.24,0.24,0.0,0.28,0.28,0.0,0.4,0.28,0.12,0.4,0.28,0.12,reasoning_E,E,HQ + E,repeat_01_fold_02,1,2
E_evidence_support_rating,reasoning,0.96,0.76,0.2,0.7916666666666667,False,positive,3.0,25,6,True,True,True,0.0,0.0,0.0,0.0,0.0,0.0,0.08,0.04,0.04,0.44,0.36,0.08,0.88,0.68,0.2,0.96,0.76,0.2,reasoning_E,E,HQ + E,repeat_01_fold_02,1,2
E_hidden_risk,reasoning,0.96,0.8,0.16,0.8333333333333334,False,positive,3.0,25,6,True,True,True,0.0,0.0,0.0,0.0,0.0,0.0,0.48,0.44,0.04,0.76,0.72,0.04,0.88,0.76,0.12,0.96,0.8,0.16,reasoning_E,E,HQ + E,repeat_01_fold_02,1,2
E_hidden_upside,reasoning,0.96,0.32,0.64,0.6666666666666667,False,negative,3.0,25,6,True,True,True,0.0,0.0,0.0,0.0,0.0,0.0,0.44,0.0,0.44,0.56,0.12,0.44,0.8,0.28,0.52,0.96,0.32,0.64,reasoning_E,E,HQ + E,repeat_01_fold_02,1,2
best_degree_prestige,hq,1.0,1.0,0.0,1.0,True,positive,0.1,25,6,True,True,True,0.0,0.0,0.0,0.76,0.76,0.0,1.0,1.0,0.0,1.0,1.0,0.0,1.0,1.0,0.0,1.0,1.0,0.0,reasoning_F,F,HQ + F,repeat_01_fold_02,1,2
comfort_index,hq,1.0,0.84,0.16,0.84,False,positive,3.0,25,6,True,True,True,0.0,0.0,0.0,0.04,0.04,0.0,0.6,0.6,0.0,0.88,0.8,0.08,0.92,0.8,0.12,1.0,0.84,0.16,reasoning_F,F,HQ + F,repeat_01_fold_02,1,2
edu_prestige_tier,hq,1.0,1.0,0.0,1.0,True,positive,0.1,25,6,True,True,True,0.0,0.0,0.0,0.76,0.76,0.0,1.0,1.0,0.0,1.0,1.0,0.0,1.0,1.0,0.0,1.0,1.0,0.0,reasoning_F,F,HQ + F,repeat_01_fold_02,1,2
industry_alignment,hq,1.0,1.0,0.0,1.0,True,positive,0.1,25,6,True,True,True,0.0,0.0,0.0,0.4,0.4,0.0,1.0,1.0,0.0,1.0,1.0,0.0,1.0,1.0,0.0,1.0,1.0,0.0,reasoning_F,F,HQ + F,repeat_01_fold_02,1,2
industry_pivot_count,hq,1.0,0.0,1.0,1.0,True,negative,1.0,25,6,True,True,True,0.0,0.0,0.0,0.0,0.0,0.0,0.48,0.0,0.48,0.96,0.0,0.96,1.0,0.0,1.0,1.0,0.0,1.0,reasoning_F,F,HQ + F,repeat_01_fold_02,1,2
industry_prestige_penalty,hq,1.0,1.0,0.0,1.0,True,positive,0.3,25,6,True,True,True,0.0,0.0,0.0,0.36,0.36,0.0,0.8,0.8,0.0,1.0,1.0,0.0,1.0,1.0,0.0,1.0,1.0,0.0,reasoning_F,F,HQ + F,repeat_01_fold_02,1,2
max_seniority_reached,hq,1.0,0.96,0.04,0.96,True,positive,1.0,25,6,True,True,True,0.0,0.0,0.0,0.0,0.0,0.0,0.52,0.52,0.0,0.96,0.96,0.0,1.0,0.96,0.04,1.0,0.96,0.04,reasoning_F,F,HQ + F,repeat_01_fold_02,1,2
prestige_sacrifice_score,hq,1.0,1.0,0.0,1.0,True,positive,0.1,25,6,True,True,True,0.0,0.0,0.0,0.56,0.56,0.0,1.0,1.0,0.0,1.0,1.0,0.0,1.0,1.0,0.0,1.0,1.0,0.0,reasoning_F,F,HQ + F,repeat_01_fold_02,1,2
repeat_founding_gap,hq,1.0,0.64,0.36,0.64,False,positive,3.0,25,6,True,True,True,0.0,0.0,0.0,0.0,0.0,0.0,0.36,0.32,0.04,0.72,0.56,0.16,0.96,0.64,0.32,1.0,0.64,0.36,reasoning_F,F,HQ + F,repeat_01_fold_02,1,2
sacrifice_x_serial,hq,1.0,0.68,0.32,0.68,False,positive,3.0,25,6,True,True,True,0.0,0.0,0.0,0.0,0.0,0.0,0.0,0.0,0.0,0.36,0.24,0.12,0.72,0.44,0.28,1.0,0.68,0.32,reasoning_F,F,HQ + F,repeat_01_fold_02,1,2
seniority_is_monotone,hq,1.0,0.72,0.28,0.72,False,positive,3.0,25,6,True,True,True,0.0,0.0,0.0,0.0,0.0,0.0,0.2,0.2,0.0,0.68,0.56,0.12,0.92,0.68,0.24,1.0,0.72,0.28,reasoning_F,F,HQ + F,repeat_01_fold_02,1,2
years_in_large_company,hq,1.0,0.88,0.12,0.88,False,positive,1.0,25,6,True,True,True,0.0,0.0,0.0,0.0,0.0,0.0,0.28,0.28,0.0,0.88,0.84,0.04,1.0,0.88,0.12,1.0,0.88,0.12,reasoning_F,F,HQ + F,repeat_01_fold_02,1,2
company_size_is_growing,hq,0.96,0.44,0.52,0.5416666666666667,False,negative,3.0,25,6,True,True,True,0.0,0.0,0.0,0.0,0.0,0.0,0.16,0.08,0.08,0.6,0.36,0.24,0.92,0.44,0.48,0.96,0.44,0.52,reasoning_F,F,HQ + F,repeat_01_fold_02,1,2
degree_level,hq,0.96,0.08,0.88,0.9166666666666667,True,negative,3.0,25,6,True,True,True,0.0,0.0,0.0,0.0,0.0,0.0,0.24,0.04,0.2,0.84,0.04,0.8,0.92,0.08,0.84,0.96,0.08,0.88,reasoning_F,F,HQ + F,repeat_01_fold_02,1,2
exit_x_serial,hq,0.96,0.76,0.2,0.7916666666666667,False,positive,3.0,25,6,True,True,True,0.0,0.0,0.0,0.24,0.24,0.0,0.52,0.52,0.0,0.68,0.64,0.04,0.8,0.72,0.08,0.96,0.76,0.2,reasoning_F,F,HQ + F,repeat_01_fold_02,1,2
founding_timing,hq,0.96,0.76,0.2,0.7916666666666667,False,positive,3.0,25,6,True,True,True,0.0,0.0,0.0,0.0,0.0,0.0,0.0,0.0,0.0,0.16,0.04,0.12,0.76,0.6,0.16,0.96,0.76,0.2,reasoning_F,F,HQ + F,repeat_01_fold_02,1,2
persistence_score,hq,0.96,0.56,0.4,0.5833333333333334,False,positive,3.0,25,6,True,True,True,0.0,0.0,0.0,0.0,0.0,0.0,0.12,0.12,0.0,0.56,0.36,0.2,0.92,0.56,0.36,0.96,0.56,0.4,reasoning_F,F,HQ + F,repeat_01_fold_02,1,2
stem_flag,hq,0.96,0.44,0.52,0.5416666666666667,False,negative,3.0,25,6,True,True,True,0.0,0.0,0.0,0.0,0.0,0.0,0.12,0.08,0.04,0.36,0.24,0.12,0.8,0.36,0.44,0.96,0.44,0.52,reasoning_F,F,HQ + F,repeat_01_fold_02,1,2
total_inferred_experience,hq,0.96,0.08,0.88,0.9166666666666667,True,negative,3.0,25,6,True,True,True,0.0,0.0,0.0,0.0,0.0,0.0,0.76,0.0,0.76,0.92,0.0,0.92,0.92,0.04,0.88,0.96,0.08,0.88,reasoning_F,F,HQ + F,repeat_01_fold_02,1,2
founding_role_count,hq,0.92,0.08,0.84,0.9130434782608695,True,negative,3.0,25,6,True,True,True,0.0,0.0,0.0,0.0,0.0,0.0,0.4,0.0,0.4,0.72,0.0,0.72,0.84,0.0,0.84,0.92,0.08,0.84,reasoning_F,F,HQ + F,repeat_01_fold_02,1,2
is_serial_founder,hq,0.92,0.24,0.68,0.7391304347826088,False,negative,3.0,25,6,True,True,True,0.0,0.0,0.0,0.0,0.0,0.0,0.32,0.0,0.32,0.64,0.0,0.64,0.8,0.12,0.68,0.92,0.24,0.68,reasoning_F,F,HQ + F,repeat_01_fold_02,1,2
longest_founding_tenure,hq,0.92,0.4,0.52,0.5652173913043478,False,negative,3.0,25,6,True,True,True,0.0,0.0,0.0,0.0,0.0,0.0,0.8,0.0,0.8,0.88,0.0,0.88,0.72,0.12,0.6,0.92,0.4,0.52,reasoning_F,F,HQ + F,repeat_01_fold_02,1,2
restlessness_score,hq,0.92,0.76,0.16,0.8260869565217391,False,positive,3.0,25,6,True,True,True,0.0,0.0,0.0,0.0,0.0,0.0,0.08,0.04,0.04,0.52,0.4,0.12,0.8,0.64,0.16,0.92,0.76,0.16,reasoning_F,F,HQ + F,repeat_01_fold_02,1,2
has_prior_ipo,hq,0.88,0.84,0.04,0.9545454545454545,True,positive,3.0,25,6,True,True,False,0.0,0.0,0.0,0.28,0.28,0.0,0.68,0.68,0.0,0.8,0.8,0.0,0.84,0.8,0.04,0.88,0.84,0.04,reasoning_F,F,HQ + F,repeat_01_fold_02,1,2
max_company_size_before_founding,hq,0.88,0.28,0.6,0.6818181818181818,False,negative,3.0,25,6,True,True,False,0.0,0.0,0.0,0.04,0.04,0.0,0.08,0.08,0.0,0.32,0.12,0.2,0.72,0.2,0.52,0.88,0.28,0.6,reasoning_F,F,HQ + F,repeat_01_fold_02,1,2
field_relevance_score,hq,0.84,0.48,0.36,0.5714285714285714,False,positive,3.0,25,6,True,True,False,0.0,0.0,0.0,0.0,0.0,0.0,0.04,0.04,0.0,0.28,0.12,0.16,0.72,0.36,0.36,0.84,0.48,0.36,reasoning_F,F,HQ + F,repeat_01_fold_02,1,2
prestige_x_relevance,hq,0.84,0.48,0.36,0.5714285714285714,False,positive,3.0,25,6,True,True,False,0.0,0.0,0.0,0.4,0.4,0.0,0.56,0.56,0.0,0.48,0.48,0.0,0.64,0.48,0.16,0.84,0.48,0.36,reasoning_F,F,HQ + F,repeat_01_fold_02,1,2
exit_count,hq,0.68,0.68,0.0,1.0,True,positive,0.1,25,6,True,False,False,0.0,0.0,0.0,0.52,0.52,0.0,0.68,0.68,0.0,0.64,0.64,0.0,0.64,0.64,0.0,0.64,0.64,0.0,reasoning_F,F,HQ + F,repeat_01_fold_02,1,2
has_prior_acquisition,hq,0.64,0.32,0.32,0.5,False,positive,3.0,25,6,True,False,False,0.0,0.0,0.0,0.04,0.04,0.0,0.12,0.12,0.0,0.16,0.16,0.0,0.44,0.2,0.24,0.64,0.32,0.32,reasoning_F,F,HQ + F,repeat_01_fold_02,1,2
F_career_coherence,reasoning,1.0,0.0,1.0,1.0,True,negative,3.0,25,6,True,True,True,0.0,0.0,0.0,0.0,0.0,0.0,0.48,0.0,0.48,0.92,0.0,0.92,0.96,0.0,0.96,1.0,0.0,1.0,reasoning_F,F,HQ + F,repeat_01_fold_02,1,2
F_evidence_support_rating,reasoning,1.0,1.0,0.0,1.0,True,positive,1.0,25,6,True,True,True,0.0,0.0,0.0,0.0,0.0,0.0,0.28,0.28,0.0,0.88,0.88,0.0,1.0,1.0,0.0,1.0,1.0,0.0,reasoning_F,F,HQ + F,repeat_01_fold_02,1,2
F_ownership_signal,reasoning,0.88,0.76,0.12,0.8636363636363636,False,positive,3.0,25,6,True,True,False,0.0,0.0,0.0,0.0,0.0,0.0,0.0,0.0,0.0,0.08,0.04,0.04,0.68,0.6,0.08,0.88,0.76,0.12,reasoning_F,F,HQ + F,repeat_01_fold_02,1,2
F_scrappiness,reasoning,0.84,0.24,0.6,0.7142857142857143,False,negative,3.0,25,6,True,True,False,0.0,0.0,0.0,0.0,0.0,0.0,0.0,0.0,0.0,0.16,0.08,0.08,0.6,0.24,0.36,0.84,0.24,0.6,reasoning_F,F,HQ + F,repeat_01_fold_02,1,2
F_rubric_score,reasoning,0.76,0.48,0.28,0.631578947368421,False,positive,3.0,25,6,True,False,False,0.0,0.0,0.0,0.0,0.0,0.0,0.0,0.0,0.0,0.0,0.0,0.0,0.32,0.28,0.04,0.76,0.48,0.28,reasoning_F,F,HQ + F,repeat_01_fold_02,1,2
F_trajectory_strength,reasoning,0.72,0.52,0.2,0.7222222222222223,False,positive,3.0,25,6,True,False,False,0.0,0.0,0.0,0.0,0.0,0.0,0.0,0.0,0.0,0.0,0.0,0.0,0.24,0.24,0.0,0.72,0.52,0.2,reasoning_F,F,HQ + F,repeat_01_fold_02,1,2
best_degree_prestige,hq,1.0,0.72,0.28,0.72,False,positive,3.0,25,6,True,True,True,0.0,0.0,0.0,0.2,0.2,0.0,0.48,0.48,0.0,0.68,0.68,0.0,0.84,0.72,0.12,1.0,0.72,0.28,reasoning_A,A,HQ + A,repeat_01_fold_03,1,3
degree_level,hq,1.0,0.04,0.96,0.96,True,negative,3.0,25,6,True,True,True,0.0,0.0,0.0,0.0,0.0,0.0,0.28,0.0,0.28,0.92,0.0,0.92,0.96,0.0,0.96,1.0,0.04,0.96,reasoning_A,A,HQ + A,repeat_01_fold_03,1,3
edu_prestige_tier,hq,1.0,0.72,0.28,0.72,False,positive,3.0,25,6,True,True,True,0.0,0.0,0.0,0.2,0.2,0.0,0.48,0.48,0.0,0.68,0.68,0.0,0.84,0.72,0.12,1.0,0.72,0.28,reasoning_A,A,HQ + A,repeat_01_fold_03,1,3
exit_count,hq,1.0,1.0,0.0,1.0,True,positive,1.0,25,6,True,True,True,0.0,0.0,0.0,0.84,0.84,0.0,0.96,0.96,0.0,0.96,0.96,0.0,1.0,1.0,0.0,0.96,0.96,0.0,reasoning_A,A,HQ + A,repeat_01_fold_03,1,3
has_prior_ipo,hq,1.0,0.96,0.04,0.96,True,positive,3.0,25,6,True,True,True,0.0,0.0,0.0,0.24,0.24,0.0,0.72,0.72,0.0,0.84,0.84,0.0,0.96,0.96,0.0,1.0,0.96,0.04,reasoning_A,A,HQ + A,repeat_01_fold_03,1,3
industry_alignment,hq,1.0,1.0,0.0,1.0,True,positive,1.0,25,6,True,True,True,0.0,0.0,0.0,0.08,0.08,0.0,0.68,0.68,0.0,0.92,0.92,0.0,1.0,1.0,0.0,1.0,1.0,0.0,reasoning_A,A,HQ + A,repeat_01_fold_03,1,3
industry_prestige_penalty,hq,1.0,0.96,0.04,0.96,True,positive,1.0,25,6,True,True,True,0.0,0.0,0.0,0.32,0.32,0.0,0.8,0.8,0.0,0.96,0.96,0.0,1.0,0.96,0.04,1.0,0.96,0.04,reasoning_A,A,HQ + A,repeat_01_fold_03,1,3
longest_founding_tenure,hq,1.0,0.08,0.92,0.92,True,negative,3.0,25,6,True,True,True,0.0,0.0,0.0,0.0,0.0,0.0,0.4,0.0,0.4,0.84,0.0,0.84,0.92,0.04,0.88,1.0,0.08,0.92,reasoning_A,A,HQ + A,repeat_01_fold_03,1,3
max_seniority_reached,hq,1.0,1.0,0.0,1.0,True,positive,1.0,25,6,True,True,True,0.0,0.0,0.0,0.0,0.0,0.0,0.44,0.44,0.0,0.96,0.96,0.0,1.0,1.0,0.0,1.0,1.0,0.0,reasoning_A,A,HQ + A,repeat_01_fold_03,1,3
persistence_score,hq,1.0,0.72,0.28,0.72,False,positive,3.0,25,6,True,True,True,0.0,0.0,0.0,0.0,0.0,0.0,0.0,0.0,0.0,0.36,0.24,0.12,0.8,0.56,0.24,1.0,0.72,0.28,reasoning_A,A,HQ + A,repeat_01_fold_03,1,3
restlessness_score,hq,1.0,0.2,0.8,0.8,False,negative,3.0,25,6,True,True,True,0.0,0.0,0.0,0.0,0.0,0.0,0.12,0.0,0.12,0.68,0.04,0.64,0.96,0.16,0.8,1.0,0.2,0.8,reasoning_A,A,HQ + A,repeat_01_fold_03,1,3
sacrifice_x_serial,hq,1.0,1.0,0.0,1.0,True,positive,1.0,25,6,True,True,True,0.0,0.0,0.0,0.04,0.04,0.0,0.2,0.2,0.0,0.72,0.72,0.0,1.0,1.0,0.0,1.0,1.0,0.0,reasoning_A,A,HQ + A,repeat_01_fold_03,1,3
seniority_is_monotone,hq,1.0,0.12,0.88,0.88,False,negative,3.0,25,6,True,True,True,0.0,0.0,0.0,0.0,0.0,0.0,0.48,0.0,0.48,0.68,0.0,0.68,0.96,0.08,0.88,1.0,0.12,0.88,reasoning_A,A,HQ + A,repeat_01_fold_03,1,3
years_in_large_company,hq,1.0,0.72,0.28,0.72,False,positive,3.0,25,6,True,True,True,0.0,0.0,0.0,0.04,0.04,0.0,0.2,0.2,0.0,0.68,0.64,0.04,0.84,0.68,0.16,1.0,0.72,0.28,reasoning_A,A,HQ + A,repeat_01_fold_03,1,3
comfort_index,hq,0.96,0.84,0.12,0.875,False,positive,1.0,25,6,True,True,True,0.0,0.0,0.0,0.0,0.0,0.0,0.64,0.64,0.0,0.8,0.8,0.0,0.96,0.84,0.12,0.96,0.84,0.12,reasoning_A,A,HQ + A,repeat_01_fold_03,1,3
exit_x_serial,hq,0.96,0.44,0.52,0.5416666666666667,False,negative,3.0,25,6,True,True,True,0.0,0.0,0.0,0.04,0.04,0.0,0.16,0.16,0.0,0.64,0.28,0.36,0.88,0.44,0.44,0.96,0.44,0.52,reasoning_A,A,HQ + A,repeat_01_fold_03,1,3
founding_timing,hq,0.96,0.2,0.76,0.7916666666666667,False,negative,3.0,25,6,True,True,True,0.0,0.0,0.0,0.0,0.0,0.0,0.36,0.0,0.36,0.68,0.0,0.68,0.8,0.04,0.76,0.96,0.2,0.76,reasoning_A,A,HQ + A,repeat_01_fold_03,1,3
max_company_size_before_founding,hq,0.96,0.88,0.08,0.9166666666666667,True,positive,3.0,25,6,True,True,True,0.0,0.0,0.0,0.04,0.04,0.0,0.44,0.44,0.0,0.8,0.8,0.0,0.88,0.88,0.0,0.96,0.88,0.08,reasoning_A,A,HQ + A,repeat_01_fold_03,1,3
prestige_x_relevance,hq,0.96,0.96,0.0,1.0,True,positive,0.03,25,6,True,True,True,0.0,0.0,0.0,0.96,0.96,0.0,0.84,0.84,0.0,0.68,0.68,0.0,0.88,0.68,0.2,0.96,0.68,0.28,reasoning_A,A,HQ + A,repeat_01_fold_03,1,3
stem_flag,hq,0.96,0.84,0.12,0.875,False,positive,1.0,25,6,True,True,True,0.0,0.0,0.0,0.0,0.0,0.0,0.36,0.36,0.0,0.68,0.64,0.04,0.96,0.84,0.12,0.96,0.84,0.12,reasoning_A,A,HQ + A,repeat_01_fold_03,1,3
company_size_is_growing,hq,0.92,0.76,0.16,0.8260869565217391,False,positive,3.0,25,6,True,True,True,0.0,0.0,0.0,0.0,0.0,0.0,0.0,0.0,0.0,0.36,0.28,0.08,0.88,0.68,0.2,0.92,0.76,0.16,reasoning_A,A,HQ + A,repeat_01_fold_03,1,3
industry_pivot_count,hq,0.92,0.04,0.88,0.9565217391304347,True,negative,1.0,25,6,True,True,True,0.0,0.0,0.0,0.0,0.0,0.0,0.28,0.0,0.28,0.72,0.0,0.72,0.92,0.04,0.88,0.88,0.0,0.88,reasoning_A,A,HQ + A,repeat_01_fold_03,1,3
is_serial_founder,hq,0.92,0.08,0.84,0.9130434782608695,True,negative,3.0,25,6,True,True,True,0.0,0.0,0.0,0.0,0.0,0.0,0.08,0.0,0.08,0.36,0.0,0.36,0.8,0.08,0.72,0.92,0.08,0.84,reasoning_A,A,HQ + A,repeat_01_fold_03,1,3
prestige_sacrifice_score,hq,0.92,0.48,0.44,0.5217391304347826,False,positive,3.0,25,6,True,True,True,0.0,0.0,0.0,0.2,0.2,0.0,0.68,0.68,0.0,0.68,0.6,0.08,0.88,0.52,0.36,0.92,0.48,0.44,reasoning_A,A,HQ + A,repeat_01_fold_03,1,3
repeat_founding_gap,hq,0.92,0.2,0.72,0.7826086956521738,False,negative,3.0,25,6,True,True,True,0.0,0.0,0.0,0.0,0.0,0.0,0.2,0.04,0.16,0.6,0.12,0.48,0.88,0.24,0.64,0.92,0.2,0.72,reasoning_A,A,HQ + A,repeat_01_fold_03,1,3
total_inferred_experience,hq,0.92,0.56,0.36,0.6086956521739131,False,positive,3.0,25,6,True,True,True,0.0,0.0,0.0,0.0,0.0,0.0,0.16,0.0,0.16,0.36,0.0,0.36,0.64,0.28,0.36,0.92,0.56,0.36,reasoning_A,A,HQ + A,repeat_01_fold_03,1,3
field_relevance_score,hq,0.88,0.32,0.56,0.6363636363636365,False,negative,3.0,25,6,True,True,False,0.0,0.0,0.0,0.0,0.0,0.0,0.12,0.12,0.0,0.4,0.24,0.16,0.76,0.32,0.44,0.88,0.32,0.56,reasoning_A,A,HQ + A,repeat_01_fold_03,1,3
founding_role_count,hq,0.72,0.16,0.56,0.7777777777777779,False,negative,3.0,25,6,True,False,False,0.0,0.0,0.0,0.0,0.0,0.0,0.08,0.0,0.08,0.44,0.04,0.4,0.64,0.12,0.52,0.72,0.16,0.56,reasoning_A,A,HQ + A,repeat_01_fold_03,1,3
has_prior_acquisition,hq,0.4,0.4,0.0,1.0,True,positive,3.0,25,6,False,False,False,0.0,0.0,0.0,0.04,0.04,0.0,0.08,0.08,0.0,0.08,0.08,0.0,0.04,0.04,0.0,0.4,0.4,0.0,reasoning_A,A,HQ + A,repeat_01_fold_03,1,3
A_career_coherence,reasoning,1.0,0.0,1.0,1.0,True,negative,1.0,25,6,True,True,True,0.0,0.0,0.0,0.0,0.0,0.0,0.32,0.0,0.32,0.92,0.0,0.92,1.0,0.0,1.0,1.0,0.0,1.0,reasoning_A,A,HQ + A,repeat_01_fold_03,1,3
A_evidence_support_rating,reasoning,1.0,1.0,0.0,1.0,True,positive,0.03,25,6,True,True,True,0.0,0.0,0.0,1.0,1.0,0.0,1.0,1.0,0.0,1.0,1.0,0.0,1.0,1.0,0.0,1.0,1.0,0.0,reasoning_A,A,HQ + A,repeat_01_fold_03,1,3
A_scrappiness,reasoning,1.0,0.0,1.0,1.0,True,negative,0.1,25,6,True,True,True,0.0,0.0,0.0,0.36,0.0,0.36,1.0,0.0,1.0,1.0,0.0,1.0,1.0,0.0,1.0,1.0,0.0,1.0,reasoning_A,A,HQ + A,repeat_01_fold_03,1,3
A_ownership_signal,reasoning,0.96,0.2,0.76,0.7916666666666667,False,negative,3.0,25,6,True,True,True,0.0,0.0,0.0,0.16,0.0,0.16,0.84,0.0,0.84,0.88,0.08,0.8,0.92,0.16,0.76,0.96,0.2,0.76,reasoning_A,A,HQ + A,repeat_01_fold_03,1,3
A_trajectory_strength,reasoning,0.88,0.08,0.8,0.9090909090909092,True,negative,3.0,25,6,True,True,False,0.0,0.0,0.0,0.0,0.0,0.0,0.2,0.0,0.2,0.64,0.0,0.64,0.76,0.0,0.76,0.88,0.08,0.8,reasoning_A,A,HQ + A,repeat_01_fold_03,1,3
comfort_index,hq,1.0,0.96,0.04,0.96,True,positive,3.0,25,6,True,True,True,0.0,0.0,0.0,0.04,0.04,0.0,0.68,0.68,0.0,0.88,0.88,0.0,0.96,0.92,0.04,1.0,0.96,0.04,reasoning_B,B,HQ + B,repeat_01_fold_03,1,3
industry_alignment,hq,1.0,0.92,0.08,0.92,True,positive,3.0,25,6,True,True,True,0.0,0.0,0.0,0.0,0.0,0.0,0.76,0.76,0.0,0.96,0.92,0.04,0.96,0.92,0.04,1.0,0.92,0.08,reasoning_B,B,HQ + B,repeat_01_fold_03,1,3
industry_prestige_penalty,hq,1.0,0.96,0.04,0.96,True,positive,1.0,25,6,True,True,True,0.0,0.0,0.0,0.4,0.4,0.0,0.92,0.92,0.0,0.96,0.96,0.0,1.0,0.96,0.04,1.0,0.96,0.04,reasoning_B,B,HQ + B,repeat_01_fold_03,1,3
max_company_size_before_founding,hq,1.0,0.88,0.12,0.88,False,positive,1.0,25,6,True,True,True,0.0,0.0,0.0,0.04,0.04,0.0,0.28,0.28,0.0,0.76,0.72,0.04,1.0,0.88,0.12,1.0,0.88,0.12,reasoning_B,B,HQ + B,repeat_01_fold_03,1,3
max_seniority_reached,hq,1.0,1.0,0.0,1.0,True,positive,3.0,25,6,True,True,True,0.0,0.0,0.0,0.0,0.0,0.0,0.44,0.44,0.0,0.88,0.88,0.0,0.96,0.96,0.0,1.0,1.0,0.0,reasoning_B,B,HQ + B,repeat_01_fold_03,1,3
persistence_score,hq,1.0,0.64,0.36,0.64,False,positive,3.0,25,6,True,True,True,0.0,0.0,0.0,0.0,0.0,0.0,0.08,0.08,0.0,0.44,0.4,0.04,0.76,0.52,0.24,1.0,0.64,0.36,reasoning_B,B,HQ + B,repeat_01_fold_03,1,3
prestige_x_relevance,hq,1.0,1.0,0.0,1.0,True,positive,0.03,25,6,True,True,True,0.0,0.0,0.0,1.0,1.0,0.0,1.0,1.0,0.0,0.92,0.92,0.0,0.76,0.72,0.04,0.92,0.76,0.16,reasoning_B,B,HQ + B,repeat_01_fold_03,1,3
restlessness_score,hq,1.0,0.28,0.72,0.72,False,negative,3.0,25,6,True,True,True,0.0,0.0,0.0,0.0,0.0,0.0,0.2,0.0,0.2,0.64,0.08,0.56,0.92,0.2,0.72,1.0,0.28,0.72,reasoning_B,B,HQ + B,repeat_01_fold_03,1,3
years_in_large_company,hq,1.0,0.92,0.08,0.92,True,positive,3.0,25,6,True,True,True,0.0,0.0,0.0,0.0,0.0,0.0,0.32,0.32,0.0,0.72,0.72,0.0,0.88,0.84,0.04,1.0,0.92,0.08,reasoning_B,B,HQ + B,repeat_01_fold_03,1,3
best_degree_prestige,hq,0.96,0.76,0.2,0.7916666666666667,False,positive,3.0,25,6,True,True,True,0.0,0.0,0.0,0.08,0.08,0.0,0.44,0.44,0.0,0.76,0.72,0.04,0.88,0.72,0.16,0.96,0.76,0.2,reasoning_B,B,HQ + B,repeat_01_fold_03,1,3
degree_level,hq,0.96,0.08,0.88,0.9166666666666667,True,negative,1.0,25,6,True,True,True,0.0,0.0,0.0,0.0,0.0,0.0,0.28,0.04,0.24,0.88,0.08,0.8,0.96,0.08,0.88,0.96,0.08,0.88,reasoning_B,B,HQ + B,repeat_01_fold_03,1,3
edu_prestige_tier,hq,0.96,0.76,0.2,0.7916666666666667,False,positive,3.0,25,6,True,True,True,0.0,0.0,0.0,0.08,0.08,0.0,0.44,0.44,0.0,0.76,0.72,0.04,0.88,0.72,0.16,0.96,0.76,0.2,reasoning_B,B,HQ + B,repeat_01_fold_03,1,3
exit_x_serial,hq,0.96,0.64,0.32,0.6666666666666667,False,positive,3.0,25,6,True,True,True,0.0,0.0,0.0,0.2,0.2,0.0,0.2,0.2,0.0,0.56,0.4,0.16,0.84,0.64,0.2,0.96,0.64,0.32,reasoning_B,B,HQ + B,repeat_01_fold_03,1,3
has_prior_ipo,hq,0.96,0.96,0.0,1.0,True,positive,3.0,25,6,True,True,True,0.0,0.0,0.0,0.48,0.48,0.0,0.8,0.8,0.0,0.88,0.88,0.0,0.92,0.92,0.0,0.96,0.96,0.0,reasoning_B,B,HQ + B,repeat_01_fold_03,1,3
industry_pivot_count,hq,0.96,0.08,0.88,0.9166666666666667,True,negative,3.0,25,6,True,True,True,0.0,0.0,0.0,0.0,0.0,0.0,0.24,0.0,0.24,0.72,0.0,0.72,0.88,0.04,0.84,0.96,0.08,0.88,reasoning_B,B,HQ + B,repeat_01_fold_03,1,3
longest_founding_tenure,hq,0.96,0.16,0.8,0.8333333333333334,False,negative,1.0,25,6,True,True,True,0.0,0.0,0.0,0.0,0.0,0.0,0.4,0.0,0.4,0.84,0.04,0.8,0.96,0.16,0.8,0.96,0.16,0.8,reasoning_B,B,HQ + B,repeat_01_fold_03,1,3
repeat_founding_gap,hq,0.96,0.52,0.44,0.5416666666666667,False,positive,3.0,25,6,True,True,True,0.0,0.0,0.0,0.0,0.0,0.0,0.24,0.16,0.08,0.68,0.4,0.28,0.84,0.44,0.4,0.96,0.52,0.44,reasoning_B,B,HQ + B,repeat_01_fold_03,1,3
sacrifice_x_serial,hq,0.96,0.96,0.0,1.0,True,positive,3.0,25,6,True,True,True,0.0,0.0,0.0,0.0,0.0,0.0,0.28,0.28,0.0,0.72,0.72,0.0,0.92,0.92,0.0,0.96,0.96,0.0,reasoning_B,B,HQ + B,repeat_01_fold_03,1,3
seniority_is_monotone,hq,0.96,0.0,0.96,1.0,True,negative,0.3,25,6,True,True,True,0.0,0.0,0.0,0.0,0.0,0.0,0.48,0.0,0.48,0.96,0.0,0.96,0.96,0.0,0.96,0.96,0.0,0.96,reasoning_B,B,HQ + B,repeat_01_fold_03,1,3
field_relevance_score,hq,0.92,0.56,0.36,0.6086956521739131,False,positive,3.0,25,6,True,True,True,0.0,0.0,0.0,0.0,0.0,0.0,0.24,0.24,0.0,0.56,0.56,0.0,0.8,0.56,0.24,0.92,0.56,0.36,reasoning_B,B,HQ + B,repeat_01_fold_03,1,3
is_serial_founder,hq,0.92,0.12,0.8,0.8695652173913043,False,negative,3.0,25,6,True,True,True,0.0,0.0,0.0,0.0,0.0,0.0,0.12,0.0,0.12,0.48,0.0,0.48,0.72,0.04,0.68,0.92,0.12,0.8,reasoning_B,B,HQ + B,repeat_01_fold_03,1,3
prestige_sacrifice_score,hq,0.92,0.2,0.72,0.7826086956521738,False,negative,3.0,25,6,True,True,True,0.0,0.0,0.0,0.08,0.08,0.0,0.48,0.48,0.0,0.32,0.32,0.0,0.64,0.24,0.4,0.92,0.2,0.72,reasoning_B,B,HQ + B,repeat_01_fold_03,1,3
stem_flag,hq,0.92,0.48,0.44,0.5217391304347826,False,positive,3.0,25,6,True,True,True,0.0,0.0,0.0,0.04,0.04,0.0,0.28,0.28,0.0,0.6,0.52,0.08,0.76,0.48,0.28,0.92,0.48,0.44,reasoning_B,B,HQ + B,repeat_01_fold_03,1,3
exit_count,hq,0.88,0.88,0.0,1.0,True,positive,1.0,25,6,True,True,False,0.0,0.0,0.0,0.76,0.76,0.0,0.8,0.8,0.0,0.84,0.84,0.0,0.88,0.88,0.0,0.84,0.84,0.0,reasoning_B,B,HQ + B,repeat_01_fold_03,1,3
founding_role_count,hq,0.88,0.2,0.68,0.7727272727272728,False,negative,3.0,25,6,True,True,False,0.0,0.0,0.0,0.0,0.0,0.0,0.12,0.0,0.12,0.4,0.04,0.36,0.8,0.2,0.6,0.88,0.2,0.68,reasoning_B,B,HQ + B,repeat_01_fold_03,1,3
founding_timing,hq,0.88,0.04,0.84,0.9545454545454545,True,negative,1.0,25,6,True,True,False,0.0,0.0,0.0,0.0,0.0,0.0,0.32,0.0,0.32,0.8,0.0,0.8,0.88,0.04,0.84,0.88,0.12,0.76,reasoning_B,B,HQ + B,repeat_01_fold_03,1,3
total_inferred_experience,hq,0.88,0.28,0.6,0.6818181818181818,False,negative,3.0,25,6,True,True,False,0.0,0.0,0.0,0.0,0.0,0.0,0.52,0.0,0.52,0.64,0.0,0.64,0.76,0.16,0.6,0.88,0.28,0.6,reasoning_B,B,HQ + B,repeat_01_fold_03,1,3
company_size_is_growing,hq,0.84,0.56,0.28,0.6666666666666667,False,positive,3.0,25,6,True,True,False,0.0,0.0,0.0,0.0,0.0,0.0,0.12,0.08,0.04,0.4,0.32,0.08,0.64,0.44,0.2,0.84,0.56,0.28,reasoning_B,B,HQ + B,repeat_01_fold_03,1,3
has_prior_acquisition,hq,0.2,0.08,0.12,0.6,False,negative,3.0,25,6,False,False,False,0.0,0.0,0.0,0.08,0.08,0.0,0.12,0.12,0.0,0.16,0.12,0.04,0.12,0.04,0.08,0.2,0.08,0.12,reasoning_B,B,HQ + B,repeat_01_fold_03,1,3
B_rubric_score,reasoning,1.0,0.12,0.88,0.88,False,negative,3.0,25,6,True,True,True,0.0,0.0,0.0,0.0,0.0,0.0,0.12,0.0,0.12,0.56,0.08,0.48,0.92,0.08,0.84,1.0,0.12,0.88,reasoning_B,B,HQ + B,repeat_01_fold_03,1,3
B_evidence_support_rating,reasoning,0.96,0.88,0.08,0.9166666666666667,True,positive,3.0,25,6,True,True,True,0.0,0.0,0.0,0.0,0.0,0.0,0.24,0.24,0.0,0.56,0.56,0.0,0.92,0.88,0.04,0.96,0.88,0.08,reasoning_B,B,HQ + B,repeat_01_fold_03,1,3
comfort_index,hq,1.0,0.88,0.12,0.88,False,positive,1.0,25,6,True,True,True,0.0,0.0,0.0,0.0,0.0,0.0,0.52,0.48,0.04,0.92,0.8,0.12,1.0,0.88,0.12,1.0,0.88,0.12,reasoning_C,C,HQ + C,repeat_01_fold_03,1,3
company_size_is_growing,hq,1.0,0.68,0.32,0.68,False,positive,3.0,25,6,True,True,True,0.0,0.0,0.0,0.0,0.0,0.0,0.16,0.04,0.12,0.56,0.36,0.2,0.96,0.64,0.32,1.0,0.68,0.32,reasoning_C,C,HQ + C,repeat_01_fold_03,1,3
industry_prestige_penalty,hq,1.0,1.0,0.0,1.0,True,positive,1.0,25,6,True,True,True,0.0,0.0,0.0,0.24,0.24,0.0,0.84,0.84,0.0,0.96,0.96,0.0,1.0,1.0,0.0,1.0,1.0,0.0,reasoning_C,C,HQ + C,repeat_01_fold_03,1,3
longest_founding_tenure,hq,1.0,0.28,0.72,0.72,False,negative,3.0,25,6,True,True,True,0.0,0.0,0.0,0.0,0.0,0.0,0.6,0.0,0.6,0.72,0.0,0.72,0.84,0.12,0.72,1.0,0.28,0.72,reasoning_C,C,HQ + C,repeat_01_fold_03,1,3
max_company_size_before_founding,hq,1.0,0.72,0.28,0.72,False,positive,3.0,25,6,True,True,True,0.0,0.0,0.0,0.04,0.04,0.0,0.32,0.32,0.0,0.56,0.4,0.16,0.92,0.64,0.28,1.0,0.72,0.28,reasoning_C,C,HQ + C,repeat_01_fold_03,1,3
prestige_x_relevance,hq,1.0,1.0,0.0,1.0,True,positive,0.03,25,6,True,True,True,0.0,0.0,0.0,1.0,1.0,0.0,0.96,0.96,0.0,0.88,0.88,0.0,0.92,0.84,0.08,1.0,0.84,0.16,reasoning_C,C,HQ + C,repeat_01_fold_03,1,3
sacrifice_x_serial,hq,1.0,0.96,0.04,0.96,True,positive,3.0,25,6,True,True,True,0.0,0.0,0.0,0.0,0.0,0.0,0.28,0.28,0.0,0.84,0.84,0.0,0.92,0.92,0.0,1.0,0.96,0.04,reasoning_C,C,HQ + C,repeat_01_fold_03,1,3
years_in_large_company,hq,1.0,0.92,0.08,0.92,True,positive,1.0,25,6,True,True,True,0.0,0.0,0.0,0.0,0.0,0.0,0.52,0.52,0.0,0.84,0.84,0.0,1.0,0.92,0.08,1.0,0.92,0.08,reasoning_C,C,HQ + C,repeat_01_fold_03,1,3
best_degree_prestige,hq,0.96,0.76,0.2,0.7916666666666667,False,positive,1.0,25,6,True,True,True,0.0,0.0,0.0,0.16,0.16,0.0,0.56,0.56,0.0,0.68,0.64,0.04,0.96,0.76,0.2,0.96,0.76,0.2,reasoning_C,C,HQ + C,repeat_01_fold_03,1,3
degree_level,hq,0.96,0.0,0.96,1.0,True,negative,3.0,25,6,True,True,True,0.0,0.0,0.0,0.0,0.0,0.0,0.12,0.0,0.12,0.64,0.0,0.64,0.88,0.0,0.88,0.96,0.0,0.96,reasoning_C,C,HQ + C,repeat_01_fold_03,1,3
edu_prestige_tier,hq,0.96,0.76,0.2,0.7916666666666667,False,positive,1.0,25,6,True,True,True,0.0,0.0,0.0,0.16,0.16,0.0,0.56,0.56,0.0,0.68,0.64,0.04,0.96,0.76,0.2,0.96,0.76,0.2,reasoning_C,C,HQ + C,repeat_01_fold_03,1,3
exit_count,hq,0.96,0.96,0.0,1.0,True,positive,0.1,25,6,True,True,True,0.0,0.0,0.0,0.8,0.8,0.0,0.96,0.96,0.0,0.92,0.92,0.0,0.92,0.92,0.0,0.92,0.92,0.0,reasoning_C,C,HQ + C,repeat_01_fold_03,1,3
founding_timing,hq,0.96,0.16,0.8,0.8333333333333334,False,negative,3.0,25,6,True,True,True,0.0,0.0,0.0,0.0,0.0,0.0,0.28,0.0,0.28,0.64,0.0,0.64,0.88,0.08,0.8,0.96,0.16,0.8,reasoning_C,C,HQ + C,repeat_01_fold_03,1,3
industry_alignment,hq,0.96,0.92,0.04,0.9583333333333334,True,positive,0.3,25,6,True,True,True,0.0,0.0,0.0,0.0,0.0,0.0,0.6,0.6,0.0,0.96,0.92,0.04,0.96,0.92,0.04,0.96,0.92,0.04,reasoning_C,C,HQ + C,repeat_01_fold_03,1,3
industry_pivot_count,hq,0.96,0.24,0.72,0.75,False,negative,3.0,25,6,True,True,True,0.0,0.0,0.0,0.0,0.0,0.0,0.24,0.0,0.24,0.68,0.04,0.64,0.84,0.16,0.68,0.96,0.24,0.72,reasoning_C,C,HQ + C,repeat_01_fold_03,1,3
max_seniority_reached,hq,0.96,0.84,0.12,0.875,False,positive,1.0,25,6,True,True,True,0.0,0.0,0.0,0.04,0.04,0.0,0.4,0.36,0.04,0.8,0.76,0.04,0.96,0.84,0.12,0.96,0.84,0.12,reasoning_C,C,HQ + C,repeat_01_fold_03,1,3
restlessness_score,hq,0.96,0.08,0.88,0.9166666666666667,True,negative,3.0,25,6,True,True,True,0.0,0.0,0.0,0.0,0.0,0.0,0.08,0.0,0.08,0.8,0.04,0.76,0.88,0.04,0.84,0.96,0.08,0.88,reasoning_C,C,HQ + C,repeat_01_fold_03,1,3
seniority_is_monotone,hq,0.96,0.16,0.8,0.8333333333333334,False,negative,1.0,25,6,True,True,True,0.0,0.0,0.0,0.0,0.0,0.0,0.48,0.0,0.48,0.72,0.0,0.72,0.96,0.16,0.8,0.92,0.16,0.76,reasoning_C,C,HQ + C,repeat_01_fold_03,1,3
founding_role_count,hq,0.92,0.12,0.8,0.8695652173913043,False,negative,1.0,25,6,True,True,True,0.0,0.0,0.0,0.0,0.0,0.0,0.16,0.0,0.16,0.72,0.04,0.68,0.92,0.12,0.8,0.92,0.12,0.8,reasoning_C,C,HQ + C,repeat_01_fold_03,1,3
is_serial_founder,hq,0.92,0.2,0.72,0.7826086956521738,False,negative,3.0,25,6,True,True,True,0.0,0.0,0.0,0.0,0.0,0.0,0.0,0.0,0.0,0.4,0.04,0.36,0.76,0.16,0.6,0.92,0.2,0.72,reasoning_C,C,HQ + C,repeat_01_fold_03,1,3
repeat_founding_gap,hq,0.92,0.36,0.56,0.6086956521739131,False,negative,3.0,25,6,True,True,True,0.0,0.0,0.0,0.0,0.0,0.0,0.16,0.08,0.08,0.68,0.24,0.44,0.84,0.32,0.52,0.92,0.36,0.56,reasoning_C,C,HQ + C,repeat_01_fold_03,1,3
stem_flag,hq,0.92,0.72,0.2,0.7826086956521738,False,positive,3.0,25,6,True,True,True,0.0,0.0,0.0,0.0,0.0,0.0,0.32,0.32,0.0,0.72,0.68,0.04,0.84,0.72,0.12,0.92,0.72,0.2,reasoning_C,C,HQ + C,repeat_01_fold_03,1,3
exit_x_serial,hq,0.88,0.6,0.28,0.6818181818181818,False,positive,3.0,25,6,True,True,False,0.0,0.0,0.0,0.12,0.12,0.0,0.2,0.2,0.0,0.48,0.32,0.16,0.68,0.48,0.2,0.88,0.6,0.28,reasoning_C,C,HQ + C,repeat_01_fold_03,1,3
has_prior_ipo,hq,0.88,0.84,0.04,0.9545454545454545,True,positive,1.0,25,6,True,True,False,0.0,0.0,0.0,0.24,0.24,0.0,0.56,0.56,0.0,0.8,0.76,0.04,0.88,0.84,0.04,0.88,0.84,0.04,reasoning_C,C,HQ + C,repeat_01_fold_03,1,3
persistence_score,hq,0.88,0.52,0.36,0.5909090909090909,False,positive,3.0,25,6,True,True,False,0.0,0.0,0.0,0.0,0.0,0.0,0.12,0.04,0.08,0.56,0.36,0.2,0.8,0.44,0.36,0.88,0.52,0.36,reasoning_C,C,HQ + C,repeat_01_fold_03,1,3
total_inferred_experience,hq,0.88,0.32,0.56,0.6363636363636365,False,negative,3.0,25,6,True,True,False,0.0,0.0,0.0,0.0,0.0,0.0,0.44,0.0,0.44,0.64,0.0,0.64,0.72,0.16,0.56,0.88,0.32,0.56,reasoning_C,C,HQ + C,repeat_01_fold_03,1,3
field_relevance_score,hq,0.84,0.4,0.44,0.5238095238095238,False,negative,3.0,25,6,True,True,False,0.0,0.0,0.0,0.0,0.0,0.0,0.16,0.16,0.0,0.32,0.28,0.04,0.52,0.36,0.16,0.84,0.4,0.44,reasoning_C,C,HQ + C,repeat_01_fold_03,1,3
prestige_sacrifice_score,hq,0.84,0.48,0.36,0.5714285714285714,False,positive,3.0,25,6,True,True,False,0.0,0.0,0.0,0.08,0.08,0.0,0.4,0.4,0.0,0.52,0.48,0.04,0.68,0.48,0.2,0.84,0.48,0.36,reasoning_C,C,HQ + C,repeat_01_fold_03,1,3
has_prior_acquisition,hq,0.24,0.24,0.0,1.0,True,positive,0.03,25,6,False,False,False,0.0,0.0,0.0,0.24,0.24,0.0,0.24,0.24,0.0,0.16,0.16,0.0,0.2,0.16,0.04,0.2,0.16,0.04,reasoning_C,C,HQ + C,repeat_01_fold_03,1,3
C_latent_risk,reasoning,0.96,0.76,0.2,0.7916666666666667,False,positive,3.0,25,6,True,True,True,0.0,0.0,0.0,0.0,0.0,0.0,0.28,0.16,0.12,0.72,0.56,0.16,0.84,0.68,0.16,0.96,0.76,0.2,reasoning_C,C,HQ + C,repeat_01_fold_03,1,3
C_evidence_support_rating,reasoning,0.88,0.76,0.12,0.8636363636363636,False,positive,1.0,25,6,True,True,False,0.0,0.0,0.0,0.0,0.0,0.0,0.32,0.32,0.0,0.6,0.52,0.08,0.88,0.76,0.12,0.88,0.76,0.12,reasoning_C,C,HQ + C,repeat_01_fold_03,1,3
C_latent_strength,reasoning,0.88,0.48,0.4,0.5454545454545454,False,positive,3.0,25,6,True,True,False,0.0,0.0,0.0,0.0,0.0,0.0,0.2,0.16,0.04,0.44,0.36,0.08,0.6,0.4,0.2,0.88,0.48,0.4,reasoning_C,C,HQ + C,repeat_01_fold_03,1,3
best_degree_prestige,hq,1.0,0.8,0.2,0.8,False,positive,3.0,25,6,True,True,True,0.0,0.0,0.0,0.24,0.24,0.0,0.48,0.48,0.0,0.76,0.76,0.0,0.88,0.8,0.08,1.0,0.8,0.2,reasoning_D,D,HQ + D,repeat_01_fold_03,1,3
comfort_index,hq,1.0,0.96,0.04,0.96,True,positive,1.0,25,6,True,True,True,0.0,0.0,0.0,0.0,0.0,0.0,0.64,0.64,0.0,0.88,0.88,0.0,1.0,0.96,0.04,1.0,0.96,0.04,reasoning_D,D,HQ + D,repeat_01_fold_03,1,3
company_size_is_growing,hq,1.0,0.52,0.48,0.52,False,positive,3.0,25,6,True,True,True,0.0,0.0,0.0,0.0,0.0,0.0,0.24,0.04,0.2,0.72,0.32,0.4,0.92,0.48,0.44,1.0,0.52,0.48,reasoning_D,D,HQ + D,repeat_01_fold_03,1,3
degree_level,hq,1.0,0.12,0.88,0.88,False,negative,1.0,25,6,True,True,True,0.0,0.0,0.0,0.0,0.0,0.0,0.16,0.0,0.16,0.72,0.04,0.68,1.0,0.12,0.88,1.0,0.12,0.88,reasoning_D,D,HQ + D,repeat_01_fold_03,1,3
edu_prestige_tier,hq,1.0,0.8,0.2,0.8,False,positive,3.0,25,6,True,True,True,0.0,0.0,0.0,0.24,0.24,0.0,0.48,0.48,0.0,0.76,0.76,0.0,0.88,0.8,0.08,1.0,0.8,0.2,reasoning_D,D,HQ + D,repeat_01_fold_03,1,3
exit_x_serial,hq,1.0,0.68,0.32,0.68,False,positive,3.0,25,6,True,True,True,0.0,0.0,0.0,0.2,0.2,0.0,0.4,0.4,0.0,0.6,0.56,0.04,0.88,0.6,0.28,1.0,0.68,0.32,reasoning_D,D,HQ + D,repeat_01_fold_03,1,3
industry_alignment,hq,1.0,0.92,0.08,0.92,True,positive,3.0,25,6,True,True,True,0.0,0.0,0.0,0.0,0.0,0.0,0.8,0.8,0.0,0.96,0.92,0.04,0.96,0.92,0.04,1.0,0.92,0.08,reasoning_D,D,HQ + D,repeat_01_fold_03,1,3
industry_pivot_count,hq,1.0,0.12,0.88,0.88,False,negative,3.0,25,6,True,True,True,0.0,0.0,0.0,0.0,0.0,0.0,0.28,0.0,0.28,0.84,0.04,0.8,0.96,0.12,0.84,1.0,0.12,0.88,reasoning_D,D,HQ + D,repeat_01_fold_03,1,3
industry_prestige_penalty,hq,1.0,0.92,0.08,0.92,True,positive,3.0,25,6,True,True,True,0.0,0.0,0.0,0.24,0.24,0.0,0.8,0.8,0.0,0.88,0.84,0.04,0.96,0.92,0.04,1.0,0.92,0.08,reasoning_D,D,HQ + D,repeat_01_fold_03,1,3
is_serial_founder,hq,1.0,0.12,0.88,0.88,False,negative,3.0,25,6,True,True,True,0.0,0.0,0.0,0.0,0.0,0.0,0.12,0.0,0.12,0.48,0.0,0.48,0.76,0.04,0.72,1.0,0.12,0.88,reasoning_D,D,HQ + D,repeat_01_fold_03,1,3
max_seniority_reached,hq,1.0,0.96,0.04,0.96,True,positive,1.0,25,6,True,True,True,0.0,0.0,0.0,0.0,0.0,0.0,0.28,0.28,0.0,0.88,0.84,0.04,1.0,0.96,0.04,1.0,0.96,0.04,reasoning_D,D,HQ + D,repeat_01_fold_03,1,3
prestige_x_relevance,hq,1.0,1.0,0.0,1.0,True,positive,0.03,25,6,True,True,True,0.0,0.0,0.0,1.0,1.0,0.0,0.92,0.92,0.0,0.84,0.84,0.0,0.88,0.76,0.12,0.96,0.72,0.24,reasoning_D,D,HQ + D,repeat_01_fold_03,1,3
repeat_founding_gap,hq,1.0,0.28,0.72,0.72,False,negative,3.0,25,6,True,True,True,0.0,0.0,0.0,0.0,0.0,0.0,0.24,0.04,0.2,0.64,0.2,0.44,0.92,0.28,0.64,1.0,0.28,0.72,reasoning_D,D,HQ + D,repeat_01_fold_03,1,3
restlessness_score,hq,1.0,0.4,0.6,0.6,False,negative,3.0,25,6,True,True,True,0.0,0.0,0.0,0.0,0.0,0.0,0.32,0.08,0.24,0.76,0.24,0.52,0.96,0.36,0.6,1.0,0.4,0.6,reasoning_D,D,HQ + D,repeat_01_fold_03,1,3
years_in_large_company,hq,1.0,0.84,0.16,0.84,False,positive,1.0,25,6,True,True,True,0.0,0.0,0.0,0.0,0.0,0.0,0.28,0.28,0.0,0.84,0.76,0.08,1.0,0.84,0.16,1.0,0.84,0.16,reasoning_D,D,HQ + D,repeat_01_fold_03,1,3
field_relevance_score,hq,0.96,0.56,0.4,0.5833333333333334,False,positive,3.0,25,6,True,True,True,0.0,0.0,0.0,0.0,0.0,0.0,0.24,0.24,0.0,0.44,0.4,0.04,0.8,0.56,0.24,0.96,0.56,0.4,reasoning_D,D,HQ + D,repeat_01_fold_03,1,3
founding_timing,hq,0.96,0.08,0.88,0.9166666666666667,True,negative,3.0,25,6,True,True,True,0.0,0.0,0.0,0.0,0.0,0.0,0.4,0.0,0.4,0.84,0.0,0.84,0.88,0.0,0.88,0.96,0.08,0.88,reasoning_D,D,HQ + D,repeat_01_fold_03,1,3
longest_founding_tenure,hq,0.96,0.28,0.68,0.7083333333333334,False,negative,3.0,25,6,True,True,True,0.0,0.0,0.0,0.0,0.0,0.0,0.36,0.0,0.36,0.52,0.0,0.52,0.84,0.2,0.64,0.96,0.28,0.68,reasoning_D,D,HQ + D,repeat_01_fold_03,1,3
persistence_score,hq,0.96,0.36,0.6,0.625,False,negative,3.0,25,6,True,True,True,0.0,0.0,0.0,0.0,0.0,0.0,0.12,0.08,0.04,0.44,0.2,0.24,0.8,0.32,0.48,0.96,0.36,0.6,reasoning_D,D,HQ + D,repeat_01_fold_03,1,3
sacrifice_x_serial,hq,0.96,0.96,0.0,1.0,True,positive,3.0,25,6,True,True,True,0.0,0.0,0.0,0.04,0.04,0.0,0.28,0.28,0.0,0.8,0.8,0.0,0.92,0.92,0.0,0.96,0.96,0.0,reasoning_D,D,HQ + D,repeat_01_fold_03,1,3
exit_count,hq,0.92,0.92,0.0,1.0,True,positive,0.1,25,6,True,True,True,0.0,0.0,0.0,0.8,0.8,0.0,0.92,0.92,0.0,0.92,0.92,0.0,0.88,0.88,0.0,0.88,0.84,0.04,reasoning_D,D,HQ + D,repeat_01_fold_03,1,3
has_prior_ipo,hq,0.92,0.84,0.08,0.9130434782608695,True,positive,3.0,25,6,True,True,True,0.0,0.0,0.0,0.24,0.24,0.0,0.56,0.56,0.0,0.84,0.8,0.04,0.88,0.84,0.04,0.92,0.84,0.08,reasoning_D,D,HQ + D,repeat_01_fold_03,1,3
max_company_size_before_founding,hq,0.92,0.68,0.24,0.7391304347826088,False,positive,3.0,25,6,True,True,True,0.0,0.0,0.0,0.0,0.0,0.0,0.36,0.36,0.0,0.56,0.52,0.04,0.76,0.6,0.16,0.92,0.68,0.24,reasoning_D,D,HQ + D,repeat_01_fold_03,1,3
prestige_sacrifice_score,hq,0.92,0.48,0.44,0.5217391304347826,False,positive,3.0,25,6,True,True,True,0.0,0.0,0.0,0.04,0.04,0.0,0.56,0.56,0.0,0.56,0.56,0.0,0.84,0.52,0.32,0.92,0.48,0.44,reasoning_D,D,HQ + D,repeat_01_fold_03,1,3
seniority_is_monotone,hq,0.92,0.16,0.76,0.8260869565217391,False,negative,1.0,25,6,True,True,True,0.0,0.0,0.0,0.0,0.0,0.0,0.28,0.04,0.24,0.72,0.08,0.64,0.92,0.16,0.76,0.92,0.16,0.76,reasoning_D,D,HQ + D,repeat_01_fold_03,1,3
total_inferred_experience,hq,0.92,0.28,0.64,0.6956521739130435,False,negative,3.0,25,6,True,True,True,0.0,0.0,0.0,0.0,0.0,0.0,0.64,0.0,0.64,0.64,0.0,0.64,0.68,0.08,0.6,0.92,0.28,0.64,reasoning_D,D,HQ + D,repeat_01_fold_03,1,3
founding_role_count,hq,0.84,0.08,0.76,0.9047619047619048,True,negative,3.0,25,6,True,True,False,0.0,0.0,0.0,0.0,0.0,0.0,0.12,0.0,0.12,0.44,0.0,0.44,0.8,0.08,0.72,0.84,0.08,0.76,reasoning_D,D,HQ + D,repeat_01_fold_03,1,3
stem_flag,hq,0.84,0.56,0.28,0.6666666666666667,False,positive,3.0,25,6,True,True,False,0.0,0.0,0.0,0.0,0.0,0.0,0.12,0.12,0.0,0.36,0.32,0.04,0.68,0.52,0.16,0.84,0.56,0.28,reasoning_D,D,HQ + D,repeat_01_fold_03,1,3
has_prior_acquisition,hq,0.28,0.24,0.04,0.857142857142857,False,positive,3.0,25,6,False,False,False,0.0,0.0,0.0,0.2,0.2,0.0,0.2,0.2,0.0,0.2,0.2,0.0,0.16,0.16,0.0,0.28,0.24,0.04,reasoning_D,D,HQ + D,repeat_01_fold_03,1,3
D_evidence_support_rating,reasoning,1.0,0.0,1.0,1.0,True,negative,1.0,25,6,True,True,True,0.0,0.0,0.0,0.0,0.0,0.0,0.0,0.0,0.0,0.96,0.0,0.96,1.0,0.0,1.0,1.0,0.0,1.0,reasoning_D,D,HQ + D,repeat_01_fold_03,1,3
D_overall_founder_quality,reasoning,1.0,1.0,0.0,1.0,True,positive,0.3,25,6,True,True,True,0.0,0.0,0.0,0.08,0.08,0.0,0.92,0.92,0.0,1.0,1.0,0.0,1.0,1.0,0.0,1.0,1.0,0.0,reasoning_D,D,HQ + D,repeat_01_fold_03,1,3
company_size_is_growing,hq,1.0,0.6,0.4,0.6,False,positive,3.0,25,6,True,True,True,0.0,0.0,0.0,0.0,0.0,0.0,0.16,0.0,0.16,0.44,0.12,0.32,0.92,0.52,0.4,1.0,0.6,0.4,reasoning_E,E,HQ + E,repeat_01_fold_03,1,3
exit_count,hq,1.0,1.0,0.0,1.0,True,positive,0.1,25,6,True,True,True,0.0,0.0,0.0,0.8,0.8,0.0,1.0,1.0,0.0,1.0,1.0,0.0,1.0,1.0,0.0,0.96,0.96,0.0,reasoning_E,E,HQ + E,repeat_01_fold_03,1,3
industry_alignment,hq,1.0,1.0,0.0,1.0,True,positive,1.0,25,6,True,True,True,0.0,0.0,0.0,0.08,0.08,0.0,0.8,0.8,0.0,0.96,0.96,0.0,1.0,1.0,0.0,1.0,1.0,0.0,reasoning_E,E,HQ + E,repeat_01_fold_03,1,3
industry_prestige_penalty,hq,1.0,0.96,0.04,0.96,True,positive,1.0,25,6,True,True,True,0.0,0.0,0.0,0.32,0.32,0.0,0.84,0.84,0.0,0.92,0.92,0.0,1.0,0.96,0.04,1.0,0.96,0.04,reasoning_E,E,HQ + E,repeat_01_fold_03,1,3
is_serial_founder,hq,1.0,0.04,0.96,0.96,True,negative,3.0,25,6,True,True,True,0.0,0.0,0.0,0.0,0.0,0.0,0.08,0.0,0.08,0.6,0.0,0.6,0.92,0.04,0.88,1.0,0.04,0.96,reasoning_E,E,HQ + E,repeat_01_fold_03,1,3
max_company_size_before_founding,hq,1.0,0.76,0.24,0.76,False,positive,3.0,25,6,True,True,True,0.0,0.0,0.0,0.0,0.0,0.0,0.28,0.28,0.0,0.56,0.52,0.04,0.76,0.6,0.16,1.0,0.76,0.24,reasoning_E,E,HQ + E,repeat_01_fold_03,1,3
persistence_score,hq,1.0,0.64,0.36,0.64,False,positive,3.0,25,6,True,True,True,0.0,0.0,0.0,0.0,0.0,0.0,0.08,0.08,0.0,0.64,0.48,0.16,0.96,0.6,0.36,1.0,0.64,0.36,reasoning_E,E,HQ + E,repeat_01_fold_03,1,3
prestige_x_relevance,hq,1.0,1.0,0.0,1.0,True,positive,0.03,25,6,True,True,True,0.0,0.0,0.0,1.0,1.0,0.0,1.0,1.0,0.0,0.96,0.96,0.0,0.96,0.92,0.04,0.96,0.92,0.04,reasoning_E,E,HQ + E,repeat_01_fold_03,1,3
sacrifice_x_serial,hq,1.0,0.92,0.08,0.92,True,positive,3.0,25,6,True,True,True,0.0,0.0,0.0,0.0,0.0,0.0,0.24,0.24,0.0,0.72,0.72,0.0,0.92,0.88,0.04,1.0,0.92,0.08,reasoning_E,E,HQ + E,repeat_01_fold_03,1,3
stem_flag,hq,1.0,0.6,0.4,0.6,False,positive,3.0,25,6,True,True,True,0.0,0.0,0.0,0.0,0.0,0.0,0.28,0.28,0.0,0.56,0.52,0.04,0.8,0.56,0.24,1.0,0.6,0.4,reasoning_E,E,HQ + E,repeat_01_fold_03,1,3
years_in_large_company,hq,1.0,1.0,0.0,1.0,True,positive,1.0,25,6,True,True,True,0.0,0.0,0.0,0.0,0.0,0.0,0.44,0.44,0.0,0.92,0.92,0.0,1.0,1.0,0.0,1.0,1.0,0.0,reasoning_E,E,HQ + E,repeat_01_fold_03,1,3
comfort_index,hq,0.96,0.88,0.08,0.9166666666666667,True,positive,3.0,25,6,True,True,True,0.0,0.0,0.0,0.0,0.0,0.0,0.64,0.64,0.0,0.84,0.8,0.04,0.88,0.84,0.04,0.96,0.88,0.08,reasoning_E,E,HQ + E,repeat_01_fold_03,1,3
degree_level,hq,0.96,0.16,0.8,0.8333333333333334,False,negative,1.0,25,6,True,True,True,0.0,0.0,0.0,0.0,0.0,0.0,0.16,0.04,0.12,0.92,0.12,0.8,0.96,0.16,0.8,0.96,0.16,0.8,reasoning_E,E,HQ + E,repeat_01_fold_03,1,3
exit_x_serial,hq,0.96,0.64,0.32,0.6666666666666667,False,positive,3.0,25,6,True,True,True,0.0,0.0,0.0,0.2,0.2,0.0,0.28,0.28,0.0,0.56,0.48,0.08,0.84,0.56,0.28,0.96,0.64,0.32,reasoning_E,E,HQ + E,repeat_01_fold_03,1,3
field_relevance_score,hq,0.96,0.64,0.32,0.6666666666666667,False,positive,3.0,25,6,True,True,True,0.0,0.0,0.0,0.0,0.0,0.0,0.28,0.28,0.0,0.64,0.56,0.08,0.88,0.64,0.24,0.96,0.64,0.32,reasoning_E,E,HQ + E,repeat_01_fold_03,1,3
founding_role_count,hq,0.96,0.28,0.68,0.7083333333333334,False,negative,3.0,25,6,True,True,True,0.0,0.0,0.0,0.0,0.0,0.0,0.12,0.0,0.12,0.48,0.0,0.48,0.84,0.2,0.64,0.96,0.28,0.68,reasoning_E,E,HQ + E,repeat_01_fold_03,1,3
has_prior_ipo,hq,0.96,0.96,0.0,1.0,True,positive,1.0,25,6,True,True,True,0.0,0.0,0.0,0.32,0.32,0.0,0.72,0.72,0.0,0.88,0.88,0.0,0.96,0.96,0.0,0.96,0.96,0.0,reasoning_E,E,HQ + E,repeat_01_fold_03,1,3
industry_pivot_count,hq,0.96,0.2,0.76,0.7916666666666667,False,negative,1.0,25,6,True,True,True,0.0,0.0,0.0,0.0,0.0,0.0,0.24,0.0,0.24,0.76,0.0,0.76,0.96,0.2,0.76,0.96,0.2,0.76,reasoning_E,E,HQ + E,repeat_01_fold_03,1,3
max_seniority_reached,hq,0.96,0.92,0.04,0.9583333333333334,True,positive,3.0,25,6,True,True,True,0.0,0.0,0.0,0.0,0.0,0.0,0.4,0.4,0.0,0.84,0.84,0.0,0.92,0.92,0.0,0.96,0.92,0.04,reasoning_E,E,HQ + E,repeat_01_fold_03,1,3
restlessness_score,hq,0.96,0.44,0.52,0.5416666666666667,False,negative,1.0,25,6,True,True,True,0.0,0.0,0.0,0.0,0.0,0.0,0.32,0.12,0.2,0.76,0.28,0.48,0.96,0.44,0.52,0.96,0.44,0.52,reasoning_E,E,HQ + E,repeat_01_fold_03,1,3
longest_founding_tenure,hq,0.92,0.2,0.72,0.7826086956521738,False,negative,1.0,25,6,True,True,True,0.0,0.0,0.0,0.0,0.0,0.0,0.44,0.0,0.44,0.76,0.08,0.68,0.92,0.2,0.72,0.92,0.2,0.72,reasoning_E,E,HQ + E,repeat_01_fold_03,1,3
seniority_is_monotone,hq,0.92,0.12,0.8,0.8695652173913043,False,negative,3.0,25,6,True,True,True,0.0,0.0,0.0,0.0,0.0,0.0,0.32,0.0,0.32,0.68,0.0,0.68,0.88,0.08,0.8,0.92,0.12,0.8,reasoning_E,E,HQ + E,repeat_01_fold_03,1,3
total_inferred_experience,hq,0.92,0.2,0.72,0.7826086956521738,False,negative,3.0,25,6,True,True,True,0.0,0.0,0.0,0.0,0.0,0.0,0.64,0.0,0.64,0.72,0.0,0.72,0.76,0.04,0.72,0.92,0.2,0.72,reasoning_E,E,HQ + E,repeat_01_fold_03,1,3
best_degree_prestige,hq,0.88,0.68,0.2,0.7727272727272728,False,positive,3.0,25,6,True,True,False,0.0,0.0,0.0,0.08,0.08,0.0,0.28,0.28,0.0,0.56,0.56,0.0,0.8,0.64,0.16,0.88,0.68,0.2,reasoning_E,E,HQ + E,repeat_01_fold_03,1,3
edu_prestige_tier,hq,0.88,0.68,0.2,0.7727272727272728,False,positive,3.0,25,6,True,True,False,0.0,0.0,0.0,0.08,0.08,0.0,0.28,0.28,0.0,0.56,0.56,0.0,0.8,0.64,0.16,0.88,0.68,0.2,reasoning_E,E,HQ + E,repeat_01_fold_03,1,3
founding_timing,hq,0.88,0.32,0.56,0.6363636363636365,False,negative,3.0,25,6,True,True,False,0.0,0.0,0.0,0.0,0.0,0.0,0.16,0.0,0.16,0.56,0.0,0.56,0.68,0.12,0.56,0.88,0.32,0.56,reasoning_E,E,HQ + E,repeat_01_fold_03,1,3
repeat_founding_gap,hq,0.88,0.32,0.56,0.6363636363636365,False,negative,3.0,25,6,True,True,False,0.0,0.0,0.0,0.0,0.0,0.0,0.2,0.04,0.16,0.64,0.24,0.4,0.84,0.32,0.52,0.88,0.32,0.56,reasoning_E,E,HQ + E,repeat_01_fold_03,1,3
prestige_sacrifice_score,hq,0.84,0.44,0.4,0.5238095238095238,False,positive,3.0,25,6,True,True,False,0.0,0.0,0.0,0.08,0.08,0.0,0.6,0.6,0.0,0.6,0.6,0.0,0.68,0.44,0.24,0.84,0.44,0.4,reasoning_E,E,HQ + E,repeat_01_fold_03,1,3
has_prior_acquisition,hq,0.12,0.12,0.0,1.0,True,positive,0.1,25,6,False,False,False,0.0,0.0,0.0,0.04,0.04,0.0,0.12,0.12,0.0,0.04,0.04,0.0,0.04,0.04,0.0,0.12,0.12,0.0,reasoning_E,E,HQ + E,repeat_01_fold_03,1,3
E_evidence_support_rating,reasoning,0.96,0.28,0.68,0.7083333333333334,False,negative,3.0,25,6,True,True,True,0.0,0.0,0.0,0.0,0.0,0.0,0.08,0.08,0.0,0.24,0.12,0.12,0.72,0.2,0.52,0.96,0.28,0.68,reasoning_E,E,HQ + E,repeat_01_fold_03,1,3
E_hidden_risk,reasoning,0.96,0.44,0.52,0.5416666666666667,False,negative,3.0,25,6,True,True,True,0.0,0.0,0.0,0.0,0.0,0.0,0.08,0.04,0.04,0.64,0.28,0.36,0.88,0.4,0.48,0.96,0.44,0.52,reasoning_E,E,HQ + E,repeat_01_fold_03,1,3
E_hidden_upside,reasoning,0.92,0.72,0.2,0.7826086956521738,False,positive,3.0,25,6,True,True,True,0.0,0.0,0.0,0.0,0.0,0.0,0.2,0.2,0.0,0.56,0.52,0.04,0.88,0.68,0.2,0.92,0.72,0.2,reasoning_E,E,HQ + E,repeat_01_fold_03,1,3
degree_level,hq,1.0,0.08,0.92,0.92,True,negative,1.0,25,6,True,True,True,0.0,0.0,0.0,0.0,0.0,0.0,0.28,0.08,0.2,0.88,0.08,0.8,1.0,0.08,0.92,1.0,0.08,0.92,reasoning_F,F,HQ + F,repeat_01_fold_03,1,3
founding_timing,hq,1.0,0.24,0.76,0.76,False,negative,3.0,25,6,True,True,True,0.0,0.0,0.0,0.0,0.0,0.0,0.24,0.0,0.24,0.72,0.0,0.72,0.88,0.12,0.76,1.0,0.24,0.76,reasoning_F,F,HQ + F,repeat_01_fold_03,1,3
industry_alignment,hq,1.0,1.0,0.0,1.0,True,positive,3.0,25,6,True,True,True,0.0,0.0,0.0,0.04,0.04,0.0,0.64,0.64,0.0,0.88,0.88,0.0,0.96,0.96,0.0,1.0,1.0,0.0,reasoning_F,F,HQ + F,repeat_01_fold_03,1,3
industry_prestige_penalty,hq,1.0,0.96,0.04,0.96,True,positive,1.0,25,6,True,True,True,0.0,0.0,0.0,0.48,0.48,0.0,0.92,0.92,0.0,0.96,0.96,0.0,1.0,0.96,0.04,1.0,0.96,0.04,reasoning_F,F,HQ + F,repeat_01_fold_03,1,3
prestige_x_relevance,hq,1.0,1.0,0.0,1.0,True,positive,0.03,25,6,True,True,True,0.0,0.0,0.0,1.0,1.0,0.0,0.92,0.92,0.0,0.84,0.84,0.0,0.84,0.68,0.16,0.96,0.68,0.28,reasoning_F,F,HQ + F,repeat_01_fold_03,1,3
seniority_is_monotone,hq,1.0,0.16,0.84,0.84,False,negative,3.0,25,6,True,True,True,0.0,0.0,0.0,0.0,0.0,0.0,0.44,0.0,0.44,0.8,0.08,0.72,0.92,0.12,0.8,1.0,0.16,0.84,reasoning_F,F,HQ + F,repeat_01_fold_03,1,3
years_in_large_company,hq,1.0,0.96,0.04,0.96,True,positive,3.0,25,6,True,True,True,0.0,0.0,0.0,0.0,0.0,0.0,0.36,0.36,0.0,0.8,0.8,0.0,0.96,0.96,0.0,1.0,0.96,0.04,reasoning_F,F,HQ + F,repeat_01_fold_03,1,3
comfort_index,hq,0.96,0.84,0.12,0.875,False,positive,3.0,25,6,True,True,True,0.0,0.0,0.0,0.0,0.0,0.0,0.6,0.6,0.0,0.76,0.76,0.0,0.92,0.84,0.08,0.96,0.84,0.12,reasoning_F,F,HQ + F,repeat_01_fold_03,1,3
company_size_is_growing,hq,0.96,0.32,0.64,0.6666666666666667,False,negative,1.0,25,6,True,True,True,0.0,0.0,0.0,0.0,0.0,0.0,0.2,0.0,0.2,0.68,0.08,0.6,0.96,0.32,0.64,0.96,0.32,0.64,reasoning_F,F,HQ + F,repeat_01_fold_03,1,3
longest_founding_tenure,hq,0.96,0.2,0.76,0.7916666666666667,False,negative,1.0,25,6,True,True,True,0.0,0.0,0.0,0.0,0.0,0.0,0.36,0.0,0.36,0.64,0.04,0.6,0.96,0.2,0.76,0.96,0.24,0.72,reasoning_F,F,HQ + F,repeat_01_fold_03,1,3
max_seniority_reached,hq,0.96,0.92,0.04,0.9583333333333334,True,positive,3.0,25,6,True,True,True,0.0,0.0,0.0,0.0,0.0,0.0,0.24,0.24,0.0,0.92,0.92,0.0,0.92,0.92,0.0,0.96,0.92,0.04,reasoning_F,F,HQ + F,repeat_01_fold_03,1,3
repeat_founding_gap,hq,0.96,0.64,0.32,0.6666666666666667,False,positive,3.0,25,6,True,True,True,0.0,0.0,0.0,0.0,0.0,0.0,0.2,0.08,0.12,0.76,0.52,0.24,0.92,0.64,0.28,0.96,0.64,0.32,reasoning_F,F,HQ + F,repeat_01_fold_03,1,3
restlessness_score,hq,0.96,0.52,0.44,0.5416666666666667,False,positive,3.0,25,6,True,True,True,0.0,0.0,0.0,0.0,0.0,0.0,0.08,0.04,0.04,0.6,0.2,0.4,0.88,0.48,0.4,0.96,0.52,0.44,reasoning_F,F,HQ + F,repeat_01_fold_03,1,3
sacrifice_x_serial,hq,0.96,0.96,0.0,1.0,True,positive,3.0,25,6,True,True,True,0.0,0.0,0.0,0.04,0.04,0.0,0.2,0.2,0.0,0.8,0.8,0.0,0.92,0.92,0.0,0.96,0.96,0.0,reasoning_F,F,HQ + F,repeat_01_fold_03,1,3
stem_flag,hq,0.96,0.68,0.28,0.7083333333333334,False,positive,3.0,25,6,True,True,True,0.0,0.0,0.0,0.0,0.0,0.0,0.32,0.32,0.0,0.68,0.56,0.12,0.8,0.56,0.24,0.96,0.68,0.28,reasoning_F,F,HQ + F,repeat_01_fold_03,1,3
best_degree_prestige,hq,0.92,0.68,0.24,0.7391304347826088,False,positive,3.0,25,6,True,True,True,0.0,0.0,0.0,0.16,0.16,0.0,0.44,0.44,0.0,0.64,0.64,0.0,0.76,0.64,0.12,0.92,0.68,0.24,reasoning_F,F,HQ + F,repeat_01_fold_03,1,3
edu_prestige_tier,hq,0.92,0.68,0.24,0.7391304347826088,False,positive,3.0,25,6,True,True,True,0.0,0.0,0.0,0.16,0.16,0.0,0.44,0.44,0.0,0.64,0.64,0.0,0.76,0.64,0.12,0.92,0.68,0.24,reasoning_F,F,HQ + F,repeat_01_fold_03,1,3
exit_x_serial,hq,0.92,0.6,0.32,0.6521739130434782,False,positive,3.0,25,6,True,True,True,0.0,0.0,0.0,0.04,0.04,0.0,0.2,0.2,0.0,0.6,0.48,0.12,0.84,0.56,0.28,0.92,0.6,0.32,reasoning_F,F,HQ + F,repeat_01_fold_03,1,3
founding_role_count,hq,0.92,0.2,0.72,0.7826086956521738,False,negative,3.0,25,6,True,True,True,0.0,0.0,0.0,0.0,0.0,0.0,0.24,0.0,0.24,0.48,0.0,0.48,0.8,0.12,0.68,0.92,0.2,0.72,reasoning_F,F,HQ + F,repeat_01_fold_03,1,3
has_prior_ipo,hq,0.92,0.88,0.04,0.9565217391304347,True,positive,3.0,25,6,True,True,True,0.0,0.0,0.0,0.24,0.24,0.0,0.72,0.72,0.0,0.8,0.8,0.0,0.88,0.84,0.04,0.92,0.88,0.04,reasoning_F,F,HQ + F,repeat_01_fold_03,1,3
industry_pivot_count,hq,0.92,0.12,0.8,0.8695652173913043,False,negative,1.0,25,6,True,True,True,0.0,0.0,0.0,0.0,0.0,0.0,0.12,0.0,0.12,0.72,0.0,0.72,0.92,0.12,0.8,0.92,0.12,0.8,reasoning_F,F,HQ + F,repeat_01_fold_03,1,3
max_company_size_before_founding,hq,0.92,0.76,0.16,0.8260869565217391,False,positive,3.0,25,6,True,True,True,0.0,0.0,0.0,0.0,0.0,0.0,0.32,0.32,0.0,0.56,0.56,0.0,0.84,0.76,0.08,0.92,0.76,0.16,reasoning_F,F,HQ + F,repeat_01_fold_03,1,3
persistence_score,hq,0.92,0.48,0.44,0.5217391304347826,False,positive,3.0,25,6,True,True,True,0.0,0.0,0.0,0.0,0.0,0.0,0.12,0.04,0.08,0.52,0.32,0.2,0.84,0.44,0.4,0.92,0.48,0.44,reasoning_F,F,HQ + F,repeat_01_fold_03,1,3
exit_count,hq,0.88,0.88,0.0,1.0,True,positive,0.1,25,6,True,True,False,0.0,0.0,0.0,0.8,0.8,0.0,0.88,0.88,0.0,0.88,0.88,0.0,0.88,0.88,0.0,0.88,0.88,0.0,reasoning_F,F,HQ + F,repeat_01_fold_03,1,3
is_serial_founder,hq,0.88,0.16,0.72,0.8181818181818181,False,negative,3.0,25,6,True,True,False,0.0,0.0,0.0,0.0,0.0,0.0,0.0,0.0,0.0,0.32,0.04,0.28,0.8,0.12,0.68,0.88,0.16,0.72,reasoning_F,F,HQ + F,repeat_01_fold_03,1,3
total_inferred_experience,hq,0.84,0.2,0.64,0.761904761904762,False,negative,3.0,25,6,True,True,False,0.0,0.0,0.0,0.0,0.0,0.0,0.48,0.0,0.48,0.72,0.0,0.72,0.64,0.04,0.6,0.84,0.2,0.64,reasoning_F,F,HQ + F,repeat_01_fold_03,1,3
field_relevance_score,hq,0.8,0.6,0.2,0.7499999999999999,False,positive,3.0,25,6,True,True,False,0.0,0.0,0.0,0.0,0.0,0.0,0.12,0.12,0.0,0.36,0.36,0.0,0.64,0.56,0.08,0.8,0.6,0.2,reasoning_F,F,HQ + F,repeat_01_fold_03,1,3
prestige_sacrifice_score,hq,0.8,0.52,0.28,0.65,False,positive,3.0,25,6,True,True,False,0.0,0.0,0.0,0.04,0.04,0.0,0.72,0.72,0.0,0.76,0.76,0.0,0.76,0.56,0.2,0.8,0.52,0.28,reasoning_F,F,HQ + F,repeat_01_fold_03,1,3
has_prior_acquisition,hq,0.32,0.24,0.08,0.75,False,positive,3.0,25,6,False,False,False,0.0,0.0,0.0,0.16,0.16,0.0,0.2,0.2,0.0,0.16,0.16,0.0,0.24,0.16,0.08,0.32,0.24,0.08,reasoning_F,F,HQ + F,repeat_01_fold_03,1,3
F_career_coherence,reasoning,1.0,0.0,1.0,1.0,True,negative,0.3,25,6,True,True,True,0.0,0.0,0.0,0.0,0.0,0.0,0.92,0.0,0.92,1.0,0.0,1.0,1.0,0.0,1.0,1.0,0.0,1.0,reasoning_F,F,HQ + F,repeat_01_fold_03,1,3
F_evidence_support_rating,reasoning,1.0,1.0,0.0,1.0,True,positive,0.3,25,6,True,True,True,0.0,0.0,0.0,0.0,0.0,0.0,0.8,0.8,0.0,1.0,1.0,0.0,1.0,1.0,0.0,1.0,1.0,0.0,reasoning_F,F,HQ + F,repeat_01_fold_03,1,3
F_ownership_signal,reasoning,0.92,0.92,0.0,1.0,True,positive,3.0,25,6,True,True,True,0.0,0.0,0.0,0.0,0.0,0.0,0.0,0.0,0.0,0.32,0.32,0.0,0.84,0.84,0.0,0.92,0.92,0.0,reasoning_F,F,HQ + F,repeat_01_fold_03,1,3
F_scrappiness,reasoning,0.88,0.4,0.48,0.5454545454545454,False,negative,3.0,25,6,True,True,False,0.0,0.0,0.0,0.0,0.0,0.0,0.0,0.0,0.0,0.12,0.12,0.0,0.64,0.36,0.28,0.88,0.4,0.48,reasoning_F,F,HQ + F,repeat_01_fold_03,1,3
F_rubric_score,reasoning,0.84,0.2,0.64,0.761904761904762,False,negative,3.0,25,6,True,True,False,0.0,0.0,0.0,0.0,0.0,0.0,0.0,0.0,0.0,0.0,0.0,0.0,0.32,0.12,0.2,0.84,0.2,0.64,reasoning_F,F,HQ + F,repeat_01_fold_03,1,3
F_trajectory_strength,reasoning,0.84,0.76,0.08,0.9047619047619048,True,positive,3.0,25,6,True,True,False,0.0,0.0,0.0,0.0,0.0,0.0,0.0,0.0,0.0,0.04,0.04,0.0,0.52,0.48,0.04,0.84,0.76,0.08,reasoning_F,F,HQ + F,repeat_01_fold_03,1,3
comfort_index,hq,1.0,0.84,0.16,0.84,False,positive,3.0,25,6,True,True,True,0.0,0.0,0.0,0.04,0.04,0.0,0.72,0.72,0.0,0.92,0.84,0.08,0.96,0.84,0.12,1.0,0.84,0.16,reasoning_A,A,HQ + A,repeat_02_fold_01,2,1
company_size_is_growing,hq,1.0,0.48,0.52,0.52,False,negative,3.0,25,6,True,True,True,0.0,0.0,0.0,0.0,0.0,0.0,0.32,0.0,0.32,0.56,0.12,0.44,0.88,0.4,0.48,1.0,0.48,0.52,reasoning_A,A,HQ + A,repeat_02_fold_01,2,1
founding_timing,hq,1.0,0.96,0.04,0.96,True,positive,3.0,25,6,True,True,True,0.0,0.0,0.0,0.0,0.0,0.0,0.0,0.0,0.0,0.08,0.08,0.0,0.8,0.76,0.04,1.0,0.96,0.04,reasoning_A,A,HQ + A,repeat_02_fold_01,2,1
industry_alignment,hq,1.0,1.0,0.0,1.0,True,positive,0.3,25,6,True,True,True,0.0,0.0,0.0,0.36,0.36,0.0,0.96,0.96,0.0,1.0,1.0,0.0,1.0,1.0,0.0,1.0,1.0,0.0,reasoning_A,A,HQ + A,repeat_02_fold_01,2,1
industry_pivot_count,hq,1.0,0.04,0.96,0.96,True,negative,3.0,25,6,True,True,True,0.0,0.0,0.0,0.0,0.0,0.0,0.44,0.0,0.44,0.92,0.0,0.92,0.96,0.04,0.92,1.0,0.04,0.96,reasoning_A,A,HQ + A,repeat_02_fold_01,2,1
repeat_founding_gap,hq,1.0,0.0,1.0,1.0,True,negative,3.0,25,6,True,True,True,0.0,0.0,0.0,0.0,0.0,0.0,0.4,0.0,0.4,0.72,0.0,0.72,0.88,0.0,0.88,1.0,0.0,1.0,reasoning_A,A,HQ + A,repeat_02_fold_01,2,1
restlessness_score,hq,1.0,0.16,0.84,0.84,False,negative,3.0,25,6,True,True,True,0.0,0.0,0.0,0.0,0.0,0.0,0.32,0.0,0.32,0.76,0.08,0.68,0.96,0.16,0.8,1.0,0.16,0.84,reasoning_A,A,HQ + A,repeat_02_fold_01,2,1
sacrifice_x_serial,hq,1.0,0.84,0.16,0.84,False,positive,3.0,25,6,True,True,True,0.0,0.0,0.0,0.0,0.0,0.0,0.08,0.08,0.0,0.6,0.52,0.08,0.8,0.72,0.08,1.0,0.84,0.16,reasoning_A,A,HQ + A,repeat_02_fold_01,2,1
degree_level,hq,0.96,0.36,0.6,0.625,False,negative,3.0,25,6,True,True,True,0.0,0.0,0.0,0.04,0.04,0.0,0.28,0.16,0.12,0.8,0.28,0.52,0.88,0.32,0.56,0.96,0.36,0.6,reasoning_A,A,HQ + A,repeat_02_fold_01,2,1
exit_count,hq,0.96,0.96,0.0,1.0,True,positive,0.3,25,6,True,True,True,0.0,0.0,0.0,0.64,0.64,0.0,0.84,0.84,0.0,0.96,0.96,0.0,0.96,0.96,0.0,0.96,0.96,0.0,reasoning_A,A,HQ + A,repeat_02_fold_01,2,1
exit_x_serial,hq,0.96,0.16,0.8,0.8333333333333334,False,negative,3.0,25,6,True,True,True,0.0,0.0,0.0,0.04,0.04,0.0,0.08,0.08,0.0,0.48,0.12,0.36,0.88,0.2,0.68,0.96,0.16,0.8,reasoning_A,A,HQ + A,repeat_02_fold_01,2,1
founding_role_count,hq,0.96,0.6,0.36,0.625,False,positive,3.0,25,6,True,True,True,0.0,0.0,0.0,0.0,0.0,0.0,0.08,0.0,0.08,0.32,0.08,0.24,0.64,0.32,0.32,0.96,0.6,0.36,reasoning_A,A,HQ + A,repeat_02_fold_01,2,1
industry_prestige_penalty,hq,0.96,0.92,0.04,0.9583333333333334,True,positive,0.3,25,6,True,True,True,0.0,0.0,0.0,0.24,0.24,0.0,0.84,0.84,0.0,0.96,0.92,0.04,0.96,0.92,0.04,0.96,0.92,0.04,reasoning_A,A,HQ + A,repeat_02_fold_01,2,1
longest_founding_tenure,hq,0.96,0.16,0.8,0.8333333333333334,False,negative,3.0,25,6,True,True,True,0.0,0.0,0.0,0.0,0.0,0.0,0.68,0.0,0.68,0.88,0.0,0.88,0.92,0.08,0.84,0.96,0.16,0.8,reasoning_A,A,HQ + A,repeat_02_fold_01,2,1
max_company_size_before_founding,hq,0.96,0.76,0.2,0.7916666666666667,False,positive,3.0,25,6,True,True,True,0.0,0.0,0.0,0.0,0.0,0.0,0.36,0.36,0.0,0.76,0.72,0.04,0.88,0.76,0.12,0.96,0.76,0.2,reasoning_A,A,HQ + A,repeat_02_fold_01,2,1
max_seniority_reached,hq,0.96,0.92,0.04,0.9583333333333334,True,positive,1.0,25,6,True,True,True,0.0,0.0,0.0,0.0,0.0,0.0,0.48,0.48,0.0,0.88,0.88,0.0,0.96,0.92,0.04,0.96,0.92,0.04,reasoning_A,A,HQ + A,repeat_02_fold_01,2,1
prestige_sacrifice_score,hq,0.96,0.72,0.24,0.75,False,positive,3.0,25,6,True,True,True,0.0,0.0,0.0,0.6,0.6,0.0,0.92,0.92,0.0,0.92,0.92,0.0,0.8,0.76,0.04,0.96,0.72,0.24,reasoning_A,A,HQ + A,repeat_02_fold_01,2,1
seniority_is_monotone,hq,0.96,0.04,0.92,0.9583333333333334,True,negative,3.0,25,6,True,True,True,0.0,0.0,0.0,0.0,0.0,0.0,0.16,0.0,0.16,0.92,0.04,0.88,0.92,0.04,0.88,0.96,0.04,0.92,reasoning_A,A,HQ + A,repeat_02_fold_01,2,1
total_inferred_experience,hq,0.96,0.04,0.92,0.9583333333333334,True,negative,3.0,25,6,True,True,True,0.0,0.0,0.0,0.0,0.0,0.0,0.6,0.0,0.6,0.88,0.0,0.88,0.88,0.0,0.88,0.96,0.04,0.92,reasoning_A,A,HQ + A,repeat_02_fold_01,2,1
years_in_large_company,hq,0.96,0.88,0.08,0.9166666666666667,True,positive,3.0,25,6,True,True,True,0.0,0.0,0.0,0.0,0.0,0.0,0.44,0.44,0.0,0.84,0.8,0.04,0.92,0.84,0.08,0.96,0.88,0.08,reasoning_A,A,HQ + A,repeat_02_fold_01,2,1
best_degree_prestige,hq,0.92,0.92,0.0,1.0,True,positive,0.3,25,6,True,True,True,0.0,0.0,0.0,0.72,0.72,0.0,0.88,0.88,0.0,0.92,0.92,0.0,0.84,0.84,0.0,0.92,0.84,0.08,reasoning_A,A,HQ + A,repeat_02_fold_01,2,1
edu_prestige_tier,hq,0.92,0.92,0.0,1.0,True,positive,0.3,25,6,True,True,True,0.0,0.0,0.0,0.72,0.72,0.0,0.88,0.88,0.0,0.92,0.92,0.0,0.84,0.84,0.0,0.92,0.84,0.08,reasoning_A,A,HQ + A,repeat_02_fold_01,2,1
field_relevance_score,hq,0.92,0.4,0.52,0.5652173913043478,False,negative,3.0,25,6,True,True,True,0.0,0.0,0.0,0.0,0.0,0.0,0.0,0.0,0.0,0.4,0.08,0.32,0.68,0.2,0.48,0.92,0.4,0.52,reasoning_A,A,HQ + A,repeat_02_fold_01,2,1
is_serial_founder,hq,0.92,0.28,0.64,0.6956521739130435,False,negative,3.0,25,6,True,True,True,0.0,0.0,0.0,0.0,0.0,0.0,0.04,0.0,0.04,0.28,0.08,0.2,0.72,0.28,0.44,0.92,0.28,0.64,reasoning_A,A,HQ + A,repeat_02_fold_01,2,1
persistence_score,hq,0.92,0.84,0.08,0.9130434782608695,True,positive,1.0,25,6,True,True,True,0.0,0.0,0.0,0.0,0.0,0.0,0.08,0.08,0.0,0.68,0.64,0.04,0.92,0.84,0.08,0.92,0.8,0.12,reasoning_A,A,HQ + A,repeat_02_fold_01,2,1
prestige_x_relevance,hq,0.92,0.84,0.08,0.9130434782608695,True,positive,3.0,25,6,True,True,True,0.0,0.0,0.0,0.76,0.76,0.0,0.8,0.8,0.0,0.72,0.72,0.0,0.88,0.84,0.04,0.92,0.84,0.08,reasoning_A,A,HQ + A,repeat_02_fold_01,2,1
has_prior_ipo,hq,0.88,0.84,0.04,0.9545454545454545,True,positive,3.0,25,6,True,True,False,0.0,0.0,0.0,0.04,0.04,0.0,0.6,0.6,0.0,0.76,0.72,0.04,0.8,0.76,0.04,0.88,0.84,0.04,reasoning_A,A,HQ + A,repeat_02_fold_01,2,1
stem_flag,hq,0.88,0.44,0.44,0.5,False,positive,3.0,25,6,True,True,False,0.0,0.0,0.0,0.0,0.0,0.0,0.04,0.04,0.0,0.36,0.16,0.2,0.8,0.36,0.44,0.88,0.44,0.44,reasoning_A,A,HQ + A,repeat_02_fold_01,2,1
has_prior_acquisition,hq,0.52,0.52,0.0,1.0,True,positive,3.0,25,6,False,False,False,0.0,0.0,0.0,0.08,0.08,0.0,0.24,0.24,0.0,0.28,0.28,0.0,0.24,0.24,0.0,0.52,0.52,0.0,reasoning_A,A,HQ + A,repeat_02_fold_01,2,1
A_evidence_support_rating,reasoning,1.0,1.0,0.0,1.0,True,positive,0.03,25,6,True,True,True,0.0,0.0,0.0,1.0,1.0,0.0,1.0,1.0,0.0,1.0,1.0,0.0,1.0,1.0,0.0,1.0,1.0,0.0,reasoning_A,A,HQ + A,repeat_02_fold_01,2,1
A_scrappiness,reasoning,1.0,0.0,1.0,1.0,True,negative,0.1,25,6,True,True,True,0.0,0.0,0.0,0.72,0.0,0.72,1.0,0.0,1.0,1.0,0.0,1.0,1.0,0.0,1.0,1.0,0.0,1.0,reasoning_A,A,HQ + A,repeat_02_fold_01,2,1
A_trajectory_strength,reasoning,0.96,0.2,0.76,0.7916666666666667,False,negative,3.0,25,6,True,True,True,0.0,0.0,0.0,0.0,0.0,0.0,0.28,0.0,0.28,0.56,0.0,0.56,0.84,0.12,0.72,0.96,0.2,0.76,reasoning_A,A,HQ + A,repeat_02_fold_01,2,1
A_career_coherence,reasoning,0.92,0.08,0.84,0.9130434782608695,True,negative,3.0,25,6,True,True,True,0.0,0.0,0.0,0.0,0.0,0.0,0.28,0.0,0.28,0.8,0.0,0.8,0.88,0.04,0.84,0.92,0.08,0.84,reasoning_A,A,HQ + A,repeat_02_fold_01,2,1
A_ownership_signal,reasoning,0.92,0.24,0.68,0.7391304347826088,False,negative,3.0,25,6,True,True,True,0.0,0.0,0.0,0.08,0.0,0.08,0.76,0.0,0.76,0.76,0.0,0.76,0.8,0.12,0.68,0.92,0.24,0.68,reasoning_A,A,HQ + A,repeat_02_fold_01,2,1
comfort_index,hq,1.0,0.84,0.16,0.84,False,positive,1.0,25,6,True,True,True,0.0,0.0,0.0,0.12,0.12,0.0,0.76,0.76,0.0,0.84,0.84,0.0,1.0,0.84,0.16,1.0,0.84,0.16,reasoning_B,B,HQ + B,repeat_02_fold_01,2,1
company_size_is_growing,hq,1.0,0.36,0.64,0.64,False,negative,3.0,25,6,True,True,True,0.0,0.0,0.0,0.0,0.0,0.0,0.44,0.0,0.44,0.68,0.12,0.56,0.96,0.36,0.6,1.0,0.36,0.64,reasoning_B,B,HQ + B,repeat_02_fold_01,2,1
degree_level,hq,1.0,0.36,0.64,0.64,False,negative,3.0,25,6,True,True,True,0.0,0.0,0.0,0.0,0.0,0.0,0.16,0.08,0.08,0.68,0.2,0.48,0.96,0.32,0.64,1.0,0.36,0.64,reasoning_B,B,HQ + B,repeat_02_fold_01,2,1
field_relevance_score,hq,1.0,0.36,0.64,0.64,False,negative,3.0,25,6,True,True,True,0.0,0.0,0.0,0.0,0.0,0.0,0.0,0.0,0.0,0.32,0.08,0.24,0.6,0.2,0.4,1.0,0.36,0.64,reasoning_B,B,HQ + B,repeat_02_fold_01,2,1
industry_alignment,hq,1.0,1.0,0.0,1.0,True,positive,0.3,25,6,True,True,True,0.0,0.0,0.0,0.36,0.36,0.0,0.96,0.96,0.0,1.0,1.0,0.0,1.0,1.0,0.0,1.0,1.0,0.0,reasoning_B,B,HQ + B,repeat_02_fold_01,2,1
max_seniority_reached,hq,1.0,0.96,0.04,0.96,True,positive,3.0,25,6,True,True,True,0.0,0.0,0.0,0.0,0.0,0.0,0.44,0.44,0.0,0.76,0.76,0.0,0.88,0.88,0.0,1.0,0.96,0.04,reasoning_B,B,HQ + B,repeat_02_fold_01,2,1
repeat_founding_gap,hq,1.0,0.12,0.88,0.88,False,negative,3.0,25,6,True,True,True,0.0,0.0,0.0,0.0,0.0,0.0,0.4,0.0,0.4,0.72,0.08,0.64,0.96,0.12,0.84,1.0,0.12,0.88,reasoning_B,B,HQ + B,repeat_02_fold_01,2,1
sacrifice_x_serial,hq,1.0,0.76,0.24,0.76,False,positive,3.0,25,6,True,True,True,0.0,0.0,0.0,0.0,0.0,0.0,0.2,0.2,0.0,0.36,0.36,0.0,0.88,0.68,0.2,1.0,0.76,0.24,reasoning_B,B,HQ + B,repeat_02_fold_01,2,1
seniority_is_monotone,hq,1.0,0.12,0.88,0.88,False,negative,3.0,25,6,True,True,True,0.0,0.0,0.0,0.0,0.0,0.0,0.12,0.0,0.12,0.64,0.08,0.56,0.92,0.12,0.8,1.0,0.12,0.88,reasoning_B,B,HQ + B,repeat_02_fold_01,2,1
total_inferred_experience,hq,1.0,0.0,1.0,1.0,True,negative,3.0,25,6,True,True,True,0.0,0.0,0.0,0.0,0.0,0.0,0.6,0.0,0.6,0.92,0.0,0.92,0.96,0.0,0.96,1.0,0.0,1.0,reasoning_B,B,HQ + B,repeat_02_fold_01,2,1
best_degree_prestige,hq,0.96,0.96,0.0,1.0,True,positive,0.3,25,6,True,True,True,0.0,0.0,0.0,0.48,0.48,0.0,0.76,0.76,0.0,0.96,0.96,0.0,0.92,0.88,0.04,0.92,0.88,0.04,reasoning_B,B,HQ + B,repeat_02_fold_01,2,1
edu_prestige_tier,hq,0.96,0.96,0.0,1.0,True,positive,0.3,25,6,True,True,True,0.0,0.0,0.0,0.48,0.48,0.0,0.76,0.76,0.0,0.96,0.96,0.0,0.92,0.88,0.04,0.92,0.88,0.04,reasoning_B,B,HQ + B,repeat_02_fold_01,2,1
exit_x_serial,hq,0.96,0.48,0.48,0.5,False,positive,3.0,25,6,True,True,True,0.0,0.0,0.0,0.12,0.12,0.0,0.24,0.24,0.0,0.64,0.4,0.24,0.88,0.48,0.4,0.96,0.48,0.48,reasoning_B,B,HQ + B,repeat_02_fold_01,2,1
founding_timing,hq,0.96,0.88,0.08,0.9166666666666667,True,positive,3.0,25,6,True,True,True,0.0,0.0,0.0,0.0,0.0,0.0,0.0,0.0,0.0,0.04,0.04,0.0,0.68,0.6,0.08,0.96,0.88,0.08,reasoning_B,B,HQ + B,repeat_02_fold_01,2,1
industry_prestige_penalty,hq,0.96,0.84,0.12,0.875,False,positive,1.0,25,6,True,True,True,0.0,0.0,0.0,0.2,0.2,0.0,0.72,0.72,0.0,0.84,0.8,0.04,0.96,0.84,0.12,0.96,0.84,0.12,reasoning_B,B,HQ + B,repeat_02_fold_01,2,1
longest_founding_tenure,hq,0.96,0.12,0.84,0.875,False,negative,3.0,25,6,True,True,True,0.0,0.0,0.0,0.0,0.0,0.0,0.68,0.0,0.68,0.88,0.0,0.88,0.88,0.0,0.88,0.96,0.12,0.84,reasoning_B,B,HQ + B,repeat_02_fold_01,2,1
persistence_score,hq,0.96,0.72,0.24,0.75,False,positive,3.0,25,6,True,True,True,0.0,0.0,0.0,0.0,0.0,0.0,0.16,0.16,0.0,0.52,0.44,0.08,0.8,0.64,0.16,0.96,0.72,0.24,reasoning_B,B,HQ + B,repeat_02_fold_01,2,1
prestige_sacrifice_score,hq,0.96,0.96,0.0,1.0,True,positive,0.1,25,6,True,True,True,0.0,0.0,0.0,0.48,0.48,0.0,0.96,0.96,0.0,0.88,0.88,0.0,0.88,0.84,0.04,0.96,0.8,0.16,reasoning_B,B,HQ + B,repeat_02_fold_01,2,1
restlessness_score,hq,0.96,0.16,0.8,0.8333333333333334,False,negative,3.0,25,6,True,True,True,0.0,0.0,0.0,0.0,0.0,0.0,0.28,0.0,0.28,0.68,0.0,0.68,0.88,0.08,0.8,0.96,0.16,0.8,reasoning_B,B,HQ + B,repeat_02_fold_01,2,1
stem_flag,hq,0.96,0.48,0.48,0.5,False,positive,3.0,25,6,True,True,True,0.0,0.0,0.0,0.0,0.0,0.0,0.08,0.08,0.0,0.56,0.28,0.28,0.72,0.4,0.32,0.96,0.48,0.48,reasoning_B,B,HQ + B,repeat_02_fold_01,2,1
years_in_large_company,hq,0.96,0.88,0.08,0.9166666666666667,True,positive,3.0,25,6,True,True,True,0.0,0.0,0.0,0.0,0.0,0.0,0.48,0.48,0.0,0.92,0.88,0.04,0.92,0.88,0.04,0.96,0.88,0.08,reasoning_B,B,HQ + B,repeat_02_fold_01,2,1
founding_role_count,hq,0.92,0.32,0.6,0.6521739130434782,False,negative,3.0,25,6,True,True,True,0.0,0.0,0.0,0.0,0.0,0.0,0.08,0.0,0.08,0.4,0.08,0.32,0.72,0.2,0.52,0.92,0.32,0.6,reasoning_B,B,HQ + B,repeat_02_fold_01,2,1
industry_pivot_count,hq,0.92,0.08,0.84,0.9130434782608695,True,negative,3.0,25,6,True,True,True,0.0,0.0,0.0,0.0,0.0,0.0,0.4,0.0,0.4,0.72,0.0,0.72,0.88,0.04,0.84,0.92,0.08,0.84,reasoning_B,B,HQ + B,repeat_02_fold_01,2,1
is_serial_founder,hq,0.92,0.4,0.52,0.5652173913043478,False,negative,3.0,25,6,True,True,True,0.0,0.0,0.0,0.0,0.0,0.0,0.0,0.0,0.0,0.24,0.16,0.08,0.84,0.36,0.48,0.92,0.4,0.52,reasoning_B,B,HQ + B,repeat_02_fold_01,2,1
max_company_size_before_founding,hq,0.92,0.76,0.16,0.8260869565217391,False,positive,3.0,25,6,True,True,True,0.0,0.0,0.0,0.0,0.0,0.0,0.2,0.2,0.0,0.56,0.52,0.04,0.84,0.68,0.16,0.92,0.76,0.16,reasoning_B,B,HQ + B,repeat_02_fold_01,2,1
prestige_x_relevance,hq,0.92,0.8,0.12,0.8695652173913043,False,positive,3.0,25,6,True,True,True,0.0,0.0,0.0,0.72,0.72,0.0,0.76,0.76,0.0,0.72,0.72,0.0,0.84,0.8,0.04,0.92,0.8,0.12,reasoning_B,B,HQ + B,repeat_02_fold_01,2,1
has_prior_ipo,hq,0.88,0.84,0.04,0.9545454545454545,True,positive,3.0,25,6,True,True,False,0.0,0.0,0.0,0.12,0.12,0.0,0.64,0.64,0.0,0.8,0.76,0.04,0.84,0.8,0.04,0.88,0.84,0.04,reasoning_B,B,HQ + B,repeat_02_fold_01,2,1
exit_count,hq,0.76,0.76,0.0,1.0,True,positive,0.3,25,6,True,False,False,0.0,0.0,0.0,0.4,0.4,0.0,0.64,0.64,0.0,0.76,0.76,0.0,0.76,0.76,0.0,0.76,0.76,0.0,reasoning_B,B,HQ + B,repeat_02_fold_01,2,1
has_prior_acquisition,hq,0.32,0.16,0.16,0.5,False,positive,1.0,25,6,False,False,False,0.0,0.0,0.0,0.08,0.08,0.0,0.2,0.2,0.0,0.2,0.16,0.04,0.32,0.16,0.16,0.32,0.16,0.16,reasoning_B,B,HQ + B,repeat_02_fold_01,2,1
B_evidence_support_rating,reasoning,1.0,1.0,0.0,1.0,True,positive,1.0,25,6,True,True,True,0.0,0.0,0.0,0.0,0.0,0.0,0.36,0.36,0.0,0.76,0.76,0.0,1.0,1.0,0.0,1.0,1.0,0.0,reasoning_B,B,HQ + B,repeat_02_fold_01,2,1
B_rubric_score,reasoning,1.0,0.04,0.96,0.96,True,negative,3.0,25,6,True,True,True,0.0,0.0,0.0,0.0,0.0,0.0,0.04,0.0,0.04,0.4,0.0,0.4,0.96,0.04,0.92,1.0,0.04,0.96,reasoning_B,B,HQ + B,repeat_02_fold_01,2,1
best_degree_prestige,hq,1.0,1.0,0.0,1.0,True,positive,1.0,25,6,True,True,True,0.0,0.0,0.0,0.72,0.72,0.0,0.92,0.92,0.0,0.96,0.96,0.0,1.0,1.0,0.0,0.96,0.96,0.0,reasoning_C,C,HQ + C,repeat_02_fold_01,2,1
comfort_index,hq,1.0,0.96,0.04,0.96,True,positive,0.3,25,6,True,True,True,0.0,0.0,0.0,0.12,0.12,0.0,0.92,0.92,0.0,1.0,0.96,0.04,1.0,0.96,0.04,1.0,0.96,0.04,reasoning_C,C,HQ + C,repeat_02_fold_01,2,1
company_size_is_growing,hq,1.0,0.4,0.6,0.6,False,negative,3.0,25,6,True,True,True,0.0,0.0,0.0,0.0,0.0,0.0,0.4,0.0,0.4,0.72,0.16,0.56,0.92,0.32,0.6,1.0,0.4,0.6,reasoning_C,C,HQ + C,repeat_02_fold_01,2,1
degree_level,hq,1.0,0.2,0.8,0.8,False,negative,3.0,25,6,True,True,True,0.0,0.0,0.0,0.0,0.0,0.0,0.2,0.04,0.16,0.68,0.16,0.52,0.96,0.16,0.8,1.0,0.2,0.8,reasoning_C,C,HQ + C,repeat_02_fold_01,2,1
edu_prestige_tier,hq,1.0,1.0,0.0,1.0,True,positive,1.0,25,6,True,True,True,0.0,0.0,0.0,0.72,0.72,0.0,0.92,0.92,0.0,0.96,0.96,0.0,1.0,1.0,0.0,0.96,0.96,0.0,reasoning_C,C,HQ + C,repeat_02_fold_01,2,1
exit_x_serial,hq,1.0,0.44,0.56,0.56,False,negative,3.0,25,6,True,True,True,0.0,0.0,0.0,0.12,0.12,0.0,0.32,0.32,0.0,0.52,0.4,0.12,0.88,0.44,0.44,1.0,0.44,0.56,reasoning_C,C,HQ + C,repeat_02_fold_01,2,1
industry_alignment,hq,1.0,1.0,0.0,1.0,True,positive,0.3,25,6,True,True,True,0.0,0.0,0.0,0.32,0.32,0.0,0.92,0.92,0.0,1.0,1.0,0.0,1.0,1.0,0.0,1.0,1.0,0.0,reasoning_C,C,HQ + C,repeat_02_fold_01,2,1
industry_prestige_penalty,hq,1.0,0.84,0.16,0.84,False,positive,3.0,25,6,True,True,True,0.0,0.0,0.0,0.24,0.24,0.0,0.72,0.72,0.0,0.88,0.8,0.08,0.96,0.84,0.12,1.0,0.84,0.16,reasoning_C,C,HQ + C,repeat_02_fold_01,2,1
is_serial_founder,hq,1.0,0.36,0.64,0.64,False,negative,3.0,25,6,True,True,True,0.0,0.0,0.0,0.0,0.0,0.0,0.2,0.0,0.2,0.52,0.16,0.36,0.84,0.36,0.48,1.0,0.36,0.64,reasoning_C,C,HQ + C,repeat_02_fold_01,2,1
max_seniority_reached,hq,1.0,0.92,0.08,0.92,True,positive,1.0,25,6,True,True,True,0.0,0.0,0.0,0.0,0.0,0.0,0.48,0.48,0.0,0.8,0.76,0.04,1.0,0.92,0.08,1.0,0.92,0.08,reasoning_C,C,HQ + C,repeat_02_fold_01,2,1
repeat_founding_gap,hq,1.0,0.16,0.84,0.84,False,negative,3.0,25,6,True,True,True,0.0,0.0,0.0,0.0,0.0,0.0,0.44,0.0,0.44,0.72,0.08,0.64,0.92,0.16,0.76,1.0,0.16,0.84,reasoning_C,C,HQ + C,repeat_02_fold_01,2,1
seniority_is_monotone,hq,1.0,0.08,0.92,0.92,True,negative,3.0,25,6,True,True,True,0.0,0.0,0.0,0.0,0.0,0.0,0.24,0.0,0.24,0.8,0.08,0.72,0.96,0.08,0.88,1.0,0.08,0.92,reasoning_C,C,HQ + C,repeat_02_fold_01,2,1
total_inferred_experience,hq,1.0,0.08,0.92,0.92,True,negative,3.0,25,6,True,True,True,0.0,0.0,0.0,0.0,0.0,0.0,0.44,0.0,0.44,0.8,0.0,0.8,0.88,0.04,0.84,1.0,0.08,0.92,reasoning_C,C,HQ + C,repeat_02_fold_01,2,1
founding_role_count,hq,0.96,0.44,0.52,0.5416666666666667,False,negative,3.0,25,6,True,True,True,0.0,0.0,0.0,0.0,0.0,0.0,0.0,0.0,0.0,0.4,0.12,0.28,0.84,0.36,0.48,0.96,0.44,0.52,reasoning_C,C,HQ + C,repeat_02_fold_01,2,1
longest_founding_tenure,hq,0.96,0.0,0.96,1.0,True,negative,0.3,25,6,True,True,True,0.0,0.0,0.0,0.0,0.0,0.0,0.76,0.0,0.76,0.96,0.0,0.96,0.92,0.0,0.92,0.96,0.04,0.92,reasoning_C,C,HQ + C,repeat_02_fold_01,2,1
max_company_size_before_founding,hq,0.96,0.68,0.28,0.7083333333333334,False,positive,3.0,25,6,True,True,True,0.0,0.0,0.0,0.0,0.0,0.0,0.28,0.28,0.0,0.52,0.48,0.04,0.72,0.64,0.08,0.96,0.68,0.28,reasoning_C,C,HQ + C,repeat_02_fold_01,2,1
prestige_sacrifice_score,hq,0.96,0.72,0.24,0.75,False,positive,3.0,25,6,True,True,True,0.0,0.0,0.0,0.56,0.56,0.0,0.8,0.8,0.0,0.8,0.8,0.0,0.88,0.76,0.12,0.96,0.72,0.24,reasoning_C,C,HQ + C,repeat_02_fold_01,2,1
prestige_x_relevance,hq,0.96,0.72,0.24,0.75,False,positive,3.0,25,6,True,True,True,0.0,0.0,0.0,0.6,0.6,0.0,0.68,0.68,0.0,0.68,0.68,0.0,0.72,0.68,0.04,0.96,0.72,0.24,reasoning_C,C,HQ + C,repeat_02_fold_01,2,1
restlessness_score,hq,0.96,0.12,0.84,0.875,False,negative,3.0,25,6,True,True,True,0.0,0.0,0.0,0.0,0.0,0.0,0.32,0.0,0.32,0.72,0.04,0.68,0.92,0.12,0.8,0.96,0.12,0.84,reasoning_C,C,HQ + C,repeat_02_fold_01,2,1
sacrifice_x_serial,hq,0.96,0.72,0.24,0.75,False,positive,1.0,25,6,True,True,True,0.0,0.0,0.0,0.0,0.0,0.0,0.32,0.32,0.0,0.6,0.56,0.04,0.96,0.72,0.24,0.96,0.72,0.24,reasoning_C,C,HQ + C,repeat_02_fold_01,2,1
years_in_large_company,hq,0.96,0.72,0.24,0.75,False,positive,3.0,25,6,True,True,True,0.0,0.0,0.0,0.04,0.04,0.0,0.4,0.4,0.0,0.72,0.72,0.0,0.84,0.68,0.16,0.96,0.72,0.24,reasoning_C,C,HQ + C,repeat_02_fold_01,2,1
industry_pivot_count,hq,0.92,0.28,0.64,0.6956521739130435,False,negative,3.0,25,6,True,True,True,0.0,0.0,0.0,0.0,0.0,0.0,0.28,0.0,0.28,0.68,0.08,0.6,0.8,0.16,0.64,0.92,0.28,0.64,reasoning_C,C,HQ + C,repeat_02_fold_01,2,1
field_relevance_score,hq,0.88,0.4,0.48,0.5454545454545454,False,negative,3.0,25,6,True,True,False,0.0,0.0,0.0,0.0,0.0,0.0,0.04,0.04,0.0,0.48,0.28,0.2,0.76,0.36,0.4,0.88,0.4,0.48,reasoning_C,C,HQ + C,repeat_02_fold_01,2,1
persistence_score,hq,0.88,0.76,0.12,0.8636363636363636,False,positive,3.0,25,6,True,True,False,0.0,0.0,0.0,0.0,0.0,0.0,0.08,0.08,0.0,0.6,0.6,0.0,0.84,0.76,0.08,0.88,0.76,0.12,reasoning_C,C,HQ + C,repeat_02_fold_01,2,1
has_prior_ipo,hq,0.84,0.8,0.04,0.9523809523809524,True,positive,3.0,25,6,True,True,False,0.0,0.0,0.0,0.12,0.12,0.0,0.48,0.48,0.0,0.72,0.72,0.0,0.8,0.76,0.04,0.84,0.8,0.04,reasoning_C,C,HQ + C,repeat_02_fold_01,2,1
stem_flag,hq,0.84,0.52,0.32,0.6190476190476191,False,positive,3.0,25,6,True,True,False,0.0,0.0,0.0,0.0,0.0,0.0,0.0,0.0,0.0,0.4,0.24,0.16,0.8,0.52,0.28,0.84,0.52,0.32,reasoning_C,C,HQ + C,repeat_02_fold_01,2,1
exit_count,hq,0.76,0.76,0.0,1.0,True,positive,0.1,25,6,True,False,False,0.0,0.0,0.0,0.44,0.44,0.0,0.76,0.76,0.0,0.68,0.68,0.0,0.72,0.72,0.0,0.72,0.72,0.0,reasoning_C,C,HQ + C,repeat_02_fold_01,2,1
founding_timing,hq,0.76,0.72,0.04,0.9473684210526315,True,positive,3.0,25,6,True,False,False,0.0,0.0,0.0,0.0,0.0,0.0,0.0,0.0,0.0,0.12,0.08,0.04,0.56,0.52,0.04,0.76,0.72,0.04,reasoning_C,C,HQ + C,repeat_02_fold_01,2,1
has_prior_acquisition,hq,0.48,0.24,0.24,0.5,False,positive,3.0,25,6,False,False,False,0.0,0.0,0.0,0.16,0.16,0.0,0.2,0.2,0.0,0.2,0.2,0.0,0.36,0.2,0.16,0.48,0.24,0.24,reasoning_C,C,HQ + C,repeat_02_fold_01,2,1
C_latent_risk,reasoning,1.0,0.92,0.08,0.92,True,positive,3.0,25,6,True,True,True,0.0,0.0,0.0,0.0,0.0,0.0,0.12,0.12,0.0,0.84,0.8,0.04,0.96,0.92,0.04,1.0,0.92,0.08,reasoning_C,C,HQ + C,repeat_02_fold_01,2,1
C_evidence_support_rating,reasoning,0.84,0.56,0.28,0.6666666666666667,False,positive,3.0,25,6,True,True,False,0.0,0.0,0.0,0.0,0.0,0.0,0.08,0.08,0.0,0.4,0.36,0.04,0.72,0.56,0.16,0.84,0.56,0.28,reasoning_C,C,HQ + C,repeat_02_fold_01,2,1
C_latent_strength,reasoning,0.84,0.8,0.04,0.9523809523809524,True,positive,1.0,25,6,True,True,False,0.0,0.0,0.0,0.0,0.0,0.0,0.44,0.44,0.0,0.72,0.72,0.0,0.84,0.8,0.04,0.84,0.8,0.04,reasoning_C,C,HQ + C,repeat_02_fold_01,2,1
comfort_index,hq,1.0,0.8,0.2,0.8,False,positive,3.0,25,6,True,True,True,0.0,0.0,0.0,0.16,0.16,0.0,0.6,0.6,0.0,0.96,0.8,0.16,0.96,0.8,0.16,1.0,0.8,0.2,reasoning_D,D,HQ + D,repeat_02_fold_01,2,1
company_size_is_growing,hq,1.0,0.32,0.68,0.68,False,negative,3.0,25,6,True,True,True,0.0,0.0,0.0,0.0,0.0,0.0,0.36,0.0,0.36,0.68,0.12,0.56,0.92,0.28,0.64,1.0,0.32,0.68,reasoning_D,D,HQ + D,repeat_02_fold_01,2,1
degree_level,hq,1.0,0.16,0.84,0.84,False,negative,3.0,25,6,True,True,True,0.0,0.0,0.0,0.0,0.0,0.0,0.04,0.0,0.04,0.44,0.04,0.4,0.92,0.12,0.8,1.0,0.16,0.84,reasoning_D,D,HQ + D,repeat_02_fold_01,2,1
industry_alignment,hq,1.0,1.0,0.0,1.0,True,positive,0.3,25,6,True,True,True,0.0,0.0,0.0,0.44,0.44,0.0,0.96,0.96,0.0,1.0,1.0,0.0,1.0,1.0,0.0,1.0,1.0,0.0,reasoning_D,D,HQ + D,repeat_02_fold_01,2,1
max_company_size_before_founding,hq,1.0,0.84,0.16,0.84,False,positive,3.0,25,6,True,True,True,0.0,0.0,0.0,0.08,0.08,0.0,0.48,0.48,0.0,0.68,0.68,0.0,0.84,0.8,0.04,1.0,0.84,0.16,reasoning_D,D,HQ + D,repeat_02_fold_01,2,1
max_seniority_reached,hq,1.0,0.96,0.04,0.96,True,positive,1.0,25,6,True,True,True,0.0,0.0,0.0,0.0,0.0,0.0,0.28,0.28,0.0,0.84,0.84,0.0,1.0,0.96,0.04,0.96,0.92,0.04,reasoning_D,D,HQ + D,repeat_02_fold_01,2,1
prestige_x_relevance,hq,1.0,0.76,0.24,0.76,False,positive,3.0,25,6,True,True,True,0.0,0.0,0.0,0.8,0.8,0.0,0.84,0.84,0.0,0.76,0.76,0.0,0.84,0.76,0.08,1.0,0.76,0.24,reasoning_D,D,HQ + D,repeat_02_fold_01,2,1
repeat_founding_gap,hq,1.0,0.16,0.84,0.84,False,negative,3.0,25,6,True,True,True,0.0,0.0,0.0,0.0,0.0,0.0,0.36,0.0,0.36,0.8,0.08,0.72,0.96,0.16,0.8,1.0,0.16,0.84,reasoning_D,D,HQ + D,repeat_02_fold_01,2,1
sacrifice_x_serial,hq,1.0,0.76,0.24,0.76,False,positive,3.0,25,6,True,True,True,0.0,0.0,0.0,0.0,0.0,0.0,0.16,0.16,0.0,0.48,0.44,0.04,0.84,0.64,0.2,1.0,0.76,0.24,reasoning_D,D,HQ + D,repeat_02_fold_01,2,1
seniority_is_monotone,hq,1.0,0.08,0.92,0.92,True,negative,3.0,25,6,True,True,True,0.0,0.0,0.0,0.0,0.0,0.0,0.2,0.0,0.2,0.76,0.04,0.72,0.92,0.08,0.84,1.0,0.08,0.92,reasoning_D,D,HQ + D,repeat_02_fold_01,2,1
total_inferred_experience,hq,1.0,0.08,0.92,0.92,True,negative,3.0,25,6,True,True,True,0.0,0.0,0.0,0.0,0.0,0.0,0.52,0.0,0.52,0.92,0.0,0.92,0.92,0.04,0.88,1.0,0.08,0.92,reasoning_D,D,HQ + D,repeat_02_fold_01,2,1
best_degree_prestige,hq,0.96,0.96,0.0,1.0,True,positive,0.3,25,6,True,True,True,0.0,0.0,0.0,0.64,0.64,0.0,0.92,0.92,0.0,0.96,0.96,0.0,0.96,0.96,0.0,0.96,0.96,0.0,reasoning_D,D,HQ + D,repeat_02_fold_01,2,1
edu_prestige_tier,hq,0.96,0.96,0.0,1.0,True,positive,0.3,25,6,True,True,True,0.0,0.0,0.0,0.64,0.64,0.0,0.92,0.92,0.0,0.96,0.96,0.0,0.96,0.96,0.0,0.96,0.96,0.0,reasoning_D,D,HQ + D,repeat_02_fold_01,2,1
founding_role_count,hq,0.96,0.48,0.48,0.5,False,positive,3.0,25,6,True,True,True,0.0,0.0,0.0,0.0,0.0,0.0,0.04,0.0,0.04,0.28,0.08,0.2,0.68,0.32,0.36,0.96,0.48,0.48,reasoning_D,D,HQ + D,repeat_02_fold_01,2,1
founding_timing,hq,0.96,0.8,0.16,0.8333333333333334,False,positive,3.0,25,6,True,True,True,0.0,0.0,0.0,0.0,0.0,0.0,0.04,0.0,0.04,0.2,0.12,0.08,0.84,0.68,0.16,0.96,0.8,0.16,reasoning_D,D,HQ + D,repeat_02_fold_01,2,1
industry_pivot_count,hq,0.96,0.12,0.84,0.875,False,negative,3.0,25,6,True,True,True,0.0,0.0,0.0,0.0,0.0,0.0,0.2,0.0,0.2,0.72,0.0,0.72,0.92,0.08,0.84,0.96,0.12,0.84,reasoning_D,D,HQ + D,repeat_02_fold_01,2,1
industry_prestige_penalty,hq,0.96,0.92,0.04,0.9583333333333334,True,positive,1.0,25,6,True,True,True,0.0,0.0,0.0,0.28,0.28,0.0,0.88,0.88,0.0,0.92,0.88,0.04,0.96,0.92,0.04,0.96,0.88,0.08,reasoning_D,D,HQ + D,repeat_02_fold_01,2,1
is_serial_founder,hq,0.96,0.28,0.68,0.7083333333333334,False,negative,3.0,25,6,True,True,True,0.0,0.0,0.0,0.0,0.0,0.0,0.08,0.0,0.08,0.48,0.16,0.32,0.76,0.2,0.56,0.96,0.28,0.68,reasoning_D,D,HQ + D,repeat_02_fold_01,2,1
longest_founding_tenure,hq,0.96,0.24,0.72,0.75,False,negative,3.0,25,6,True,True,True,0.0,0.0,0.0,0.0,0.0,0.0,0.6,0.0,0.6,0.84,0.0,0.84,0.88,0.08,0.8,0.96,0.24,0.72,reasoning_D,D,HQ + D,repeat_02_fold_01,2,1
persistence_score,hq,0.96,0.8,0.16,0.8333333333333334,False,positive,3.0,25,6,True,True,True,0.0,0.0,0.0,0.0,0.0,0.0,0.12,0.12,0.0,0.6,0.56,0.04,0.8,0.72,0.08,0.96,0.8,0.16,reasoning_D,D,HQ + D,repeat_02_fold_01,2,1
prestige_sacrifice_score,hq,0.96,0.76,0.2,0.7916666666666667,False,positive,3.0,25,6,True,True,True,0.0,0.0,0.0,0.68,0.68,0.0,0.88,0.88,0.0,0.8,0.8,0.0,0.84,0.76,0.08,0.96,0.76,0.2,reasoning_D,D,HQ + D,repeat_02_fold_01,2,1
years_in_large_company,hq,0.96,0.92,0.04,0.9583333333333334,True,positive,1.0,25,6,True,True,True,0.0,0.0,0.0,0.04,0.04,0.0,0.6,0.6,0.0,0.92,0.92,0.0,0.96,0.92,0.04,0.96,0.92,0.04,reasoning_D,D,HQ + D,repeat_02_fold_01,2,1
exit_x_serial,hq,0.92,0.4,0.52,0.5652173913043478,False,negative,3.0,25,6,True,True,True,0.0,0.0,0.0,0.08,0.08,0.0,0.32,0.32,0.0,0.4,0.32,0.08,0.8,0.4,0.4,0.92,0.4,0.52,reasoning_D,D,HQ + D,repeat_02_fold_01,2,1
stem_flag,hq,0.92,0.64,0.28,0.6956521739130435,False,positive,3.0,25,6,True,True,True,0.0,0.0,0.0,0.04,0.04,0.0,0.08,0.08,0.0,0.56,0.4,0.16,0.84,0.56,0.28,0.92,0.64,0.28,reasoning_D,D,HQ + D,repeat_02_fold_01,2,1
exit_count,hq,0.88,0.84,0.04,0.9545454545454545,True,positive,3.0,25,6,True,True,False,0.0,0.0,0.0,0.56,0.56,0.0,0.76,0.76,0.0,0.72,0.72,0.0,0.8,0.8,0.0,0.88,0.84,0.04,reasoning_D,D,HQ + D,repeat_02_fold_01,2,1
field_relevance_score,hq,0.88,0.44,0.44,0.5,False,positive,3.0,25,6,True,True,False,0.0,0.0,0.0,0.0,0.0,0.0,0.08,0.08,0.0,0.32,0.2,0.12,0.72,0.32,0.4,0.88,0.44,0.44,reasoning_D,D,HQ + D,repeat_02_fold_01,2,1
restlessness_score,hq,0.88,0.2,0.68,0.7727272727272728,False,negative,1.0,25,6,True,True,False,0.0,0.0,0.0,0.0,0.0,0.0,0.48,0.0,0.48,0.64,0.0,0.64,0.88,0.2,0.68,0.88,0.2,0.68,reasoning_D,D,HQ + D,repeat_02_fold_01,2,1
has_prior_ipo,hq,0.84,0.8,0.04,0.9523809523809524,True,positive,3.0,25,6,True,True,False,0.0,0.0,0.0,0.2,0.2,0.0,0.64,0.64,0.0,0.8,0.76,0.04,0.8,0.76,0.04,0.84,0.8,0.04,reasoning_D,D,HQ + D,repeat_02_fold_01,2,1
has_prior_acquisition,hq,0.28,0.16,0.12,0.5714285714285714,False,positive,3.0,25,6,False,False,False,0.0,0.0,0.0,0.08,0.08,0.0,0.12,0.12,0.0,0.2,0.16,0.04,0.24,0.16,0.08,0.28,0.16,0.12,reasoning_D,D,HQ + D,repeat_02_fold_01,2,1
D_evidence_support_rating,reasoning,1.0,0.0,1.0,1.0,True,negative,1.0,25,6,True,True,True,0.0,0.0,0.0,0.0,0.0,0.0,0.0,0.0,0.0,0.96,0.0,0.96,1.0,0.0,1.0,1.0,0.0,1.0,reasoning_D,D,HQ + D,repeat_02_fold_01,2,1
D_overall_founder_quality,reasoning,1.0,1.0,0.0,1.0,True,positive,0.1,25,6,True,True,True,0.0,0.0,0.0,0.08,0.08,0.0,1.0,1.0,0.0,1.0,1.0,0.0,1.0,1.0,0.0,1.0,1.0,0.0,reasoning_D,D,HQ + D,repeat_02_fold_01,2,1
best_degree_prestige,hq,1.0,0.76,0.24,0.76,False,positive,3.0,25,6,True,True,True,0.0,0.0,0.0,0.48,0.48,0.0,0.76,0.76,0.0,0.76,0.76,0.0,0.88,0.76,0.12,1.0,0.76,0.24,reasoning_E,E,HQ + E,repeat_02_fold_01,2,1
edu_prestige_tier,hq,1.0,0.76,0.24,0.76,False,positive,3.0,25,6,True,True,True,0.0,0.0,0.0,0.48,0.48,0.0,0.76,0.76,0.0,0.76,0.76,0.0,0.88,0.76,0.12,1.0,0.76,0.24,reasoning_E,E,HQ + E,repeat_02_fold_01,2,1
exit_x_serial,hq,1.0,0.28,0.72,0.72,False,negative,3.0,25,6,True,True,True,0.0,0.0,0.0,0.08,0.08,0.0,0.12,0.12,0.0,0.56,0.24,0.32,0.92,0.28,0.64,1.0,0.28,0.72,reasoning_E,E,HQ + E,repeat_02_fold_01,2,1
industry_alignment,hq,1.0,1.0,0.0,1.0,True,positive,0.3,25,6,True,True,True,0.0,0.0,0.0,0.4,0.4,0.0,0.96,0.96,0.0,1.0,1.0,0.0,1.0,1.0,0.0,1.0,1.0,0.0,reasoning_E,E,HQ + E,repeat_02_fold_01,2,1
longest_founding_tenure,hq,1.0,0.04,0.96,0.96,True,negative,1.0,25,6,True,True,True,0.0,0.0,0.0,0.0,0.0,0.0,0.72,0.0,0.72,0.96,0.0,0.96,1.0,0.04,0.96,0.92,0.04,0.88,reasoning_E,E,HQ + E,repeat_02_fold_01,2,1
max_company_size_before_founding,hq,1.0,0.68,0.32,0.68,False,positive,3.0,25,6,True,True,True,0.0,0.0,0.0,0.08,0.08,0.0,0.36,0.36,0.0,0.6,0.52,0.08,0.88,0.64,0.24,1.0,0.68,0.32,reasoning_E,E,HQ + E,repeat_02_fold_01,2,1
max_seniority_reached,hq,1.0,0.96,0.04,0.96,True,positive,3.0,25,6,True,True,True,0.0,0.0,0.0,0.0,0.0,0.0,0.4,0.4,0.0,0.92,0.88,0.04,0.96,0.92,0.04,1.0,0.96,0.04,reasoning_E,E,HQ + E,repeat_02_fold_01,2,1
repeat_founding_gap,hq,1.0,0.24,0.76,0.76,False,negative,3.0,25,6,True,True,True,0.0,0.0,0.0,0.0,0.0,0.0,0.32,0.0,0.32,0.84,0.12,0.72,0.96,0.2,0.76,1.0,0.24,0.76,reasoning_E,E,HQ + E,repeat_02_fold_01,2,1
restlessness_score,hq,1.0,0.16,0.84,0.84,False,negative,3.0,25,6,True,True,True,0.0,0.0,0.0,0.0,0.0,0.0,0.32,0.0,0.32,0.76,0.0,0.76,0.96,0.12,0.84,1.0,0.16,0.84,reasoning_E,E,HQ + E,repeat_02_fold_01,2,1
sacrifice_x_serial,hq,1.0,0.96,0.04,0.96,True,positive,3.0,25,6,True,True,True,0.0,0.0,0.0,0.04,0.04,0.0,0.28,0.28,0.0,0.8,0.8,0.0,0.92,0.88,0.04,1.0,0.96,0.04,reasoning_E,E,HQ + E,repeat_02_fold_01,2,1
seniority_is_monotone,hq,1.0,0.24,0.76,0.76,False,negative,3.0,25,6,True,True,True,0.0,0.0,0.0,0.0,0.0,0.0,0.16,0.04,0.12,0.8,0.16,0.64,0.92,0.24,0.68,1.0,0.24,0.76,reasoning_E,E,HQ + E,repeat_02_fold_01,2,1
total_inferred_experience,hq,1.0,0.0,1.0,1.0,True,negative,1.0,25,6,True,True,True,0.0,0.0,0.0,0.0,0.0,0.0,0.48,0.0,0.48,0.92,0.0,0.92,1.0,0.0,1.0,1.0,0.0,1.0,reasoning_E,E,HQ + E,repeat_02_fold_01,2,1
comfort_index,hq,0.96,0.84,0.12,0.875,False,positive,3.0,25,6,True,True,True,0.0,0.0,0.0,0.0,0.0,0.0,0.56,0.56,0.0,0.76,0.76,0.0,0.92,0.84,0.08,0.96,0.84,0.12,reasoning_E,E,HQ + E,repeat_02_fold_01,2,1
exit_count,hq,0.96,0.96,0.0,1.0,True,positive,1.0,25,6,True,True,True,0.0,0.0,0.0,0.68,0.68,0.0,0.76,0.76,0.0,0.84,0.84,0.0,0.96,0.96,0.0,0.96,0.96,0.0,reasoning_E,E,HQ + E,repeat_02_fold_01,2,1
founding_role_count,hq,0.96,0.2,0.76,0.7916666666666667,False,negative,3.0,25,6,True,True,True,0.0,0.0,0.0,0.0,0.0,0.0,0.04,0.0,0.04,0.4,0.04,0.36,0.88,0.16,0.72,0.96,0.2,0.76,reasoning_E,E,HQ + E,repeat_02_fold_01,2,1
industry_pivot_count,hq,0.96,0.16,0.8,0.8333333333333334,False,negative,3.0,25,6,True,True,True,0.0,0.0,0.0,0.0,0.0,0.0,0.32,0.0,0.32,0.84,0.0,0.84,0.84,0.04,0.8,0.96,0.16,0.8,reasoning_E,E,HQ + E,repeat_02_fold_01,2,1
industry_prestige_penalty,hq,0.96,0.8,0.16,0.8333333333333334,False,positive,1.0,25,6,True,True,True,0.0,0.0,0.0,0.36,0.36,0.0,0.6,0.6,0.0,0.76,0.72,0.04,0.96,0.8,0.16,0.96,0.8,0.16,reasoning_E,E,HQ + E,repeat_02_fold_01,2,1
is_serial_founder,hq,0.96,0.24,0.72,0.75,False,negative,3.0,25,6,True,True,True,0.0,0.0,0.0,0.0,0.0,0.0,0.04,0.0,0.04,0.32,0.12,0.2,0.88,0.24,0.64,0.96,0.24,0.72,reasoning_E,E,HQ + E,repeat_02_fold_01,2,1
prestige_sacrifice_score,hq,0.96,0.56,0.4,0.5833333333333334,False,positive,3.0,25,6,True,True,True,0.0,0.0,0.0,0.52,0.52,0.0,0.92,0.92,0.0,0.8,0.8,0.0,0.84,0.64,0.2,0.96,0.56,0.4,reasoning_E,E,HQ + E,repeat_02_fold_01,2,1
years_in_large_company,hq,0.96,0.88,0.08,0.9166666666666667,True,positive,3.0,25,6,True,True,True,0.0,0.0,0.0,0.04,0.04,0.0,0.36,0.36,0.0,0.84,0.84,0.0,0.92,0.88,0.04,0.96,0.88,0.08,reasoning_E,E,HQ + E,repeat_02_fold_01,2,1
company_size_is_growing,hq,0.92,0.32,0.6,0.6521739130434782,False,negative,3.0,25,6,True,True,True,0.0,0.0,0.0,0.0,0.0,0.0,0.4,0.0,0.4,0.64,0.08,0.56,0.84,0.24,0.6,0.92,0.32,0.6,reasoning_E,E,HQ + E,repeat_02_fold_01,2,1
field_relevance_score,hq,0.92,0.36,0.56,0.6086956521739131,False,negative,3.0,25,6,True,True,True,0.0,0.0,0.0,0.0,0.0,0.0,0.0,0.0,0.0,0.44,0.24,0.2,0.8,0.36,0.44,0.92,0.36,0.56,reasoning_E,E,HQ + E,repeat_02_fold_01,2,1
founding_timing,hq,0.92,0.88,0.04,0.9565217391304347,True,positive,3.0,25,6,True,True,True,0.0,0.0,0.0,0.0,0.0,0.0,0.0,0.0,0.0,0.16,0.12,0.04,0.8,0.76,0.04,0.92,0.88,0.04,reasoning_E,E,HQ + E,repeat_02_fold_01,2,1
persistence_score,hq,0.92,0.68,0.24,0.7391304347826088,False,positive,3.0,25,6,True,True,True,0.0,0.0,0.0,0.0,0.0,0.0,0.04,0.04,0.0,0.6,0.56,0.04,0.72,0.68,0.04,0.92,0.68,0.24,reasoning_E,E,HQ + E,repeat_02_fold_01,2,1
prestige_x_relevance,hq,0.92,0.8,0.12,0.8695652173913043,False,positive,3.0,25,6,True,True,True,0.0,0.0,0.0,0.68,0.68,0.0,0.8,0.8,0.0,0.76,0.76,0.0,0.76,0.76,0.0,0.92,0.8,0.12,reasoning_E,E,HQ + E,repeat_02_fold_01,2,1
stem_flag,hq,0.92,0.36,0.56,0.6086956521739131,False,negative,3.0,25,6,True,True,True,0.0,0.0,0.0,0.0,0.0,0.0,0.04,0.04,0.0,0.52,0.24,0.28,0.68,0.24,0.44,0.92,0.36,0.56,reasoning_E,E,HQ + E,repeat_02_fold_01,2,1
degree_level,hq,0.84,0.24,0.6,0.7142857142857143,False,negative,3.0,25,6,True,True,False,0.0,0.0,0.0,0.0,0.0,0.0,0.04,0.04,0.0,0.6,0.12,0.48,0.76,0.2,0.56,0.84,0.24,0.6,reasoning_E,E,HQ + E,repeat_02_fold_01,2,1
has_prior_acquisition,hq,0.56,0.52,0.04,0.9285714285714285,True,positive,3.0,25,6,False,False,False,0.0,0.0,0.0,0.12,0.12,0.0,0.36,0.36,0.0,0.52,0.52,0.0,0.52,0.52,0.0,0.56,0.52,0.04,reasoning_E,E,HQ + E,repeat_02_fold_01,2,1
has_prior_ipo,hq,0.48,0.48,0.0,1.0,True,positive,3.0,25,6,False,False,False,0.0,0.0,0.0,0.16,0.16,0.0,0.36,0.36,0.0,0.4,0.4,0.0,0.44,0.44,0.0,0.48,0.48,0.0,reasoning_E,E,HQ + E,repeat_02_fold_01,2,1
E_hidden_risk,reasoning,1.0,0.12,0.88,0.88,False,negative,3.0,25,6,True,True,True,0.0,0.0,0.0,0.0,0.0,0.0,0.12,0.04,0.08,0.76,0.08,0.68,0.92,0.08,0.84,1.0,0.12,0.88,reasoning_E,E,HQ + E,repeat_02_fold_01,2,1
E_evidence_support_rating,reasoning,0.96,0.04,0.92,0.9583333333333334,True,negative,1.0,25,6,True,True,True,0.0,0.0,0.0,0.0,0.0,0.0,0.24,0.0,0.24,0.68,0.0,0.68,0.96,0.04,0.92,0.96,0.04,0.92,reasoning_E,E,HQ + E,repeat_02_fold_01,2,1
E_hidden_upside,reasoning,0.92,0.6,0.32,0.6521739130434782,False,positive,3.0,25,6,True,True,True,0.0,0.0,0.0,0.0,0.0,0.0,0.2,0.04,0.16,0.32,0.12,0.2,0.64,0.4,0.24,0.92,0.6,0.32,reasoning_E,E,HQ + E,repeat_02_fold_01,2,1
best_degree_prestige,hq,1.0,0.84,0.16,0.84,False,positive,3.0,25,6,True,True,True,0.0,0.0,0.0,0.64,0.64,0.0,0.92,0.92,0.0,0.92,0.92,0.0,0.92,0.84,0.08,1.0,0.84,0.16,reasoning_F,F,HQ + F,repeat_02_fold_01,2,1
comfort_index,hq,1.0,0.88,0.12,0.88,False,positive,3.0,25,6,True,True,True,0.0,0.0,0.0,0.16,0.16,0.0,0.76,0.76,0.0,0.92,0.88,0.04,0.96,0.88,0.08,1.0,0.88,0.12,reasoning_F,F,HQ + F,repeat_02_fold_01,2,1
company_size_is_growing,hq,1.0,0.2,0.8,0.8,False,negative,3.0,25,6,True,True,True,0.0,0.0,0.0,0.0,0.0,0.0,0.36,0.0,0.36,0.8,0.08,0.72,0.92,0.16,0.76,1.0,0.2,0.8,reasoning_F,F,HQ + F,repeat_02_fold_01,2,1
degree_level,hq,1.0,0.28,0.72,0.72,False,negative,3.0,25,6,True,True,True,0.0,0.0,0.0,0.0,0.0,0.0,0.08,0.08,0.0,0.56,0.12,0.44,0.84,0.2,0.64,1.0,0.28,0.72,reasoning_F,F,HQ + F,repeat_02_fold_01,2,1
edu_prestige_tier,hq,1.0,0.84,0.16,0.84,False,positive,3.0,25,6,True,True,True,0.0,0.0,0.0,0.64,0.64,0.0,0.92,0.92,0.0,0.92,0.92,0.0,0.92,0.84,0.08,1.0,0.84,0.16,reasoning_F,F,HQ + F,repeat_02_fold_01,2,1
exit_x_serial,hq,1.0,0.36,0.64,0.64,False,negative,3.0,25,6,True,True,True,0.0,0.0,0.0,0.16,0.16,0.0,0.2,0.2,0.0,0.6,0.36,0.24,0.88,0.36,0.52,1.0,0.36,0.64,reasoning_F,F,HQ + F,repeat_02_fold_01,2,1
industry_alignment,hq,1.0,1.0,0.0,1.0,True,positive,0.3,25,6,True,True,True,0.0,0.0,0.0,0.36,0.36,0.0,0.96,0.96,0.0,1.0,1.0,0.0,1.0,1.0,0.0,1.0,1.0,0.0,reasoning_F,F,HQ + F,repeat_02_fold_01,2,1
industry_prestige_penalty,hq,1.0,0.76,0.24,0.76,False,positive,3.0,25,6,True,True,True,0.0,0.0,0.0,0.28,0.28,0.0,0.6,0.6,0.0,0.76,0.72,0.04,0.96,0.72,0.24,1.0,0.76,0.24,reasoning_F,F,HQ + F,repeat_02_fold_01,2,1
max_company_size_before_founding,hq,1.0,0.64,0.36,0.64,False,positive,3.0,25,6,True,True,True,0.0,0.0,0.0,0.04,0.04,0.0,0.28,0.28,0.0,0.6,0.6,0.0,0.8,0.6,0.2,1.0,0.64,0.36,reasoning_F,F,HQ + F,repeat_02_fold_01,2,1
max_seniority_reached,hq,1.0,1.0,0.0,1.0,True,positive,1.0,25,6,True,True,True,0.0,0.0,0.0,0.0,0.0,0.0,0.52,0.52,0.0,0.92,0.92,0.0,1.0,1.0,0.0,1.0,1.0,0.0,reasoning_F,F,HQ + F,repeat_02_fold_01,2,1
persistence_score,hq,1.0,0.76,0.24,0.76,False,positive,3.0,25,6,True,True,True,0.0,0.0,0.0,0.0,0.0,0.0,0.08,0.08,0.0,0.64,0.6,0.04,0.96,0.76,0.2,1.0,0.76,0.24,reasoning_F,F,HQ + F,repeat_02_fold_01,2,1
restlessness_score,hq,1.0,0.2,0.8,0.8,False,negative,3.0,25,6,True,True,True,0.0,0.0,0.0,0.0,0.0,0.0,0.4,0.0,0.4,0.68,0.04,0.64,0.92,0.2,0.72,1.0,0.2,0.8,reasoning_F,F,HQ + F,repeat_02_fold_01,2,1
years_in_large_company,hq,1.0,0.8,0.2,0.8,False,positive,3.0,25,6,True,True,True,0.0,0.0,0.0,0.0,0.0,0.0,0.36,0.36,0.0,0.68,0.68,0.0,0.92,0.76,0.16,1.0,0.8,0.2,reasoning_F,F,HQ + F,repeat_02_fold_01,2,1
exit_count,hq,0.96,0.96,0.0,1.0,True,positive,1.0,25,6,True,True,True,0.0,0.0,0.0,0.52,0.52,0.0,0.8,0.8,0.0,0.92,0.92,0.0,0.96,0.96,0.0,0.96,0.96,0.0,reasoning_F,F,HQ + F,repeat_02_fold_01,2,1
industry_pivot_count,hq,0.96,0.12,0.84,0.875,False,negative,3.0,25,6,True,True,True,0.0,0.0,0.0,0.0,0.0,0.0,0.4,0.0,0.4,0.84,0.0,0.84,0.88,0.04,0.84,0.96,0.12,0.84,reasoning_F,F,HQ + F,repeat_02_fold_01,2,1
is_serial_founder,hq,0.96,0.32,0.64,0.6666666666666667,False,negative,3.0,25,6,True,True,True,0.0,0.0,0.0,0.0,0.0,0.0,0.04,0.0,0.04,0.48,0.16,0.32,0.76,0.2,0.56,0.96,0.32,0.64,reasoning_F,F,HQ + F,repeat_02_fold_01,2,1
longest_founding_tenure,hq,0.96,0.0,0.96,1.0,True,negative,0.3,25,6,True,True,True,0.0,0.0,0.0,0.0,0.0,0.0,0.68,0.0,0.68,0.96,0.0,0.96,0.84,0.0,0.84,0.96,0.16,0.8,reasoning_F,F,HQ + F,repeat_02_fold_01,2,1
repeat_founding_gap,hq,0.96,0.08,0.88,0.9166666666666667,True,negative,1.0,25,6,True,True,True,0.0,0.0,0.0,0.0,0.0,0.0,0.44,0.0,0.44,0.8,0.0,0.8,0.96,0.08,0.88,0.96,0.08,0.88,reasoning_F,F,HQ + F,repeat_02_fold_01,2,1
sacrifice_x_serial,hq,0.96,0.72,0.24,0.75,False,positive,3.0,25,6,True,True,True,0.0,0.0,0.0,0.0,0.0,0.0,0.16,0.16,0.0,0.48,0.36,0.12,0.8,0.64,0.16,0.96,0.72,0.24,reasoning_F,F,HQ + F,repeat_02_fold_01,2,1
stem_flag,hq,0.96,0.56,0.4,0.5833333333333334,False,positive,3.0,25,6,True,True,True,0.0,0.0,0.0,0.0,0.0,0.0,0.12,0.12,0.0,0.48,0.32,0.16,0.8,0.52,0.28,0.96,0.56,0.4,reasoning_F,F,HQ + F,repeat_02_fold_01,2,1
total_inferred_experience,hq,0.96,0.0,0.96,1.0,True,negative,1.0,25,6,True,True,True,0.0,0.0,0.0,0.0,0.0,0.0,0.68,0.0,0.68,0.88,0.0,0.88,0.96,0.0,0.96,0.96,0.0,0.96,reasoning_F,F,HQ + F,repeat_02_fold_01,2,1
founding_timing,hq,0.92,0.8,0.12,0.8695652173913043,False,positive,3.0,25,6,True,True,True,0.0,0.0,0.0,0.0,0.0,0.0,0.0,0.0,0.0,0.16,0.04,0.12,0.68,0.56,0.12,0.92,0.8,0.12,reasoning_F,F,HQ + F,repeat_02_fold_01,2,1
prestige_sacrifice_score,hq,0.92,0.8,0.12,0.8695652173913043,False,positive,3.0,25,6,True,True,True,0.0,0.0,0.0,0.68,0.68,0.0,0.88,0.88,0.0,0.84,0.84,0.0,0.84,0.8,0.04,0.92,0.8,0.12,reasoning_F,F,HQ + F,repeat_02_fold_01,2,1
seniority_is_monotone,hq,0.92,0.12,0.8,0.8695652173913043,False,negative,1.0,25,6,True,True,True,0.0,0.0,0.0,0.0,0.0,0.0,0.28,0.0,0.28,0.72,0.04,0.68,0.92,0.12,0.8,0.88,0.08,0.8,reasoning_F,F,HQ + F,repeat_02_fold_01,2,1
field_relevance_score,hq,0.88,0.48,0.4,0.5454545454545454,False,positive,3.0,25,6,True,True,False,0.0,0.0,0.0,0.0,0.0,0.0,0.04,0.04,0.0,0.56,0.32,0.24,0.84,0.44,0.4,0.88,0.48,0.4,reasoning_F,F,HQ + F,repeat_02_fold_01,2,1
prestige_x_relevance,hq,0.88,0.56,0.32,0.6363636363636365,False,positive,3.0,25,6,True,True,False,0.0,0.0,0.0,0.72,0.72,0.0,0.76,0.76,0.0,0.56,0.56,0.0,0.64,0.56,0.08,0.88,0.56,0.32,reasoning_F,F,HQ + F,repeat_02_fold_01,2,1
founding_role_count,hq,0.84,0.6,0.24,0.7142857142857143,False,positive,3.0,25,6,True,True,False,0.0,0.0,0.0,0.0,0.0,0.0,0.04,0.0,0.04,0.2,0.12,0.08,0.72,0.52,0.2,0.84,0.6,0.24,reasoning_F,F,HQ + F,repeat_02_fold_01,2,1
has_prior_ipo,hq,0.84,0.8,0.04,0.9523809523809524,True,positive,3.0,25,6,True,True,False,0.0,0.0,0.0,0.12,0.12,0.0,0.6,0.6,0.0,0.72,0.68,0.04,0.8,0.76,0.04,0.84,0.8,0.04,reasoning_F,F,HQ + F,repeat_02_fold_01,2,1
has_prior_acquisition,hq,0.44,0.44,0.0,1.0,True,positive,3.0,25,6,False,False,False,0.0,0.0,0.0,0.16,0.16,0.0,0.24,0.24,0.0,0.28,0.28,0.0,0.24,0.24,0.0,0.44,0.44,0.0,reasoning_F,F,HQ + F,repeat_02_fold_01,2,1
F_career_coherence,reasoning,1.0,0.0,1.0,1.0,True,negative,0.3,25,6,True,True,True,0.0,0.0,0.0,0.0,0.0,0.0,0.52,0.0,0.52,1.0,0.0,1.0,1.0,0.0,1.0,1.0,0.0,1.0,reasoning_F,F,HQ + F,repeat_02_fold_01,2,1
F_evidence_support_rating,reasoning,1.0,1.0,0.0,1.0,True,positive,0.3,25,6,True,True,True,0.0,0.0,0.0,0.0,0.0,0.0,0.64,0.64,0.0,1.0,1.0,0.0,1.0,1.0,0.0,1.0,1.0,0.0,reasoning_F,F,HQ + F,repeat_02_fold_01,2,1
F_trajectory_strength,reasoning,0.96,0.96,0.0,1.0,True,positive,3.0,25,6,True,True,True,0.0,0.0,0.0,0.0,0.0,0.0,0.0,0.0,0.0,0.08,0.08,0.0,0.88,0.88,0.0,0.96,0.96,0.0,reasoning_F,F,HQ + F,repeat_02_fold_01,2,1
F_scrappiness,reasoning,0.92,0.56,0.36,0.6086956521739131,False,positive,3.0,25,6,True,True,True,0.0,0.0,0.0,0.0,0.0,0.0,0.0,0.0,0.0,0.32,0.32,0.0,0.68,0.52,0.16,0.92,0.56,0.36,reasoning_F,F,HQ + F,repeat_02_fold_01,2,1
F_ownership_signal,reasoning,0.84,0.68,0.16,0.8095238095238096,False,positive,3.0,25,6,True,True,False,0.0,0.0,0.0,0.0,0.0,0.0,0.0,0.0,0.0,0.04,0.04,0.0,0.44,0.4,0.04,0.84,0.68,0.16,reasoning_F,F,HQ + F,repeat_02_fold_01,2,1
F_rubric_score,reasoning,0.68,0.04,0.64,0.9411764705882353,True,negative,3.0,25,6,True,False,False,0.0,0.0,0.0,0.0,0.0,0.0,0.04,0.0,0.04,0.04,0.0,0.04,0.2,0.04,0.16,0.68,0.04,0.64,reasoning_F,F,HQ + F,repeat_02_fold_01,2,1
degree_level,hq,1.0,0.04,0.96,0.96,True,negative,1.0,25,6,True,True,True,0.0,0.0,0.0,0.0,0.0,0.0,0.2,0.0,0.2,0.88,0.0,0.88,1.0,0.04,0.96,1.0,0.04,0.96,reasoning_A,A,HQ + A,repeat_02_fold_02,2,2
industry_alignment,hq,1.0,1.0,0.0,1.0,True,positive,3.0,25,6,True,True,True,0.0,0.0,0.0,0.0,0.0,0.0,0.84,0.84,0.0,0.96,0.96,0.0,0.96,0.96,0.0,1.0,1.0,0.0,reasoning_A,A,HQ + A,repeat_02_fold_02,2,2
industry_prestige_penalty,hq,1.0,0.92,0.08,0.92,True,positive,3.0,25,6,True,True,True,0.0,0.0,0.0,0.08,0.08,0.0,0.8,0.8,0.0,0.92,0.92,0.0,0.96,0.92,0.04,1.0,0.92,0.08,reasoning_A,A,HQ + A,repeat_02_fold_02,2,2
longest_founding_tenure,hq,1.0,0.04,0.96,0.96,True,negative,3.0,25,6,True,True,True,0.0,0.0,0.0,0.0,0.0,0.0,0.8,0.0,0.8,0.96,0.0,0.96,0.96,0.0,0.96,1.0,0.04,0.96,reasoning_A,A,HQ + A,repeat_02_fold_02,2,2
max_seniority_reached,hq,1.0,0.84,0.16,0.84,False,positive,3.0,25,6,True,True,True,0.0,0.0,0.0,0.0,0.0,0.0,0.24,0.24,0.0,0.8,0.76,0.04,0.92,0.84,0.08,1.0,0.84,0.16,reasoning_A,A,HQ + A,repeat_02_fold_02,2,2
restlessness_score,hq,1.0,0.28,0.72,0.72,False,negative,3.0,25,6,True,True,True,0.0,0.0,0.0,0.0,0.0,0.0,0.12,0.04,0.08,0.52,0.12,0.4,0.88,0.2,0.68,1.0,0.28,0.72,reasoning_A,A,HQ + A,repeat_02_fold_02,2,2
sacrifice_x_serial,hq,1.0,0.64,0.36,0.64,False,positive,3.0,25,6,True,True,True,0.0,0.0,0.0,0.0,0.0,0.0,0.08,0.04,0.04,0.36,0.24,0.12,0.88,0.56,0.32,1.0,0.64,0.36,reasoning_A,A,HQ + A,repeat_02_fold_02,2,2
total_inferred_experience,hq,1.0,0.04,0.96,0.96,True,negative,3.0,25,6,True,True,True,0.0,0.0,0.0,0.0,0.0,0.0,0.8,0.0,0.8,0.96,0.0,0.96,0.96,0.0,0.96,1.0,0.04,0.96,reasoning_A,A,HQ + A,repeat_02_fold_02,2,2
years_in_large_company,hq,1.0,0.92,0.08,0.92,True,positive,3.0,25,6,True,True,True,0.0,0.0,0.0,0.0,0.0,0.0,0.32,0.32,0.0,0.76,0.72,0.04,0.92,0.84,0.08,1.0,0.92,0.08,reasoning_A,A,HQ + A,repeat_02_fold_02,2,2
best_degree_prestige,hq,0.96,0.96,0.0,1.0,True,positive,0.3,25,6,True,True,True,0.0,0.0,0.0,0.64,0.64,0.0,0.92,0.92,0.0,0.96,0.96,0.0,0.96,0.96,0.0,0.96,0.96,0.0,reasoning_A,A,HQ + A,repeat_02_fold_02,2,2
edu_prestige_tier,hq,0.96,0.96,0.0,1.0,True,positive,0.3,25,6,True,True,True,0.0,0.0,0.0,0.64,0.64,0.0,0.92,0.92,0.0,0.96,0.96,0.0,0.96,0.96,0.0,0.96,0.96,0.0,reasoning_A,A,HQ + A,repeat_02_fold_02,2,2
exit_count,hq,0.96,0.96,0.0,1.0,True,positive,0.1,25,6,True,True,True,0.0,0.0,0.0,0.92,0.92,0.0,0.96,0.96,0.0,0.96,0.96,0.0,0.92,0.92,0.0,0.96,0.96,0.0,reasoning_A,A,HQ + A,repeat_02_fold_02,2,2
exit_x_serial,hq,0.96,0.6,0.36,0.625,False,positive,1.0,25,6,True,True,True,0.0,0.0,0.0,0.28,0.28,0.0,0.56,0.56,0.0,0.8,0.6,0.2,0.96,0.6,0.36,0.96,0.6,0.36,reasoning_A,A,HQ + A,repeat_02_fold_02,2,2
founding_role_count,hq,0.96,0.72,0.24,0.75,False,positive,3.0,25,6,True,True,True,0.0,0.0,0.0,0.0,0.0,0.0,0.0,0.0,0.0,0.2,0.16,0.04,0.68,0.48,0.2,0.96,0.72,0.24,reasoning_A,A,HQ + A,repeat_02_fold_02,2,2
industry_pivot_count,hq,0.96,0.6,0.36,0.625,False,positive,3.0,25,6,True,True,True,0.0,0.0,0.0,0.0,0.0,0.0,0.08,0.0,0.08,0.64,0.36,0.28,0.88,0.52,0.36,0.96,0.6,0.36,reasoning_A,A,HQ + A,repeat_02_fold_02,2,2
persistence_score,hq,0.96,0.88,0.08,0.9166666666666667,True,positive,3.0,25,6,True,True,True,0.0,0.0,0.0,0.0,0.0,0.0,0.12,0.12,0.0,0.8,0.8,0.0,0.88,0.88,0.0,0.96,0.88,0.08,reasoning_A,A,HQ + A,repeat_02_fold_02,2,2
prestige_x_relevance,hq,0.96,0.44,0.52,0.5416666666666667,False,negative,3.0,25,6,True,True,True,0.0,0.0,0.0,0.68,0.68,0.0,0.52,0.52,0.0,0.4,0.4,0.0,0.84,0.4,0.44,0.96,0.44,0.52,reasoning_A,A,HQ + A,repeat_02_fold_02,2,2
repeat_founding_gap,hq,0.96,0.84,0.12,0.875,False,positive,3.0,25,6,True,True,True,0.0,0.0,0.0,0.0,0.0,0.0,0.4,0.4,0.0,0.84,0.72,0.12,0.92,0.8,0.12,0.96,0.84,0.12,reasoning_A,A,HQ + A,repeat_02_fold_02,2,2
seniority_is_monotone,hq,0.96,0.8,0.16,0.8333333333333334,False,positive,1.0,25,6,True,True,True,0.0,0.0,0.0,0.0,0.0,0.0,0.12,0.08,0.04,0.72,0.64,0.08,0.96,0.8,0.16,0.96,0.8,0.16,reasoning_A,A,HQ + A,repeat_02_fold_02,2,2
stem_flag,hq,0.96,0.96,0.0,1.0,True,positive,1.0,25,6,True,True,True,0.0,0.0,0.0,0.0,0.0,0.0,0.56,0.56,0.0,0.84,0.84,0.0,0.96,0.96,0.0,0.96,0.96,0.0,reasoning_A,A,HQ + A,repeat_02_fold_02,2,2
has_prior_ipo,hq,0.92,0.92,0.0,1.0,True,positive,3.0,25,6,True,True,True,0.0,0.0,0.0,0.32,0.32,0.0,0.68,0.68,0.0,0.84,0.84,0.0,0.88,0.88,0.0,0.92,0.92,0.0,reasoning_A,A,HQ + A,repeat_02_fold_02,2,2
is_serial_founder,hq,0.92,0.36,0.56,0.6086956521739131,False,negative,3.0,25,6,True,True,True,0.0,0.0,0.0,0.0,0.0,0.0,0.08,0.0,0.08,0.28,0.08,0.2,0.72,0.24,0.48,0.92,0.36,0.56,reasoning_A,A,HQ + A,repeat_02_fold_02,2,2
prestige_sacrifice_score,hq,0.92,0.72,0.2,0.7826086956521738,False,positive,3.0,25,6,True,True,True,0.0,0.0,0.0,0.0,0.0,0.0,0.48,0.48,0.0,0.6,0.6,0.0,0.8,0.64,0.16,0.92,0.72,0.2,reasoning_A,A,HQ + A,repeat_02_fold_02,2,2
comfort_index,hq,0.88,0.28,0.6,0.6818181818181818,False,negative,3.0,25,6,True,True,False,0.0,0.0,0.0,0.0,0.0,0.0,0.2,0.04,0.16,0.68,0.24,0.44,0.84,0.28,0.56,0.88,0.28,0.6,reasoning_A,A,HQ + A,repeat_02_fold_02,2,2
field_relevance_score,hq,0.88,0.28,0.6,0.6818181818181818,False,negative,3.0,25,6,True,True,False,0.0,0.0,0.0,0.0,0.0,0.0,0.12,0.12,0.0,0.44,0.16,0.28,0.76,0.2,0.56,0.88,0.28,0.6,reasoning_A,A,HQ + A,repeat_02_fold_02,2,2
max_company_size_before_founding,hq,0.88,0.6,0.28,0.6818181818181818,False,positive,3.0,25,6,True,True,False,0.0,0.0,0.0,0.0,0.0,0.0,0.36,0.36,0.0,0.6,0.56,0.04,0.72,0.56,0.16,0.88,0.6,0.28,reasoning_A,A,HQ + A,repeat_02_fold_02,2,2
company_size_is_growing,hq,0.84,0.52,0.32,0.6190476190476191,False,positive,3.0,25,6,True,True,False,0.0,0.0,0.0,0.0,0.0,0.0,0.12,0.0,0.12,0.4,0.2,0.2,0.76,0.48,0.28,0.84,0.52,0.32,reasoning_A,A,HQ + A,repeat_02_fold_02,2,2
founding_timing,hq,0.76,0.36,0.4,0.5263157894736842,False,negative,3.0,25,6,True,False,False,0.0,0.0,0.0,0.0,0.0,0.0,0.12,0.0,0.12,0.2,0.0,0.2,0.6,0.28,0.32,0.76,0.36,0.4,reasoning_A,A,HQ + A,repeat_02_fold_02,2,2
has_prior_acquisition,hq,0.24,0.24,0.0,1.0,True,positive,3.0,25,6,False,False,False,0.0,0.0,0.0,0.0,0.0,0.0,0.12,0.12,0.0,0.08,0.08,0.0,0.12,0.12,0.0,0.24,0.24,0.0,reasoning_A,A,HQ + A,repeat_02_fold_02,2,2
A_career_coherence,reasoning,1.0,0.32,0.68,0.68,False,negative,3.0,25,6,True,True,True,0.0,0.0,0.0,0.0,0.0,0.0,0.04,0.0,0.04,0.64,0.0,0.64,0.92,0.24,0.68,1.0,0.32,0.68,reasoning_A,A,HQ + A,repeat_02_fold_02,2,2
A_evidence_support_rating,reasoning,1.0,1.0,0.0,1.0,True,positive,0.03,25,6,True,True,True,0.0,0.0,0.0,1.0,1.0,0.0,1.0,1.0,0.0,1.0,1.0,0.0,1.0,1.0,0.0,1.0,1.0,0.0,reasoning_A,A,HQ + A,repeat_02_fold_02,2,2
A_ownership_signal,reasoning,1.0,0.0,1.0,1.0,True,negative,0.1,25,6,True,True,True,0.0,0.0,0.0,0.32,0.0,0.32,1.0,0.0,1.0,1.0,0.0,1.0,0.96,0.0,0.96,1.0,0.04,0.96,reasoning_A,A,HQ + A,repeat_02_fold_02,2,2
A_scrappiness,reasoning,1.0,0.0,1.0,1.0,True,negative,0.3,25,6,True,True,True,0.0,0.0,0.0,0.0,0.0,0.0,0.92,0.0,0.92,1.0,0.0,1.0,1.0,0.0,1.0,1.0,0.0,1.0,reasoning_A,A,HQ + A,repeat_02_fold_02,2,2
A_trajectory_strength,reasoning,1.0,0.08,0.92,0.92,True,negative,3.0,25,6,True,True,True,0.0,0.0,0.0,0.0,0.0,0.0,0.4,0.0,0.4,0.84,0.0,0.84,0.96,0.08,0.88,1.0,0.08,0.92,reasoning_A,A,HQ + A,repeat_02_fold_02,2,2
best_degree_prestige,hq,1.0,1.0,0.0,1.0,True,positive,0.3,25,6,True,True,True,0.0,0.0,0.0,0.6,0.6,0.0,0.96,0.96,0.0,1.0,1.0,0.0,1.0,1.0,0.0,1.0,1.0,0.0,reasoning_B,B,HQ + B,repeat_02_fold_02,2,2
degree_level,hq,1.0,0.0,1.0,1.0,True,negative,1.0,25,6,True,True,True,0.0,0.0,0.0,0.0,0.0,0.0,0.24,0.0,0.24,0.96,0.0,0.96,1.0,0.0,1.0,1.0,0.0,1.0,reasoning_B,B,HQ + B,repeat_02_fold_02,2,2
edu_prestige_tier,hq,1.0,1.0,0.0,1.0,True,positive,0.3,25,6,True,True,True,0.0,0.0,0.0,0.6,0.6,0.0,0.96,0.96,0.0,1.0,1.0,0.0,1.0,1.0,0.0,1.0,1.0,0.0,reasoning_B,B,HQ + B,repeat_02_fold_02,2,2
field_relevance_score,hq,1.0,0.64,0.36,0.64,False,positive,3.0,25,6,True,True,True,0.0,0.0,0.0,0.0,0.0,0.0,0.32,0.32,0.0,0.6,0.44,0.16,0.84,0.52,0.32,1.0,0.64,0.36,reasoning_B,B,HQ + B,repeat_02_fold_02,2,2
founding_role_count,hq,1.0,0.44,0.56,0.56,False,negative,3.0,25,6,True,True,True,0.0,0.0,0.0,0.0,0.0,0.0,0.2,0.0,0.2,0.44,0.04,0.4,0.8,0.28,0.52,1.0,0.44,0.56,reasoning_B,B,HQ + B,repeat_02_fold_02,2,2
industry_alignment,hq,1.0,1.0,0.0,1.0,True,positive,0.3,25,6,True,True,True,0.0,0.0,0.0,0.0,0.0,0.0,0.92,0.92,0.0,1.0,1.0,0.0,1.0,1.0,0.0,1.0,1.0,0.0,reasoning_B,B,HQ + B,repeat_02_fold_02,2,2
longest_founding_tenure,hq,1.0,0.0,1.0,1.0,True,negative,0.3,25,6,True,True,True,0.0,0.0,0.0,0.0,0.0,0.0,0.88,0.0,0.88,1.0,0.0,1.0,1.0,0.0,1.0,1.0,0.0,1.0,reasoning_B,B,HQ + B,repeat_02_fold_02,2,2
persistence_score,hq,1.0,0.92,0.08,0.92,True,positive,3.0,25,6,True,True,True,0.0,0.0,0.0,0.0,0.0,0.0,0.12,0.12,0.0,0.64,0.64,0.0,0.88,0.84,0.04,1.0,0.92,0.08,reasoning_B,B,HQ + B,repeat_02_fold_02,2,2
restlessness_score,hq,1.0,0.32,0.68,0.68,False,negative,3.0,25,6,True,True,True,0.0,0.0,0.0,0.0,0.0,0.0,0.2,0.04,0.16,0.6,0.16,0.44,0.96,0.32,0.64,1.0,0.32,0.68,reasoning_B,B,HQ + B,repeat_02_fold_02,2,2
seniority_is_monotone,hq,1.0,0.64,0.36,0.64,False,positive,3.0,25,6,True,True,True,0.0,0.0,0.0,0.0,0.0,0.0,0.24,0.08,0.16,0.68,0.44,0.24,0.92,0.6,0.32,1.0,0.64,0.36,reasoning_B,B,HQ + B,repeat_02_fold_02,2,2
comfort_index,hq,0.96,0.2,0.76,0.7916666666666667,False,negative,3.0,25,6,True,True,True,0.0,0.0,0.0,0.0,0.0,0.0,0.08,0.0,0.08,0.6,0.08,0.52,0.92,0.2,0.72,0.96,0.2,0.76,reasoning_B,B,HQ + B,repeat_02_fold_02,2,2
company_size_is_growing,hq,0.96,0.52,0.44,0.5416666666666667,False,positive,3.0,25,6,True,True,True,0.0,0.0,0.0,0.0,0.0,0.0,0.16,0.08,0.08,0.6,0.32,0.28,0.88,0.44,0.44,0.96,0.52,0.44,reasoning_B,B,HQ + B,repeat_02_fold_02,2,2
exit_count,hq,0.96,0.96,0.0,1.0,True,positive,0.1,25,6,True,True,True,0.0,0.0,0.0,0.88,0.88,0.0,0.96,0.96,0.0,0.96,0.96,0.0,0.96,0.96,0.0,0.96,0.96,0.0,reasoning_B,B,HQ + B,repeat_02_fold_02,2,2
exit_x_serial,hq,0.96,0.6,0.36,0.625,False,positive,1.0,25,6,True,True,True,0.0,0.0,0.0,0.32,0.32,0.0,0.56,0.52,0.04,0.76,0.56,0.2,0.96,0.6,0.36,0.96,0.6,0.36,reasoning_B,B,HQ + B,repeat_02_fold_02,2,2
industry_prestige_penalty,hq,0.96,0.76,0.2,0.7916666666666667,False,positive,1.0,25,6,True,True,True,0.0,0.0,0.0,0.12,0.12,0.0,0.72,0.68,0.04,0.84,0.68,0.16,0.96,0.76,0.2,0.96,0.76,0.2,reasoning_B,B,HQ + B,repeat_02_fold_02,2,2
max_company_size_before_founding,hq,0.96,0.52,0.44,0.5416666666666667,False,positive,3.0,25,6,True,True,True,0.0,0.0,0.0,0.0,0.0,0.0,0.24,0.24,0.0,0.4,0.32,0.08,0.84,0.44,0.4,0.96,0.52,0.44,reasoning_B,B,HQ + B,repeat_02_fold_02,2,2
max_seniority_reached,hq,0.96,0.84,0.12,0.875,False,positive,3.0,25,6,True,True,True,0.0,0.0,0.0,0.0,0.0,0.0,0.32,0.32,0.0,0.88,0.84,0.04,0.92,0.88,0.04,0.96,0.84,0.12,reasoning_B,B,HQ + B,repeat_02_fold_02,2,2
prestige_sacrifice_score,hq,0.96,0.92,0.04,0.9583333333333334,True,positive,3.0,25,6,True,True,True,0.0,0.0,0.0,0.0,0.0,0.0,0.32,0.32,0.0,0.84,0.84,0.0,0.88,0.88,0.0,0.96,0.92,0.04,reasoning_B,B,HQ + B,repeat_02_fold_02,2,2
prestige_x_relevance,hq,0.96,0.32,0.64,0.6666666666666667,False,negative,3.0,25,6,True,True,True,0.0,0.0,0.0,0.84,0.84,0.0,0.64,0.64,0.0,0.4,0.4,0.0,0.8,0.36,0.44,0.96,0.32,0.64,reasoning_B,B,HQ + B,repeat_02_fold_02,2,2
repeat_founding_gap,hq,0.96,0.88,0.08,0.9166666666666667,True,positive,3.0,25,6,True,True,True,0.0,0.0,0.0,0.08,0.08,0.0,0.6,0.6,0.0,0.92,0.84,0.08,0.92,0.84,0.08,0.96,0.88,0.08,reasoning_B,B,HQ + B,repeat_02_fold_02,2,2
stem_flag,hq,0.96,0.88,0.08,0.9166666666666667,True,positive,3.0,25,6,True,True,True,0.0,0.0,0.0,0.04,0.04,0.0,0.48,0.48,0.0,0.8,0.8,0.0,0.92,0.88,0.04,0.96,0.88,0.08,reasoning_B,B,HQ + B,repeat_02_fold_02,2,2
industry_pivot_count,hq,0.92,0.36,0.56,0.6086956521739131,False,negative,3.0,25,6,True,True,True,0.0,0.0,0.0,0.0,0.0,0.0,0.32,0.04,0.28,0.44,0.04,0.4,0.8,0.28,0.52,0.92,0.36,0.56,reasoning_B,B,HQ + B,repeat_02_fold_02,2,2
total_inferred_experience,hq,0.92,0.2,0.72,0.7826086956521738,False,negative,3.0,25,6,True,True,True,0.0,0.0,0.0,0.0,0.0,0.0,0.64,0.0,0.64,0.76,0.0,0.76,0.72,0.0,0.72,0.92,0.2,0.72,reasoning_B,B,HQ + B,repeat_02_fold_02,2,2
years_in_large_company,hq,0.92,0.88,0.04,0.9565217391304347,True,positive,3.0,25,6,True,True,True,0.0,0.0,0.0,0.0,0.0,0.0,0.16,0.16,0.0,0.72,0.68,0.04,0.88,0.84,0.04,0.92,0.88,0.04,reasoning_B,B,HQ + B,repeat_02_fold_02,2,2
founding_timing,hq,0.88,0.28,0.6,0.6818181818181818,False,negative,3.0,25,6,True,True,False,0.0,0.0,0.0,0.0,0.0,0.0,0.16,0.0,0.16,0.4,0.0,0.4,0.68,0.12,0.56,0.88,0.28,0.6,reasoning_B,B,HQ + B,repeat_02_fold_02,2,2
sacrifice_x_serial,hq,0.88,0.48,0.4,0.5454545454545454,False,positive,3.0,25,6,True,True,False,0.0,0.0,0.0,0.0,0.0,0.0,0.12,0.08,0.04,0.44,0.24,0.2,0.8,0.44,0.36,0.88,0.48,0.4,reasoning_B,B,HQ + B,repeat_02_fold_02,2,2
is_serial_founder,hq,0.84,0.4,0.44,0.5238095238095238,False,negative,3.0,25,6,True,True,False,0.0,0.0,0.0,0.0,0.0,0.0,0.16,0.04,0.12,0.56,0.16,0.4,0.76,0.32,0.44,0.84,0.4,0.44,reasoning_B,B,HQ + B,repeat_02_fold_02,2,2
has_prior_ipo,hq,0.8,0.8,0.0,1.0,True,positive,1.0,25,6,True,True,False,0.0,0.0,0.0,0.28,0.28,0.0,0.6,0.6,0.0,0.76,0.76,0.0,0.8,0.8,0.0,0.8,0.8,0.0,reasoning_B,B,HQ + B,repeat_02_fold_02,2,2
has_prior_acquisition,hq,0.24,0.24,0.0,1.0,True,positive,0.1,25,6,False,False,False,0.0,0.0,0.0,0.2,0.2,0.0,0.24,0.24,0.0,0.2,0.2,0.0,0.2,0.2,0.0,0.24,0.2,0.04,reasoning_B,B,HQ + B,repeat_02_fold_02,2,2
B_evidence_support_rating,reasoning,1.0,0.96,0.04,0.96,True,positive,3.0,25,6,True,True,True,0.0,0.0,0.0,0.0,0.0,0.0,0.28,0.28,0.0,0.8,0.8,0.0,0.92,0.92,0.0,1.0,0.96,0.04,reasoning_B,B,HQ + B,repeat_02_fold_02,2,2
B_rubric_score,reasoning,1.0,0.04,0.96,0.96,True,negative,3.0,25,6,True,True,True,0.0,0.0,0.0,0.0,0.0,0.0,0.04,0.0,0.04,0.6,0.04,0.56,0.96,0.04,0.92,1.0,0.04,0.96,reasoning_B,B,HQ + B,repeat_02_fold_02,2,2
best_degree_prestige,hq,1.0,0.96,0.04,0.96,True,positive,3.0,25,6,True,True,True,0.0,0.0,0.0,0.52,0.52,0.0,0.8,0.8,0.0,0.96,0.96,0.0,0.96,0.96,0.0,1.0,0.96,0.04,reasoning_C,C,HQ + C,repeat_02_fold_02,2,2
company_size_is_growing,hq,1.0,0.68,0.32,0.68,False,positive,3.0,25,6,True,True,True,0.0,0.0,0.0,0.0,0.0,0.0,0.16,0.04,0.12,0.64,0.4,0.24,0.88,0.56,0.32,1.0,0.68,0.32,reasoning_C,C,HQ + C,repeat_02_fold_02,2,2
degree_level,hq,1.0,0.0,1.0,1.0,True,negative,1.0,25,6,True,True,True,0.0,0.0,0.0,0.0,0.0,0.0,0.12,0.0,0.12,0.92,0.0,0.92,1.0,0.0,1.0,1.0,0.0,1.0,reasoning_C,C,HQ + C,repeat_02_fold_02,2,2
edu_prestige_tier,hq,1.0,0.96,0.04,0.96,True,positive,3.0,25,6,True,True,True,0.0,0.0,0.0,0.52,0.52,0.0,0.8,0.8,0.0,0.96,0.96,0.0,0.96,0.96,0.0,1.0,0.96,0.04,reasoning_C,C,HQ + C,repeat_02_fold_02,2,2
exit_count,hq,1.0,1.0,0.0,1.0,True,positive,0.03,25,6,True,True,True,0.0,0.0,0.0,1.0,1.0,0.0,1.0,1.0,0.0,1.0,1.0,0.0,1.0,1.0,0.0,1.0,1.0,0.0,reasoning_C,C,HQ + C,repeat_02_fold_02,2,2
exit_x_serial,hq,1.0,0.56,0.44,0.56,False,positive,3.0,25,6,True,True,True,0.0,0.0,0.0,0.16,0.16,0.0,0.4,0.4,0.0,0.72,0.56,0.16,0.92,0.56,0.36,1.0,0.56,0.44,reasoning_C,C,HQ + C,repeat_02_fold_02,2,2
industry_alignment,hq,1.0,1.0,0.0,1.0,True,positive,1.0,25,6,True,True,True,0.0,0.0,0.0,0.0,0.0,0.0,0.8,0.8,0.0,0.96,0.96,0.0,1.0,1.0,0.0,1.0,1.0,0.0,reasoning_C,C,HQ + C,repeat_02_fold_02,2,2
longest_founding_tenure,hq,1.0,0.0,1.0,1.0,True,negative,0.3,25,6,True,True,True,0.0,0.0,0.0,0.0,0.0,0.0,0.88,0.0,0.88,1.0,0.0,1.0,1.0,0.0,1.0,0.92,0.0,0.92,reasoning_C,C,HQ + C,repeat_02_fold_02,2,2
repeat_founding_gap,hq,1.0,0.8,0.2,0.8,False,positive,3.0,25,6,True,True,True,0.0,0.0,0.0,0.04,0.04,0.0,0.6,0.56,0.04,0.8,0.76,0.04,0.96,0.8,0.16,1.0,0.8,0.2,reasoning_C,C,HQ + C,repeat_02_fold_02,2,2
seniority_is_monotone,hq,1.0,0.48,0.52,0.52,False,negative,3.0,25,6,True,True,True,0.0,0.0,0.0,0.0,0.0,0.0,0.12,0.08,0.04,0.76,0.32,0.44,0.92,0.44,0.48,1.0,0.48,0.52,reasoning_C,C,HQ + C,repeat_02_fold_02,2,2
years_in_large_company,hq,1.0,0.88,0.12,0.88,False,positive,3.0,25,6,True,True,True,0.0,0.0,0.0,0.0,0.0,0.0,0.28,0.28,0.0,0.76,0.76,0.0,0.92,0.88,0.04,1.0,0.88,0.12,reasoning_C,C,HQ + C,repeat_02_fold_02,2,2
founding_role_count,hq,0.96,0.32,0.64,0.6666666666666667,False,negative,3.0,25,6,True,True,True,0.0,0.0,0.0,0.0,0.0,0.0,0.24,0.0,0.24,0.48,0.04,0.44,0.88,0.28,0.6,0.96,0.32,0.64,reasoning_C,C,HQ + C,repeat_02_fold_02,2,2
industry_prestige_penalty,hq,0.96,0.68,0.28,0.7083333333333334,False,positive,3.0,25,6,True,True,True,0.0,0.0,0.0,0.2,0.2,0.0,0.56,0.56,0.0,0.84,0.68,0.16,0.92,0.68,0.24,0.96,0.68,0.28,reasoning_C,C,HQ + C,repeat_02_fold_02,2,2
is_serial_founder,hq,0.96,0.48,0.48,0.5,False,positive,3.0,25,6,True,True,True,0.0,0.0,0.0,0.0,0.0,0.0,0.08,0.0,0.08,0.48,0.2,0.28,0.84,0.4,0.44,0.96,0.48,0.48,reasoning_C,C,HQ + C,repeat_02_fold_02,2,2
max_company_size_before_founding,hq,0.96,0.48,0.48,0.5,False,positive,3.0,25,6,True,True,True,0.0,0.0,0.0,0.0,0.0,0.0,0.2,0.16,0.04,0.36,0.28,0.08,0.88,0.48,0.4,0.96,0.48,0.48,reasoning_C,C,HQ + C,repeat_02_fold_02,2,2
persistence_score,hq,0.96,0.84,0.12,0.875,False,positive,3.0,25,6,True,True,True,0.0,0.0,0.0,0.0,0.0,0.0,0.28,0.28,0.0,0.8,0.8,0.0,0.92,0.8,0.12,0.96,0.84,0.12,reasoning_C,C,HQ + C,repeat_02_fold_02,2,2
restlessness_score,hq,0.96,0.36,0.6,0.625,False,negative,3.0,25,6,True,True,True,0.0,0.0,0.0,0.0,0.0,0.0,0.16,0.0,0.16,0.52,0.12,0.4,0.8,0.28,0.52,0.96,0.36,0.6,reasoning_C,C,HQ + C,repeat_02_fold_02,2,2
industry_pivot_count,hq,0.92,0.24,0.68,0.7391304347826088,False,negative,3.0,25,6,True,True,True,0.0,0.0,0.0,0.0,0.0,0.0,0.16,0.0,0.16,0.52,0.0,0.52,0.88,0.2,0.68,0.92,0.24,0.68,reasoning_C,C,HQ + C,repeat_02_fold_02,2,2
max_seniority_reached,hq,0.92,0.76,0.16,0.8260869565217391,False,positive,3.0,25,6,True,True,True,0.0,0.0,0.0,0.0,0.0,0.0,0.32,0.32,0.0,0.72,0.72,0.0,0.8,0.76,0.04,0.92,0.76,0.16,reasoning_C,C,HQ + C,repeat_02_fold_02,2,2
sacrifice_x_serial,hq,0.92,0.48,0.44,0.5217391304347826,False,positive,3.0,25,6,True,True,True,0.0,0.0,0.0,0.0,0.0,0.0,0.04,0.04,0.0,0.28,0.28,0.0,0.76,0.44,0.32,0.92,0.48,0.44,reasoning_C,C,HQ + C,repeat_02_fold_02,2,2
stem_flag,hq,0.92,0.84,0.08,0.9130434782608695,True,positive,3.0,25,6,True,True,True,0.0,0.0,0.0,0.0,0.0,0.0,0.48,0.48,0.0,0.76,0.76,0.0,0.88,0.84,0.04,0.92,0.84,0.08,reasoning_C,C,HQ + C,repeat_02_fold_02,2,2
total_inferred_experience,hq,0.92,0.24,0.68,0.7391304347826088,False,negative,3.0,25,6,True,True,True,0.0,0.0,0.0,0.0,0.0,0.0,0.68,0.0,0.68,0.72,0.0,0.72,0.84,0.12,0.72,0.92,0.24,0.68,reasoning_C,C,HQ + C,repeat_02_fold_02,2,2
field_relevance_score,hq,0.88,0.52,0.36,0.5909090909090909,False,positive,3.0,25,6,True,True,False,0.0,0.0,0.0,0.0,0.0,0.0,0.12,0.12,0.0,0.44,0.28,0.16,0.72,0.4,0.32,0.88,0.52,0.36,reasoning_C,C,HQ + C,repeat_02_fold_02,2,2
prestige_sacrifice_score,hq,0.88,0.8,0.08,0.9090909090909092,True,positive,3.0,25,6,True,True,False,0.0,0.0,0.0,0.0,0.0,0.0,0.48,0.48,0.0,0.76,0.76,0.0,0.72,0.72,0.0,0.88,0.8,0.08,reasoning_C,C,HQ + C,repeat_02_fold_02,2,2
comfort_index,hq,0.84,0.28,0.56,0.6666666666666667,False,negative,3.0,25,6,True,True,False,0.0,0.0,0.0,0.0,0.0,0.0,0.2,0.08,0.12,0.6,0.12,0.48,0.72,0.2,0.52,0.84,0.28,0.56,reasoning_C,C,HQ + C,repeat_02_fold_02,2,2
founding_timing,hq,0.84,0.36,0.48,0.5714285714285714,False,negative,3.0,25,6,True,True,False,0.0,0.0,0.0,0.0,0.0,0.0,0.12,0.0,0.12,0.4,0.0,0.4,0.72,0.32,0.4,0.84,0.36,0.48,reasoning_C,C,HQ + C,repeat_02_fold_02,2,2
prestige_x_relevance,hq,0.84,0.48,0.36,0.5714285714285714,False,positive,3.0,25,6,True,True,False,0.0,0.0,0.0,0.76,0.76,0.0,0.64,0.64,0.0,0.6,0.6,0.0,0.8,0.56,0.24,0.84,0.48,0.36,reasoning_C,C,HQ + C,repeat_02_fold_02,2,2
has_prior_ipo,hq,0.76,0.76,0.0,1.0,True,positive,1.0,25,6,True,False,False,0.0,0.0,0.0,0.36,0.36,0.0,0.6,0.6,0.0,0.72,0.72,0.0,0.76,0.76,0.0,0.76,0.76,0.0,reasoning_C,C,HQ + C,repeat_02_fold_02,2,2
has_prior_acquisition,hq,0.32,0.32,0.0,1.0,True,positive,0.1,25,6,False,False,False,0.0,0.0,0.0,0.04,0.04,0.0,0.32,0.32,0.0,0.24,0.24,0.0,0.24,0.24,0.0,0.24,0.24,0.0,reasoning_C,C,HQ + C,repeat_02_fold_02,2,2
C_latent_risk,reasoning,1.0,1.0,0.0,1.0,True,positive,1.0,25,6,True,True,True,0.0,0.0,0.0,0.0,0.0,0.0,0.32,0.32,0.0,0.96,0.96,0.0,1.0,1.0,0.0,1.0,1.0,0.0,reasoning_C,C,HQ + C,repeat_02_fold_02,2,2
C_latent_strength,reasoning,1.0,0.96,0.04,0.96,True,positive,3.0,25,6,True,True,True,0.0,0.0,0.0,0.0,0.0,0.0,0.32,0.32,0.0,0.76,0.76,0.0,0.92,0.92,0.0,1.0,0.96,0.04,reasoning_C,C,HQ + C,repeat_02_fold_02,2,2
C_evidence_support_rating,reasoning,0.96,0.96,0.0,1.0,True,positive,3.0,25,6,True,True,True,0.0,0.0,0.0,0.0,0.0,0.0,0.2,0.2,0.0,0.84,0.84,0.0,0.88,0.88,0.0,0.96,0.96,0.0,reasoning_C,C,HQ + C,repeat_02_fold_02,2,2
best_degree_prestige,hq,1.0,1.0,0.0,1.0,True,positive,1.0,25,6,True,True,True,0.0,0.0,0.0,0.72,0.72,0.0,0.88,0.88,0.0,0.96,0.96,0.0,1.0,1.0,0.0,1.0,1.0,0.0,reasoning_D,D,HQ + D,repeat_02_fold_02,2,2
comfort_index,hq,1.0,0.24,0.76,0.76,False,negative,1.0,25,6,True,True,True,0.0,0.0,0.0,0.0,0.0,0.0,0.08,0.0,0.08,0.64,0.12,0.52,1.0,0.24,0.76,1.0,0.24,0.76,reasoning_D,D,HQ + D,repeat_02_fold_02,2,2
degree_level,hq,1.0,0.04,0.96,0.96,True,negative,3.0,25,6,True,True,True,0.0,0.0,0.0,0.0,0.0,0.0,0.2,0.04,0.16,0.92,0.04,0.88,0.96,0.04,0.92,1.0,0.04,0.96,reasoning_D,D,HQ + D,repeat_02_fold_02,2,2
edu_prestige_tier,hq,1.0,1.0,0.0,1.0,True,positive,1.0,25,6,True,True,True,0.0,0.0,0.0,0.72,0.72,0.0,0.88,0.88,0.0,0.96,0.96,0.0,1.0,1.0,0.0,1.0,1.0,0.0,reasoning_D,D,HQ + D,repeat_02_fold_02,2,2
founding_role_count,hq,1.0,0.32,0.68,0.68,False,negative,3.0,25,6,True,True,True,0.0,0.0,0.0,0.0,0.0,0.0,0.12,0.0,0.12,0.6,0.12,0.48,0.8,0.24,0.56,1.0,0.32,0.68,reasoning_D,D,HQ + D,repeat_02_fold_02,2,2
industry_prestige_penalty,hq,1.0,0.88,0.12,0.88,False,positive,3.0,25,6,True,True,True,0.0,0.0,0.0,0.12,0.12,0.0,0.76,0.76,0.0,0.92,0.88,0.04,0.96,0.88,0.08,1.0,0.88,0.12,reasoning_D,D,HQ + D,repeat_02_fold_02,2,2
longest_founding_tenure,hq,1.0,0.0,1.0,1.0,True,negative,0.3,25,6,True,True,True,0.0,0.0,0.0,0.0,0.0,0.0,0.88,0.0,0.88,1.0,0.0,1.0,1.0,0.0,1.0,1.0,0.0,1.0,reasoning_D,D,HQ + D,repeat_02_fold_02,2,2
max_seniority_reached,hq,1.0,0.84,0.16,0.84,False,positive,3.0,25,6,True,True,True,0.0,0.0,0.0,0.0,0.0,0.0,0.4,0.4,0.0,0.68,0.64,0.04,0.92,0.84,0.08,1.0,0.84,0.16,reasoning_D,D,HQ + D,repeat_02_fold_02,2,2
prestige_x_relevance,hq,1.0,0.28,0.72,0.72,False,negative,3.0,25,6,True,True,True,0.0,0.0,0.0,0.72,0.72,0.0,0.56,0.56,0.0,0.28,0.28,0.0,0.8,0.24,0.56,1.0,0.28,0.72,reasoning_D,D,HQ + D,repeat_02_fold_02,2,2
years_in_large_company,hq,1.0,1.0,0.0,1.0,True,positive,3.0,25,6,True,True,True,0.0,0.0,0.0,0.0,0.0,0.0,0.52,0.52,0.0,0.92,0.92,0.0,0.96,0.96,0.0,1.0,1.0,0.0,reasoning_D,D,HQ + D,repeat_02_fold_02,2,2
company_size_is_growing,hq,0.96,0.76,0.2,0.7916666666666667,False,positive,3.0,25,6,True,True,True,0.0,0.0,0.0,0.0,0.0,0.0,0.04,0.0,0.04,0.56,0.4,0.16,0.92,0.72,0.2,0.96,0.76,0.2,reasoning_D,D,HQ + D,repeat_02_fold_02,2,2
exit_count,hq,0.96,0.96,0.0,1.0,True,positive,0.1,25,6,True,True,True,0.0,0.0,0.0,0.88,0.88,0.0,0.96,0.96,0.0,0.96,0.96,0.0,0.96,0.96,0.0,0.96,0.96,0.0,reasoning_D,D,HQ + D,repeat_02_fold_02,2,2
exit_x_serial,hq,0.96,0.4,0.56,0.5833333333333334,False,negative,3.0,25,6,True,True,True,0.0,0.0,0.0,0.24,0.24,0.0,0.28,0.28,0.0,0.76,0.32,0.44,0.88,0.36,0.52,0.96,0.4,0.56,reasoning_D,D,HQ + D,repeat_02_fold_02,2,2
field_relevance_score,hq,0.96,0.52,0.44,0.5416666666666667,False,positive,3.0,25,6,True,True,True,0.0,0.0,0.0,0.0,0.0,0.0,0.16,0.16,0.0,0.24,0.24,0.0,0.8,0.48,0.32,0.96,0.52,0.44,reasoning_D,D,HQ + D,repeat_02_fold_02,2,2
industry_alignment,hq,0.96,0.96,0.0,1.0,True,positive,1.0,25,6,True,True,True,0.0,0.0,0.0,0.08,0.08,0.0,0.92,0.92,0.0,0.92,0.92,0.0,0.96,0.96,0.0,0.96,0.96,0.0,reasoning_D,D,HQ + D,repeat_02_fold_02,2,2
industry_pivot_count,hq,0.96,0.44,0.52,0.5416666666666667,False,negative,3.0,25,6,True,True,True,0.0,0.0,0.0,0.0,0.0,0.0,0.12,0.0,0.12,0.52,0.12,0.4,0.8,0.32,0.48,0.96,0.44,0.52,reasoning_D,D,HQ + D,repeat_02_fold_02,2,2
is_serial_founder,hq,0.96,0.28,0.68,0.7083333333333334,False,negative,3.0,25,6,True,True,True,0.0,0.0,0.0,0.0,0.0,0.0,0.08,0.0,0.08,0.44,0.08,0.36,0.88,0.24,0.64,0.96,0.28,0.68,reasoning_D,D,HQ + D,repeat_02_fold_02,2,2
repeat_founding_gap,hq,0.96,0.84,0.12,0.875,False,positive,1.0,25,6,True,True,True,0.0,0.0,0.0,0.0,0.0,0.0,0.4,0.36,0.04,0.88,0.8,0.08,0.96,0.84,0.12,0.96,0.84,0.12,reasoning_D,D,HQ + D,repeat_02_fold_02,2,2
restlessness_score,hq,0.96,0.56,0.4,0.5833333333333334,False,positive,3.0,25,6,True,True,True,0.0,0.0,0.0,0.0,0.0,0.0,0.12,0.04,0.08,0.64,0.32,0.32,0.84,0.44,0.4,0.96,0.56,0.4,reasoning_D,D,HQ + D,repeat_02_fold_02,2,2
stem_flag,hq,0.96,0.88,0.08,0.9166666666666667,True,positive,3.0,25,6,True,True,True,0.0,0.0,0.0,0.04,0.04,0.0,0.56,0.56,0.0,0.76,0.76,0.0,0.84,0.8,0.04,0.96,0.88,0.08,reasoning_D,D,HQ + D,repeat_02_fold_02,2,2
total_inferred_experience,hq,0.96,0.28,0.68,0.7083333333333334,False,negative,3.0,25,6,True,True,True,0.0,0.0,0.0,0.0,0.0,0.0,0.72,0.0,0.72,0.64,0.0,0.64,0.72,0.08,0.64,0.96,0.28,0.68,reasoning_D,D,HQ + D,repeat_02_fold_02,2,2
max_company_size_before_founding,hq,0.92,0.4,0.52,0.5652173913043478,False,negative,3.0,25,6,True,True,True,0.0,0.0,0.0,0.0,0.0,0.0,0.12,0.12,0.0,0.36,0.32,0.04,0.68,0.36,0.32,0.92,0.4,0.52,reasoning_D,D,HQ + D,repeat_02_fold_02,2,2
persistence_score,hq,0.88,0.72,0.16,0.8181818181818181,False,positive,3.0,25,6,True,True,False,0.0,0.0,0.0,0.0,0.0,0.0,0.24,0.24,0.0,0.6,0.6,0.0,0.8,0.72,0.08,0.88,0.72,0.16,reasoning_D,D,HQ + D,repeat_02_fold_02,2,2
prestige_sacrifice_score,hq,0.88,0.72,0.16,0.8181818181818181,False,positive,3.0,25,6,True,True,False,0.0,0.0,0.0,0.0,0.0,0.0,0.56,0.56,0.0,0.72,0.72,0.0,0.84,0.72,0.12,0.88,0.72,0.16,reasoning_D,D,HQ + D,repeat_02_fold_02,2,2
seniority_is_monotone,hq,0.88,0.4,0.48,0.5454545454545454,False,negative,3.0,25,6,True,True,False,0.0,0.0,0.0,0.0,0.0,0.0,0.24,0.12,0.12,0.68,0.32,0.36,0.8,0.4,0.4,0.88,0.4,0.48,reasoning_D,D,HQ + D,repeat_02_fold_02,2,2
has_prior_ipo,hq,0.84,0.84,0.0,1.0,True,positive,1.0,25,6,True,True,False,0.0,0.0,0.0,0.16,0.16,0.0,0.68,0.68,0.0,0.8,0.8,0.0,0.84,0.84,0.0,0.84,0.84,0.0,reasoning_D,D,HQ + D,repeat_02_fold_02,2,2
sacrifice_x_serial,hq,0.84,0.52,0.32,0.6190476190476191,False,positive,3.0,25,6,True,True,False,0.0,0.0,0.0,0.0,0.0,0.0,0.08,0.08,0.0,0.36,0.32,0.04,0.72,0.44,0.28,0.84,0.52,0.32,reasoning_D,D,HQ + D,repeat_02_fold_02,2,2
founding_timing,hq,0.8,0.2,0.6,0.7499999999999999,False,negative,3.0,25,6,True,True,False,0.0,0.0,0.0,0.0,0.0,0.0,0.12,0.0,0.12,0.44,0.0,0.44,0.68,0.12,0.56,0.8,0.2,0.6,reasoning_D,D,HQ + D,repeat_02_fold_02,2,2
has_prior_acquisition,hq,0.2,0.16,0.04,0.7999999999999999,False,positive,1.0,25,6,False,False,False,0.0,0.0,0.0,0.12,0.12,0.0,0.12,0.12,0.0,0.16,0.16,0.0,0.2,0.16,0.04,0.2,0.16,0.04,reasoning_D,D,HQ + D,repeat_02_fold_02,2,2
D_evidence_support_rating,reasoning,1.0,0.0,1.0,1.0,True,negative,1.0,25,6,True,True,True,0.0,0.0,0.0,0.0,0.0,0.0,0.0,0.0,0.0,0.64,0.0,0.64,1.0,0.0,1.0,1.0,0.0,1.0,reasoning_D,D,HQ + D,repeat_02_fold_02,2,2
D_overall_founder_quality,reasoning,1.0,1.0,0.0,1.0,True,positive,0.1,25,6,True,True,True,0.0,0.0,0.0,0.2,0.2,0.0,1.0,1.0,0.0,1.0,1.0,0.0,1.0,1.0,0.0,1.0,1.0,0.0,reasoning_D,D,HQ + D,repeat_02_fold_02,2,2
comfort_index,hq,1.0,0.16,0.84,0.84,False,negative,1.0,25,6,True,True,True,0.0,0.0,0.0,0.0,0.0,0.0,0.04,0.04,0.0,0.68,0.12,0.56,1.0,0.16,0.84,1.0,0.16,0.84,reasoning_E,E,HQ + E,repeat_02_fold_02,2,2
company_size_is_growing,hq,1.0,0.52,0.48,0.52,False,positive,3.0,25,6,True,True,True,0.0,0.0,0.0,0.0,0.0,0.0,0.16,0.0,0.16,0.64,0.36,0.28,0.88,0.48,0.4,1.0,0.52,0.48,reasoning_E,E,HQ + E,repeat_02_fold_02,2,2
degree_level,hq,1.0,0.04,0.96,0.96,True,negative,1.0,25,6,True,True,True,0.0,0.0,0.0,0.0,0.0,0.0,0.48,0.04,0.44,0.96,0.04,0.92,1.0,0.04,0.96,1.0,0.04,0.96,reasoning_E,E,HQ + E,repeat_02_fold_02,2,2
industry_alignment,hq,1.0,1.0,0.0,1.0,True,positive,0.3,25,6,True,True,True,0.0,0.0,0.0,0.12,0.12,0.0,0.88,0.88,0.0,1.0,1.0,0.0,1.0,1.0,0.0,1.0,1.0,0.0,reasoning_E,E,HQ + E,repeat_02_fold_02,2,2
industry_prestige_penalty,hq,1.0,0.76,0.24,0.76,False,positive,3.0,25,6,True,True,True,0.0,0.0,0.0,0.08,0.08,0.0,0.68,0.68,0.0,0.76,0.72,0.04,0.96,0.76,0.2,1.0,0.76,0.24,reasoning_E,E,HQ + E,repeat_02_fold_02,2,2
longest_founding_tenure,hq,1.0,0.08,0.92,0.92,True,negative,1.0,25,6,True,True,True,0.0,0.0,0.0,0.0,0.0,0.0,0.68,0.0,0.68,0.92,0.0,0.92,1.0,0.08,0.92,1.0,0.08,0.92,reasoning_E,E,HQ + E,repeat_02_fold_02,2,2
max_company_size_before_founding,hq,1.0,0.52,0.48,0.52,False,positive,3.0,25,6,True,True,True,0.0,0.0,0.0,0.0,0.0,0.0,0.16,0.16,0.0,0.36,0.28,0.08,0.96,0.52,0.44,1.0,0.52,0.48,reasoning_E,E,HQ + E,repeat_02_fold_02,2,2
prestige_x_relevance,hq,1.0,0.44,0.56,0.56,False,negative,3.0,25,6,True,True,True,0.0,0.0,0.0,0.84,0.84,0.0,0.76,0.76,0.0,0.4,0.4,0.0,0.76,0.44,0.32,1.0,0.44,0.56,reasoning_E,E,HQ + E,repeat_02_fold_02,2,2
repeat_founding_gap,hq,1.0,0.84,0.16,0.84,False,positive,1.0,25,6,True,True,True,0.0,0.0,0.0,0.0,0.0,0.0,0.68,0.68,0.0,0.92,0.8,0.12,1.0,0.84,0.16,1.0,0.84,0.16,reasoning_E,E,HQ + E,repeat_02_fold_02,2,2
restlessness_score,hq,1.0,0.56,0.44,0.56,False,positive,3.0,25,6,True,True,True,0.0,0.0,0.0,0.0,0.0,0.0,0.32,0.24,0.08,0.68,0.4,0.28,0.92,0.48,0.44,1.0,0.56,0.44,reasoning_E,E,HQ + E,repeat_02_fold_02,2,2
seniority_is_monotone,hq,1.0,0.64,0.36,0.64,False,positive,3.0,25,6,True,True,True,0.0,0.0,0.0,0.0,0.0,0.0,0.2,0.12,0.08,0.68,0.36,0.32,0.96,0.6,0.36,1.0,0.64,0.36,reasoning_E,E,HQ + E,repeat_02_fold_02,2,2
stem_flag,hq,1.0,0.92,0.08,0.92,True,positive,3.0,25,6,True,True,True,0.0,0.0,0.0,0.0,0.0,0.0,0.56,0.56,0.0,0.8,0.8,0.0,0.92,0.88,0.04,1.0,0.92,0.08,reasoning_E,E,HQ + E,repeat_02_fold_02,2,2
total_inferred_experience,hq,1.0,0.08,0.92,0.92,True,negative,3.0,25,6,True,True,True,0.0,0.0,0.0,0.04,0.0,0.04,0.84,0.0,0.84,0.96,0.0,0.96,0.92,0.0,0.92,1.0,0.08,0.92,reasoning_E,E,HQ + E,repeat_02_fold_02,2,2
years_in_large_company,hq,1.0,0.96,0.04,0.96,True,positive,3.0,25,6,True,True,True,0.0,0.0,0.0,0.04,0.04,0.0,0.24,0.24,0.0,0.76,0.76,0.0,0.96,0.92,0.04,1.0,0.96,0.04,reasoning_E,E,HQ + E,repeat_02_fold_02,2,2
best_degree_prestige,hq,0.96,0.92,0.04,0.9583333333333334,True,positive,3.0,25,6,True,True,True,0.0,0.0,0.0,0.64,0.64,0.0,0.84,0.84,0.0,0.84,0.84,0.0,0.88,0.88,0.0,0.96,0.92,0.04,reasoning_E,E,HQ + E,repeat_02_fold_02,2,2
edu_prestige_tier,hq,0.96,0.92,0.04,0.9583333333333334,True,positive,3.0,25,6,True,True,True,0.0,0.0,0.0,0.64,0.64,0.0,0.84,0.84,0.0,0.84,0.84,0.0,0.88,0.88,0.0,0.96,0.92,0.04,reasoning_E,E,HQ + E,repeat_02_fold_02,2,2
exit_x_serial,hq,0.96,0.64,0.32,0.6666666666666667,False,positive,1.0,25,6,True,True,True,0.0,0.0,0.0,0.16,0.16,0.0,0.4,0.4,0.0,0.68,0.64,0.04,0.96,0.64,0.32,0.92,0.6,0.32,reasoning_E,E,HQ + E,repeat_02_fold_02,2,2
founding_role_count,hq,0.96,0.44,0.52,0.5416666666666667,False,negative,3.0,25,6,True,True,True,0.0,0.0,0.0,0.0,0.0,0.0,0.08,0.0,0.08,0.52,0.16,0.36,0.76,0.28,0.48,0.96,0.44,0.52,reasoning_E,E,HQ + E,repeat_02_fold_02,2,2
has_prior_ipo,hq,0.96,0.92,0.04,0.9583333333333334,True,positive,1.0,25,6,True,True,True,0.0,0.0,0.0,0.28,0.28,0.0,0.72,0.68,0.04,0.84,0.8,0.04,0.96,0.92,0.04,0.96,0.92,0.04,reasoning_E,E,HQ + E,repeat_02_fold_02,2,2
industry_pivot_count,hq,0.96,0.24,0.72,0.75,False,negative,1.0,25,6,True,True,True,0.0,0.0,0.0,0.0,0.0,0.0,0.0,0.0,0.0,0.52,0.08,0.44,0.96,0.24,0.72,0.96,0.24,0.72,reasoning_E,E,HQ + E,repeat_02_fold_02,2,2
persistence_score,hq,0.96,0.8,0.16,0.8333333333333334,False,positive,3.0,25,6,True,True,True,0.0,0.0,0.0,0.0,0.0,0.0,0.12,0.08,0.04,0.72,0.64,0.08,0.92,0.8,0.12,0.96,0.8,0.16,reasoning_E,E,HQ + E,repeat_02_fold_02,2,2
exit_count,hq,0.92,0.92,0.0,1.0,True,positive,0.1,25,6,True,True,True,0.0,0.0,0.0,0.88,0.88,0.0,0.92,0.92,0.0,0.92,0.92,0.0,0.88,0.88,0.0,0.88,0.88,0.0,reasoning_E,E,HQ + E,repeat_02_fold_02,2,2
field_relevance_score,hq,0.92,0.6,0.32,0.6521739130434782,False,positive,3.0,25,6,True,True,True,0.0,0.0,0.0,0.0,0.0,0.0,0.16,0.16,0.0,0.4,0.28,0.12,0.72,0.48,0.24,0.92,0.6,0.32,reasoning_E,E,HQ + E,repeat_02_fold_02,2,2
max_seniority_reached,hq,0.92,0.84,0.08,0.9130434782608695,True,positive,3.0,25,6,True,True,True,0.0,0.0,0.0,0.0,0.0,0.0,0.24,0.24,0.0,0.84,0.84,0.0,0.84,0.84,0.0,0.92,0.84,0.08,reasoning_E,E,HQ + E,repeat_02_fold_02,2,2
prestige_sacrifice_score,hq,0.92,0.84,0.08,0.9130434782608695,True,positive,3.0,25,6,True,True,True,0.0,0.0,0.0,0.04,0.04,0.0,0.56,0.56,0.0,0.84,0.84,0.0,0.84,0.84,0.0,0.92,0.84,0.08,reasoning_E,E,HQ + E,repeat_02_fold_02,2,2
sacrifice_x_serial,hq,0.88,0.4,0.48,0.5454545454545454,False,negative,3.0,25,6,True,True,False,0.0,0.0,0.0,0.0,0.0,0.0,0.08,0.04,0.04,0.24,0.12,0.12,0.64,0.28,0.36,0.88,0.4,0.48,reasoning_E,E,HQ + E,repeat_02_fold_02,2,2
is_serial_founder,hq,0.84,0.28,0.56,0.6666666666666667,False,negative,3.0,25,6,True,True,False,0.0,0.0,0.0,0.0,0.0,0.0,0.12,0.0,0.12,0.24,0.04,0.2,0.68,0.2,0.48,0.84,0.28,0.56,reasoning_E,E,HQ + E,repeat_02_fold_02,2,2
founding_timing,hq,0.76,0.28,0.48,0.631578947368421,False,negative,3.0,25,6,True,False,False,0.0,0.0,0.0,0.0,0.0,0.0,0.08,0.0,0.08,0.32,0.04,0.28,0.6,0.2,0.4,0.76,0.28,0.48,reasoning_E,E,HQ + E,repeat_02_fold_02,2,2
has_prior_acquisition,hq,0.2,0.12,0.08,0.6,False,positive,3.0,25,6,False,False,False,0.0,0.0,0.0,0.0,0.0,0.0,0.12,0.12,0.0,0.08,0.08,0.0,0.12,0.08,0.04,0.2,0.12,0.08,reasoning_E,E,HQ + E,repeat_02_fold_02,2,2
E_hidden_risk,reasoning,1.0,0.84,0.16,0.84,False,positive,1.0,25,6,True,True,True,0.0,0.0,0.0,0.0,0.0,0.0,0.04,0.04,0.0,0.56,0.48,0.08,1.0,0.84,0.16,1.0,0.84,0.16,reasoning_E,E,HQ + E,repeat_02_fold_02,2,2
E_evidence_support_rating,reasoning,0.96,0.6,0.36,0.625,False,positive,3.0,25,6,True,True,True,0.0,0.0,0.0,0.0,0.0,0.0,0.32,0.28,0.04,0.48,0.4,0.08,0.76,0.52,0.24,0.96,0.6,0.36,reasoning_E,E,HQ + E,repeat_02_fold_02,2,2
E_hidden_upside,reasoning,0.92,0.72,0.2,0.7826086956521738,False,positive,3.0,25,6,True,True,True,0.0,0.0,0.0,0.0,0.0,0.0,0.16,0.16,0.0,0.36,0.36,0.0,0.76,0.6,0.16,0.92,0.72,0.2,reasoning_E,E,HQ + E,repeat_02_fold_02,2,2
best_degree_prestige,hq,1.0,1.0,0.0,1.0,True,positive,1.0,25,6,True,True,True,0.0,0.0,0.0,0.88,0.88,0.0,0.96,0.96,0.0,0.96,0.96,0.0,1.0,1.0,0.0,1.0,1.0,0.0,reasoning_F,F,HQ + F,repeat_02_fold_02,2,2
company_size_is_growing,hq,1.0,0.68,0.32,0.68,False,positive,3.0,25,6,True,True,True,0.0,0.0,0.0,0.0,0.0,0.0,0.04,0.0,0.04,0.76,0.6,0.16,0.96,0.68,0.28,1.0,0.68,0.32,reasoning_F,F,HQ + F,repeat_02_fold_02,2,2
degree_level,hq,1.0,0.04,0.96,0.96,True,negative,1.0,25,6,True,True,True,0.0,0.0,0.0,0.0,0.0,0.0,0.16,0.0,0.16,0.72,0.0,0.72,1.0,0.04,0.96,1.0,0.04,0.96,reasoning_F,F,HQ + F,repeat_02_fold_02,2,2
edu_prestige_tier,hq,1.0,1.0,0.0,1.0,True,positive,1.0,25,6,True,True,True,0.0,0.0,0.0,0.88,0.88,0.0,0.96,0.96,0.0,0.96,0.96,0.0,1.0,1.0,0.0,1.0,1.0,0.0,reasoning_F,F,HQ + F,repeat_02_fold_02,2,2
industry_alignment,hq,1.0,1.0,0.0,1.0,True,positive,0.3,25,6,True,True,True,0.0,0.0,0.0,0.04,0.04,0.0,0.84,0.84,0.0,1.0,1.0,0.0,1.0,1.0,0.0,1.0,1.0,0.0,reasoning_F,F,HQ + F,repeat_02_fold_02,2,2
longest_founding_tenure,hq,1.0,0.0,1.0,1.0,True,negative,0.3,25,6,True,True,True,0.0,0.0,0.0,0.0,0.0,0.0,0.8,0.0,0.8,1.0,0.0,1.0,1.0,0.0,1.0,1.0,0.0,1.0,reasoning_F,F,HQ + F,repeat_02_fold_02,2,2
max_seniority_reached,hq,1.0,0.64,0.36,0.64,False,positive,3.0,25,6,True,True,True,0.0,0.0,0.0,0.0,0.0,0.0,0.12,0.12,0.0,0.64,0.6,0.04,0.88,0.64,0.24,1.0,0.64,0.36,reasoning_F,F,HQ + F,repeat_02_fold_02,2,2
prestige_sacrifice_score,hq,1.0,0.92,0.08,0.92,True,positive,3.0,25,6,True,True,True,0.0,0.0,0.0,0.0,0.0,0.0,0.56,0.56,0.0,0.88,0.88,0.0,0.96,0.88,0.08,1.0,0.92,0.08,reasoning_F,F,HQ + F,repeat_02_fold_02,2,2
repeat_founding_gap,hq,1.0,0.68,0.32,0.68,False,positive,3.0,25,6,True,True,True,0.0,0.0,0.0,0.0,0.0,0.0,0.48,0.44,0.04,0.8,0.64,0.16,0.92,0.68,0.24,1.0,0.68,0.32,reasoning_F,F,HQ + F,repeat_02_fold_02,2,2
restlessness_score,hq,1.0,0.64,0.36,0.64,False,positive,1.0,25,6,True,True,True,0.0,0.0,0.0,0.0,0.0,0.0,0.2,0.16,0.04,0.72,0.4,0.32,1.0,0.64,0.36,1.0,0.64,0.36,reasoning_F,F,HQ + F,repeat_02_fold_02,2,2
years_in_large_company,hq,1.0,0.92,0.08,0.92,True,positive,1.0,25,6,True,True,True,0.0,0.0,0.0,0.0,0.0,0.0,0.52,0.52,0.0,0.8,0.76,0.04,1.0,0.92,0.08,1.0,0.92,0.08,reasoning_F,F,HQ + F,repeat_02_fold_02,2,2
exit_count,hq,0.96,0.96,0.0,1.0,True,positive,1.0,25,6,True,True,True,0.0,0.0,0.0,0.84,0.84,0.0,0.92,0.92,0.0,0.92,0.92,0.0,0.96,0.96,0.0,0.96,0.96,0.0,reasoning_F,F,HQ + F,repeat_02_fold_02,2,2
exit_x_serial,hq,0.96,0.56,0.4,0.5833333333333334,False,positive,3.0,25,6,True,True,True,0.0,0.0,0.0,0.32,0.32,0.0,0.36,0.36,0.0,0.56,0.48,0.08,0.84,0.56,0.28,0.96,0.56,0.4,reasoning_F,F,HQ + F,repeat_02_fold_02,2,2
founding_role_count,hq,0.96,0.6,0.36,0.625,False,positive,3.0,25,6,True,True,True,0.0,0.0,0.0,0.0,0.0,0.0,0.04,0.0,0.04,0.24,0.12,0.12,0.84,0.52,0.32,0.96,0.6,0.36,reasoning_F,F,HQ + F,repeat_02_fold_02,2,2
industry_prestige_penalty,hq,0.96,0.96,0.0,1.0,True,positive,1.0,25,6,True,True,True,0.0,0.0,0.0,0.2,0.2,0.0,0.76,0.76,0.0,0.88,0.88,0.0,0.96,0.96,0.0,0.96,0.96,0.0,reasoning_F,F,HQ + F,repeat_02_fold_02,2,2
is_serial_founder,hq,0.96,0.28,0.68,0.7083333333333334,False,negative,3.0,25,6,True,True,True,0.0,0.0,0.0,0.0,0.0,0.0,0.12,0.0,0.12,0.48,0.04,0.44,0.8,0.2,0.6,0.96,0.28,0.68,reasoning_F,F,HQ + F,repeat_02_fold_02,2,2
seniority_is_monotone,hq,0.96,0.56,0.4,0.5833333333333334,False,positive,3.0,25,6,True,True,True,0.0,0.0,0.0,0.0,0.0,0.0,0.24,0.2,0.04,0.84,0.52,0.32,0.88,0.56,0.32,0.96,0.56,0.4,reasoning_F,F,HQ + F,repeat_02_fold_02,2,2
stem_flag,hq,0.96,0.88,0.08,0.9166666666666667,True,positive,3.0,25,6,True,True,True,0.0,0.0,0.0,0.0,0.0,0.0,0.48,0.48,0.0,0.76,0.76,0.0,0.84,0.8,0.04,0.96,0.88,0.08,reasoning_F,F,HQ + F,repeat_02_fold_02,2,2
total_inferred_experience,hq,0.96,0.08,0.88,0.9166666666666667,True,negative,3.0,25,6,True,True,True,0.0,0.0,0.0,0.0,0.0,0.0,0.72,0.0,0.72,0.88,0.0,0.88,0.92,0.04,0.88,0.96,0.08,0.88,reasoning_F,F,HQ + F,repeat_02_fold_02,2,2
comfort_index,hq,0.92,0.32,0.6,0.6521739130434782,False,negative,1.0,25,6,True,True,True,0.0,0.0,0.0,0.0,0.0,0.0,0.0,0.0,0.0,0.6,0.24,0.36,0.92,0.32,0.6,0.92,0.32,0.6,reasoning_F,F,HQ + F,repeat_02_fold_02,2,2
founding_timing,hq,0.92,0.36,0.56,0.6086956521739131,False,negative,3.0,25,6,True,True,True,0.0,0.0,0.0,0.0,0.0,0.0,0.0,0.0,0.0,0.28,0.0,0.28,0.84,0.28,0.56,0.92,0.36,0.56,reasoning_F,F,HQ + F,repeat_02_fold_02,2,2
industry_pivot_count,hq,0.92,0.28,0.64,0.6956521739130435,False,negative,3.0,25,6,True,True,True,0.0,0.0,0.0,0.0,0.0,0.0,0.0,0.0,0.0,0.52,0.08,0.44,0.76,0.16,0.6,0.92,0.28,0.64,reasoning_F,F,HQ + F,repeat_02_fold_02,2,2
persistence_score,hq,0.92,0.76,0.16,0.8260869565217391,False,positive,3.0,25,6,True,True,True,0.0,0.0,0.0,0.0,0.0,0.0,0.04,0.04,0.0,0.56,0.52,0.04,0.88,0.72,0.16,0.92,0.76,0.16,reasoning_F,F,HQ + F,repeat_02_fold_02,2,2
sacrifice_x_serial,hq,0.92,0.56,0.36,0.6086956521739131,False,positive,3.0,25,6,True,True,True,0.0,0.0,0.0,0.0,0.0,0.0,0.12,0.12,0.0,0.4,0.36,0.04,0.72,0.48,0.24,0.92,0.56,0.36,reasoning_F,F,HQ + F,repeat_02_fold_02,2,2
field_relevance_score,hq,0.88,0.48,0.4,0.5454545454545454,False,positive,3.0,25,6,True,True,False,0.0,0.0,0.0,0.0,0.0,0.0,0.08,0.08,0.0,0.32,0.24,0.08,0.68,0.48,0.2,0.88,0.48,0.4,reasoning_F,F,HQ + F,repeat_02_fold_02,2,2
has_prior_ipo,hq,0.88,0.88,0.0,1.0,True,positive,1.0,25,6,True,True,False,0.0,0.0,0.0,0.24,0.24,0.0,0.72,0.72,0.0,0.84,0.84,0.0,0.88,0.88,0.0,0.88,0.88,0.0,reasoning_F,F,HQ + F,repeat_02_fold_02,2,2
max_company_size_before_founding,hq,0.88,0.52,0.36,0.5909090909090909,False,positive,3.0,25,6,True,True,False,0.0,0.0,0.0,0.0,0.0,0.0,0.24,0.24,0.0,0.28,0.24,0.04,0.64,0.4,0.24,0.88,0.52,0.36,reasoning_F,F,HQ + F,repeat_02_fold_02,2,2
prestige_x_relevance,hq,0.76,0.16,0.6,0.7894736842105263,False,negative,3.0,25,6,True,False,False,0.0,0.0,0.0,0.72,0.72,0.0,0.6,0.6,0.0,0.28,0.28,0.0,0.64,0.2,0.44,0.76,0.16,0.6,reasoning_F,F,HQ + F,repeat_02_fold_02,2,2
has_prior_acquisition,hq,0.16,0.12,0.04,0.75,False,positive,3.0,25,6,False,False,False,0.0,0.0,0.0,0.08,0.08,0.0,0.12,0.12,0.0,0.12,0.12,0.0,0.12,0.12,0.0,0.16,0.12,0.04,reasoning_F,F,HQ + F,repeat_02_fold_02,2,2
F_career_coherence,reasoning,1.0,0.0,1.0,1.0,True,negative,0.3,25,6,True,True,True,0.0,0.0,0.0,0.0,0.0,0.0,0.6,0.0,0.6,1.0,0.0,1.0,1.0,0.0,1.0,1.0,0.0,1.0,reasoning_F,F,HQ + F,repeat_02_fold_02,2,2
F_evidence_support_rating,reasoning,1.0,1.0,0.0,1.0,True,positive,0.3,25,6,True,True,True,0.0,0.0,0.0,0.0,0.0,0.0,0.8,0.8,0.0,1.0,1.0,0.0,1.0,1.0,0.0,1.0,1.0,0.0,reasoning_F,F,HQ + F,repeat_02_fold_02,2,2
F_trajectory_strength,reasoning,1.0,1.0,0.0,1.0,True,positive,3.0,25,6,True,True,True,0.0,0.0,0.0,0.0,0.0,0.0,0.0,0.0,0.0,0.0,0.0,0.0,0.48,0.48,0.0,1.0,1.0,0.0,reasoning_F,F,HQ + F,repeat_02_fold_02,2,2
F_scrappiness,reasoning,0.84,0.52,0.32,0.6190476190476191,False,positive,3.0,25,6,True,True,False,0.0,0.0,0.0,0.0,0.0,0.0,0.0,0.0,0.0,0.12,0.08,0.04,0.6,0.48,0.12,0.84,0.52,0.32,reasoning_F,F,HQ + F,repeat_02_fold_02,2,2
F_ownership_signal,reasoning,0.8,0.52,0.28,0.65,False,positive,3.0,25,6,True,True,False,0.0,0.0,0.0,0.0,0.0,0.0,0.04,0.0,0.04,0.12,0.0,0.12,0.44,0.24,0.2,0.8,0.52,0.28,reasoning_F,F,HQ + F,repeat_02_fold_02,2,2
F_rubric_score,reasoning,0.72,0.08,0.64,0.888888888888889,False,negative,3.0,25,6,True,False,False,0.0,0.0,0.0,0.0,0.0,0.0,0.0,0.0,0.0,0.08,0.0,0.08,0.2,0.04,0.16,0.72,0.08,0.64,reasoning_F,F,HQ + F,repeat_02_fold_02,2,2
comfort_index,hq,1.0,0.92,0.08,0.92,True,positive,3.0,25,6,True,True,True,0.0,0.0,0.0,0.28,0.28,0.0,0.76,0.76,0.0,0.88,0.88,0.0,0.96,0.92,0.04,1.0,0.92,0.08,reasoning_A,A,HQ + A,repeat_02_fold_03,2,3
company_size_is_growing,hq,1.0,0.88,0.12,0.88,False,positive,1.0,25,6,True,True,True,0.0,0.0,0.0,0.0,0.0,0.0,0.04,0.04,0.0,0.48,0.4,0.08,1.0,0.88,0.12,1.0,0.88,0.12,reasoning_A,A,HQ + A,repeat_02_fold_03,2,3
degree_level,hq,1.0,0.04,0.96,0.96,True,negative,3.0,25,6,True,True,True,0.0,0.0,0.0,0.0,0.0,0.0,0.2,0.04,0.16,0.8,0.04,0.76,0.96,0.04,0.92,1.0,0.04,0.96,reasoning_A,A,HQ + A,repeat_02_fold_03,2,3
industry_alignment,hq,1.0,1.0,0.0,1.0,True,positive,0.3,25,6,True,True,True,0.0,0.0,0.0,0.12,0.12,0.0,0.92,0.92,0.0,1.0,1.0,0.0,1.0,1.0,0.0,1.0,1.0,0.0,reasoning_A,A,HQ + A,repeat_02_fold_03,2,3
industry_prestige_penalty,hq,1.0,1.0,0.0,1.0,True,positive,3.0,25,6,True,True,True,0.0,0.0,0.0,0.4,0.4,0.0,0.84,0.84,0.0,0.92,0.92,0.0,0.96,0.96,0.0,1.0,1.0,0.0,reasoning_A,A,HQ + A,repeat_02_fold_03,2,3
is_serial_founder,hq,1.0,0.0,1.0,1.0,True,negative,1.0,25,6,True,True,True,0.0,0.0,0.0,0.0,0.0,0.0,0.68,0.0,0.68,0.96,0.0,0.96,1.0,0.0,1.0,1.0,0.0,1.0,reasoning_A,A,HQ + A,repeat_02_fold_03,2,3
max_seniority_reached,hq,1.0,1.0,0.0,1.0,True,positive,0.3,25,6,True,True,True,0.0,0.0,0.0,0.0,0.0,0.0,0.8,0.8,0.0,1.0,1.0,0.0,1.0,1.0,0.0,1.0,1.0,0.0,reasoning_A,A,HQ + A,repeat_02_fold_03,2,3
repeat_founding_gap,hq,1.0,0.64,0.36,0.64,False,positive,3.0,25,6,True,True,True,0.0,0.0,0.0,0.0,0.0,0.0,0.24,0.24,0.0,0.84,0.56,0.28,0.96,0.64,0.32,1.0,0.64,0.36,reasoning_A,A,HQ + A,repeat_02_fold_03,2,3
restlessness_score,hq,1.0,0.08,0.92,0.92,True,negative,3.0,25,6,True,True,True,0.0,0.0,0.0,0.0,0.0,0.0,0.52,0.0,0.52,0.92,0.0,0.92,0.96,0.04,0.92,1.0,0.08,0.92,reasoning_A,A,HQ + A,repeat_02_fold_03,2,3
exit_x_serial,hq,0.96,0.84,0.12,0.875,False,positive,3.0,25,6,True,True,True,0.0,0.0,0.0,0.36,0.36,0.0,0.48,0.48,0.0,0.76,0.72,0.04,0.92,0.8,0.12,0.96,0.84,0.12,reasoning_A,A,HQ + A,repeat_02_fold_03,2,3
founding_role_count,hq,0.96,0.44,0.52,0.5416666666666667,False,negative,3.0,25,6,True,True,True,0.0,0.0,0.0,0.0,0.0,0.0,0.12,0.0,0.12,0.24,0.0,0.24,0.76,0.28,0.48,0.96,0.44,0.52,reasoning_A,A,HQ + A,repeat_02_fold_03,2,3
industry_pivot_count,hq,0.96,0.12,0.84,0.875,False,negative,3.0,25,6,True,True,True,0.0,0.0,0.0,0.0,0.0,0.0,0.36,0.0,0.36,0.84,0.08,0.76,0.88,0.08,0.8,0.96,0.12,0.84,reasoning_A,A,HQ + A,repeat_02_fold_03,2,3
max_company_size_before_founding,hq,0.96,0.96,0.0,1.0,True,positive,1.0,25,6,True,True,True,0.0,0.0,0.0,0.08,0.08,0.0,0.52,0.52,0.0,0.72,0.72,0.0,0.96,0.96,0.0,0.96,0.96,0.0,reasoning_A,A,HQ + A,repeat_02_fold_03,2,3
prestige_x_relevance,hq,0.96,0.68,0.28,0.7083333333333334,False,positive,3.0,25,6,True,True,True,0.0,0.0,0.0,0.64,0.64,0.0,0.64,0.64,0.0,0.6,0.6,0.0,0.76,0.64,0.12,0.96,0.68,0.28,reasoning_A,A,HQ + A,repeat_02_fold_03,2,3
sacrifice_x_serial,hq,0.96,0.92,0.04,0.9583333333333334,True,positive,3.0,25,6,True,True,True,0.0,0.0,0.0,0.0,0.0,0.0,0.04,0.04,0.0,0.64,0.64,0.0,0.92,0.92,0.0,0.96,0.92,0.04,reasoning_A,A,HQ + A,repeat_02_fold_03,2,3
seniority_is_monotone,hq,0.96,0.2,0.76,0.7916666666666667,False,negative,3.0,25,6,True,True,True,0.0,0.0,0.0,0.0,0.0,0.0,0.16,0.0,0.16,0.76,0.12,0.64,0.92,0.2,0.72,0.96,0.2,0.76,reasoning_A,A,HQ + A,repeat_02_fold_03,2,3
total_inferred_experience,hq,0.96,0.08,0.88,0.9166666666666667,True,negative,3.0,25,6,True,True,True,0.0,0.0,0.0,0.0,0.0,0.0,0.68,0.0,0.68,0.84,0.0,0.84,0.88,0.04,0.84,0.96,0.08,0.88,reasoning_A,A,HQ + A,repeat_02_fold_03,2,3
best_degree_prestige,hq,0.92,0.84,0.08,0.9130434782608695,True,positive,1.0,25,6,True,True,True,0.0,0.0,0.0,0.72,0.72,0.0,0.84,0.84,0.0,0.88,0.88,0.0,0.92,0.84,0.08,0.92,0.84,0.08,reasoning_A,A,HQ + A,repeat_02_fold_03,2,3
edu_prestige_tier,hq,0.92,0.84,0.08,0.9130434782608695,True,positive,1.0,25,6,True,True,True,0.0,0.0,0.0,0.72,0.72,0.0,0.84,0.84,0.0,0.88,0.88,0.0,0.92,0.84,0.08,0.92,0.84,0.08,reasoning_A,A,HQ + A,repeat_02_fold_03,2,3
field_relevance_score,hq,0.92,0.28,0.64,0.6956521739130435,False,negative,3.0,25,6,True,True,True,0.0,0.0,0.0,0.0,0.0,0.0,0.04,0.0,0.04,0.48,0.0,0.48,0.72,0.12,0.6,0.92,0.28,0.64,reasoning_A,A,HQ + A,repeat_02_fold_03,2,3
has_prior_ipo,hq,0.92,0.88,0.04,0.9565217391304347,True,positive,3.0,25,6,True,True,True,0.0,0.0,0.0,0.12,0.12,0.0,0.56,0.56,0.0,0.8,0.76,0.04,0.88,0.84,0.04,0.92,0.88,0.04,reasoning_A,A,HQ + A,repeat_02_fold_03,2,3
persistence_score,hq,0.92,0.08,0.84,0.9130434782608695,True,negative,3.0,25,6,True,True,True,0.0,0.0,0.0,0.0,0.0,0.0,0.2,0.0,0.2,0.76,0.04,0.72,0.84,0.04,0.8,0.92,0.08,0.84,reasoning_A,A,HQ + A,repeat_02_fold_03,2,3
stem_flag,hq,0.92,0.56,0.36,0.6086956521739131,False,positive,3.0,25,6,True,True,True,0.0,0.0,0.0,0.0,0.0,0.0,0.04,0.04,0.0,0.48,0.28,0.2,0.84,0.48,0.36,0.92,0.56,0.36,reasoning_A,A,HQ + A,repeat_02_fold_03,2,3
years_in_large_company,hq,0.92,0.76,0.16,0.8260869565217391,False,positive,3.0,25,6,True,True,True,0.0,0.0,0.0,0.0,0.0,0.0,0.28,0.28,0.0,0.56,0.56,0.0,0.76,0.72,0.04,0.92,0.76,0.16,reasoning_A,A,HQ + A,repeat_02_fold_03,2,3
exit_count,hq,0.88,0.88,0.0,1.0,True,positive,0.3,25,6,True,True,False,0.0,0.0,0.0,0.6,0.6,0.0,0.84,0.84,0.0,0.88,0.88,0.0,0.84,0.84,0.0,0.88,0.88,0.0,reasoning_A,A,HQ + A,repeat_02_fold_03,2,3
founding_timing,hq,0.88,0.32,0.56,0.6363636363636365,False,negative,3.0,25,6,True,True,False,0.0,0.0,0.0,0.0,0.0,0.0,0.16,0.0,0.16,0.44,0.0,0.44,0.84,0.24,0.6,0.88,0.32,0.56,reasoning_A,A,HQ + A,repeat_02_fold_03,2,3
longest_founding_tenure,hq,0.88,0.48,0.4,0.5454545454545454,False,positive,3.0,25,6,True,True,False,0.0,0.0,0.0,0.0,0.0,0.0,0.36,0.0,0.36,0.52,0.0,0.52,0.76,0.36,0.4,0.88,0.48,0.4,reasoning_A,A,HQ + A,repeat_02_fold_03,2,3
prestige_sacrifice_score,hq,0.88,0.88,0.0,1.0,True,positive,0.1,25,6,True,True,False,0.0,0.0,0.0,0.32,0.32,0.0,0.88,0.88,0.0,0.8,0.8,0.0,0.88,0.8,0.08,0.84,0.6,0.24,reasoning_A,A,HQ + A,repeat_02_fold_03,2,3
has_prior_acquisition,hq,0.24,0.16,0.08,0.6666666666666667,False,positive,3.0,25,6,False,False,False,0.0,0.0,0.0,0.12,0.12,0.0,0.16,0.16,0.0,0.16,0.16,0.0,0.16,0.12,0.04,0.24,0.16,0.08,reasoning_A,A,HQ + A,repeat_02_fold_03,2,3
A_evidence_support_rating,reasoning,1.0,1.0,0.0,1.0,True,positive,0.03,25,6,True,True,True,0.0,0.0,0.0,1.0,1.0,0.0,1.0,1.0,0.0,1.0,1.0,0.0,1.0,1.0,0.0,1.0,1.0,0.0,reasoning_A,A,HQ + A,repeat_02_fold_03,2,3
A_ownership_signal,reasoning,1.0,0.64,0.36,0.64,False,positive,3.0,25,6,True,True,True,0.0,0.0,0.0,0.08,0.0,0.08,0.44,0.0,0.44,0.44,0.04,0.4,0.8,0.44,0.36,1.0,0.64,0.36,reasoning_A,A,HQ + A,repeat_02_fold_03,2,3
A_scrappiness,reasoning,1.0,0.0,1.0,1.0,True,negative,0.1,25,6,True,True,True,0.0,0.0,0.0,0.32,0.0,0.32,1.0,0.0,1.0,1.0,0.0,1.0,1.0,0.0,1.0,1.0,0.0,1.0,reasoning_A,A,HQ + A,repeat_02_fold_03,2,3
A_trajectory_strength,reasoning,0.96,0.0,0.96,1.0,True,negative,0.3,25,6,True,True,True,0.0,0.0,0.0,0.0,0.0,0.0,0.56,0.0,0.56,0.96,0.0,0.96,0.96,0.0,0.96,0.96,0.0,0.96,reasoning_A,A,HQ + A,repeat_02_fold_03,2,3
A_career_coherence,reasoning,0.92,0.2,0.72,0.7826086956521738,False,negative,3.0,25,6,True,True,True,0.0,0.0,0.0,0.0,0.0,0.0,0.04,0.0,0.04,0.52,0.04,0.48,0.8,0.16,0.64,0.92,0.2,0.72,reasoning_A,A,HQ + A,repeat_02_fold_03,2,3
comfort_index,hq,1.0,0.96,0.04,0.96,True,positive,1.0,25,6,True,True,True,0.0,0.0,0.0,0.44,0.44,0.0,0.96,0.96,0.0,0.96,0.96,0.0,1.0,0.96,0.04,1.0,0.96,0.04,reasoning_B,B,HQ + B,repeat_02_fold_03,2,3
company_size_is_growing,hq,1.0,0.96,0.04,0.96,True,positive,3.0,25,6,True,True,True,0.0,0.0,0.0,0.0,0.0,0.0,0.08,0.08,0.0,0.68,0.68,0.0,0.92,0.88,0.04,1.0,0.96,0.04,reasoning_B,B,HQ + B,repeat_02_fold_03,2,3
founding_timing,hq,1.0,0.32,0.68,0.68,False,negative,3.0,25,6,True,True,True,0.0,0.0,0.0,0.0,0.0,0.0,0.24,0.0,0.24,0.56,0.0,0.56,0.84,0.16,0.68,1.0,0.32,0.68,reasoning_B,B,HQ + B,repeat_02_fold_03,2,3
industry_alignment,hq,1.0,1.0,0.0,1.0,True,positive,0.3,25,6,True,True,True,0.0,0.0,0.0,0.24,0.24,0.0,0.96,0.96,0.0,1.0,1.0,0.0,1.0,1.0,0.0,1.0,1.0,0.0,reasoning_B,B,HQ + B,repeat_02_fold_03,2,3
industry_pivot_count,hq,1.0,0.24,0.76,0.76,False,negative,3.0,25,6,True,True,True,0.0,0.0,0.0,0.0,0.0,0.0,0.24,0.0,0.24,0.6,0.04,0.56,0.8,0.12,0.68,1.0,0.24,0.76,reasoning_B,B,HQ + B,repeat_02_fold_03,2,3
industry_prestige_penalty,hq,1.0,1.0,0.0,1.0,True,positive,1.0,25,6,True,True,True,0.0,0.0,0.0,0.48,0.48,0.0,0.92,0.92,0.0,0.96,0.96,0.0,1.0,1.0,0.0,1.0,1.0,0.0,reasoning_B,B,HQ + B,repeat_02_fold_03,2,3
is_serial_founder,hq,1.0,0.0,1.0,1.0,True,negative,1.0,25,6,True,True,True,0.0,0.0,0.0,0.0,0.0,0.0,0.76,0.0,0.76,0.96,0.0,0.96,1.0,0.0,1.0,1.0,0.0,1.0,reasoning_B,B,HQ + B,repeat_02_fold_03,2,3
max_company_size_before_founding,hq,1.0,0.64,0.36,0.64,False,positive,3.0,25,6,True,True,True,0.0,0.0,0.0,0.0,0.0,0.0,0.44,0.44,0.0,0.6,0.56,0.04,0.8,0.64,0.16,1.0,0.64,0.36,reasoning_B,B,HQ + B,repeat_02_fold_03,2,3
max_seniority_reached,hq,1.0,1.0,0.0,1.0,True,positive,0.3,25,6,True,True,True,0.0,0.0,0.0,0.0,0.0,0.0,0.84,0.84,0.0,1.0,1.0,0.0,1.0,1.0,0.0,1.0,1.0,0.0,reasoning_B,B,HQ + B,repeat_02_fold_03,2,3
repeat_founding_gap,hq,1.0,0.76,0.24,0.76,False,positive,3.0,25,6,True,True,True,0.0,0.0,0.0,0.0,0.0,0.0,0.32,0.32,0.0,0.6,0.52,0.08,0.92,0.72,0.2,1.0,0.76,0.24,reasoning_B,B,HQ + B,repeat_02_fold_03,2,3
restlessness_score,hq,1.0,0.04,0.96,0.96,True,negative,3.0,25,6,True,True,True,0.0,0.0,0.0,0.0,0.0,0.0,0.44,0.0,0.44,0.92,0.0,0.92,0.96,0.0,0.96,1.0,0.04,0.96,reasoning_B,B,HQ + B,repeat_02_fold_03,2,3
seniority_is_monotone,hq,1.0,0.08,0.92,0.92,True,negative,3.0,25,6,True,True,True,0.0,0.0,0.0,0.0,0.0,0.0,0.36,0.0,0.36,0.8,0.0,0.8,0.96,0.04,0.92,1.0,0.08,0.92,reasoning_B,B,HQ + B,repeat_02_fold_03,2,3
stem_flag,hq,1.0,0.36,0.64,0.64,False,negative,3.0,25,6,True,True,True,0.0,0.0,0.0,0.0,0.0,0.0,0.04,0.0,0.04,0.4,0.08,0.32,0.84,0.28,0.56,1.0,0.36,0.64,reasoning_B,B,HQ + B,repeat_02_fold_03,2,3
total_inferred_experience,hq,1.0,0.0,1.0,1.0,True,negative,0.3,25,6,True,True,True,0.0,0.0,0.0,0.0,0.0,0.0,0.88,0.0,0.88,1.0,0.0,1.0,1.0,0.0,1.0,1.0,0.0,1.0,reasoning_B,B,HQ + B,repeat_02_fold_03,2,3
years_in_large_company,hq,1.0,0.92,0.08,0.92,True,positive,3.0,25,6,True,True,True,0.0,0.0,0.0,0.0,0.0,0.0,0.32,0.32,0.0,0.8,0.8,0.0,0.96,0.92,0.04,1.0,0.92,0.08,reasoning_B,B,HQ + B,repeat_02_fold_03,2,3
best_degree_prestige,hq,0.96,0.92,0.04,0.9583333333333334,True,positive,1.0,25,6,True,True,True,0.0,0.0,0.0,0.8,0.8,0.0,0.92,0.92,0.0,0.92,0.92,0.0,0.96,0.92,0.04,0.96,0.92,0.04,reasoning_B,B,HQ + B,repeat_02_fold_03,2,3
degree_level,hq,0.96,0.16,0.8,0.8333333333333334,False,negative,1.0,25,6,True,True,True,0.0,0.0,0.0,0.0,0.0,0.0,0.16,0.08,0.08,0.72,0.16,0.56,0.96,0.16,0.8,0.96,0.16,0.8,reasoning_B,B,HQ + B,repeat_02_fold_03,2,3
edu_prestige_tier,hq,0.96,0.92,0.04,0.9583333333333334,True,positive,1.0,25,6,True,True,True,0.0,0.0,0.0,0.8,0.8,0.0,0.92,0.92,0.0,0.92,0.92,0.0,0.96,0.92,0.04,0.96,0.92,0.04,reasoning_B,B,HQ + B,repeat_02_fold_03,2,3
exit_x_serial,hq,0.96,0.8,0.16,0.8333333333333334,False,positive,1.0,25,6,True,True,True,0.0,0.0,0.0,0.36,0.36,0.0,0.6,0.6,0.0,0.76,0.72,0.04,0.96,0.8,0.16,0.96,0.8,0.16,reasoning_B,B,HQ + B,repeat_02_fold_03,2,3
field_relevance_score,hq,0.96,0.4,0.56,0.5833333333333334,False,negative,3.0,25,6,True,True,True,0.0,0.0,0.0,0.0,0.0,0.0,0.04,0.04,0.0,0.4,0.12,0.28,0.84,0.28,0.56,0.96,0.4,0.56,reasoning_B,B,HQ + B,repeat_02_fold_03,2,3
longest_founding_tenure,hq,0.96,0.56,0.4,0.5833333333333334,False,positive,3.0,25,6,True,True,True,0.0,0.0,0.0,0.0,0.0,0.0,0.32,0.0,0.32,0.52,0.08,0.44,0.72,0.28,0.44,0.96,0.56,0.4,reasoning_B,B,HQ + B,repeat_02_fold_03,2,3
persistence_score,hq,0.96,0.04,0.92,0.9583333333333334,True,negative,3.0,25,6,True,True,True,0.0,0.0,0.0,0.0,0.0,0.0,0.04,0.0,0.04,0.64,0.04,0.6,0.92,0.04,0.88,0.96,0.04,0.92,reasoning_B,B,HQ + B,repeat_02_fold_03,2,3
sacrifice_x_serial,hq,0.96,0.96,0.0,1.0,True,positive,1.0,25,6,True,True,True,0.0,0.0,0.0,0.0,0.0,0.0,0.0,0.0,0.0,0.84,0.84,0.0,0.96,0.96,0.0,0.96,0.96,0.0,reasoning_B,B,HQ + B,repeat_02_fold_03,2,3
has_prior_ipo,hq,0.92,0.8,0.12,0.8695652173913043,False,positive,3.0,25,6,True,True,True,0.0,0.0,0.0,0.08,0.08,0.0,0.68,0.64,0.04,0.84,0.72,0.12,0.88,0.76,0.12,0.92,0.8,0.12,reasoning_B,B,HQ + B,repeat_02_fold_03,2,3
prestige_sacrifice_score,hq,0.92,0.92,0.0,1.0,True,positive,0.3,25,6,True,True,True,0.0,0.0,0.0,0.32,0.32,0.0,0.8,0.8,0.0,0.92,0.92,0.0,0.8,0.76,0.04,0.92,0.76,0.16,reasoning_B,B,HQ + B,repeat_02_fold_03,2,3
prestige_x_relevance,hq,0.92,0.6,0.32,0.6521739130434782,False,positive,3.0,25,6,True,True,True,0.0,0.0,0.0,0.48,0.48,0.0,0.64,0.64,0.0,0.68,0.64,0.04,0.64,0.56,0.08,0.92,0.6,0.32,reasoning_B,B,HQ + B,repeat_02_fold_03,2,3
founding_role_count,hq,0.84,0.44,0.4,0.5238095238095238,False,positive,3.0,25,6,True,True,False,0.0,0.0,0.0,0.0,0.0,0.0,0.12,0.0,0.12,0.32,0.08,0.24,0.76,0.44,0.32,0.84,0.44,0.4,reasoning_B,B,HQ + B,repeat_02_fold_03,2,3
exit_count,hq,0.8,0.8,0.0,1.0,True,positive,0.1,25,6,True,True,False,0.0,0.0,0.0,0.64,0.64,0.0,0.8,0.8,0.0,0.8,0.8,0.0,0.72,0.72,0.0,0.72,0.72,0.0,reasoning_B,B,HQ + B,repeat_02_fold_03,2,3
has_prior_acquisition,hq,0.32,0.2,0.12,0.625,False,positive,1.0,25,6,False,False,False,0.0,0.0,0.0,0.12,0.12,0.0,0.2,0.2,0.0,0.24,0.24,0.0,0.32,0.2,0.12,0.32,0.2,0.12,reasoning_B,B,HQ + B,repeat_02_fold_03,2,3
B_evidence_support_rating,reasoning,1.0,1.0,0.0,1.0,True,positive,1.0,25,6,True,True,True,0.0,0.0,0.0,0.0,0.0,0.0,0.72,0.72,0.0,0.92,0.92,0.0,1.0,1.0,0.0,1.0,1.0,0.0,reasoning_B,B,HQ + B,repeat_02_fold_03,2,3
B_rubric_score,reasoning,1.0,0.08,0.92,0.92,True,negative,3.0,25,6,True,True,True,0.0,0.0,0.0,0.0,0.0,0.0,0.04,0.04,0.0,0.56,0.08,0.48,0.96,0.08,0.88,1.0,0.08,0.92,reasoning_B,B,HQ + B,repeat_02_fold_03,2,3
best_degree_prestige,hq,1.0,1.0,0.0,1.0,True,positive,0.3,25,6,True,True,True,0.0,0.0,0.0,0.8,0.8,0.0,0.96,0.96,0.0,1.0,1.0,0.0,0.96,0.96,0.0,0.96,0.96,0.0,reasoning_C,C,HQ + C,repeat_02_fold_03,2,3
comfort_index,hq,1.0,0.96,0.04,0.96,True,positive,1.0,25,6,True,True,True,0.0,0.0,0.0,0.24,0.24,0.0,0.88,0.88,0.0,0.96,0.96,0.0,1.0,0.96,0.04,1.0,0.96,0.04,reasoning_C,C,HQ + C,repeat_02_fold_03,2,3
edu_prestige_tier,hq,1.0,1.0,0.0,1.0,True,positive,0.3,25,6,True,True,True,0.0,0.0,0.0,0.8,0.8,0.0,0.96,0.96,0.0,1.0,1.0,0.0,0.96,0.96,0.0,0.96,0.96,0.0,reasoning_C,C,HQ + C,repeat_02_fold_03,2,3
exit_x_serial,hq,1.0,0.84,0.16,0.84,False,positive,3.0,25,6,True,True,True,0.0,0.0,0.0,0.52,0.52,0.0,0.64,0.64,0.0,0.8,0.8,0.0,0.92,0.84,0.08,1.0,0.84,0.16,reasoning_C,C,HQ + C,repeat_02_fold_03,2,3
industry_alignment,hq,1.0,1.0,0.0,1.0,True,positive,0.3,25,6,True,True,True,0.0,0.0,0.0,0.2,0.2,0.0,0.92,0.92,0.0,1.0,1.0,0.0,1.0,1.0,0.0,1.0,1.0,0.0,reasoning_C,C,HQ + C,repeat_02_fold_03,2,3
industry_prestige_penalty,hq,1.0,1.0,0.0,1.0,True,positive,3.0,25,6,True,True,True,0.0,0.0,0.0,0.4,0.4,0.0,0.96,0.96,0.0,0.96,0.96,0.0,0.96,0.96,0.0,1.0,1.0,0.0,reasoning_C,C,HQ + C,repeat_02_fold_03,2,3
is_serial_founder,hq,1.0,0.0,1.0,1.0,True,negative,3.0,25,6,True,True,True,0.0,0.0,0.0,0.0,0.0,0.0,0.32,0.0,0.32,0.92,0.0,0.92,0.96,0.0,0.96,1.0,0.0,1.0,reasoning_C,C,HQ + C,repeat_02_fold_03,2,3
longest_founding_tenure,hq,1.0,0.76,0.24,0.76,False,positive,3.0,25,6,True,True,True,0.0,0.0,0.0,0.0,0.0,0.0,0.4,0.0,0.4,0.52,0.16,0.36,0.8,0.56,0.24,1.0,0.76,0.24,reasoning_C,C,HQ + C,repeat_02_fold_03,2,3
max_seniority_reached,hq,1.0,1.0,0.0,1.0,True,positive,0.3,25,6,True,True,True,0.0,0.0,0.0,0.0,0.0,0.0,0.84,0.84,0.0,1.0,1.0,0.0,1.0,1.0,0.0,1.0,1.0,0.0,reasoning_C,C,HQ + C,repeat_02_fold_03,2,3
persistence_score,hq,1.0,0.0,1.0,1.0,True,negative,1.0,25,6,True,True,True,0.0,0.0,0.0,0.0,0.0,0.0,0.08,0.0,0.08,0.76,0.0,0.76,1.0,0.0,1.0,1.0,0.0,1.0,reasoning_C,C,HQ + C,repeat_02_fold_03,2,3
restlessness_score,hq,1.0,0.04,0.96,0.96,True,negative,3.0,25,6,True,True,True,0.0,0.0,0.0,0.0,0.0,0.0,0.24,0.0,0.24,0.72,0.0,0.72,0.92,0.0,0.92,1.0,0.04,0.96,reasoning_C,C,HQ + C,repeat_02_fold_03,2,3
seniority_is_monotone,hq,1.0,0.16,0.84,0.84,False,negative,3.0,25,6,True,True,True,0.0,0.0,0.0,0.0,0.0,0.0,0.36,0.04,0.32,0.84,0.08,0.76,0.92,0.12,0.8,1.0,0.16,0.84,reasoning_C,C,HQ + C,repeat_02_fold_03,2,3
years_in_large_company,hq,1.0,0.96,0.04,0.96,True,positive,3.0,25,6,True,True,True,0.0,0.0,0.0,0.0,0.0,0.0,0.2,0.2,0.0,0.68,0.68,0.0,0.96,0.96,0.0,1.0,0.96,0.04,reasoning_C,C,HQ + C,repeat_02_fold_03,2,3
degree_level,hq,0.96,0.04,0.92,0.9583333333333334,True,negative,3.0,25,6,True,True,True,0.0,0.0,0.0,0.0,0.0,0.0,0.16,0.0,0.16,0.8,0.0,0.8,0.92,0.0,0.92,0.96,0.04,0.92,reasoning_C,C,HQ + C,repeat_02_fold_03,2,3
founding_role_count,hq,0.96,0.2,0.76,0.7916666666666667,False,negative,3.0,25,6,True,True,True,0.0,0.0,0.0,0.0,0.0,0.0,0.2,0.0,0.2,0.56,0.0,0.56,0.72,0.12,0.6,0.96,0.2,0.76,reasoning_C,C,HQ + C,repeat_02_fold_03,2,3
founding_timing,hq,0.96,0.44,0.52,0.5416666666666667,False,negative,3.0,25,6,True,True,True,0.0,0.0,0.0,0.0,0.0,0.0,0.12,0.0,0.12,0.52,0.0,0.52,0.8,0.24,0.56,0.96,0.44,0.52,reasoning_C,C,HQ + C,repeat_02_fold_03,2,3
industry_pivot_count,hq,0.96,0.28,0.68,0.7083333333333334,False,negative,3.0,25,6,True,True,True,0.0,0.0,0.0,0.0,0.0,0.0,0.2,0.0,0.2,0.64,0.04,0.6,0.92,0.24,0.68,0.96,0.28,0.68,reasoning_C,C,HQ + C,repeat_02_fold_03,2,3
max_company_size_before_founding,hq,0.96,0.76,0.2,0.7916666666666667,False,positive,3.0,25,6,True,True,True,0.0,0.0,0.0,0.0,0.0,0.0,0.2,0.2,0.0,0.68,0.6,0.08,0.92,0.76,0.16,0.96,0.76,0.2,reasoning_C,C,HQ + C,repeat_02_fold_03,2,3
prestige_sacrifice_score,hq,0.96,0.64,0.32,0.6666666666666667,False,positive,3.0,25,6,True,True,True,0.0,0.0,0.0,0.2,0.2,0.0,0.84,0.84,0.0,0.76,0.76,0.0,0.84,0.64,0.2,0.96,0.64,0.32,reasoning_C,C,HQ + C,repeat_02_fold_03,2,3
repeat_founding_gap,hq,0.96,0.84,0.12,0.875,False,positive,3.0,25,6,True,True,True,0.0,0.0,0.0,0.0,0.0,0.0,0.32,0.28,0.04,0.92,0.84,0.08,0.92,0.84,0.08,0.96,0.84,0.12,reasoning_C,C,HQ + C,repeat_02_fold_03,2,3
sacrifice_x_serial,hq,0.96,0.96,0.0,1.0,True,positive,1.0,25,6,True,True,True,0.0,0.0,0.0,0.04,0.04,0.0,0.08,0.08,0.0,0.68,0.68,0.0,0.96,0.96,0.0,0.96,0.96,0.0,reasoning_C,C,HQ + C,repeat_02_fold_03,2,3
total_inferred_experience,hq,0.96,0.04,0.92,0.9583333333333334,True,negative,1.0,25,6,True,True,True,0.0,0.0,0.0,0.0,0.0,0.0,0.68,0.0,0.68,0.88,0.0,0.88,0.96,0.04,0.92,0.96,0.04,0.92,reasoning_C,C,HQ + C,repeat_02_fold_03,2,3
company_size_is_growing,hq,0.92,0.84,0.08,0.9130434782608695,True,positive,3.0,25,6,True,True,True,0.0,0.0,0.0,0.0,0.0,0.0,0.12,0.12,0.0,0.56,0.52,0.04,0.88,0.8,0.08,0.92,0.84,0.08,reasoning_C,C,HQ + C,repeat_02_fold_03,2,3
field_relevance_score,hq,0.92,0.4,0.52,0.5652173913043478,False,negative,3.0,25,6,True,True,True,0.0,0.0,0.0,0.0,0.0,0.0,0.04,0.0,0.04,0.28,0.0,0.28,0.68,0.24,0.44,0.92,0.4,0.52,reasoning_C,C,HQ + C,repeat_02_fold_03,2,3
has_prior_ipo,hq,0.92,0.8,0.12,0.8695652173913043,False,positive,1.0,25,6,True,True,True,0.0,0.0,0.0,0.16,0.16,0.0,0.68,0.68,0.0,0.84,0.76,0.08,0.92,0.8,0.12,0.92,0.8,0.12,reasoning_C,C,HQ + C,repeat_02_fold_03,2,3
stem_flag,hq,0.92,0.4,0.52,0.5652173913043478,False,negative,3.0,25,6,True,True,True,0.0,0.0,0.0,0.0,0.0,0.0,0.12,0.08,0.04,0.56,0.24,0.32,0.88,0.36,0.52,0.92,0.4,0.52,reasoning_C,C,HQ + C,repeat_02_fold_03,2,3
prestige_x_relevance,hq,0.84,0.6,0.24,0.7142857142857143,False,positive,1.0,25,6,True,True,False,0.0,0.0,0.0,0.44,0.44,0.0,0.56,0.56,0.0,0.6,0.56,0.04,0.84,0.6,0.24,0.84,0.56,0.28,reasoning_C,C,HQ + C,repeat_02_fold_03,2,3
exit_count,hq,0.8,0.8,0.0,1.0,True,positive,0.1,25,6,True,True,False,0.0,0.0,0.0,0.48,0.48,0.0,0.8,0.8,0.0,0.8,0.8,0.0,0.68,0.68,0.0,0.64,0.56,0.08,reasoning_C,C,HQ + C,repeat_02_fold_03,2,3
has_prior_acquisition,hq,0.32,0.12,0.2,0.625,False,negative,3.0,25,6,False,False,False,0.0,0.0,0.0,0.08,0.08,0.0,0.2,0.2,0.0,0.24,0.2,0.04,0.2,0.12,0.08,0.32,0.12,0.2,reasoning_C,C,HQ + C,repeat_02_fold_03,2,3
C_latent_risk,reasoning,1.0,0.88,0.12,0.88,False,positive,3.0,25,6,True,True,True,0.0,0.0,0.0,0.0,0.0,0.0,0.04,0.04,0.0,0.68,0.64,0.04,0.88,0.8,0.08,1.0,0.88,0.12,reasoning_C,C,HQ + C,repeat_02_fold_03,2,3
C_latent_strength,reasoning,1.0,0.96,0.04,0.96,True,positive,3.0,25,6,True,True,True,0.0,0.0,0.0,0.0,0.0,0.0,0.52,0.52,0.0,0.88,0.88,0.0,0.96,0.92,0.04,1.0,0.96,0.04,reasoning_C,C,HQ + C,repeat_02_fold_03,2,3
C_evidence_support_rating,reasoning,0.84,0.32,0.52,0.6190476190476191,False,negative,3.0,25,6,True,True,False,0.0,0.0,0.0,0.0,0.0,0.0,0.0,0.0,0.0,0.24,0.16,0.08,0.64,0.24,0.4,0.84,0.32,0.52,reasoning_C,C,HQ + C,repeat_02_fold_03,2,3
comfort_index,hq,1.0,0.96,0.04,0.96,True,positive,1.0,25,6,True,True,True,0.0,0.0,0.0,0.28,0.28,0.0,0.92,0.92,0.0,0.96,0.96,0.0,1.0,0.96,0.04,1.0,0.96,0.04,reasoning_D,D,HQ + D,repeat_02_fold_03,2,3
exit_x_serial,hq,1.0,0.8,0.2,0.8,False,positive,3.0,25,6,True,True,True,0.0,0.0,0.0,0.44,0.44,0.0,0.52,0.52,0.0,0.72,0.68,0.04,0.96,0.76,0.2,1.0,0.8,0.2,reasoning_D,D,HQ + D,repeat_02_fold_03,2,3
industry_alignment,hq,1.0,1.0,0.0,1.0,True,positive,0.3,25,6,True,True,True,0.0,0.0,0.0,0.24,0.24,0.0,0.96,0.96,0.0,1.0,1.0,0.0,1.0,1.0,0.0,1.0,1.0,0.0,reasoning_D,D,HQ + D,repeat_02_fold_03,2,3
industry_pivot_count,hq,1.0,0.2,0.8,0.8,False,negative,3.0,25,6,True,True,True,0.0,0.0,0.0,0.0,0.0,0.0,0.44,0.0,0.44,0.72,0.0,0.72,0.92,0.16,0.76,1.0,0.2,0.8,reasoning_D,D,HQ + D,repeat_02_fold_03,2,3
industry_prestige_penalty,hq,1.0,1.0,0.0,1.0,True,positive,0.1,25,6,True,True,True,0.0,0.0,0.0,0.68,0.68,0.0,1.0,1.0,0.0,1.0,1.0,0.0,1.0,1.0,0.0,1.0,1.0,0.0,reasoning_D,D,HQ + D,repeat_02_fold_03,2,3
is_serial_founder,hq,1.0,0.0,1.0,1.0,True,negative,1.0,25,6,True,True,True,0.0,0.0,0.0,0.0,0.0,0.0,0.44,0.0,0.44,0.96,0.0,0.96,1.0,0.0,1.0,1.0,0.0,1.0,reasoning_D,D,HQ + D,repeat_02_fold_03,2,3
max_seniority_reached,hq,1.0,1.0,0.0,1.0,True,positive,0.3,25,6,True,True,True,0.0,0.0,0.0,0.04,0.04,0.0,0.8,0.8,0.0,1.0,1.0,0.0,1.0,1.0,0.0,1.0,1.0,0.0,reasoning_D,D,HQ + D,repeat_02_fold_03,2,3
repeat_founding_gap,hq,1.0,0.8,0.2,0.8,False,positive,1.0,25,6,True,True,True,0.0,0.0,0.0,0.0,0.0,0.0,0.32,0.28,0.04,0.84,0.68,0.16,1.0,0.8,0.2,1.0,0.8,0.2,reasoning_D,D,HQ + D,repeat_02_fold_03,2,3
sacrifice_x_serial,hq,1.0,1.0,0.0,1.0,True,positive,3.0,25,6,True,True,True,0.0,0.0,0.0,0.0,0.0,0.0,0.08,0.08,0.0,0.68,0.68,0.0,0.96,0.96,0.0,1.0,1.0,0.0,reasoning_D,D,HQ + D,repeat_02_fold_03,2,3
seniority_is_monotone,hq,1.0,0.08,0.92,0.92,True,negative,3.0,25,6,True,True,True,0.0,0.0,0.0,0.0,0.0,0.0,0.4,0.0,0.4,0.88,0.04,0.84,0.96,0.08,0.88,1.0,0.08,0.92,reasoning_D,D,HQ + D,repeat_02_fold_03,2,3
degree_level,hq,0.96,0.04,0.92,0.9583333333333334,True,negative,3.0,25,6,True,True,True,0.0,0.0,0.0,0.0,0.0,0.0,0.2,0.0,0.2,0.8,0.04,0.76,0.92,0.04,0.88,0.96,0.04,0.92,reasoning_D,D,HQ + D,repeat_02_fold_03,2,3
founding_role_count,hq,0.96,0.2,0.76,0.7916666666666667,False,negative,3.0,25,6,True,True,True,0.0,0.0,0.0,0.0,0.0,0.0,0.24,0.0,0.24,0.52,0.04,0.48,0.72,0.12,0.6,0.96,0.2,0.76,reasoning_D,D,HQ + D,repeat_02_fold_03,2,3
persistence_score,hq,0.96,0.0,0.96,1.0,True,negative,1.0,25,6,True,True,True,0.0,0.0,0.0,0.0,0.0,0.0,0.2,0.0,0.2,0.84,0.0,0.84,0.96,0.0,0.96,0.96,0.0,0.96,reasoning_D,D,HQ + D,repeat_02_fold_03,2,3
prestige_sacrifice_score,hq,0.96,0.72,0.24,0.75,False,positive,3.0,25,6,True,True,True,0.0,0.0,0.0,0.48,0.48,0.0,0.88,0.88,0.0,0.88,0.88,0.0,0.88,0.76,0.12,0.96,0.72,0.24,reasoning_D,D,HQ + D,repeat_02_fold_03,2,3
restlessness_score,hq,0.96,0.08,0.88,0.9166666666666667,True,negative,3.0,25,6,True,True,True,0.0,0.0,0.0,0.0,0.0,0.0,0.36,0.0,0.36,0.84,0.04,0.8,0.92,0.08,0.84,0.96,0.08,0.88,reasoning_D,D,HQ + D,repeat_02_fold_03,2,3
stem_flag,hq,0.96,0.32,0.64,0.6666666666666667,False,negative,3.0,25,6,True,True,True,0.0,0.0,0.0,0.0,0.0,0.0,0.04,0.0,0.04,0.44,0.08,0.36,0.88,0.28,0.6,0.96,0.32,0.64,reasoning_D,D,HQ + D,repeat_02_fold_03,2,3
total_inferred_experience,hq,0.96,0.04,0.92,0.9583333333333334,True,negative,3.0,25,6,True,True,True,0.0,0.0,0.0,0.0,0.0,0.0,0.64,0.0,0.64,0.84,0.0,0.84,0.88,0.0,0.88,0.96,0.04,0.92,reasoning_D,D,HQ + D,repeat_02_fold_03,2,3
best_degree_prestige,hq,0.92,0.92,0.0,1.0,True,positive,0.1,25,6,True,True,True,0.0,0.0,0.0,0.76,0.76,0.0,0.92,0.92,0.0,0.92,0.92,0.0,0.84,0.84,0.0,0.88,0.88,0.0,reasoning_D,D,HQ + D,repeat_02_fold_03,2,3
company_size_is_growing,hq,0.92,0.72,0.2,0.7826086956521738,False,positive,1.0,25,6,True,True,True,0.0,0.0,0.0,0.0,0.0,0.0,0.2,0.16,0.04,0.8,0.68,0.12,0.92,0.72,0.2,0.92,0.72,0.2,reasoning_D,D,HQ + D,repeat_02_fold_03,2,3
edu_prestige_tier,hq,0.92,0.92,0.0,1.0,True,positive,0.1,25,6,True,True,True,0.0,0.0,0.0,0.76,0.76,0.0,0.92,0.92,0.0,0.92,0.92,0.0,0.84,0.84,0.0,0.88,0.88,0.0,reasoning_D,D,HQ + D,repeat_02_fold_03,2,3
field_relevance_score,hq,0.92,0.36,0.56,0.6086956521739131,False,negative,3.0,25,6,True,True,True,0.0,0.0,0.0,0.0,0.0,0.0,0.12,0.0,0.12,0.52,0.08,0.44,0.84,0.28,0.56,0.92,0.36,0.56,reasoning_D,D,HQ + D,repeat_02_fold_03,2,3
longest_founding_tenure,hq,0.92,0.64,0.28,0.6956521739130435,False,positive,3.0,25,6,True,True,True,0.0,0.0,0.0,0.0,0.0,0.0,0.16,0.0,0.16,0.44,0.12,0.32,0.84,0.52,0.32,0.92,0.64,0.28,reasoning_D,D,HQ + D,repeat_02_fold_03,2,3
prestige_x_relevance,hq,0.92,0.72,0.2,0.7826086956521738,False,positive,3.0,25,6,True,True,True,0.0,0.0,0.0,0.6,0.6,0.0,0.8,0.8,0.0,0.76,0.76,0.0,0.88,0.72,0.16,0.92,0.72,0.2,reasoning_D,D,HQ + D,repeat_02_fold_03,2,3
founding_timing,hq,0.88,0.4,0.48,0.5454545454545454,False,negative,3.0,25,6,True,True,False,0.0,0.0,0.0,0.0,0.0,0.0,0.28,0.0,0.28,0.52,0.0,0.52,0.68,0.2,0.48,0.88,0.4,0.48,reasoning_D,D,HQ + D,repeat_02_fold_03,2,3
max_company_size_before_founding,hq,0.88,0.84,0.04,0.9545454545454545,True,positive,3.0,25,6,True,True,False,0.0,0.0,0.0,0.04,0.04,0.0,0.36,0.36,0.0,0.6,0.6,0.0,0.84,0.8,0.04,0.88,0.84,0.04,reasoning_D,D,HQ + D,repeat_02_fold_03,2,3
years_in_large_company,hq,0.88,0.76,0.12,0.8636363636363636,False,positive,3.0,25,6,True,True,False,0.0,0.0,0.0,0.0,0.0,0.0,0.24,0.2,0.04,0.6,0.52,0.08,0.8,0.72,0.08,0.88,0.76,0.12,reasoning_D,D,HQ + D,repeat_02_fold_03,2,3
has_prior_ipo,hq,0.84,0.8,0.04,0.9523809523809524,True,positive,1.0,25,6,True,True,False,0.0,0.0,0.0,0.16,0.16,0.0,0.48,0.48,0.0,0.72,0.68,0.04,0.84,0.8,0.04,0.84,0.8,0.04,reasoning_D,D,HQ + D,repeat_02_fold_03,2,3
exit_count,hq,0.72,0.72,0.0,1.0,True,positive,0.3,25,6,True,False,False,0.0,0.0,0.0,0.4,0.4,0.0,0.68,0.68,0.0,0.72,0.72,0.0,0.72,0.72,0.0,0.72,0.72,0.0,reasoning_D,D,HQ + D,repeat_02_fold_03,2,3
has_prior_acquisition,hq,0.44,0.2,0.24,0.5454545454545454,False,negative,3.0,25,6,False,False,False,0.0,0.0,0.0,0.2,0.2,0.0,0.28,0.28,0.0,0.32,0.2,0.12,0.4,0.2,0.2,0.44,0.2,0.24,reasoning_D,D,HQ + D,repeat_02_fold_03,2,3
D_evidence_support_rating,reasoning,1.0,0.0,1.0,1.0,True,negative,1.0,25,6,True,True,True,0.0,0.0,0.0,0.0,0.0,0.0,0.0,0.0,0.0,0.92,0.0,0.92,1.0,0.0,1.0,1.0,0.0,1.0,reasoning_D,D,HQ + D,repeat_02_fold_03,2,3
D_overall_founder_quality,reasoning,1.0,1.0,0.0,1.0,True,positive,0.3,25,6,True,True,True,0.0,0.0,0.0,0.0,0.0,0.0,0.8,0.8,0.0,1.0,1.0,0.0,1.0,1.0,0.0,1.0,1.0,0.0,reasoning_D,D,HQ + D,repeat_02_fold_03,2,3
best_degree_prestige,hq,1.0,1.0,0.0,1.0,True,positive,0.1,25,6,True,True,True,0.0,0.0,0.0,0.88,0.88,0.0,1.0,1.0,0.0,1.0,1.0,0.0,1.0,1.0,0.0,1.0,1.0,0.0,reasoning_E,E,HQ + E,repeat_02_fold_03,2,3
comfort_index,hq,1.0,0.96,0.04,0.96,True,positive,3.0,25,6,True,True,True,0.0,0.0,0.0,0.32,0.32,0.0,0.96,0.96,0.0,0.96,0.96,0.0,0.96,0.96,0.0,1.0,0.96,0.04,reasoning_E,E,HQ + E,repeat_02_fold_03,2,3
company_size_is_growing,hq,1.0,0.92,0.08,0.92,True,positive,1.0,25,6,True,True,True,0.0,0.0,0.0,0.0,0.0,0.0,0.04,0.04,0.0,0.68,0.64,0.04,1.0,0.92,0.08,1.0,0.92,0.08,reasoning_E,E,HQ + E,repeat_02_fold_03,2,3
degree_level,hq,1.0,0.12,0.88,0.88,False,negative,1.0,25,6,True,True,True,0.0,0.0,0.0,0.0,0.0,0.0,0.28,0.0,0.28,0.88,0.04,0.84,1.0,0.12,0.88,1.0,0.12,0.88,reasoning_E,E,HQ + E,repeat_02_fold_03,2,3
edu_prestige_tier,hq,1.0,1.0,0.0,1.0,True,positive,0.1,25,6,True,True,True,0.0,0.0,0.0,0.88,0.88,0.0,1.0,1.0,0.0,1.0,1.0,0.0,1.0,1.0,0.0,1.0,1.0,0.0,reasoning_E,E,HQ + E,repeat_02_fold_03,2,3
exit_x_serial,hq,1.0,0.84,0.16,0.84,False,positive,1.0,25,6,True,True,True,0.0,0.0,0.0,0.48,0.48,0.0,0.56,0.56,0.0,0.88,0.84,0.04,1.0,0.84,0.16,1.0,0.84,0.16,reasoning_E,E,HQ + E,repeat_02_fold_03,2,3
industry_alignment,hq,1.0,1.0,0.0,1.0,True,positive,0.3,25,6,True,True,True,0.0,0.0,0.0,0.28,0.28,0.0,0.96,0.96,0.0,1.0,1.0,0.0,1.0,1.0,0.0,1.0,1.0,0.0,reasoning_E,E,HQ + E,repeat_02_fold_03,2,3
industry_prestige_penalty,hq,1.0,1.0,0.0,1.0,True,positive,0.3,25,6,True,True,True,0.0,0.0,0.0,0.48,0.48,0.0,0.92,0.92,0.0,1.0,1.0,0.0,1.0,1.0,0.0,1.0,1.0,0.0,reasoning_E,E,HQ + E,repeat_02_fold_03,2,3
is_serial_founder,hq,1.0,0.0,1.0,1.0,True,negative,1.0,25,6,True,True,True,0.0,0.0,0.0,0.0,0.0,0.0,0.48,0.0,0.48,0.96,0.0,0.96,1.0,0.0,1.0,1.0,0.0,1.0,reasoning_E,E,HQ + E,repeat_02_fold_03,2,3
max_seniority_reached,hq,1.0,0.96,0.04,0.96,True,positive,3.0,25,6,True,True,True,0.0,0.0,0.0,0.0,0.0,0.0,0.68,0.68,0.0,0.96,0.96,0.0,0.96,0.96,0.0,1.0,0.96,0.04,reasoning_E,E,HQ + E,repeat_02_fold_03,2,3
persistence_score,hq,1.0,0.04,0.96,0.96,True,negative,1.0,25,6,True,True,True,0.0,0.0,0.0,0.0,0.0,0.0,0.28,0.0,0.28,0.72,0.04,0.68,1.0,0.04,0.96,1.0,0.04,0.96,reasoning_E,E,HQ + E,repeat_02_fold_03,2,3
repeat_founding_gap,hq,1.0,0.72,0.28,0.72,False,positive,1.0,25,6,True,True,True,0.0,0.0,0.0,0.0,0.0,0.0,0.4,0.36,0.04,0.88,0.72,0.16,1.0,0.72,0.28,1.0,0.72,0.28,reasoning_E,E,HQ + E,repeat_02_fold_03,2,3
restlessness_score,hq,1.0,0.04,0.96,0.96,True,negative,3.0,25,6,True,True,True,0.0,0.0,0.0,0.0,0.0,0.0,0.32,0.0,0.32,0.8,0.0,0.8,0.96,0.0,0.96,1.0,0.04,0.96,reasoning_E,E,HQ + E,repeat_02_fold_03,2,3
sacrifice_x_serial,hq,1.0,0.96,0.04,0.96,True,positive,3.0,25,6,True,True,True,0.0,0.0,0.0,0.0,0.0,0.0,0.08,0.08,0.0,0.88,0.88,0.0,0.96,0.96,0.0,1.0,0.96,0.04,reasoning_E,E,HQ + E,repeat_02_fold_03,2,3
seniority_is_monotone,hq,1.0,0.16,0.84,0.84,False,negative,3.0,25,6,True,True,True,0.0,0.0,0.0,0.0,0.0,0.0,0.2,0.0,0.2,0.72,0.12,0.6,0.96,0.16,0.8,1.0,0.16,0.84,reasoning_E,E,HQ + E,repeat_02_fold_03,2,3
total_inferred_experience,hq,1.0,0.08,0.92,0.92,True,negative,3.0,25,6,True,True,True,0.0,0.0,0.0,0.0,0.0,0.0,0.48,0.0,0.48,0.76,0.0,0.76,0.88,0.04,0.84,1.0,0.08,0.92,reasoning_E,E,HQ + E,repeat_02_fold_03,2,3
years_in_large_company,hq,1.0,0.96,0.04,0.96,True,positive,3.0,25,6,True,True,True,0.0,0.0,0.0,0.0,0.0,0.0,0.32,0.32,0.0,0.72,0.72,0.0,0.88,0.88,0.0,1.0,0.96,0.04,reasoning_E,E,HQ + E,repeat_02_fold_03,2,3
has_prior_ipo,hq,0.96,0.96,0.0,1.0,True,positive,3.0,25,6,True,True,True,0.0,0.0,0.0,0.08,0.08,0.0,0.6,0.6,0.0,0.72,0.72,0.0,0.92,0.92,0.0,0.96,0.96,0.0,reasoning_E,E,HQ + E,repeat_02_fold_03,2,3
industry_pivot_count,hq,0.96,0.16,0.8,0.8333333333333334,False,negative,3.0,25,6,True,True,True,0.0,0.0,0.0,0.0,0.0,0.0,0.4,0.0,0.4,0.72,0.04,0.68,0.88,0.12,0.76,0.96,0.16,0.8,reasoning_E,E,HQ + E,repeat_02_fold_03,2,3
prestige_x_relevance,hq,0.96,0.56,0.4,0.5833333333333334,False,positive,3.0,25,6,True,True,True,0.0,0.0,0.0,0.32,0.32,0.0,0.36,0.36,0.0,0.56,0.52,0.04,0.92,0.56,0.36,0.96,0.56,0.4,reasoning_E,E,HQ + E,repeat_02_fold_03,2,3
stem_flag,hq,0.96,0.44,0.52,0.5416666666666667,False,negative,3.0,25,6,True,True,True,0.0,0.0,0.0,0.0,0.0,0.0,0.08,0.08,0.0,0.44,0.2,0.24,0.8,0.4,0.4,0.96,0.44,0.52,reasoning_E,E,HQ + E,repeat_02_fold_03,2,3
field_relevance_score,hq,0.92,0.48,0.44,0.5217391304347826,False,positive,3.0,25,6,True,True,True,0.0,0.0,0.0,0.0,0.0,0.0,0.0,0.0,0.0,0.28,0.04,0.24,0.68,0.28,0.4,0.92,0.48,0.44,reasoning_E,E,HQ + E,repeat_02_fold_03,2,3
founding_role_count,hq,0.92,0.28,0.64,0.6956521739130435,False,negative,1.0,25,6,True,True,True,0.0,0.0,0.0,0.0,0.0,0.0,0.16,0.0,0.16,0.52,0.0,0.52,0.92,0.28,0.64,0.92,0.28,0.64,reasoning_E,E,HQ + E,repeat_02_fold_03,2,3
longest_founding_tenure,hq,0.92,0.68,0.24,0.7391304347826088,False,positive,3.0,25,6,True,True,True,0.0,0.0,0.0,0.0,0.0,0.0,0.32,0.0,0.32,0.48,0.16,0.32,0.84,0.6,0.24,0.92,0.68,0.24,reasoning_E,E,HQ + E,repeat_02_fold_03,2,3
max_company_size_before_founding,hq,0.92,0.76,0.16,0.8260869565217391,False,positive,3.0,25,6,True,True,True,0.0,0.0,0.0,0.04,0.04,0.0,0.4,0.4,0.0,0.6,0.6,0.0,0.8,0.68,0.12,0.92,0.76,0.16,reasoning_E,E,HQ + E,repeat_02_fold_03,2,3
prestige_sacrifice_score,hq,0.92,0.64,0.28,0.6956521739130435,False,positive,3.0,25,6,True,True,True,0.0,0.0,0.0,0.36,0.36,0.0,0.76,0.76,0.0,0.72,0.72,0.0,0.84,0.68,0.16,0.92,0.64,0.28,reasoning_E,E,HQ + E,repeat_02_fold_03,2,3
exit_count,hq,0.88,0.88,0.0,1.0,True,positive,0.1,25,6,True,True,False,0.0,0.0,0.0,0.6,0.6,0.0,0.88,0.88,0.0,0.8,0.8,0.0,0.68,0.68,0.0,0.68,0.68,0.0,reasoning_E,E,HQ + E,repeat_02_fold_03,2,3
founding_timing,hq,0.88,0.24,0.64,0.7272727272727273,False,negative,3.0,25,6,True,True,False,0.0,0.0,0.0,0.0,0.0,0.0,0.16,0.0,0.16,0.72,0.0,0.72,0.8,0.08,0.72,0.88,0.24,0.64,reasoning_E,E,HQ + E,repeat_02_fold_03,2,3
has_prior_acquisition,hq,0.36,0.04,0.32,0.888888888888889,False,negative,3.0,25,6,False,False,False,0.0,0.0,0.0,0.04,0.04,0.0,0.08,0.08,0.0,0.12,0.08,0.04,0.2,0.04,0.16,0.36,0.04,0.32,reasoning_E,E,HQ + E,repeat_02_fold_03,2,3
E_hidden_risk,reasoning,1.0,0.92,0.08,0.92,True,positive,1.0,25,6,True,True,True,0.0,0.0,0.0,0.0,0.0,0.0,0.08,0.08,0.0,0.72,0.68,0.04,1.0,0.92,0.08,1.0,0.92,0.08,reasoning_E,E,HQ + E,repeat_02_fold_03,2,3
E_hidden_upside,reasoning,0.96,0.52,0.44,0.5416666666666667,False,positive,3.0,25,6,True,True,True,0.0,0.0,0.0,0.0,0.0,0.0,0.08,0.04,0.04,0.52,0.44,0.08,0.68,0.48,0.2,0.96,0.52,0.44,reasoning_E,E,HQ + E,repeat_02_fold_03,2,3
E_evidence_support_rating,reasoning,0.92,0.8,0.12,0.8695652173913043,False,positive,3.0,25,6,True,True,True,0.0,0.0,0.0,0.0,0.0,0.0,0.28,0.28,0.0,0.64,0.64,0.0,0.88,0.8,0.08,0.92,0.8,0.12,reasoning_E,E,HQ + E,repeat_02_fold_03,2,3
best_degree_prestige,hq,1.0,1.0,0.0,1.0,True,positive,3.0,25,6,True,True,True,0.0,0.0,0.0,0.6,0.6,0.0,0.88,0.88,0.0,0.92,0.92,0.0,0.96,0.96,0.0,1.0,1.0,0.0,reasoning_F,F,HQ + F,repeat_02_fold_03,2,3
comfort_index,hq,1.0,0.92,0.08,0.92,True,positive,3.0,25,6,True,True,True,0.0,0.0,0.0,0.2,0.2,0.0,0.84,0.84,0.0,0.92,0.92,0.0,0.96,0.92,0.04,1.0,0.92,0.08,reasoning_F,F,HQ + F,repeat_02_fold_03,2,3
company_size_is_growing,hq,1.0,0.6,0.4,0.6,False,positive,3.0,25,6,True,True,True,0.0,0.0,0.0,0.0,0.0,0.0,0.16,0.0,0.16,0.64,0.32,0.32,0.88,0.52,0.36,1.0,0.6,0.4,reasoning_F,F,HQ + F,repeat_02_fold_03,2,3
edu_prestige_tier,hq,1.0,1.0,0.0,1.0,True,positive,3.0,25,6,True,True,True,0.0,0.0,0.0,0.6,0.6,0.0,0.88,0.88,0.0,0.92,0.92,0.0,0.96,0.96,0.0,1.0,1.0,0.0,reasoning_F,F,HQ + F,repeat_02_fold_03,2,3
exit_x_serial,hq,1.0,0.88,0.12,0.88,False,positive,3.0,25,6,True,True,True,0.0,0.0,0.0,0.48,0.48,0.0,0.64,0.64,0.0,0.84,0.84,0.0,0.92,0.88,0.04,1.0,0.88,0.12,reasoning_F,F,HQ + F,repeat_02_fold_03,2,3
industry_alignment,hq,1.0,1.0,0.0,1.0,True,positive,0.3,25,6,True,True,True,0.0,0.0,0.0,0.24,0.24,0.0,0.96,0.96,0.0,1.0,1.0,0.0,1.0,1.0,0.0,1.0,1.0,0.0,reasoning_F,F,HQ + F,repeat_02_fold_03,2,3
industry_prestige_penalty,hq,1.0,0.96,0.04,0.96,True,positive,3.0,25,6,True,True,True,0.0,0.0,0.0,0.4,0.4,0.0,0.92,0.92,0.0,0.92,0.92,0.0,0.92,0.92,0.0,1.0,0.96,0.04,reasoning_F,F,HQ + F,repeat_02_fold_03,2,3
is_serial_founder,hq,1.0,0.0,1.0,1.0,True,negative,0.3,25,6,True,True,True,0.0,0.0,0.0,0.0,0.0,0.0,0.72,0.0,0.72,1.0,0.0,1.0,1.0,0.0,1.0,1.0,0.0,1.0,reasoning_F,F,HQ + F,repeat_02_fold_03,2,3
max_company_size_before_founding,hq,1.0,0.8,0.2,0.8,False,positive,1.0,25,6,True,True,True,0.0,0.0,0.0,0.0,0.0,0.0,0.44,0.44,0.0,0.68,0.68,0.0,1.0,0.8,0.2,0.96,0.76,0.2,reasoning_F,F,HQ + F,repeat_02_fold_03,2,3
max_seniority_reached,hq,1.0,1.0,0.0,1.0,True,positive,0.3,25,6,True,True,True,0.0,0.0,0.0,0.04,0.04,0.0,0.8,0.8,0.0,1.0,1.0,0.0,1.0,1.0,0.0,1.0,1.0,0.0,reasoning_F,F,HQ + F,repeat_02_fold_03,2,3
persistence_score,hq,1.0,0.04,0.96,0.96,True,negative,1.0,25,6,True,True,True,0.0,0.0,0.0,0.0,0.0,0.0,0.08,0.0,0.08,0.76,0.04,0.72,1.0,0.04,0.96,1.0,0.04,0.96,reasoning_F,F,HQ + F,repeat_02_fold_03,2,3
restlessness_score,hq,1.0,0.12,0.88,0.88,False,negative,3.0,25,6,True,True,True,0.0,0.0,0.0,0.0,0.0,0.0,0.52,0.0,0.52,0.96,0.08,0.88,0.96,0.08,0.88,1.0,0.12,0.88,reasoning_F,F,HQ + F,repeat_02_fold_03,2,3
sacrifice_x_serial,hq,1.0,0.96,0.04,0.96,True,positive,3.0,25,6,True,True,True,0.0,0.0,0.0,0.0,0.0,0.0,0.0,0.0,0.0,0.68,0.64,0.04,0.96,0.92,0.04,1.0,0.96,0.04,reasoning_F,F,HQ + F,repeat_02_fold_03,2,3
seniority_is_monotone,hq,1.0,0.16,0.84,0.84,False,negative,3.0,25,6,True,True,True,0.0,0.0,0.0,0.0,0.0,0.0,0.44,0.0,0.44,0.88,0.04,0.84,0.92,0.08,0.84,1.0,0.16,0.84,reasoning_F,F,HQ + F,repeat_02_fold_03,2,3
total_inferred_experience,hq,1.0,0.08,0.92,0.92,True,negative,3.0,25,6,True,True,True,0.0,0.0,0.0,0.0,0.0,0.0,0.64,0.0,0.64,0.88,0.0,0.88,0.92,0.0,0.92,1.0,0.08,0.92,reasoning_F,F,HQ + F,repeat_02_fold_03,2,3
field_relevance_score,hq,0.96,0.56,0.4,0.5833333333333334,False,positive,3.0,25,6,True,True,True,0.0,0.0,0.0,0.0,0.0,0.0,0.04,0.04,0.0,0.44,0.2,0.24,0.8,0.44,0.36,0.96,0.56,0.4,reasoning_F,F,HQ + F,repeat_02_fold_03,2,3
has_prior_ipo,hq,0.96,0.92,0.04,0.9583333333333334,True,positive,1.0,25,6,True,True,True,0.0,0.0,0.0,0.08,0.08,0.0,0.68,0.68,0.0,0.92,0.88,0.04,0.96,0.92,0.04,0.96,0.92,0.04,reasoning_F,F,HQ + F,repeat_02_fold_03,2,3
prestige_x_relevance,hq,0.96,0.6,0.36,0.625,False,positive,3.0,25,6,True,True,True,0.0,0.0,0.0,0.64,0.64,0.0,0.68,0.68,0.0,0.68,0.68,0.0,0.8,0.6,0.2,0.96,0.6,0.36,reasoning_F,F,HQ + F,repeat_02_fold_03,2,3
repeat_founding_gap,hq,0.96,0.88,0.08,0.9166666666666667,True,positive,1.0,25,6,True,True,True,0.0,0.0,0.0,0.0,0.0,0.0,0.36,0.36,0.0,0.84,0.8,0.04,0.96,0.88,0.08,0.96,0.88,0.08,reasoning_F,F,HQ + F,repeat_02_fold_03,2,3
stem_flag,hq,0.96,0.48,0.48,0.5,False,positive,3.0,25,6,True,True,True,0.0,0.0,0.0,0.0,0.0,0.0,0.08,0.0,0.08,0.36,0.12,0.24,0.8,0.36,0.44,0.96,0.48,0.48,reasoning_F,F,HQ + F,repeat_02_fold_03,2,3
years_in_large_company,hq,0.96,0.96,0.0,1.0,True,positive,3.0,25,6,True,True,True,0.0,0.0,0.0,0.0,0.0,0.0,0.16,0.16,0.0,0.68,0.68,0.0,0.92,0.92,0.0,0.96,0.96,0.0,reasoning_F,F,HQ + F,repeat_02_fold_03,2,3
degree_level,hq,0.92,0.2,0.72,0.7826086956521738,False,negative,3.0,25,6,True,True,True,0.0,0.0,0.0,0.0,0.0,0.0,0.12,0.08,0.04,0.72,0.08,0.64,0.8,0.12,0.68,0.92,0.2,0.72,reasoning_F,F,HQ + F,repeat_02_fold_03,2,3
exit_count,hq,0.92,0.92,0.0,1.0,True,positive,0.1,25,6,True,True,True,0.0,0.0,0.0,0.64,0.64,0.0,0.92,0.92,0.0,0.88,0.88,0.0,0.8,0.8,0.0,0.72,0.72,0.0,reasoning_F,F,HQ + F,repeat_02_fold_03,2,3
founding_timing,hq,0.92,0.28,0.64,0.6956521739130435,False,negative,3.0,25,6,True,True,True,0.0,0.0,0.0,0.0,0.0,0.0,0.24,0.0,0.24,0.6,0.0,0.6,0.76,0.12,0.64,0.92,0.28,0.64,reasoning_F,F,HQ + F,repeat_02_fold_03,2,3
longest_founding_tenure,hq,0.92,0.64,0.28,0.6956521739130435,False,positive,3.0,25,6,True,True,True,0.0,0.0,0.0,0.0,0.0,0.0,0.36,0.0,0.36,0.48,0.04,0.44,0.68,0.36,0.32,0.92,0.64,0.28,reasoning_F,F,HQ + F,repeat_02_fold_03,2,3
prestige_sacrifice_score,hq,0.92,0.64,0.28,0.6956521739130435,False,positive,3.0,25,6,True,True,True,0.0,0.0,0.0,0.28,0.28,0.0,0.88,0.88,0.0,0.84,0.84,0.0,0.68,0.64,0.04,0.92,0.64,0.28,reasoning_F,F,HQ + F,repeat_02_fold_03,2,3
founding_role_count,hq,0.88,0.28,0.6,0.6818181818181818,False,negative,3.0,25,6,True,True,False,0.0,0.0,0.0,0.0,0.0,0.0,0.2,0.0,0.2,0.4,0.0,0.4,0.72,0.16,0.56,0.88,0.28,0.6,reasoning_F,F,HQ + F,repeat_02_fold_03,2,3
industry_pivot_count,hq,0.88,0.08,0.8,0.9090909090909092,True,negative,3.0,25,6,True,True,False,0.0,0.0,0.0,0.0,0.0,0.0,0.08,0.0,0.08,0.6,0.0,0.6,0.84,0.08,0.76,0.88,0.08,0.8,reasoning_F,F,HQ + F,repeat_02_fold_03,2,3
has_prior_acquisition,hq,0.2,0.08,0.12,0.6,False,negative,3.0,25,6,False,False,False,0.0,0.0,0.0,0.04,0.04,0.0,0.12,0.12,0.0,0.08,0.08,0.0,0.12,0.08,0.04,0.2,0.08,0.12,reasoning_F,F,HQ + F,repeat_02_fold_03,2,3
F_career_coherence,reasoning,1.0,0.0,1.0,1.0,True,negative,0.3,25,6,True,True,True,0.0,0.0,0.0,0.0,0.0,0.0,0.56,0.0,0.56,1.0,0.0,1.0,1.0,0.0,1.0,1.0,0.0,1.0,reasoning_F,F,HQ + F,repeat_02_fold_03,2,3
F_evidence_support_rating,reasoning,1.0,1.0,0.0,1.0,True,positive,0.3,25,6,True,True,True,0.0,0.0,0.0,0.0,0.0,0.0,0.36,0.36,0.0,1.0,1.0,0.0,1.0,1.0,0.0,1.0,1.0,0.0,reasoning_F,F,HQ + F,repeat_02_fold_03,2,3
F_ownership_signal,reasoning,0.92,0.84,0.08,0.9130434782608695,True,positive,3.0,25,6,True,True,True,0.0,0.0,0.0,0.0,0.0,0.0,0.0,0.0,0.0,0.2,0.2,0.0,0.84,0.84,0.0,0.92,0.84,0.08,reasoning_F,F,HQ + F,repeat_02_fold_03,2,3
F_scrappiness,reasoning,0.8,0.12,0.68,0.85,False,negative,3.0,25,6,True,True,False,0.0,0.0,0.0,0.0,0.0,0.0,0.0,0.0,0.0,0.24,0.08,0.16,0.56,0.12,0.44,0.8,0.12,0.68,reasoning_F,F,HQ + F,repeat_02_fold_03,2,3
F_rubric_score,reasoning,0.76,0.16,0.6,0.7894736842105263,False,negative,3.0,25,6,True,False,False,0.0,0.0,0.0,0.0,0.0,0.0,0.0,0.0,0.0,0.0,0.0,0.0,0.24,0.12,0.12,0.76,0.16,0.6,reasoning_F,F,HQ + F,repeat_02_fold_03,2,3
F_trajectory_strength,reasoning,0.76,0.68,0.08,0.8947368421052632,False,positive,3.0,25,6,True,False,False,0.0,0.0,0.0,0.0,0.0,0.0,0.0,0.0,0.0,0.0,0.0,0.0,0.52,0.44,0.08,0.76,0.68,0.08,reasoning_F,F,HQ + F,repeat_02_fold_03,2,3
best_degree_prestige,hq,1.0,1.0,0.0,1.0,True,positive,0.3,25,6,True,True,True,0.0,0.0,0.0,0.68,0.68,0.0,0.96,0.96,0.0,1.0,1.0,0.0,1.0,1.0,0.0,1.0,1.0,0.0,reasoning_A,A,HQ + A,repeat_03_fold_01,3,1
comfort_index,hq,1.0,0.92,0.08,0.92,True,positive,1.0,25,6,True,True,True,0.0,0.0,0.0,0.16,0.16,0.0,0.92,0.92,0.0,0.96,0.92,0.04,1.0,0.92,0.08,1.0,0.92,0.08,reasoning_A,A,HQ + A,repeat_03_fold_01,3,1
degree_level,hq,1.0,0.12,0.88,0.88,False,negative,3.0,25,6,True,True,True,0.0,0.0,0.0,0.0,0.0,0.0,0.08,0.0,0.08,0.8,0.04,0.76,0.96,0.12,0.84,1.0,0.12,0.88,reasoning_A,A,HQ + A,repeat_03_fold_01,3,1
edu_prestige_tier,hq,1.0,1.0,0.0,1.0,True,positive,0.3,25,6,True,True,True,0.0,0.0,0.0,0.68,0.68,0.0,0.96,0.96,0.0,1.0,1.0,0.0,1.0,1.0,0.0,1.0,1.0,0.0,reasoning_A,A,HQ + A,repeat_03_fold_01,3,1
industry_alignment,hq,1.0,1.0,0.0,1.0,True,positive,0.1,25,6,True,True,True,0.0,0.0,0.0,0.2,0.2,0.0,1.0,1.0,0.0,1.0,1.0,0.0,1.0,1.0,0.0,1.0,1.0,0.0,reasoning_A,A,HQ + A,repeat_03_fold_01,3,1
industry_pivot_count,hq,1.0,0.12,0.88,0.88,False,negative,3.0,25,6,True,True,True,0.0,0.0,0.0,0.0,0.0,0.0,0.32,0.0,0.32,0.72,0.0,0.72,0.92,0.08,0.84,1.0,0.12,0.88,reasoning_A,A,HQ + A,repeat_03_fold_01,3,1
industry_prestige_penalty,hq,1.0,1.0,0.0,1.0,True,positive,0.1,25,6,True,True,True,0.0,0.0,0.0,0.48,0.48,0.0,1.0,1.0,0.0,1.0,1.0,0.0,1.0,1.0,0.0,1.0,1.0,0.0,reasoning_A,A,HQ + A,repeat_03_fold_01,3,1
longest_founding_tenure,hq,1.0,0.0,1.0,1.0,True,negative,0.3,25,6,True,True,True,0.0,0.0,0.0,0.0,0.0,0.0,0.88,0.0,0.88,1.0,0.0,1.0,1.0,0.0,1.0,1.0,0.0,1.0,reasoning_A,A,HQ + A,repeat_03_fold_01,3,1
max_company_size_before_founding,hq,1.0,0.8,0.2,0.8,False,positive,3.0,25,6,True,True,True,0.0,0.0,0.0,0.04,0.04,0.0,0.36,0.36,0.0,0.56,0.56,0.0,0.96,0.8,0.16,1.0,0.8,0.2,reasoning_A,A,HQ + A,repeat_03_fold_01,3,1
max_seniority_reached,hq,1.0,1.0,0.0,1.0,True,positive,0.3,25,6,True,True,True,0.0,0.0,0.0,0.04,0.04,0.0,0.84,0.84,0.0,1.0,1.0,0.0,1.0,1.0,0.0,1.0,1.0,0.0,reasoning_A,A,HQ + A,repeat_03_fold_01,3,1
stem_flag,hq,1.0,1.0,0.0,1.0,True,positive,3.0,25,6,True,True,True,0.0,0.0,0.0,0.0,0.0,0.0,0.28,0.28,0.0,0.64,0.64,0.0,0.96,0.96,0.0,1.0,1.0,0.0,reasoning_A,A,HQ + A,repeat_03_fold_01,3,1
years_in_large_company,hq,1.0,0.88,0.12,0.88,False,positive,1.0,25,6,True,True,True,0.0,0.0,0.0,0.04,0.04,0.0,0.56,0.56,0.0,0.84,0.8,0.04,1.0,0.88,0.12,1.0,0.88,0.12,reasoning_A,A,HQ + A,repeat_03_fold_01,3,1
company_size_is_growing,hq,0.96,0.12,0.84,0.875,False,negative,1.0,25,6,True,True,True,0.0,0.0,0.0,0.0,0.0,0.0,0.64,0.0,0.64,0.8,0.0,0.8,0.96,0.12,0.84,0.96,0.12,0.84,reasoning_A,A,HQ + A,repeat_03_fold_01,3,1
field_relevance_score,hq,0.96,0.24,0.72,0.75,False,negative,3.0,25,6,True,True,True,0.0,0.0,0.0,0.0,0.0,0.0,0.04,0.04,0.0,0.48,0.08,0.4,0.68,0.08,0.6,0.96,0.24,0.72,reasoning_A,A,HQ + A,repeat_03_fold_01,3,1
has_prior_ipo,hq,0.96,0.96,0.0,1.0,True,positive,3.0,25,6,True,True,True,0.0,0.0,0.0,0.2,0.2,0.0,0.56,0.56,0.0,0.76,0.76,0.0,0.8,0.8,0.0,0.96,0.96,0.0,reasoning_A,A,HQ + A,repeat_03_fold_01,3,1
is_serial_founder,hq,0.96,0.12,0.84,0.875,False,negative,3.0,25,6,True,True,True,0.0,0.0,0.0,0.0,0.0,0.0,0.36,0.0,0.36,0.6,0.0,0.6,0.92,0.12,0.8,0.96,0.12,0.84,reasoning_A,A,HQ + A,repeat_03_fold_01,3,1
prestige_sacrifice_score,hq,0.96,0.88,0.08,0.9166666666666667,True,positive,1.0,25,6,True,True,True,0.0,0.0,0.0,0.68,0.68,0.0,0.92,0.92,0.0,0.88,0.88,0.0,0.96,0.88,0.08,0.96,0.84,0.12,reasoning_A,A,HQ + A,repeat_03_fold_01,3,1
repeat_founding_gap,hq,0.96,0.44,0.52,0.5416666666666667,False,negative,3.0,25,6,True,True,True,0.0,0.0,0.0,0.0,0.0,0.0,0.24,0.08,0.16,0.72,0.32,0.4,0.88,0.32,0.56,0.96,0.44,0.52,reasoning_A,A,HQ + A,repeat_03_fold_01,3,1
restlessness_score,hq,0.96,0.16,0.8,0.8333333333333334,False,negative,3.0,25,6,True,True,True,0.0,0.0,0.0,0.0,0.0,0.0,0.36,0.04,0.32,0.76,0.08,0.68,0.88,0.12,0.76,0.96,0.16,0.8,reasoning_A,A,HQ + A,repeat_03_fold_01,3,1
seniority_is_monotone,hq,0.96,0.4,0.56,0.5833333333333334,False,negative,3.0,25,6,True,True,True,0.0,0.0,0.0,0.0,0.0,0.0,0.12,0.08,0.04,0.52,0.2,0.32,0.8,0.32,0.48,0.96,0.4,0.56,reasoning_A,A,HQ + A,repeat_03_fold_01,3,1
founding_role_count,hq,0.92,0.6,0.32,0.6521739130434782,False,positive,3.0,25,6,True,True,True,0.0,0.0,0.0,0.0,0.0,0.0,0.04,0.0,0.04,0.32,0.16,0.16,0.88,0.56,0.32,0.92,0.6,0.32,reasoning_A,A,HQ + A,repeat_03_fold_01,3,1
persistence_score,hq,0.92,0.6,0.32,0.6521739130434782,False,positive,3.0,25,6,True,True,True,0.0,0.0,0.0,0.0,0.0,0.0,0.0,0.0,0.0,0.48,0.36,0.12,0.76,0.6,0.16,0.92,0.6,0.32,reasoning_A,A,HQ + A,repeat_03_fold_01,3,1
sacrifice_x_serial,hq,0.92,0.8,0.12,0.8695652173913043,False,positive,3.0,25,6,True,True,True,0.0,0.0,0.0,0.0,0.0,0.0,0.12,0.12,0.0,0.48,0.4,0.08,0.84,0.76,0.08,0.92,0.8,0.12,reasoning_A,A,HQ + A,repeat_03_fold_01,3,1
total_inferred_experience,hq,0.92,0.16,0.76,0.8260869565217391,False,negative,3.0,25,6,True,True,True,0.0,0.0,0.0,0.0,0.0,0.0,0.44,0.0,0.44,0.76,0.0,0.76,0.8,0.04,0.76,0.92,0.16,0.76,reasoning_A,A,HQ + A,repeat_03_fold_01,3,1
exit_x_serial,hq,0.88,0.48,0.4,0.5454545454545454,False,positive,3.0,25,6,True,True,False,0.0,0.0,0.0,0.4,0.4,0.0,0.48,0.48,0.0,0.72,0.52,0.2,0.8,0.48,0.32,0.88,0.48,0.4,reasoning_A,A,HQ + A,repeat_03_fold_01,3,1
exit_count,hq,0.84,0.84,0.0,1.0,True,positive,0.1,25,6,True,True,False,0.0,0.0,0.0,0.8,0.8,0.0,0.84,0.84,0.0,0.84,0.84,0.0,0.84,0.84,0.0,0.84,0.84,0.0,reasoning_A,A,HQ + A,repeat_03_fold_01,3,1
prestige_x_relevance,hq,0.84,0.4,0.44,0.5238095238095238,False,negative,3.0,25,6,True,True,False,0.0,0.0,0.0,0.48,0.48,0.0,0.44,0.44,0.0,0.48,0.4,0.08,0.76,0.4,0.36,0.84,0.4,0.44,reasoning_A,A,HQ + A,repeat_03_fold_01,3,1
founding_timing,hq,0.8,0.32,0.48,0.6,False,negative,3.0,25,6,True,True,False,0.0,0.0,0.0,0.0,0.0,0.0,0.08,0.0,0.08,0.36,0.0,0.36,0.64,0.2,0.44,0.8,0.32,0.48,reasoning_A,A,HQ + A,repeat_03_fold_01,3,1
has_prior_acquisition,hq,0.6,0.44,0.16,0.7333333333333334,False,positive,3.0,25,6,True,False,False,0.0,0.0,0.0,0.12,0.12,0.0,0.16,0.16,0.0,0.2,0.16,0.04,0.32,0.16,0.16,0.6,0.44,0.16,reasoning_A,A,HQ + A,repeat_03_fold_01,3,1
A_evidence_support_rating,reasoning,1.0,1.0,0.0,1.0,True,positive,0.03,25,6,True,True,True,0.0,0.0,0.0,1.0,1.0,0.0,1.0,1.0,0.0,1.0,1.0,0.0,1.0,1.0,0.0,1.0,1.0,0.0,reasoning_A,A,HQ + A,repeat_03_fold_01,3,1
A_scrappiness,reasoning,1.0,0.0,1.0,1.0,True,negative,0.1,25,6,True,True,True,0.0,0.0,0.0,0.8,0.0,0.8,1.0,0.0,1.0,1.0,0.0,1.0,1.0,0.0,1.0,1.0,0.0,1.0,reasoning_A,A,HQ + A,repeat_03_fold_01,3,1
A_career_coherence,reasoning,0.96,0.12,0.84,0.875,False,negative,1.0,25,6,True,True,True,0.0,0.0,0.0,0.0,0.0,0.0,0.16,0.0,0.16,0.72,0.0,0.72,0.96,0.12,0.84,0.96,0.12,0.84,reasoning_A,A,HQ + A,repeat_03_fold_01,3,1
A_ownership_signal,reasoning,0.96,0.32,0.64,0.6666666666666667,False,negative,1.0,25,6,True,True,True,0.0,0.0,0.0,0.24,0.0,0.24,0.68,0.0,0.68,0.72,0.04,0.68,0.96,0.32,0.64,0.96,0.36,0.6,reasoning_A,A,HQ + A,repeat_03_fold_01,3,1
A_trajectory_strength,reasoning,0.96,0.04,0.92,0.9583333333333334,True,negative,3.0,25,6,True,True,True,0.0,0.0,0.0,0.0,0.0,0.0,0.6,0.0,0.6,0.84,0.0,0.84,0.92,0.0,0.92,0.96,0.04,0.92,reasoning_A,A,HQ + A,repeat_03_fold_01,3,1
comfort_index,hq,1.0,0.92,0.08,0.92,True,positive,3.0,25,6,True,True,True,0.0,0.0,0.0,0.28,0.28,0.0,0.84,0.84,0.0,0.92,0.88,0.04,0.96,0.88,0.08,1.0,0.92,0.08,reasoning_B,B,HQ + B,repeat_03_fold_01,3,1
company_size_is_growing,hq,1.0,0.04,0.96,0.96,True,negative,3.0,25,6,True,True,True,0.0,0.0,0.0,0.04,0.0,0.04,0.68,0.0,0.68,0.92,0.0,0.92,0.96,0.04,0.92,1.0,0.04,0.96,reasoning_B,B,HQ + B,repeat_03_fold_01,3,1
founding_role_count,hq,1.0,0.76,0.24,0.76,False,positive,3.0,25,6,True,True,True,0.0,0.0,0.0,0.0,0.0,0.0,0.0,0.0,0.0,0.52,0.32,0.2,0.92,0.68,0.24,1.0,0.76,0.24,reasoning_B,B,HQ + B,repeat_03_fold_01,3,1
industry_alignment,hq,1.0,1.0,0.0,1.0,True,positive,0.1,25,6,True,True,True,0.0,0.0,0.0,0.36,0.36,0.0,1.0,1.0,0.0,1.0,1.0,0.0,1.0,1.0,0.0,1.0,1.0,0.0,reasoning_B,B,HQ + B,repeat_03_fold_01,3,1
industry_pivot_count,hq,1.0,0.08,0.92,0.92,True,negative,3.0,25,6,True,True,True,0.0,0.0,0.0,0.0,0.0,0.0,0.28,0.0,0.28,0.92,0.0,0.92,0.92,0.0,0.92,1.0,0.08,0.92,reasoning_B,B,HQ + B,repeat_03_fold_01,3,1
industry_prestige_penalty,hq,1.0,0.96,0.04,0.96,True,positive,1.0,25,6,True,True,True,0.0,0.0,0.0,0.52,0.52,0.0,0.92,0.92,0.0,0.96,0.96,0.0,1.0,0.96,0.04,1.0,0.96,0.04,reasoning_B,B,HQ + B,repeat_03_fold_01,3,1
is_serial_founder,hq,1.0,0.0,1.0,1.0,True,negative,3.0,25,6,True,True,True,0.0,0.0,0.0,0.0,0.0,0.0,0.16,0.0,0.16,0.64,0.0,0.64,0.96,0.0,0.96,1.0,0.0,1.0,reasoning_B,B,HQ + B,repeat_03_fold_01,3,1
longest_founding_tenure,hq,1.0,0.04,0.96,0.96,True,negative,1.0,25,6,True,True,True,0.0,0.0,0.0,0.0,0.0,0.0,0.8,0.0,0.8,0.96,0.0,0.96,1.0,0.04,0.96,1.0,0.04,0.96,reasoning_B,B,HQ + B,repeat_03_fold_01,3,1
max_seniority_reached,hq,1.0,1.0,0.0,1.0,True,positive,1.0,25,6,True,True,True,0.0,0.0,0.0,0.0,0.0,0.0,0.76,0.76,0.0,0.96,0.96,0.0,1.0,1.0,0.0,1.0,1.0,0.0,reasoning_B,B,HQ + B,repeat_03_fold_01,3,1
restlessness_score,hq,1.0,0.2,0.8,0.8,False,negative,3.0,25,6,True,True,True,0.0,0.0,0.0,0.0,0.0,0.0,0.16,0.0,0.16,0.8,0.12,0.68,0.96,0.16,0.8,1.0,0.2,0.8,reasoning_B,B,HQ + B,repeat_03_fold_01,3,1
degree_level,hq,0.96,0.24,0.72,0.75,False,negative,1.0,25,6,True,True,True,0.0,0.0,0.0,0.0,0.0,0.0,0.08,0.08,0.0,0.68,0.16,0.52,0.96,0.24,0.72,0.96,0.24,0.72,reasoning_B,B,HQ + B,repeat_03_fold_01,3,1
exit_count,hq,0.96,0.92,0.04,0.9583333333333334,True,positive,1.0,25,6,True,True,True,0.0,0.0,0.0,0.84,0.84,0.0,0.92,0.92,0.0,0.92,0.92,0.0,0.96,0.92,0.04,0.96,0.92,0.04,reasoning_B,B,HQ + B,repeat_03_fold_01,3,1
field_relevance_score,hq,0.96,0.28,0.68,0.7083333333333334,False,negative,1.0,25,6,True,True,True,0.0,0.0,0.0,0.0,0.0,0.0,0.08,0.08,0.0,0.44,0.16,0.28,0.96,0.28,0.68,0.88,0.24,0.64,reasoning_B,B,HQ + B,repeat_03_fold_01,3,1
max_company_size_before_founding,hq,0.96,0.68,0.28,0.7083333333333334,False,positive,3.0,25,6,True,True,True,0.0,0.0,0.0,0.0,0.0,0.0,0.24,0.24,0.0,0.56,0.52,0.04,0.92,0.68,0.24,0.96,0.68,0.28,reasoning_B,B,HQ + B,repeat_03_fold_01,3,1
prestige_sacrifice_score,hq,0.96,0.96,0.0,1.0,True,positive,0.3,25,6,True,True,True,0.0,0.0,0.0,0.88,0.88,0.0,0.92,0.92,0.0,0.96,0.96,0.0,0.96,0.92,0.04,0.96,0.92,0.04,reasoning_B,B,HQ + B,repeat_03_fold_01,3,1
prestige_x_relevance,hq,0.96,0.48,0.48,0.5,False,positive,3.0,25,6,True,True,True,0.0,0.0,0.0,0.56,0.56,0.0,0.52,0.52,0.0,0.56,0.44,0.12,0.84,0.44,0.4,0.96,0.48,0.48,reasoning_B,B,HQ + B,repeat_03_fold_01,3,1
repeat_founding_gap,hq,0.96,0.6,0.36,0.625,False,positive,3.0,25,6,True,True,True,0.0,0.0,0.0,0.0,0.0,0.0,0.4,0.24,0.16,0.72,0.44,0.28,0.92,0.56,0.36,0.96,0.6,0.36,reasoning_B,B,HQ + B,repeat_03_fold_01,3,1
stem_flag,hq,0.96,0.92,0.04,0.9583333333333334,True,positive,3.0,25,6,True,True,True,0.0,0.0,0.0,0.0,0.0,0.0,0.2,0.2,0.0,0.6,0.6,0.0,0.88,0.88,0.0,0.96,0.92,0.04,reasoning_B,B,HQ + B,repeat_03_fold_01,3,1
years_in_large_company,hq,0.96,0.88,0.08,0.9166666666666667,True,positive,3.0,25,6,True,True,True,0.0,0.0,0.0,0.04,0.04,0.0,0.32,0.32,0.0,0.72,0.72,0.0,0.88,0.88,0.0,0.96,0.88,0.08,reasoning_B,B,HQ + B,repeat_03_fold_01,3,1
best_degree_prestige,hq,0.92,0.8,0.12,0.8695652173913043,False,positive,3.0,25,6,True,True,True,0.0,0.0,0.0,0.64,0.64,0.0,0.8,0.8,0.0,0.84,0.84,0.0,0.84,0.84,0.0,0.92,0.8,0.12,reasoning_B,B,HQ + B,repeat_03_fold_01,3,1
edu_prestige_tier,hq,0.92,0.8,0.12,0.8695652173913043,False,positive,3.0,25,6,True,True,True,0.0,0.0,0.0,0.64,0.64,0.0,0.8,0.8,0.0,0.84,0.84,0.0,0.84,0.84,0.0,0.92,0.8,0.12,reasoning_B,B,HQ + B,repeat_03_fold_01,3,1
exit_x_serial,hq,0.92,0.32,0.6,0.6521739130434782,False,negative,3.0,25,6,True,True,True,0.0,0.0,0.0,0.24,0.24,0.0,0.32,0.32,0.0,0.56,0.4,0.16,0.84,0.32,0.52,0.92,0.32,0.6,reasoning_B,B,HQ + B,repeat_03_fold_01,3,1
persistence_score,hq,0.92,0.76,0.16,0.8260869565217391,False,positive,3.0,25,6,True,True,True,0.0,0.0,0.0,0.0,0.0,0.0,0.0,0.0,0.0,0.56,0.48,0.08,0.84,0.72,0.12,0.92,0.76,0.16,reasoning_B,B,HQ + B,repeat_03_fold_01,3,1
sacrifice_x_serial,hq,0.92,0.84,0.08,0.9130434782608695,True,positive,3.0,25,6,True,True,True,0.0,0.0,0.0,0.0,0.0,0.0,0.08,0.08,0.0,0.28,0.28,0.0,0.76,0.76,0.0,0.92,0.84,0.08,reasoning_B,B,HQ + B,repeat_03_fold_01,3,1
seniority_is_monotone,hq,0.92,0.32,0.6,0.6521739130434782,False,negative,3.0,25,6,True,True,True,0.0,0.0,0.0,0.0,0.0,0.0,0.24,0.0,0.24,0.56,0.08,0.48,0.88,0.28,0.6,0.92,0.32,0.6,reasoning_B,B,HQ + B,repeat_03_fold_01,3,1
founding_timing,hq,0.88,0.12,0.76,0.8636363636363636,False,negative,3.0,25,6,True,True,False,0.0,0.0,0.0,0.0,0.0,0.0,0.08,0.0,0.08,0.48,0.0,0.48,0.8,0.08,0.72,0.88,0.12,0.76,reasoning_B,B,HQ + B,repeat_03_fold_01,3,1
total_inferred_experience,hq,0.84,0.32,0.52,0.6190476190476191,False,negative,3.0,25,6,True,True,False,0.0,0.0,0.0,0.0,0.0,0.0,0.36,0.0,0.36,0.52,0.0,0.52,0.8,0.24,0.56,0.84,0.32,0.52,reasoning_B,B,HQ + B,repeat_03_fold_01,3,1
has_prior_ipo,hq,0.72,0.72,0.0,1.0,True,positive,1.0,25,6,True,False,False,0.0,0.0,0.0,0.16,0.16,0.0,0.4,0.4,0.0,0.52,0.52,0.0,0.72,0.72,0.0,0.72,0.72,0.0,reasoning_B,B,HQ + B,repeat_03_fold_01,3,1
has_prior_acquisition,hq,0.4,0.4,0.0,1.0,True,positive,0.1,25,6,False,False,False,0.0,0.0,0.0,0.16,0.16,0.0,0.4,0.4,0.0,0.24,0.24,0.0,0.28,0.24,0.04,0.32,0.24,0.08,reasoning_B,B,HQ + B,repeat_03_fold_01,3,1
B_evidence_support_rating,reasoning,1.0,1.0,0.0,1.0,True,positive,0.3,25,6,True,True,True,0.0,0.0,0.0,0.0,0.0,0.0,0.52,0.52,0.0,1.0,1.0,0.0,1.0,1.0,0.0,1.0,1.0,0.0,reasoning_B,B,HQ + B,repeat_03_fold_01,3,1
B_rubric_score,reasoning,1.0,0.04,0.96,0.96,True,negative,3.0,25,6,True,True,True,0.0,0.0,0.0,0.0,0.0,0.0,0.0,0.0,0.0,0.56,0.0,0.56,0.92,0.0,0.92,1.0,0.04,0.96,reasoning_B,B,HQ + B,repeat_03_fold_01,3,1
comfort_index,hq,1.0,0.96,0.04,0.96,True,positive,1.0,25,6,True,True,True,0.0,0.0,0.0,0.2,0.2,0.0,0.88,0.88,0.0,0.92,0.92,0.0,1.0,0.96,0.04,1.0,0.96,0.04,reasoning_C,C,HQ + C,repeat_03_fold_01,3,1
degree_level,hq,1.0,0.44,0.56,0.56,False,negative,3.0,25,6,True,True,True,0.0,0.0,0.0,0.0,0.0,0.0,0.2,0.12,0.08,0.52,0.24,0.28,0.92,0.4,0.52,1.0,0.44,0.56,reasoning_C,C,HQ + C,repeat_03_fold_01,3,1
exit_x_serial,hq,1.0,0.6,0.4,0.6,False,positive,3.0,25,6,True,True,True,0.0,0.0,0.0,0.6,0.6,0.0,0.56,0.56,0.0,0.72,0.56,0.16,0.96,0.6,0.36,1.0,0.6,0.4,reasoning_C,C,HQ + C,repeat_03_fold_01,3,1
industry_alignment,hq,1.0,1.0,0.0,1.0,True,positive,0.1,25,6,True,True,True,0.0,0.0,0.0,0.44,0.44,0.0,1.0,1.0,0.0,1.0,1.0,0.0,1.0,1.0,0.0,1.0,1.0,0.0,reasoning_C,C,HQ + C,repeat_03_fold_01,3,1
industry_pivot_count,hq,1.0,0.2,0.8,0.8,False,negative,3.0,25,6,True,True,True,0.0,0.0,0.0,0.0,0.0,0.0,0.4,0.0,0.4,0.72,0.0,0.72,0.88,0.08,0.8,1.0,0.2,0.8,reasoning_C,C,HQ + C,repeat_03_fold_01,3,1
industry_prestige_penalty,hq,1.0,0.84,0.16,0.84,False,positive,3.0,25,6,True,True,True,0.0,0.0,0.0,0.28,0.28,0.0,0.84,0.84,0.0,0.88,0.84,0.04,0.96,0.84,0.12,1.0,0.84,0.16,reasoning_C,C,HQ + C,repeat_03_fold_01,3,1
is_serial_founder,hq,1.0,0.16,0.84,0.84,False,negative,3.0,25,6,True,True,True,0.0,0.0,0.0,0.0,0.0,0.0,0.32,0.0,0.32,0.64,0.0,0.64,0.88,0.04,0.84,1.0,0.16,0.84,reasoning_C,C,HQ + C,repeat_03_fold_01,3,1
longest_founding_tenure,hq,1.0,0.04,0.96,0.96,True,negative,3.0,25,6,True,True,True,0.0,0.0,0.0,0.0,0.0,0.0,0.8,0.0,0.8,0.96,0.0,0.96,0.96,0.0,0.96,1.0,0.04,0.96,reasoning_C,C,HQ + C,repeat_03_fold_01,3,1
prestige_sacrifice_score,hq,1.0,0.92,0.08,0.92,True,positive,3.0,25,6,True,True,True,0.0,0.0,0.0,0.76,0.76,0.0,0.92,0.92,0.0,0.88,0.88,0.0,0.96,0.88,0.08,1.0,0.92,0.08,reasoning_C,C,HQ + C,repeat_03_fold_01,3,1
restlessness_score,hq,1.0,0.24,0.76,0.76,False,negative,3.0,25,6,True,True,True,0.0,0.0,0.0,0.0,0.0,0.0,0.28,0.0,0.28,0.64,0.04,0.6,0.84,0.16,0.68,1.0,0.24,0.76,reasoning_C,C,HQ + C,repeat_03_fold_01,3,1
seniority_is_monotone,hq,1.0,0.32,0.68,0.68,False,negative,1.0,25,6,True,True,True,0.0,0.0,0.0,0.0,0.0,0.0,0.28,0.0,0.28,0.76,0.2,0.56,1.0,0.32,0.68,1.0,0.32,0.68,reasoning_C,C,HQ + C,repeat_03_fold_01,3,1
years_in_large_company,hq,1.0,0.8,0.2,0.8,False,positive,3.0,25,6,True,True,True,0.0,0.0,0.0,0.08,0.08,0.0,0.32,0.32,0.0,0.52,0.52,0.0,0.88,0.76,0.12,1.0,0.8,0.2,reasoning_C,C,HQ + C,repeat_03_fold_01,3,1
best_degree_prestige,hq,0.96,0.96,0.0,1.0,True,positive,0.1,25,6,True,True,True,0.0,0.0,0.0,0.84,0.84,0.0,0.96,0.96,0.0,0.96,0.96,0.0,0.92,0.92,0.0,0.96,0.92,0.04,reasoning_C,C,HQ + C,repeat_03_fold_01,3,1
company_size_is_growing,hq,0.96,0.16,0.8,0.8333333333333334,False,negative,1.0,25,6,True,True,True,0.0,0.0,0.0,0.0,0.0,0.0,0.48,0.0,0.48,0.72,0.0,0.72,0.96,0.16,0.8,0.96,0.16,0.8,reasoning_C,C,HQ + C,repeat_03_fold_01,3,1
edu_prestige_tier,hq,0.96,0.96,0.0,1.0,True,positive,0.1,25,6,True,True,True,0.0,0.0,0.0,0.84,0.84,0.0,0.96,0.96,0.0,0.96,0.96,0.0,0.92,0.92,0.0,0.96,0.92,0.04,reasoning_C,C,HQ + C,repeat_03_fold_01,3,1
max_company_size_before_founding,hq,0.96,0.8,0.16,0.8333333333333334,False,positive,3.0,25,6,True,True,True,0.0,0.0,0.0,0.04,0.04,0.0,0.32,0.32,0.0,0.48,0.48,0.0,0.8,0.72,0.08,0.96,0.8,0.16,reasoning_C,C,HQ + C,repeat_03_fold_01,3,1
max_seniority_reached,hq,0.96,0.92,0.04,0.9583333333333334,True,positive,3.0,25,6,True,True,True,0.0,0.0,0.0,0.0,0.0,0.0,0.76,0.76,0.0,0.92,0.92,0.0,0.92,0.92,0.0,0.96,0.92,0.04,reasoning_C,C,HQ + C,repeat_03_fold_01,3,1
prestige_x_relevance,hq,0.96,0.6,0.36,0.625,False,positive,3.0,25,6,True,True,True,0.0,0.0,0.0,0.8,0.8,0.0,0.76,0.76,0.0,0.56,0.56,0.0,0.72,0.52,0.2,0.96,0.6,0.36,reasoning_C,C,HQ + C,repeat_03_fold_01,3,1
sacrifice_x_serial,hq,0.96,0.6,0.36,0.625,False,positive,3.0,25,6,True,True,True,0.0,0.0,0.0,0.0,0.0,0.0,0.08,0.08,0.0,0.56,0.44,0.12,0.76,0.56,0.2,0.96,0.6,0.36,reasoning_C,C,HQ + C,repeat_03_fold_01,3,1
stem_flag,hq,0.96,0.8,0.16,0.8333333333333334,False,positive,3.0,25,6,True,True,True,0.0,0.0,0.0,0.0,0.0,0.0,0.2,0.2,0.0,0.52,0.44,0.08,0.8,0.64,0.16,0.96,0.8,0.16,reasoning_C,C,HQ + C,repeat_03_fold_01,3,1
founding_role_count,hq,0.92,0.6,0.32,0.6521739130434782,False,positive,3.0,25,6,True,True,True,0.0,0.0,0.0,0.0,0.0,0.0,0.12,0.04,0.08,0.36,0.08,0.28,0.88,0.56,0.32,0.92,0.6,0.32,reasoning_C,C,HQ + C,repeat_03_fold_01,3,1
repeat_founding_gap,hq,0.92,0.4,0.52,0.5652173913043478,False,negative,3.0,25,6,True,True,True,0.0,0.0,0.0,0.0,0.0,0.0,0.36,0.12,0.24,0.64,0.28,0.36,0.88,0.36,0.52,0.92,0.4,0.52,reasoning_C,C,HQ + C,repeat_03_fold_01,3,1
persistence_score,hq,0.88,0.68,0.2,0.7727272727272728,False,positive,3.0,25,6,True,True,False,0.0,0.0,0.0,0.0,0.0,0.0,0.12,0.12,0.0,0.64,0.6,0.04,0.8,0.68,0.12,0.88,0.68,0.2,reasoning_C,C,HQ + C,repeat_03_fold_01,3,1
total_inferred_experience,hq,0.88,0.12,0.76,0.8636363636363636,False,negative,1.0,25,6,True,True,False,0.0,0.0,0.0,0.0,0.0,0.0,0.4,0.0,0.4,0.72,0.04,0.68,0.88,0.12,0.76,0.88,0.12,0.76,reasoning_C,C,HQ + C,repeat_03_fold_01,3,1
exit_count,hq,0.84,0.84,0.0,1.0,True,positive,0.1,25,6,True,True,False,0.0,0.0,0.0,0.68,0.68,0.0,0.84,0.84,0.0,0.8,0.8,0.0,0.8,0.8,0.0,0.84,0.84,0.0,reasoning_C,C,HQ + C,repeat_03_fold_01,3,1
field_relevance_score,hq,0.84,0.24,0.6,0.7142857142857143,False,negative,1.0,25,6,True,True,False,0.0,0.0,0.0,0.0,0.0,0.0,0.08,0.08,0.0,0.32,0.16,0.16,0.84,0.24,0.6,0.84,0.24,0.6,reasoning_C,C,HQ + C,repeat_03_fold_01,3,1
founding_timing,hq,0.84,0.28,0.56,0.6666666666666667,False,negative,3.0,25,6,True,True,False,0.0,0.0,0.0,0.0,0.0,0.0,0.08,0.0,0.08,0.24,0.0,0.24,0.6,0.12,0.48,0.84,0.28,0.56,reasoning_C,C,HQ + C,repeat_03_fold_01,3,1
has_prior_ipo,hq,0.84,0.84,0.0,1.0,True,positive,3.0,25,6,True,True,False,0.0,0.0,0.0,0.2,0.2,0.0,0.6,0.6,0.0,0.76,0.76,0.0,0.8,0.8,0.0,0.84,0.84,0.0,reasoning_C,C,HQ + C,repeat_03_fold_01,3,1
has_prior_acquisition,hq,0.32,0.16,0.16,0.5,False,positive,3.0,25,6,False,False,False,0.0,0.0,0.0,0.12,0.12,0.0,0.2,0.2,0.0,0.2,0.2,0.0,0.28,0.2,0.08,0.32,0.16,0.16,reasoning_C,C,HQ + C,repeat_03_fold_01,3,1
C_latent_risk,reasoning,1.0,0.96,0.04,0.96,True,positive,1.0,25,6,True,True,True,0.0,0.0,0.0,0.0,0.0,0.0,0.32,0.32,0.0,0.8,0.8,0.0,1.0,0.96,0.04,1.0,0.96,0.04,reasoning_C,C,HQ + C,repeat_03_fold_01,3,1
C_latent_strength,reasoning,1.0,0.96,0.04,0.96,True,positive,3.0,25,6,True,True,True,0.0,0.0,0.0,0.0,0.0,0.0,0.28,0.28,0.0,0.84,0.84,0.0,0.96,0.96,0.0,1.0,0.96,0.04,reasoning_C,C,HQ + C,repeat_03_fold_01,3,1
C_evidence_support_rating,reasoning,0.96,0.28,0.68,0.7083333333333334,False,negative,3.0,25,6,True,True,True,0.0,0.0,0.0,0.0,0.0,0.0,0.04,0.04,0.0,0.2,0.16,0.04,0.84,0.28,0.56,0.96,0.28,0.68,reasoning_C,C,HQ + C,repeat_03_fold_01,3,1
best_degree_prestige,hq,1.0,1.0,0.0,1.0,True,positive,0.3,25,6,True,True,True,0.0,0.0,0.0,0.72,0.72,0.0,0.92,0.92,0.0,1.0,1.0,0.0,1.0,1.0,0.0,1.0,1.0,0.0,reasoning_D,D,HQ + D,repeat_03_fold_01,3,1
degree_level,hq,1.0,0.32,0.68,0.68,False,negative,3.0,25,6,True,True,True,0.0,0.0,0.0,0.0,0.0,0.0,0.08,0.04,0.04,0.56,0.12,0.44,0.88,0.24,0.64,1.0,0.32,0.68,reasoning_D,D,HQ + D,repeat_03_fold_01,3,1
edu_prestige_tier,hq,1.0,1.0,0.0,1.0,True,positive,0.3,25,6,True,True,True,0.0,0.0,0.0,0.72,0.72,0.0,0.92,0.92,0.0,1.0,1.0,0.0,1.0,1.0,0.0,1.0,1.0,0.0,reasoning_D,D,HQ + D,repeat_03_fold_01,3,1
founding_timing,hq,1.0,0.2,0.8,0.8,False,negative,3.0,25,6,True,True,True,0.0,0.0,0.0,0.0,0.0,0.0,0.2,0.0,0.2,0.48,0.0,0.48,0.8,0.04,0.76,1.0,0.2,0.8,reasoning_D,D,HQ + D,repeat_03_fold_01,3,1
industry_alignment,hq,1.0,1.0,0.0,1.0,True,positive,0.1,25,6,True,True,True,0.0,0.0,0.0,0.44,0.44,0.0,1.0,1.0,0.0,1.0,1.0,0.0,1.0,1.0,0.0,1.0,1.0,0.0,reasoning_D,D,HQ + D,repeat_03_fold_01,3,1
industry_prestige_penalty,hq,1.0,1.0,0.0,1.0,True,positive,0.3,25,6,True,True,True,0.0,0.0,0.0,0.56,0.56,0.0,0.96,0.96,0.0,1.0,1.0,0.0,1.0,1.0,0.0,1.0,1.0,0.0,reasoning_D,D,HQ + D,repeat_03_fold_01,3,1
is_serial_founder,hq,1.0,0.28,0.72,0.72,False,negative,3.0,25,6,True,True,True,0.0,0.0,0.0,0.0,0.0,0.0,0.36,0.0,0.36,0.72,0.04,0.68,0.76,0.08,0.68,1.0,0.28,0.72,reasoning_D,D,HQ + D,repeat_03_fold_01,3,1
longest_founding_tenure,hq,1.0,0.0,1.0,1.0,True,negative,0.3,25,6,True,True,True,0.0,0.0,0.0,0.0,0.0,0.0,0.92,0.0,0.92,1.0,0.0,1.0,1.0,0.0,1.0,1.0,0.0,1.0,reasoning_D,D,HQ + D,repeat_03_fold_01,3,1
max_seniority_reached,hq,1.0,1.0,0.0,1.0,True,positive,0.3,25,6,True,True,True,0.0,0.0,0.0,0.08,0.08,0.0,0.92,0.92,0.0,1.0,1.0,0.0,0.96,0.96,0.0,1.0,0.96,0.04,reasoning_D,D,HQ + D,repeat_03_fold_01,3,1
prestige_sacrifice_score,hq,1.0,1.0,0.0,1.0,True,positive,0.1,25,6,True,True,True,0.0,0.0,0.0,0.88,0.88,0.0,1.0,1.0,0.0,0.88,0.88,0.0,0.8,0.8,0.0,0.96,0.8,0.16,reasoning_D,D,HQ + D,repeat_03_fold_01,3,1
repeat_founding_gap,hq,1.0,0.72,0.28,0.72,False,positive,3.0,25,6,True,True,True,0.0,0.0,0.0,0.0,0.0,0.0,0.32,0.24,0.08,0.68,0.48,0.2,0.88,0.64,0.24,1.0,0.72,0.28,reasoning_D,D,HQ + D,repeat_03_fold_01,3,1
restlessness_score,hq,1.0,0.2,0.8,0.8,False,negative,3.0,25,6,True,True,True,0.0,0.0,0.0,0.0,0.0,0.0,0.16,0.0,0.16,0.68,0.08,0.6,0.96,0.16,0.8,1.0,0.2,0.8,reasoning_D,D,HQ + D,repeat_03_fold_01,3,1
seniority_is_monotone,hq,1.0,0.2,0.8,0.8,False,negative,3.0,25,6,True,True,True,0.0,0.0,0.0,0.0,0.0,0.0,0.48,0.0,0.48,0.8,0.12,0.68,0.96,0.2,0.76,1.0,0.2,0.8,reasoning_D,D,HQ + D,repeat_03_fold_01,3,1
years_in_large_company,hq,1.0,0.84,0.16,0.84,False,positive,3.0,25,6,True,True,True,0.0,0.0,0.0,0.04,0.04,0.0,0.44,0.44,0.0,0.68,0.68,0.0,0.96,0.84,0.12,1.0,0.84,0.16,reasoning_D,D,HQ + D,repeat_03_fold_01,3,1
comfort_index,hq,0.96,0.8,0.16,0.8333333333333334,False,positive,3.0,25,6,True,True,True,0.0,0.0,0.0,0.04,0.04,0.0,0.52,0.52,0.0,0.76,0.76,0.0,0.88,0.8,0.08,0.96,0.8,0.16,reasoning_D,D,HQ + D,repeat_03_fold_01,3,1
exit_x_serial,hq,0.96,0.52,0.44,0.5416666666666667,False,positive,3.0,25,6,True,True,True,0.0,0.0,0.0,0.4,0.4,0.0,0.48,0.48,0.0,0.76,0.52,0.24,0.88,0.48,0.4,0.96,0.52,0.44,reasoning_D,D,HQ + D,repeat_03_fold_01,3,1
industry_pivot_count,hq,0.96,0.08,0.88,0.9166666666666667,True,negative,3.0,25,6,True,True,True,0.0,0.0,0.0,0.0,0.0,0.0,0.36,0.0,0.36,0.8,0.0,0.8,0.92,0.08,0.84,0.96,0.08,0.88,reasoning_D,D,HQ + D,repeat_03_fold_01,3,1
max_company_size_before_founding,hq,0.96,0.84,0.12,0.875,False,positive,3.0,25,6,True,True,True,0.0,0.0,0.0,0.0,0.0,0.0,0.32,0.32,0.0,0.6,0.6,0.0,0.88,0.8,0.08,0.96,0.84,0.12,reasoning_D,D,HQ + D,repeat_03_fold_01,3,1
company_size_is_growing,hq,0.92,0.2,0.72,0.7826086956521738,False,negative,3.0,25,6,True,True,True,0.0,0.0,0.0,0.0,0.0,0.0,0.52,0.0,0.52,0.72,0.04,0.68,0.88,0.16,0.72,0.92,0.2,0.72,reasoning_D,D,HQ + D,repeat_03_fold_01,3,1
field_relevance_score,hq,0.92,0.36,0.56,0.6086956521739131,False,negative,3.0,25,6,True,True,True,0.0,0.0,0.0,0.0,0.0,0.0,0.04,0.04,0.0,0.44,0.16,0.28,0.76,0.24,0.52,0.92,0.36,0.56,reasoning_D,D,HQ + D,repeat_03_fold_01,3,1
prestige_x_relevance,hq,0.92,0.48,0.44,0.5217391304347826,False,positive,3.0,25,6,True,True,True,0.0,0.0,0.0,0.36,0.36,0.0,0.48,0.48,0.0,0.44,0.44,0.0,0.76,0.48,0.28,0.92,0.48,0.44,reasoning_D,D,HQ + D,repeat_03_fold_01,3,1
stem_flag,hq,0.92,0.76,0.16,0.8260869565217391,False,positive,3.0,25,6,True,True,True,0.0,0.0,0.0,0.0,0.0,0.0,0.28,0.28,0.0,0.64,0.56,0.08,0.88,0.72,0.16,0.92,0.76,0.16,reasoning_D,D,HQ + D,repeat_03_fold_01,3,1
exit_count,hq,0.88,0.88,0.0,1.0,True,positive,0.3,25,6,True,True,False,0.0,0.0,0.0,0.68,0.68,0.0,0.84,0.84,0.0,0.88,0.88,0.0,0.84,0.84,0.0,0.84,0.84,0.0,reasoning_D,D,HQ + D,repeat_03_fold_01,3,1
founding_role_count,hq,0.88,0.6,0.28,0.6818181818181818,False,positive,3.0,25,6,True,True,False,0.0,0.0,0.0,0.0,0.0,0.0,0.04,0.0,0.04,0.36,0.16,0.2,0.68,0.4,0.28,0.88,0.6,0.28,reasoning_D,D,HQ + D,repeat_03_fold_01,3,1
persistence_score,hq,0.88,0.76,0.12,0.8636363636363636,False,positive,1.0,25,6,True,True,False,0.0,0.0,0.0,0.0,0.0,0.0,0.0,0.0,0.0,0.64,0.6,0.04,0.88,0.76,0.12,0.88,0.76,0.12,reasoning_D,D,HQ + D,repeat_03_fold_01,3,1
sacrifice_x_serial,hq,0.88,0.56,0.32,0.6363636363636365,False,positive,3.0,25,6,True,True,False,0.0,0.0,0.0,0.08,0.08,0.0,0.12,0.12,0.0,0.64,0.52,0.12,0.84,0.52,0.32,0.88,0.56,0.32,reasoning_D,D,HQ + D,repeat_03_fold_01,3,1
has_prior_ipo,hq,0.84,0.84,0.0,1.0,True,positive,1.0,25,6,True,True,False,0.0,0.0,0.0,0.08,0.08,0.0,0.56,0.56,0.0,0.76,0.76,0.0,0.84,0.84,0.0,0.84,0.84,0.0,reasoning_D,D,HQ + D,repeat_03_fold_01,3,1
total_inferred_experience,hq,0.84,0.32,0.52,0.6190476190476191,False,negative,3.0,25,6,True,True,False,0.0,0.0,0.0,0.0,0.0,0.0,0.44,0.0,0.44,0.6,0.0,0.6,0.76,0.24,0.52,0.84,0.32,0.52,reasoning_D,D,HQ + D,repeat_03_fold_01,3,1
has_prior_acquisition,hq,0.32,0.16,0.16,0.5,False,positive,3.0,25,6,False,False,False,0.0,0.0,0.0,0.12,0.12,0.0,0.16,0.16,0.0,0.2,0.16,0.04,0.28,0.16,0.12,0.32,0.16,0.16,reasoning_D,D,HQ + D,repeat_03_fold_01,3,1
D_evidence_support_rating,reasoning,1.0,0.0,1.0,1.0,True,negative,3.0,25,6,True,True,True,0.0,0.0,0.0,0.0,0.0,0.0,0.0,0.0,0.0,0.76,0.0,0.76,0.96,0.0,0.96,1.0,0.0,1.0,reasoning_D,D,HQ + D,repeat_03_fold_01,3,1
D_overall_founder_quality,reasoning,1.0,1.0,0.0,1.0,True,positive,0.3,25,6,True,True,True,0.0,0.0,0.0,0.12,0.12,0.0,0.72,0.72,0.0,1.0,1.0,0.0,1.0,1.0,0.0,1.0,1.0,0.0,reasoning_D,D,HQ + D,repeat_03_fold_01,3,1
best_degree_prestige,hq,1.0,1.0,0.0,1.0,True,positive,0.3,25,6,True,True,True,0.0,0.0,0.0,0.72,0.72,0.0,0.92,0.92,0.0,1.0,1.0,0.0,1.0,1.0,0.0,1.0,1.0,0.0,reasoning_E,E,HQ + E,repeat_03_fold_01,3,1
comfort_index,hq,1.0,0.96,0.04,0.96,True,positive,3.0,25,6,True,True,True,0.0,0.0,0.0,0.16,0.16,0.0,0.8,0.8,0.0,0.92,0.92,0.0,0.96,0.96,0.0,1.0,0.96,0.04,reasoning_E,E,HQ + E,repeat_03_fold_01,3,1
company_size_is_growing,hq,1.0,0.2,0.8,0.8,False,negative,3.0,25,6,True,True,True,0.0,0.0,0.0,0.0,0.0,0.0,0.68,0.0,0.68,0.84,0.04,0.8,0.92,0.12,0.8,1.0,0.2,0.8,reasoning_E,E,HQ + E,repeat_03_fold_01,3,1
edu_prestige_tier,hq,1.0,1.0,0.0,1.0,True,positive,0.3,25,6,True,True,True,0.0,0.0,0.0,0.72,0.72,0.0,0.92,0.92,0.0,1.0,1.0,0.0,1.0,1.0,0.0,1.0,1.0,0.0,reasoning_E,E,HQ + E,repeat_03_fold_01,3,1
industry_alignment,hq,1.0,1.0,0.0,1.0,True,positive,0.3,25,6,True,True,True,0.0,0.0,0.0,0.44,0.44,0.0,0.96,0.96,0.0,1.0,1.0,0.0,1.0,1.0,0.0,1.0,1.0,0.0,reasoning_E,E,HQ + E,repeat_03_fold_01,3,1
industry_pivot_count,hq,1.0,0.08,0.92,0.92,True,negative,3.0,25,6,True,True,True,0.0,0.0,0.0,0.0,0.0,0.0,0.32,0.0,0.32,0.84,0.0,0.84,0.88,0.04,0.84,1.0,0.08,0.92,reasoning_E,E,HQ + E,repeat_03_fold_01,3,1
industry_prestige_penalty,hq,1.0,0.96,0.04,0.96,True,positive,1.0,25,6,True,True,True,0.0,0.0,0.0,0.56,0.56,0.0,0.88,0.88,0.0,0.96,0.96,0.0,1.0,0.96,0.04,1.0,0.96,0.04,reasoning_E,E,HQ + E,repeat_03_fold_01,3,1
is_serial_founder,hq,1.0,0.16,0.84,0.84,False,negative,3.0,25,6,True,True,True,0.0,0.0,0.0,0.0,0.0,0.0,0.08,0.0,0.08,0.6,0.0,0.6,0.84,0.04,0.8,1.0,0.16,0.84,reasoning_E,E,HQ + E,repeat_03_fold_01,3,1
longest_founding_tenure,hq,1.0,0.0,1.0,1.0,True,negative,1.0,25,6,True,True,True,0.0,0.0,0.0,0.0,0.0,0.0,0.8,0.0,0.8,0.96,0.0,0.96,1.0,0.0,1.0,1.0,0.0,1.0,reasoning_E,E,HQ + E,repeat_03_fold_01,3,1
max_seniority_reached,hq,1.0,1.0,0.0,1.0,True,positive,0.3,25,6,True,True,True,0.0,0.0,0.0,0.0,0.0,0.0,0.8,0.8,0.0,1.0,1.0,0.0,1.0,1.0,0.0,1.0,1.0,0.0,reasoning_E,E,HQ + E,repeat_03_fold_01,3,1
prestige_sacrifice_score,hq,1.0,1.0,0.0,1.0,True,positive,0.1,25,6,True,True,True,0.0,0.0,0.0,0.8,0.8,0.0,1.0,1.0,0.0,0.88,0.88,0.0,0.8,0.8,0.0,1.0,0.8,0.2,reasoning_E,E,HQ + E,repeat_03_fold_01,3,1
repeat_founding_gap,hq,1.0,0.72,0.28,0.72,False,positive,3.0,25,6,True,True,True,0.0,0.0,0.0,0.0,0.0,0.0,0.2,0.12,0.08,0.68,0.56,0.12,0.88,0.64,0.24,1.0,0.72,0.28,reasoning_E,E,HQ + E,repeat_03_fold_01,3,1
sacrifice_x_serial,hq,1.0,0.8,0.2,0.8,False,positive,3.0,25,6,True,True,True,0.0,0.0,0.0,0.08,0.08,0.0,0.08,0.08,0.0,0.6,0.56,0.04,0.96,0.76,0.2,1.0,0.8,0.2,reasoning_E,E,HQ + E,repeat_03_fold_01,3,1
years_in_large_company,hq,1.0,0.92,0.08,0.92,True,positive,3.0,25,6,True,True,True,0.0,0.0,0.0,0.04,0.04,0.0,0.52,0.52,0.0,0.88,0.84,0.04,0.92,0.88,0.04,1.0,0.92,0.08,reasoning_E,E,HQ + E,repeat_03_fold_01,3,1
degree_level,hq,0.96,0.12,0.84,0.875,False,negative,3.0,25,6,True,True,True,0.0,0.0,0.0,0.0,0.0,0.0,0.16,0.08,0.08,0.64,0.08,0.56,0.84,0.08,0.76,0.96,0.12,0.84,reasoning_E,E,HQ + E,repeat_03_fold_01,3,1
founding_timing,hq,0.96,0.4,0.56,0.5833333333333334,False,negative,3.0,25,6,True,True,True,0.0,0.0,0.0,0.0,0.0,0.0,0.08,0.04,0.04,0.44,0.08,0.36,0.88,0.32,0.56,0.96,0.4,0.56,reasoning_E,E,HQ + E,repeat_03_fold_01,3,1
restlessness_score,hq,0.96,0.24,0.72,0.75,False,negative,3.0,25,6,True,True,True,0.0,0.0,0.0,0.0,0.0,0.0,0.2,0.0,0.2,0.52,0.04,0.48,0.84,0.16,0.68,0.96,0.24,0.72,reasoning_E,E,HQ + E,repeat_03_fold_01,3,1
stem_flag,hq,0.96,0.64,0.32,0.6666666666666667,False,positive,3.0,25,6,True,True,True,0.0,0.0,0.0,0.0,0.0,0.0,0.2,0.2,0.0,0.6,0.52,0.08,0.84,0.64,0.2,0.96,0.64,0.32,reasoning_E,E,HQ + E,repeat_03_fold_01,3,1
exit_x_serial,hq,0.92,0.56,0.36,0.6086956521739131,False,positive,3.0,25,6,True,True,True,0.0,0.0,0.0,0.32,0.32,0.0,0.32,0.32,0.0,0.52,0.48,0.04,0.88,0.6,0.28,0.92,0.56,0.36,reasoning_E,E,HQ + E,repeat_03_fold_01,3,1
field_relevance_score,hq,0.92,0.56,0.36,0.6086956521739131,False,positive,3.0,25,6,True,True,True,0.0,0.0,0.0,0.0,0.0,0.0,0.04,0.0,0.04,0.32,0.16,0.16,0.72,0.48,0.24,0.92,0.56,0.36,reasoning_E,E,HQ + E,repeat_03_fold_01,3,1
max_company_size_before_founding,hq,0.92,0.64,0.28,0.6956521739130435,False,positive,3.0,25,6,True,True,True,0.0,0.0,0.0,0.0,0.0,0.0,0.28,0.28,0.0,0.56,0.52,0.04,0.72,0.6,0.12,0.92,0.64,0.28,reasoning_E,E,HQ + E,repeat_03_fold_01,3,1
persistence_score,hq,0.92,0.84,0.08,0.9130434782608695,True,positive,1.0,25,6,True,True,True,0.0,0.0,0.0,0.0,0.0,0.0,0.16,0.16,0.0,0.76,0.72,0.04,0.92,0.84,0.08,0.92,0.84,0.08,reasoning_E,E,HQ + E,repeat_03_fold_01,3,1
prestige_x_relevance,hq,0.92,0.28,0.64,0.6956521739130435,False,negative,3.0,25,6,True,True,True,0.0,0.0,0.0,0.32,0.32,0.0,0.44,0.44,0.0,0.44,0.32,0.12,0.76,0.32,0.44,0.92,0.28,0.64,reasoning_E,E,HQ + E,repeat_03_fold_01,3,1
seniority_is_monotone,hq,0.92,0.28,0.64,0.6956521739130435,False,negative,3.0,25,6,True,True,True,0.0,0.0,0.0,0.0,0.0,0.0,0.28,0.04,0.24,0.56,0.08,0.48,0.8,0.2,0.6,0.92,0.28,0.64,reasoning_E,E,HQ + E,repeat_03_fold_01,3,1
exit_count,hq,0.88,0.88,0.0,1.0,True,positive,1.0,25,6,True,True,False,0.0,0.0,0.0,0.56,0.56,0.0,0.76,0.76,0.0,0.84,0.84,0.0,0.88,0.88,0.0,0.88,0.88,0.0,reasoning_E,E,HQ + E,repeat_03_fold_01,3,1
founding_role_count,hq,0.88,0.52,0.36,0.5909090909090909,False,positive,3.0,25,6,True,True,False,0.0,0.0,0.0,0.0,0.0,0.0,0.08,0.0,0.08,0.32,0.16,0.16,0.8,0.48,0.32,0.88,0.52,0.36,reasoning_E,E,HQ + E,repeat_03_fold_01,3,1
total_inferred_experience,hq,0.88,0.28,0.6,0.6818181818181818,False,negative,3.0,25,6,True,True,False,0.0,0.0,0.0,0.0,0.0,0.0,0.28,0.0,0.28,0.68,0.04,0.64,0.72,0.12,0.6,0.88,0.28,0.6,reasoning_E,E,HQ + E,repeat_03_fold_01,3,1
has_prior_ipo,hq,0.84,0.8,0.04,0.9523809523809524,True,positive,0.3,25,6,True,True,False,0.0,0.0,0.0,0.28,0.28,0.0,0.6,0.6,0.0,0.84,0.8,0.04,0.84,0.8,0.04,0.84,0.8,0.04,reasoning_E,E,HQ + E,repeat_03_fold_01,3,1
has_prior_acquisition,hq,0.32,0.24,0.08,0.75,False,positive,3.0,25,6,False,False,False,0.0,0.0,0.0,0.12,0.12,0.0,0.2,0.2,0.0,0.2,0.2,0.0,0.2,0.2,0.0,0.32,0.24,0.08,reasoning_E,E,HQ + E,repeat_03_fold_01,3,1
E_hidden_risk,reasoning,0.96,0.84,0.12,0.875,False,positive,1.0,25,6,True,True,True,0.0,0.0,0.0,0.0,0.0,0.0,0.16,0.16,0.0,0.6,0.6,0.0,0.96,0.84,0.12,0.96,0.84,0.12,reasoning_E,E,HQ + E,repeat_03_fold_01,3,1
E_hidden_upside,reasoning,0.96,0.92,0.04,0.9583333333333334,True,positive,3.0,25,6,True,True,True,0.0,0.0,0.0,0.0,0.0,0.0,0.36,0.36,0.0,0.8,0.8,0.0,0.88,0.88,0.0,0.96,0.92,0.04,reasoning_E,E,HQ + E,repeat_03_fold_01,3,1
E_evidence_support_rating,reasoning,0.88,0.36,0.52,0.5909090909090909,False,negative,3.0,25,6,True,True,False,0.0,0.0,0.0,0.0,0.0,0.0,0.12,0.04,0.08,0.2,0.08,0.12,0.64,0.24,0.4,0.88,0.36,0.52,reasoning_E,E,HQ + E,repeat_03_fold_01,3,1
best_degree_prestige,hq,1.0,0.96,0.04,0.96,True,positive,3.0,25,6,True,True,True,0.0,0.0,0.0,0.84,0.84,0.0,0.88,0.88,0.0,0.96,0.96,0.0,0.96,0.96,0.0,1.0,0.96,0.04,reasoning_F,F,HQ + F,repeat_03_fold_01,3,1
company_size_is_growing,hq,1.0,0.2,0.8,0.8,False,negative,3.0,25,6,True,True,True,0.0,0.0,0.0,0.0,0.0,0.0,0.68,0.0,0.68,0.8,0.0,0.8,0.92,0.12,0.8,1.0,0.2,0.8,reasoning_F,F,HQ + F,repeat_03_fold_01,3,1
degree_level,hq,1.0,0.2,0.8,0.8,False,negative,3.0,25,6,True,True,True,0.0,0.0,0.0,0.0,0.0,0.0,0.08,0.08,0.0,0.68,0.16,0.52,0.96,0.2,0.76,1.0,0.2,0.8,reasoning_F,F,HQ + F,repeat_03_fold_01,3,1
edu_prestige_tier,hq,1.0,0.96,0.04,0.96,True,positive,3.0,25,6,True,True,True,0.0,0.0,0.0,0.84,0.84,0.0,0.88,0.88,0.0,0.96,0.96,0.0,0.96,0.96,0.0,1.0,0.96,0.04,reasoning_F,F,HQ + F,repeat_03_fold_01,3,1
exit_x_serial,hq,1.0,0.44,0.56,0.56,False,negative,3.0,25,6,True,True,True,0.0,0.0,0.0,0.36,0.36,0.0,0.44,0.36,0.08,0.64,0.44,0.2,0.88,0.44,0.44,1.0,0.44,0.56,reasoning_F,F,HQ + F,repeat_03_fold_01,3,1
industry_alignment,hq,1.0,1.0,0.0,1.0,True,positive,0.1,25,6,True,True,True,0.0,0.0,0.0,0.28,0.28,0.0,1.0,1.0,0.0,1.0,1.0,0.0,1.0,1.0,0.0,1.0,1.0,0.0,reasoning_F,F,HQ + F,repeat_03_fold_01,3,1
industry_prestige_penalty,hq,1.0,0.88,0.12,0.88,False,positive,1.0,25,6,True,True,True,0.0,0.0,0.0,0.44,0.44,0.0,0.84,0.84,0.0,0.88,0.84,0.04,1.0,0.88,0.12,1.0,0.88,0.12,reasoning_F,F,HQ + F,repeat_03_fold_01,3,1
is_serial_founder,hq,1.0,0.04,0.96,0.96,True,negative,3.0,25,6,True,True,True,0.0,0.0,0.0,0.0,0.0,0.0,0.2,0.0,0.2,0.64,0.0,0.64,0.96,0.04,0.92,1.0,0.04,0.96,reasoning_F,F,HQ + F,repeat_03_fold_01,3,1
longest_founding_tenure,hq,1.0,0.0,1.0,1.0,True,negative,0.3,25,6,True,True,True,0.0,0.0,0.0,0.0,0.0,0.0,0.8,0.0,0.8,1.0,0.0,1.0,1.0,0.0,1.0,1.0,0.0,1.0,reasoning_F,F,HQ + F,repeat_03_fold_01,3,1
max_seniority_reached,hq,1.0,1.0,0.0,1.0,True,positive,0.3,25,6,True,True,True,0.0,0.0,0.0,0.0,0.0,0.0,0.92,0.92,0.0,1.0,1.0,0.0,1.0,1.0,0.0,1.0,1.0,0.0,reasoning_F,F,HQ + F,repeat_03_fold_01,3,1
restlessness_score,hq,1.0,0.16,0.84,0.84,False,negative,3.0,25,6,True,True,True,0.0,0.0,0.0,0.0,0.0,0.0,0.36,0.0,0.36,0.76,0.04,0.72,0.88,0.08,0.8,1.0,0.16,0.84,reasoning_F,F,HQ + F,repeat_03_fold_01,3,1
seniority_is_monotone,hq,1.0,0.16,0.84,0.84,False,negative,1.0,25,6,True,True,True,0.0,0.0,0.0,0.0,0.0,0.0,0.48,0.0,0.48,0.68,0.04,0.64,1.0,0.16,0.84,1.0,0.16,0.84,reasoning_F,F,HQ + F,repeat_03_fold_01,3,1
comfort_index,hq,0.96,0.84,0.12,0.875,False,positive,1.0,25,6,True,True,True,0.0,0.0,0.0,0.16,0.16,0.0,0.76,0.72,0.04,0.88,0.84,0.04,0.96,0.84,0.12,0.96,0.84,0.12,reasoning_F,F,HQ + F,repeat_03_fold_01,3,1
founding_role_count,hq,0.96,0.68,0.28,0.7083333333333334,False,positive,3.0,25,6,True,True,True,0.0,0.0,0.0,0.0,0.0,0.0,0.04,0.0,0.04,0.28,0.08,0.2,0.88,0.6,0.28,0.96,0.68,0.28,reasoning_F,F,HQ + F,repeat_03_fold_01,3,1
has_prior_ipo,hq,0.96,0.92,0.04,0.9583333333333334,True,positive,3.0,25,6,True,True,True,0.0,0.0,0.0,0.08,0.08,0.0,0.48,0.48,0.0,0.72,0.68,0.04,0.84,0.8,0.04,0.96,0.92,0.04,reasoning_F,F,HQ + F,repeat_03_fold_01,3,1
industry_pivot_count,hq,0.96,0.04,0.92,0.9583333333333334,True,negative,3.0,25,6,True,True,True,0.0,0.0,0.0,0.0,0.0,0.0,0.4,0.0,0.4,0.84,0.0,0.84,0.92,0.04,0.88,0.96,0.04,0.92,reasoning_F,F,HQ + F,repeat_03_fold_01,3,1
max_company_size_before_founding,hq,0.96,0.76,0.2,0.7916666666666667,False,positive,3.0,25,6,True,True,True,0.0,0.0,0.0,0.0,0.0,0.0,0.4,0.4,0.0,0.64,0.64,0.0,0.8,0.72,0.08,0.96,0.76,0.2,reasoning_F,F,HQ + F,repeat_03_fold_01,3,1
persistence_score,hq,0.96,0.76,0.2,0.7916666666666667,False,positive,3.0,25,6,True,True,True,0.0,0.0,0.0,0.0,0.0,0.0,0.12,0.12,0.0,0.64,0.6,0.04,0.84,0.68,0.16,0.96,0.76,0.2,reasoning_F,F,HQ + F,repeat_03_fold_01,3,1
prestige_sacrifice_score,hq,0.96,0.8,0.16,0.8333333333333334,False,positive,3.0,25,6,True,True,True,0.0,0.0,0.0,0.72,0.72,0.0,0.8,0.8,0.0,0.84,0.84,0.0,0.84,0.76,0.08,0.96,0.8,0.16,reasoning_F,F,HQ + F,repeat_03_fold_01,3,1
repeat_founding_gap,hq,0.96,0.56,0.4,0.5833333333333334,False,positive,3.0,25,6,True,True,True,0.0,0.0,0.0,0.0,0.0,0.0,0.32,0.24,0.08,0.76,0.48,0.28,0.88,0.48,0.4,0.96,0.56,0.4,reasoning_F,F,HQ + F,repeat_03_fold_01,3,1
sacrifice_x_serial,hq,0.96,0.76,0.2,0.7916666666666667,False,positive,3.0,25,6,True,True,True,0.0,0.0,0.0,0.0,0.0,0.0,0.12,0.12,0.0,0.52,0.4,0.12,0.84,0.72,0.12,0.96,0.76,0.2,reasoning_F,F,HQ + F,repeat_03_fold_01,3,1
total_inferred_experience,hq,0.96,0.12,0.84,0.875,False,negative,3.0,25,6,True,True,True,0.0,0.0,0.0,0.0,0.0,0.0,0.28,0.0,0.28,0.76,0.0,0.76,0.8,0.04,0.76,0.96,0.12,0.84,reasoning_F,F,HQ + F,repeat_03_fold_01,3,1
years_in_large_company,hq,0.96,0.92,0.04,0.9583333333333334,True,positive,3.0,25,6,True,True,True,0.0,0.0,0.0,0.08,0.08,0.0,0.64,0.64,0.0,0.84,0.84,0.0,0.88,0.88,0.0,0.96,0.92,0.04,reasoning_F,F,HQ + F,repeat_03_fold_01,3,1
exit_count,hq,0.92,0.92,0.0,1.0,True,positive,0.3,25,6,True,True,True,0.0,0.0,0.0,0.68,0.68,0.0,0.88,0.88,0.0,0.92,0.92,0.0,0.88,0.88,0.0,0.84,0.84,0.0,reasoning_F,F,HQ + F,repeat_03_fold_01,3,1
field_relevance_score,hq,0.92,0.44,0.48,0.5217391304347826,False,negative,3.0,25,6,True,True,True,0.0,0.0,0.0,0.0,0.0,0.0,0.12,0.12,0.0,0.44,0.24,0.2,0.84,0.36,0.48,0.92,0.44,0.48,reasoning_F,F,HQ + F,repeat_03_fold_01,3,1
stem_flag,hq,0.92,0.68,0.24,0.7391304347826088,False,positive,3.0,25,6,True,True,True,0.0,0.0,0.0,0.0,0.0,0.0,0.2,0.2,0.0,0.44,0.44,0.0,0.84,0.6,0.24,0.92,0.68,0.24,reasoning_F,F,HQ + F,repeat_03_fold_01,3,1
founding_timing,hq,0.8,0.28,0.52,0.65,False,negative,3.0,25,6,True,True,False,0.0,0.0,0.0,0.0,0.0,0.0,0.0,0.0,0.0,0.28,0.0,0.28,0.68,0.2,0.48,0.8,0.28,0.52,reasoning_F,F,HQ + F,repeat_03_fold_01,3,1
prestige_x_relevance,hq,0.8,0.28,0.52,0.65,False,negative,3.0,25,6,True,True,False,0.0,0.0,0.0,0.44,0.44,0.0,0.48,0.48,0.0,0.32,0.32,0.0,0.56,0.28,0.28,0.8,0.28,0.52,reasoning_F,F,HQ + F,repeat_03_fold_01,3,1
has_prior_acquisition,hq,0.4,0.32,0.08,0.7999999999999999,False,positive,3.0,25,6,False,False,False,0.0,0.0,0.0,0.16,0.16,0.0,0.2,0.2,0.0,0.2,0.2,0.0,0.2,0.16,0.04,0.4,0.32,0.08,reasoning_F,F,HQ + F,repeat_03_fold_01,3,1
F_career_coherence,reasoning,1.0,0.0,1.0,1.0,True,negative,0.3,25,6,True,True,True,0.0,0.0,0.0,0.08,0.0,0.08,0.52,0.0,0.52,1.0,0.0,1.0,1.0,0.0,1.0,1.0,0.0,1.0,reasoning_F,F,HQ + F,repeat_03_fold_01,3,1
F_evidence_support_rating,reasoning,1.0,1.0,0.0,1.0,True,positive,0.3,25,6,True,True,True,0.0,0.0,0.0,0.0,0.0,0.0,0.56,0.56,0.0,1.0,1.0,0.0,1.0,1.0,0.0,1.0,1.0,0.0,reasoning_F,F,HQ + F,repeat_03_fold_01,3,1
F_trajectory_strength,reasoning,0.96,0.96,0.0,1.0,True,positive,3.0,25,6,True,True,True,0.0,0.0,0.0,0.0,0.0,0.0,0.0,0.0,0.0,0.08,0.08,0.0,0.76,0.76,0.0,0.96,0.96,0.0,reasoning_F,F,HQ + F,repeat_03_fold_01,3,1
F_ownership_signal,reasoning,0.92,0.68,0.24,0.7391304347826088,False,positive,3.0,25,6,True,True,True,0.0,0.0,0.0,0.0,0.0,0.0,0.0,0.0,0.0,0.12,0.12,0.0,0.48,0.48,0.0,0.92,0.68,0.24,reasoning_F,F,HQ + F,repeat_03_fold_01,3,1
F_scrappiness,reasoning,0.84,0.48,0.36,0.5714285714285714,False,positive,3.0,25,6,True,True,False,0.0,0.0,0.0,0.0,0.0,0.0,0.0,0.0,0.0,0.08,0.08,0.0,0.6,0.36,0.24,0.84,0.48,0.36,reasoning_F,F,HQ + F,repeat_03_fold_01,3,1
F_rubric_score,reasoning,0.72,0.08,0.64,0.888888888888889,False,negative,3.0,25,6,True,False,False,0.0,0.0,0.0,0.0,0.0,0.0,0.0,0.0,0.0,0.0,0.0,0.0,0.36,0.04,0.32,0.72,0.08,0.64,reasoning_F,F,HQ + F,repeat_03_fold_01,3,1
best_degree_prestige,hq,1.0,1.0,0.0,1.0,True,positive,0.1,25,6,True,True,True,0.0,0.0,0.0,0.88,0.88,0.0,1.0,1.0,0.0,1.0,1.0,0.0,1.0,1.0,0.0,1.0,1.0,0.0,reasoning_A,A,HQ + A,repeat_03_fold_02,3,2
comfort_index,hq,1.0,0.92,0.08,0.92,True,positive,3.0,25,6,True,True,True,0.0,0.0,0.0,0.0,0.0,0.0,0.64,0.64,0.0,0.88,0.84,0.04,0.96,0.92,0.04,1.0,0.92,0.08,reasoning_A,A,HQ + A,repeat_03_fold_02,3,2
edu_prestige_tier,hq,1.0,1.0,0.0,1.0,True,positive,0.1,25,6,True,True,True,0.0,0.0,0.0,0.88,0.88,0.0,1.0,1.0,0.0,1.0,1.0,0.0,1.0,1.0,0.0,1.0,1.0,0.0,reasoning_A,A,HQ + A,repeat_03_fold_02,3,2
exit_x_serial,hq,1.0,0.36,0.64,0.64,False,negative,3.0,25,6,True,True,True,0.0,0.0,0.0,0.0,0.0,0.0,0.16,0.16,0.0,0.56,0.4,0.16,0.8,0.4,0.4,1.0,0.36,0.64,reasoning_A,A,HQ + A,repeat_03_fold_02,3,2
industry_alignment,hq,1.0,1.0,0.0,1.0,True,positive,0.3,25,6,True,True,True,0.0,0.0,0.0,0.08,0.08,0.0,0.96,0.96,0.0,1.0,1.0,0.0,1.0,1.0,0.0,1.0,1.0,0.0,reasoning_A,A,HQ + A,repeat_03_fold_02,3,2
industry_pivot_count,hq,1.0,0.2,0.8,0.8,False,negative,3.0,25,6,True,True,True,0.0,0.0,0.0,0.0,0.0,0.0,0.16,0.0,0.16,0.68,0.08,0.6,0.96,0.16,0.8,1.0,0.2,0.8,reasoning_A,A,HQ + A,repeat_03_fold_02,3,2
is_serial_founder,hq,1.0,0.04,0.96,0.96,True,negative,3.0,25,6,True,True,True,0.0,0.0,0.0,0.0,0.0,0.0,0.0,0.0,0.0,0.68,0.0,0.68,0.92,0.04,0.88,1.0,0.04,0.96,reasoning_A,A,HQ + A,repeat_03_fold_02,3,2
longest_founding_tenure,hq,1.0,0.24,0.76,0.76,False,negative,3.0,25,6,True,True,True,0.0,0.0,0.0,0.0,0.0,0.0,0.64,0.0,0.64,0.8,0.0,0.8,0.92,0.16,0.76,1.0,0.24,0.76,reasoning_A,A,HQ + A,repeat_03_fold_02,3,2
persistence_score,hq,1.0,0.4,0.6,0.6,False,negative,3.0,25,6,True,True,True,0.0,0.0,0.0,0.0,0.0,0.0,0.04,0.0,0.04,0.52,0.24,0.28,0.84,0.28,0.56,1.0,0.4,0.6,reasoning_A,A,HQ + A,repeat_03_fold_02,3,2
restlessness_score,hq,1.0,0.16,0.84,0.84,False,negative,3.0,25,6,True,True,True,0.0,0.0,0.0,0.0,0.0,0.0,0.32,0.0,0.32,0.72,0.04,0.68,0.96,0.16,0.8,1.0,0.16,0.84,reasoning_A,A,HQ + A,repeat_03_fold_02,3,2
sacrifice_x_serial,hq,1.0,1.0,0.0,1.0,True,positive,3.0,25,6,True,True,True,0.0,0.0,0.0,0.0,0.0,0.0,0.24,0.24,0.0,0.68,0.68,0.0,0.92,0.92,0.0,1.0,1.0,0.0,reasoning_A,A,HQ + A,repeat_03_fold_02,3,2
stem_flag,hq,1.0,0.84,0.16,0.84,False,positive,3.0,25,6,True,True,True,0.0,0.0,0.0,0.0,0.0,0.0,0.32,0.32,0.0,0.76,0.64,0.12,0.96,0.8,0.16,1.0,0.84,0.16,reasoning_A,A,HQ + A,repeat_03_fold_02,3,2
total_inferred_experience,hq,1.0,0.0,1.0,1.0,True,negative,0.3,25,6,True,True,True,0.0,0.0,0.0,0.0,0.0,0.0,0.92,0.0,0.92,1.0,0.0,1.0,0.96,0.0,0.96,0.96,0.0,0.96,reasoning_A,A,HQ + A,repeat_03_fold_02,3,2
degree_level,hq,0.96,0.16,0.8,0.8333333333333334,False,negative,3.0,25,6,True,True,True,0.0,0.0,0.0,0.0,0.0,0.0,0.16,0.08,0.08,0.72,0.08,0.64,0.92,0.16,0.76,0.96,0.16,0.8,reasoning_A,A,HQ + A,repeat_03_fold_02,3,2
has_prior_ipo,hq,0.96,0.88,0.08,0.9166666666666667,True,positive,3.0,25,6,True,True,True,0.0,0.0,0.0,0.28,0.28,0.0,0.6,0.56,0.04,0.92,0.84,0.08,0.92,0.84,0.08,0.96,0.88,0.08,reasoning_A,A,HQ + A,repeat_03_fold_02,3,2
industry_prestige_penalty,hq,0.96,0.84,0.12,0.875,False,positive,1.0,25,6,True,True,True,0.0,0.0,0.0,0.2,0.2,0.0,0.76,0.76,0.0,0.88,0.8,0.08,0.96,0.84,0.12,0.96,0.84,0.12,reasoning_A,A,HQ + A,repeat_03_fold_02,3,2
max_seniority_reached,hq,0.96,0.92,0.04,0.9583333333333334,True,positive,3.0,25,6,True,True,True,0.0,0.0,0.0,0.0,0.0,0.0,0.44,0.44,0.0,0.84,0.84,0.0,0.92,0.92,0.0,0.96,0.92,0.04,reasoning_A,A,HQ + A,repeat_03_fold_02,3,2
repeat_founding_gap,hq,0.96,0.4,0.56,0.5833333333333334,False,negative,3.0,25,6,True,True,True,0.0,0.0,0.0,0.0,0.0,0.0,0.16,0.04,0.12,0.72,0.32,0.4,0.88,0.36,0.52,0.96,0.4,0.56,reasoning_A,A,HQ + A,repeat_03_fold_02,3,2
years_in_large_company,hq,0.96,0.88,0.08,0.9166666666666667,True,positive,3.0,25,6,True,True,True,0.0,0.0,0.0,0.0,0.0,0.0,0.36,0.36,0.0,0.76,0.72,0.04,0.84,0.8,0.04,0.96,0.88,0.08,reasoning_A,A,HQ + A,repeat_03_fold_02,3,2
company_size_is_growing,hq,0.92,0.64,0.28,0.6956521739130435,False,positive,3.0,25,6,True,True,True,0.0,0.0,0.0,0.0,0.0,0.0,0.16,0.04,0.12,0.44,0.2,0.24,0.88,0.6,0.28,0.92,0.64,0.28,reasoning_A,A,HQ + A,repeat_03_fold_02,3,2
exit_count,hq,0.92,0.92,0.0,1.0,True,positive,3.0,25,6,True,True,True,0.0,0.0,0.0,0.76,0.76,0.0,0.88,0.88,0.0,0.88,0.88,0.0,0.88,0.88,0.0,0.92,0.92,0.0,reasoning_A,A,HQ + A,repeat_03_fold_02,3,2
max_company_size_before_founding,hq,0.92,0.68,0.24,0.7391304347826088,False,positive,3.0,25,6,True,True,True,0.0,0.0,0.0,0.0,0.0,0.0,0.24,0.24,0.0,0.44,0.44,0.0,0.8,0.64,0.16,0.92,0.68,0.24,reasoning_A,A,HQ + A,repeat_03_fold_02,3,2
seniority_is_monotone,hq,0.92,0.24,0.68,0.7391304347826088,False,negative,1.0,25,6,True,True,True,0.0,0.0,0.0,0.0,0.0,0.0,0.2,0.04,0.16,0.68,0.12,0.56,0.92,0.24,0.68,0.92,0.24,0.68,reasoning_A,A,HQ + A,repeat_03_fold_02,3,2
field_relevance_score,hq,0.88,0.16,0.72,0.8181818181818181,False,negative,3.0,25,6,True,True,False,0.0,0.0,0.0,0.0,0.0,0.0,0.0,0.0,0.0,0.36,0.0,0.36,0.84,0.12,0.72,0.88,0.16,0.72,reasoning_A,A,HQ + A,repeat_03_fold_02,3,2
prestige_sacrifice_score,hq,0.88,0.56,0.32,0.6363636363636365,False,positive,3.0,25,6,True,True,False,0.0,0.0,0.0,0.12,0.12,0.0,0.68,0.68,0.0,0.72,0.72,0.0,0.8,0.6,0.2,0.88,0.56,0.32,reasoning_A,A,HQ + A,repeat_03_fold_02,3,2
prestige_x_relevance,hq,0.88,0.72,0.16,0.8181818181818181,False,positive,3.0,25,6,True,True,False,0.0,0.0,0.0,0.76,0.76,0.0,0.8,0.8,0.0,0.8,0.76,0.04,0.76,0.72,0.04,0.88,0.72,0.16,reasoning_A,A,HQ + A,repeat_03_fold_02,3,2
founding_role_count,hq,0.76,0.56,0.2,0.736842105263158,False,positive,3.0,25,6,True,False,False,0.0,0.0,0.0,0.0,0.0,0.0,0.0,0.0,0.0,0.24,0.08,0.16,0.64,0.44,0.2,0.76,0.56,0.2,reasoning_A,A,HQ + A,repeat_03_fold_02,3,2
founding_timing,hq,0.76,0.6,0.16,0.7894736842105263,False,positive,3.0,25,6,True,False,False,0.0,0.0,0.0,0.0,0.0,0.0,0.04,0.0,0.04,0.16,0.0,0.16,0.44,0.28,0.16,0.76,0.6,0.16,reasoning_A,A,HQ + A,repeat_03_fold_02,3,2
has_prior_acquisition,hq,0.4,0.4,0.0,1.0,True,positive,3.0,25,6,False,False,False,0.0,0.0,0.0,0.12,0.12,0.0,0.12,0.12,0.0,0.12,0.12,0.0,0.12,0.12,0.0,0.4,0.4,0.0,reasoning_A,A,HQ + A,repeat_03_fold_02,3,2
A_evidence_support_rating,reasoning,1.0,1.0,0.0,1.0,True,positive,0.03,25,6,True,True,True,0.0,0.0,0.0,1.0,1.0,0.0,1.0,1.0,0.0,1.0,1.0,0.0,1.0,1.0,0.0,1.0,1.0,0.0,reasoning_A,A,HQ + A,repeat_03_fold_02,3,2
A_scrappiness,reasoning,1.0,0.0,1.0,1.0,True,negative,0.1,25,6,True,True,True,0.0,0.0,0.0,0.28,0.0,0.28,1.0,0.0,1.0,1.0,0.0,1.0,1.0,0.0,1.0,1.0,0.0,1.0,reasoning_A,A,HQ + A,repeat_03_fold_02,3,2
A_trajectory_strength,reasoning,1.0,0.28,0.72,0.72,False,negative,3.0,25,6,True,True,True,0.0,0.0,0.0,0.0,0.0,0.0,0.12,0.0,0.12,0.72,0.04,0.68,0.92,0.2,0.72,1.0,0.28,0.72,reasoning_A,A,HQ + A,repeat_03_fold_02,3,2
A_career_coherence,reasoning,0.96,0.0,0.96,1.0,True,negative,3.0,25,6,True,True,True,0.0,0.0,0.0,0.0,0.0,0.0,0.04,0.0,0.04,0.72,0.0,0.72,0.92,0.0,0.92,0.96,0.0,0.96,reasoning_A,A,HQ + A,repeat_03_fold_02,3,2
A_ownership_signal,reasoning,0.96,0.16,0.8,0.8333333333333334,False,negative,3.0,25,6,True,True,True,0.0,0.0,0.0,0.32,0.0,0.32,0.92,0.0,0.92,0.84,0.0,0.84,0.88,0.08,0.8,0.96,0.16,0.8,reasoning_A,A,HQ + A,repeat_03_fold_02,3,2
best_degree_prestige,hq,1.0,1.0,0.0,1.0,True,positive,1.0,25,6,True,True,True,0.0,0.0,0.0,0.8,0.8,0.0,0.96,0.96,0.0,0.96,0.96,0.0,1.0,1.0,0.0,1.0,1.0,0.0,reasoning_B,B,HQ + B,repeat_03_fold_02,3,2
degree_level,hq,1.0,0.28,0.72,0.72,False,negative,3.0,25,6,True,True,True,0.0,0.0,0.0,0.0,0.0,0.0,0.24,0.04,0.2,0.84,0.28,0.56,0.96,0.28,0.68,1.0,0.28,0.72,reasoning_B,B,HQ + B,repeat_03_fold_02,3,2
edu_prestige_tier,hq,1.0,1.0,0.0,1.0,True,positive,1.0,25,6,True,True,True,0.0,0.0,0.0,0.8,0.8,0.0,0.96,0.96,0.0,0.96,0.96,0.0,1.0,1.0,0.0,1.0,1.0,0.0,reasoning_B,B,HQ + B,repeat_03_fold_02,3,2
exit_count,hq,1.0,1.0,0.0,1.0,True,positive,0.3,25,6,True,True,True,0.0,0.0,0.0,0.92,0.92,0.0,0.96,0.96,0.0,1.0,1.0,0.0,1.0,1.0,0.0,1.0,1.0,0.0,reasoning_B,B,HQ + B,repeat_03_fold_02,3,2
founding_timing,hq,1.0,0.68,0.32,0.68,False,positive,3.0,25,6,True,True,True,0.0,0.0,0.0,0.0,0.0,0.0,0.04,0.0,0.04,0.2,0.0,0.2,0.72,0.4,0.32,1.0,0.68,0.32,reasoning_B,B,HQ + B,repeat_03_fold_02,3,2
industry_alignment,hq,1.0,1.0,0.0,1.0,True,positive,0.3,25,6,True,True,True,0.0,0.0,0.0,0.08,0.08,0.0,0.92,0.92,0.0,1.0,1.0,0.0,1.0,1.0,0.0,1.0,1.0,0.0,reasoning_B,B,HQ + B,repeat_03_fold_02,3,2
industry_prestige_penalty,hq,1.0,0.92,0.08,0.92,True,positive,3.0,25,6,True,True,True,0.0,0.0,0.0,0.2,0.2,0.0,0.76,0.76,0.0,0.92,0.92,0.0,0.96,0.92,0.04,1.0,0.92,0.08,reasoning_B,B,HQ + B,repeat_03_fold_02,3,2
max_seniority_reached,hq,1.0,0.92,0.08,0.92,True,positive,3.0,25,6,True,True,True,0.0,0.0,0.0,0.0,0.0,0.0,0.24,0.24,0.0,0.84,0.84,0.0,0.92,0.88,0.04,1.0,0.92,0.08,reasoning_B,B,HQ + B,repeat_03_fold_02,3,2
restlessness_score,hq,1.0,0.04,0.96,0.96,True,negative,3.0,25,6,True,True,True,0.0,0.0,0.0,0.0,0.0,0.0,0.32,0.0,0.32,0.68,0.0,0.68,0.96,0.04,0.92,1.0,0.04,0.96,reasoning_B,B,HQ + B,repeat_03_fold_02,3,2
sacrifice_x_serial,hq,1.0,1.0,0.0,1.0,True,positive,1.0,25,6,True,True,True,0.0,0.0,0.0,0.0,0.0,0.0,0.48,0.48,0.0,0.8,0.8,0.0,1.0,1.0,0.0,1.0,1.0,0.0,reasoning_B,B,HQ + B,repeat_03_fold_02,3,2
seniority_is_monotone,hq,1.0,0.24,0.76,0.76,False,negative,3.0,25,6,True,True,True,0.0,0.0,0.0,0.0,0.0,0.0,0.04,0.0,0.04,0.56,0.16,0.4,0.84,0.24,0.6,1.0,0.24,0.76,reasoning_B,B,HQ + B,repeat_03_fold_02,3,2
total_inferred_experience,hq,1.0,0.0,1.0,1.0,True,negative,0.1,25,6,True,True,True,0.0,0.0,0.0,0.0,0.0,0.0,1.0,0.0,1.0,1.0,0.0,1.0,1.0,0.0,1.0,1.0,0.0,1.0,reasoning_B,B,HQ + B,repeat_03_fold_02,3,2
years_in_large_company,hq,1.0,0.96,0.04,0.96,True,positive,1.0,25,6,True,True,True,0.0,0.0,0.0,0.0,0.0,0.0,0.48,0.48,0.0,0.96,0.96,0.0,1.0,0.96,0.04,1.0,0.96,0.04,reasoning_B,B,HQ + B,repeat_03_fold_02,3,2
company_size_is_growing,hq,0.96,0.8,0.16,0.8333333333333334,False,positive,3.0,25,6,True,True,True,0.0,0.0,0.0,0.0,0.0,0.0,0.0,0.0,0.0,0.56,0.48,0.08,0.8,0.68,0.12,0.96,0.8,0.16,reasoning_B,B,HQ + B,repeat_03_fold_02,3,2
exit_x_serial,hq,0.96,0.28,0.68,0.7083333333333334,False,negative,3.0,25,6,True,True,True,0.0,0.0,0.0,0.08,0.08,0.0,0.24,0.24,0.0,0.56,0.28,0.28,0.88,0.28,0.6,0.96,0.28,0.68,reasoning_B,B,HQ + B,repeat_03_fold_02,3,2
field_relevance_score,hq,0.96,0.48,0.48,0.5,False,positive,3.0,25,6,True,True,True,0.0,0.0,0.0,0.0,0.0,0.0,0.08,0.08,0.0,0.36,0.2,0.16,0.72,0.28,0.44,0.96,0.48,0.48,reasoning_B,B,HQ + B,repeat_03_fold_02,3,2
is_serial_founder,hq,0.96,0.08,0.88,0.9166666666666667,True,negative,3.0,25,6,True,True,True,0.0,0.0,0.0,0.0,0.0,0.0,0.0,0.0,0.0,0.36,0.0,0.36,0.76,0.0,0.76,0.96,0.08,0.88,reasoning_B,B,HQ + B,repeat_03_fold_02,3,2
longest_founding_tenure,hq,0.96,0.32,0.64,0.6666666666666667,False,negative,3.0,25,6,True,True,True,0.0,0.0,0.0,0.0,0.0,0.0,0.44,0.0,0.44,0.72,0.04,0.68,0.8,0.16,0.64,0.96,0.32,0.64,reasoning_B,B,HQ + B,repeat_03_fold_02,3,2
persistence_score,hq,0.96,0.4,0.56,0.5833333333333334,False,negative,3.0,25,6,True,True,True,0.0,0.0,0.0,0.0,0.0,0.0,0.0,0.0,0.0,0.44,0.24,0.2,0.92,0.4,0.52,0.96,0.4,0.56,reasoning_B,B,HQ + B,repeat_03_fold_02,3,2
prestige_x_relevance,hq,0.96,0.52,0.44,0.5416666666666667,False,positive,3.0,25,6,True,True,True,0.0,0.0,0.0,0.8,0.8,0.0,0.84,0.84,0.0,0.6,0.6,0.0,0.76,0.52,0.24,0.96,0.52,0.44,reasoning_B,B,HQ + B,repeat_03_fold_02,3,2
comfort_index,hq,0.92,0.84,0.08,0.9130434782608695,True,positive,3.0,25,6,True,True,True,0.0,0.0,0.0,0.0,0.0,0.0,0.48,0.48,0.0,0.72,0.68,0.04,0.88,0.8,0.08,0.92,0.84,0.08,reasoning_B,B,HQ + B,repeat_03_fold_02,3,2
founding_role_count,hq,0.92,0.64,0.28,0.6956521739130435,False,positive,3.0,25,6,True,True,True,0.0,0.0,0.0,0.0,0.0,0.0,0.0,0.0,0.0,0.32,0.2,0.12,0.68,0.44,0.24,0.92,0.64,0.28,reasoning_B,B,HQ + B,repeat_03_fold_02,3,2
stem_flag,hq,0.92,0.72,0.2,0.7826086956521738,False,positive,3.0,25,6,True,True,True,0.0,0.0,0.0,0.0,0.0,0.0,0.12,0.12,0.0,0.52,0.52,0.0,0.84,0.72,0.12,0.92,0.72,0.2,reasoning_B,B,HQ + B,repeat_03_fold_02,3,2
industry_pivot_count,hq,0.88,0.52,0.36,0.5909090909090909,False,positive,3.0,25,6,True,True,False,0.0,0.0,0.0,0.0,0.0,0.0,0.12,0.04,0.08,0.6,0.24,0.36,0.8,0.44,0.36,0.88,0.52,0.36,reasoning_B,B,HQ + B,repeat_03_fold_02,3,2
prestige_sacrifice_score,hq,0.88,0.68,0.2,0.7727272727272728,False,positive,3.0,25,6,True,True,False,0.0,0.0,0.0,0.08,0.08,0.0,0.8,0.8,0.0,0.76,0.76,0.0,0.8,0.76,0.04,0.88,0.68,0.2,reasoning_B,B,HQ + B,repeat_03_fold_02,3,2
repeat_founding_gap,hq,0.88,0.48,0.4,0.5454545454545454,False,positive,3.0,25,6,True,True,False,0.0,0.0,0.0,0.0,0.0,0.0,0.08,0.04,0.04,0.52,0.24,0.28,0.76,0.36,0.4,0.88,0.48,0.4,reasoning_B,B,HQ + B,repeat_03_fold_02,3,2
max_company_size_before_founding,hq,0.8,0.48,0.32,0.6,False,positive,3.0,25,6,True,True,False,0.0,0.0,0.0,0.0,0.0,0.0,0.2,0.2,0.0,0.32,0.32,0.0,0.72,0.48,0.24,0.8,0.48,0.32,reasoning_B,B,HQ + B,repeat_03_fold_02,3,2
has_prior_ipo,hq,0.64,0.64,0.0,1.0,True,positive,3.0,25,6,True,False,False,0.0,0.0,0.0,0.04,0.04,0.0,0.4,0.4,0.0,0.52,0.52,0.0,0.56,0.56,0.0,0.64,0.64,0.0,reasoning_B,B,HQ + B,repeat_03_fold_02,3,2
has_prior_acquisition,hq,0.44,0.44,0.0,1.0,True,positive,0.3,25,6,False,False,False,0.0,0.0,0.0,0.2,0.2,0.0,0.32,0.32,0.0,0.44,0.44,0.0,0.4,0.4,0.0,0.44,0.44,0.0,reasoning_B,B,HQ + B,repeat_03_fold_02,3,2
B_evidence_support_rating,reasoning,0.96,0.96,0.0,1.0,True,positive,3.0,25,6,True,True,True,0.0,0.0,0.0,0.0,0.0,0.0,0.2,0.2,0.0,0.64,0.64,0.0,0.88,0.88,0.0,0.96,0.96,0.0,reasoning_B,B,HQ + B,repeat_03_fold_02,3,2
B_rubric_score,reasoning,0.96,0.04,0.92,0.9583333333333334,True,negative,1.0,25,6,True,True,True,0.0,0.0,0.0,0.0,0.0,0.0,0.12,0.0,0.12,0.48,0.04,0.44,0.96,0.04,0.92,0.96,0.04,0.92,reasoning_B,B,HQ + B,repeat_03_fold_02,3,2
best_degree_prestige,hq,1.0,1.0,0.0,1.0,True,positive,0.1,25,6,True,True,True,0.0,0.0,0.0,0.76,0.76,0.0,1.0,1.0,0.0,0.96,0.96,0.0,0.96,0.96,0.0,0.96,0.96,0.0,reasoning_C,C,HQ + C,repeat_03_fold_02,3,2
degree_level,hq,1.0,0.12,0.88,0.88,False,negative,3.0,25,6,True,True,True,0.0,0.0,0.0,0.0,0.0,0.0,0.12,0.0,0.12,0.68,0.04,0.64,0.88,0.08,0.8,1.0,0.12,0.88,reasoning_C,C,HQ + C,repeat_03_fold_02,3,2
edu_prestige_tier,hq,1.0,1.0,0.0,1.0,True,positive,0.1,25,6,True,True,True,0.0,0.0,0.0,0.76,0.76,0.0,1.0,1.0,0.0,0.96,0.96,0.0,0.96,0.96,0.0,0.96,0.96,0.0,reasoning_C,C,HQ + C,repeat_03_fold_02,3,2
exit_x_serial,hq,1.0,0.2,0.8,0.8,False,negative,3.0,25,6,True,True,True,0.0,0.0,0.0,0.08,0.08,0.0,0.12,0.12,0.0,0.52,0.2,0.32,0.96,0.2,0.76,1.0,0.2,0.8,reasoning_C,C,HQ + C,repeat_03_fold_02,3,2
founding_timing,hq,1.0,0.8,0.2,0.8,False,positive,3.0,25,6,True,True,True,0.0,0.0,0.0,0.0,0.0,0.0,0.0,0.0,0.0,0.16,0.04,0.12,0.6,0.44,0.16,1.0,0.8,0.2,reasoning_C,C,HQ + C,repeat_03_fold_02,3,2
industry_alignment,hq,1.0,1.0,0.0,1.0,True,positive,0.3,25,6,True,True,True,0.0,0.0,0.0,0.16,0.16,0.0,0.96,0.96,0.0,1.0,1.0,0.0,1.0,1.0,0.0,1.0,1.0,0.0,reasoning_C,C,HQ + C,repeat_03_fold_02,3,2
is_serial_founder,hq,1.0,0.08,0.92,0.92,True,negative,3.0,25,6,True,True,True,0.0,0.0,0.0,0.0,0.0,0.0,0.0,0.0,0.0,0.44,0.0,0.44,0.92,0.04,0.88,1.0,0.08,0.92,reasoning_C,C,HQ + C,repeat_03_fold_02,3,2
max_seniority_reached,hq,1.0,0.96,0.04,0.96,True,positive,1.0,25,6,True,True,True,0.0,0.0,0.0,0.0,0.0,0.0,0.28,0.28,0.0,0.8,0.76,0.04,1.0,0.96,0.04,1.0,0.96,0.04,reasoning_C,C,HQ + C,repeat_03_fold_02,3,2
repeat_founding_gap,hq,1.0,0.44,0.56,0.56,False,negative,3.0,25,6,True,True,True,0.0,0.0,0.0,0.0,0.0,0.0,0.08,0.04,0.04,0.68,0.32,0.36,0.88,0.44,0.44,1.0,0.44,0.56,reasoning_C,C,HQ + C,repeat_03_fold_02,3,2
restlessness_score,hq,1.0,0.0,1.0,1.0,True,negative,3.0,25,6,True,True,True,0.0,0.0,0.0,0.0,0.0,0.0,0.36,0.0,0.36,0.88,0.0,0.88,0.96,0.0,0.96,1.0,0.0,1.0,reasoning_C,C,HQ + C,repeat_03_fold_02,3,2
comfort_index,hq,0.96,0.8,0.16,0.8333333333333334,False,positive,1.0,25,6,True,True,True,0.0,0.0,0.0,0.0,0.0,0.0,0.4,0.36,0.04,0.88,0.72,0.16,0.96,0.8,0.16,0.96,0.8,0.16,reasoning_C,C,HQ + C,repeat_03_fold_02,3,2
company_size_is_growing,hq,0.96,0.84,0.12,0.875,False,positive,3.0,25,6,True,True,True,0.0,0.0,0.0,0.0,0.0,0.0,0.12,0.08,0.04,0.6,0.52,0.08,0.88,0.8,0.08,0.96,0.84,0.12,reasoning_C,C,HQ + C,repeat_03_fold_02,3,2
industry_prestige_penalty,hq,0.96,0.88,0.08,0.9166666666666667,True,positive,3.0,25,6,True,True,True,0.0,0.0,0.0,0.2,0.2,0.0,0.68,0.68,0.0,0.88,0.84,0.04,0.92,0.88,0.04,0.96,0.88,0.08,reasoning_C,C,HQ + C,repeat_03_fold_02,3,2
persistence_score,hq,0.96,0.28,0.68,0.7083333333333334,False,negative,3.0,25,6,True,True,True,0.0,0.0,0.0,0.0,0.0,0.0,0.0,0.0,0.0,0.28,0.12,0.16,0.84,0.24,0.6,0.96,0.28,0.68,reasoning_C,C,HQ + C,repeat_03_fold_02,3,2
prestige_sacrifice_score,hq,0.96,0.72,0.24,0.75,False,positive,3.0,25,6,True,True,True,0.0,0.0,0.0,0.2,0.2,0.0,0.84,0.84,0.0,0.84,0.84,0.0,0.84,0.72,0.12,0.96,0.72,0.24,reasoning_C,C,HQ + C,repeat_03_fold_02,3,2
stem_flag,hq,0.96,0.8,0.16,0.8333333333333334,False,positive,3.0,25,6,True,True,True,0.0,0.0,0.0,0.0,0.0,0.0,0.24,0.24,0.0,0.56,0.52,0.04,0.76,0.72,0.04,0.96,0.8,0.16,reasoning_C,C,HQ + C,repeat_03_fold_02,3,2
total_inferred_experience,hq,0.96,0.0,0.96,1.0,True,negative,0.3,25,6,True,True,True,0.0,0.0,0.0,0.0,0.0,0.0,0.88,0.0,0.88,0.96,0.0,0.96,0.96,0.0,0.96,0.96,0.0,0.96,reasoning_C,C,HQ + C,repeat_03_fold_02,3,2
years_in_large_company,hq,0.96,0.96,0.0,1.0,True,positive,1.0,25,6,True,True,True,0.0,0.0,0.0,0.0,0.0,0.0,0.28,0.28,0.0,0.76,0.76,0.0,0.96,0.96,0.0,0.96,0.96,0.0,reasoning_C,C,HQ + C,repeat_03_fold_02,3,2
exit_count,hq,0.92,0.92,0.0,1.0,True,positive,0.3,25,6,True,True,True,0.0,0.0,0.0,0.72,0.72,0.0,0.84,0.84,0.0,0.92,0.92,0.0,0.92,0.92,0.0,0.92,0.92,0.0,reasoning_C,C,HQ + C,repeat_03_fold_02,3,2
field_relevance_score,hq,0.92,0.4,0.52,0.5652173913043478,False,negative,3.0,25,6,True,True,True,0.0,0.0,0.0,0.0,0.0,0.0,0.08,0.04,0.04,0.56,0.24,0.32,0.84,0.36,0.48,0.92,0.4,0.52,reasoning_C,C,HQ + C,repeat_03_fold_02,3,2
founding_role_count,hq,0.92,0.68,0.24,0.7391304347826088,False,positive,3.0,25,6,True,True,True,0.0,0.0,0.0,0.0,0.0,0.0,0.0,0.0,0.0,0.28,0.08,0.2,0.68,0.48,0.2,0.92,0.68,0.24,reasoning_C,C,HQ + C,repeat_03_fold_02,3,2
industry_pivot_count,hq,0.92,0.36,0.56,0.6086956521739131,False,negative,3.0,25,6,True,True,True,0.0,0.0,0.0,0.0,0.0,0.0,0.2,0.08,0.12,0.76,0.24,0.52,0.88,0.32,0.56,0.92,0.36,0.56,reasoning_C,C,HQ + C,repeat_03_fold_02,3,2
prestige_x_relevance,hq,0.92,0.64,0.28,0.6956521739130435,False,positive,3.0,25,6,True,True,True,0.0,0.0,0.0,0.68,0.68,0.0,0.68,0.68,0.0,0.6,0.6,0.0,0.8,0.64,0.16,0.92,0.64,0.28,reasoning_C,C,HQ + C,repeat_03_fold_02,3,2
sacrifice_x_serial,hq,0.92,0.8,0.12,0.8695652173913043,False,positive,3.0,25,6,True,True,True,0.0,0.0,0.0,0.0,0.0,0.0,0.36,0.36,0.0,0.56,0.56,0.0,0.88,0.8,0.08,0.92,0.8,0.12,reasoning_C,C,HQ + C,repeat_03_fold_02,3,2
seniority_is_monotone,hq,0.92,0.16,0.76,0.8260869565217391,False,negative,3.0,25,6,True,True,True,0.0,0.0,0.0,0.0,0.0,0.0,0.04,0.0,0.04,0.56,0.08,0.48,0.88,0.2,0.68,0.92,0.16,0.76,reasoning_C,C,HQ + C,repeat_03_fold_02,3,2
longest_founding_tenure,hq,0.88,0.08,0.8,0.9090909090909092,True,negative,1.0,25,6,True,True,False,0.0,0.0,0.0,0.0,0.0,0.0,0.6,0.0,0.6,0.76,0.0,0.76,0.88,0.08,0.8,0.88,0.28,0.6,reasoning_C,C,HQ + C,repeat_03_fold_02,3,2
max_company_size_before_founding,hq,0.84,0.6,0.24,0.7142857142857143,False,positive,3.0,25,6,True,True,False,0.0,0.0,0.0,0.04,0.04,0.0,0.32,0.32,0.0,0.48,0.48,0.0,0.72,0.56,0.16,0.84,0.6,0.24,reasoning_C,C,HQ + C,repeat_03_fold_02,3,2
has_prior_ipo,hq,0.68,0.64,0.04,0.9411764705882353,True,positive,1.0,25,6,True,False,False,0.0,0.0,0.0,0.2,0.2,0.0,0.48,0.44,0.04,0.6,0.56,0.04,0.68,0.64,0.04,0.68,0.64,0.04,reasoning_C,C,HQ + C,repeat_03_fold_02,3,2
has_prior_acquisition,hq,0.4,0.36,0.04,0.8999999999999999,False,positive,1.0,25,6,False,False,False,0.0,0.0,0.0,0.2,0.2,0.0,0.36,0.36,0.0,0.36,0.36,0.0,0.4,0.36,0.04,0.4,0.36,0.04,reasoning_C,C,HQ + C,repeat_03_fold_02,3,2
C_latent_risk,reasoning,1.0,0.92,0.08,0.92,True,positive,1.0,25,6,True,True,True,0.0,0.0,0.0,0.0,0.0,0.0,0.48,0.48,0.0,0.92,0.88,0.04,1.0,0.92,0.08,1.0,0.92,0.08,reasoning_C,C,HQ + C,repeat_03_fold_02,3,2
C_latent_strength,reasoning,1.0,1.0,0.0,1.0,True,positive,3.0,25,6,True,True,True,0.0,0.0,0.0,0.0,0.0,0.0,0.16,0.16,0.0,0.84,0.84,0.0,0.96,0.96,0.0,1.0,1.0,0.0,reasoning_C,C,HQ + C,repeat_03_fold_02,3,2
C_evidence_support_rating,reasoning,0.8,0.4,0.4,0.5,False,positive,3.0,25,6,True,True,False,0.0,0.0,0.0,0.0,0.0,0.0,0.04,0.0,0.04,0.24,0.12,0.12,0.64,0.32,0.32,0.8,0.4,0.4,reasoning_C,C,HQ + C,repeat_03_fold_02,3,2
best_degree_prestige,hq,1.0,0.92,0.08,0.92,True,positive,3.0,25,6,True,True,True,0.0,0.0,0.0,0.76,0.76,0.0,0.92,0.92,0.0,0.92,0.92,0.0,0.96,0.92,0.04,1.0,0.92,0.08,reasoning_D,D,HQ + D,repeat_03_fold_02,3,2
comfort_index,hq,1.0,0.8,0.2,0.8,False,positive,3.0,25,6,True,True,True,0.0,0.0,0.0,0.04,0.04,0.0,0.48,0.48,0.0,0.72,0.68,0.04,0.96,0.8,0.16,1.0,0.8,0.2,reasoning_D,D,HQ + D,repeat_03_fold_02,3,2
company_size_is_growing,hq,1.0,0.72,0.28,0.72,False,positive,3.0,25,6,True,True,True,0.0,0.0,0.0,0.0,0.0,0.0,0.12,0.08,0.04,0.8,0.56,0.24,0.92,0.64,0.28,1.0,0.72,0.28,reasoning_D,D,HQ + D,repeat_03_fold_02,3,2
edu_prestige_tier,hq,1.0,0.92,0.08,0.92,True,positive,3.0,25,6,True,True,True,0.0,0.0,0.0,0.76,0.76,0.0,0.92,0.92,0.0,0.92,0.92,0.0,0.96,0.92,0.04,1.0,0.92,0.08,reasoning_D,D,HQ + D,repeat_03_fold_02,3,2
exit_count,hq,1.0,1.0,0.0,1.0,True,positive,3.0,25,6,True,True,True,0.0,0.0,0.0,0.84,0.84,0.0,0.96,0.96,0.0,0.96,0.96,0.0,0.96,0.96,0.0,1.0,1.0,0.0,reasoning_D,D,HQ + D,repeat_03_fold_02,3,2
exit_x_serial,hq,1.0,0.4,0.6,0.6,False,negative,1.0,25,6,True,True,True,0.0,0.0,0.0,0.12,0.12,0.0,0.2,0.2,0.0,0.56,0.28,0.28,1.0,0.4,0.6,0.96,0.36,0.6,reasoning_D,D,HQ + D,repeat_03_fold_02,3,2
field_relevance_score,hq,1.0,0.24,0.76,0.76,False,negative,3.0,25,6,True,True,True,0.0,0.0,0.0,0.0,0.0,0.0,0.04,0.04,0.0,0.44,0.08,0.36,0.96,0.2,0.76,1.0,0.24,0.76,reasoning_D,D,HQ + D,repeat_03_fold_02,3,2
industry_alignment,hq,1.0,1.0,0.0,1.0,True,positive,0.3,25,6,True,True,True,0.0,0.0,0.0,0.08,0.08,0.0,0.92,0.92,0.0,1.0,1.0,0.0,1.0,1.0,0.0,1.0,1.0,0.0,reasoning_D,D,HQ + D,repeat_03_fold_02,3,2
industry_prestige_penalty,hq,1.0,0.8,0.2,0.8,False,positive,3.0,25,6,True,True,True,0.0,0.0,0.0,0.28,0.28,0.0,0.8,0.76,0.04,0.96,0.8,0.16,0.96,0.8,0.16,1.0,0.8,0.2,reasoning_D,D,HQ + D,repeat_03_fold_02,3,2
max_seniority_reached,hq,1.0,1.0,0.0,1.0,True,positive,1.0,25,6,True,True,True,0.0,0.0,0.0,0.0,0.0,0.0,0.36,0.36,0.0,0.84,0.84,0.0,1.0,1.0,0.0,1.0,1.0,0.0,reasoning_D,D,HQ + D,repeat_03_fold_02,3,2
repeat_founding_gap,hq,1.0,0.4,0.6,0.6,False,negative,3.0,25,6,True,True,True,0.0,0.0,0.0,0.0,0.0,0.0,0.16,0.08,0.08,0.68,0.32,0.36,0.96,0.36,0.6,1.0,0.4,0.6,reasoning_D,D,HQ + D,repeat_03_fold_02,3,2
restlessness_score,hq,1.0,0.04,0.96,0.96,True,negative,3.0,25,6,True,True,True,0.0,0.0,0.0,0.0,0.0,0.0,0.32,0.04,0.28,0.88,0.04,0.84,0.92,0.04,0.88,1.0,0.04,0.96,reasoning_D,D,HQ + D,repeat_03_fold_02,3,2
sacrifice_x_serial,hq,1.0,0.96,0.04,0.96,True,positive,3.0,25,6,True,True,True,0.0,0.0,0.0,0.0,0.0,0.0,0.44,0.44,0.0,0.72,0.72,0.0,0.88,0.84,0.04,1.0,0.96,0.04,reasoning_D,D,HQ + D,repeat_03_fold_02,3,2
seniority_is_monotone,hq,1.0,0.28,0.72,0.72,False,negative,3.0,25,6,True,True,True,0.0,0.0,0.0,0.0,0.0,0.0,0.28,0.04,0.24,0.68,0.24,0.44,0.96,0.28,0.68,1.0,0.28,0.72,reasoning_D,D,HQ + D,repeat_03_fold_02,3,2
stem_flag,hq,1.0,0.92,0.08,0.92,True,positive,3.0,25,6,True,True,True,0.0,0.0,0.0,0.04,0.04,0.0,0.36,0.36,0.0,0.56,0.56,0.0,0.92,0.84,0.08,1.0,0.92,0.08,reasoning_D,D,HQ + D,repeat_03_fold_02,3,2
total_inferred_experience,hq,1.0,0.0,1.0,1.0,True,negative,0.1,25,6,True,True,True,0.0,0.0,0.0,0.0,0.0,0.0,1.0,0.0,1.0,0.96,0.0,0.96,0.96,0.0,0.96,0.96,0.0,0.96,reasoning_D,D,HQ + D,repeat_03_fold_02,3,2
degree_level,hq,0.96,0.16,0.8,0.8333333333333334,False,negative,1.0,25,6,True,True,True,0.0,0.0,0.0,0.0,0.0,0.0,0.16,0.04,0.12,0.68,0.08,0.6,0.96,0.16,0.8,0.96,0.16,0.8,reasoning_D,D,HQ + D,repeat_03_fold_02,3,2
industry_pivot_count,hq,0.96,0.2,0.76,0.7916666666666667,False,negative,1.0,25,6,True,True,True,0.0,0.0,0.0,0.0,0.0,0.0,0.04,0.0,0.04,0.64,0.12,0.52,0.96,0.2,0.76,0.96,0.24,0.72,reasoning_D,D,HQ + D,repeat_03_fold_02,3,2
is_serial_founder,hq,0.96,0.08,0.88,0.9166666666666667,True,negative,3.0,25,6,True,True,True,0.0,0.0,0.0,0.0,0.0,0.0,0.04,0.0,0.04,0.48,0.0,0.48,0.84,0.04,0.8,0.96,0.08,0.88,reasoning_D,D,HQ + D,repeat_03_fold_02,3,2
longest_founding_tenure,hq,0.96,0.32,0.64,0.6666666666666667,False,negative,3.0,25,6,True,True,True,0.0,0.0,0.0,0.0,0.0,0.0,0.44,0.0,0.44,0.68,0.0,0.68,0.8,0.12,0.68,0.96,0.32,0.64,reasoning_D,D,HQ + D,repeat_03_fold_02,3,2
persistence_score,hq,0.96,0.36,0.6,0.625,False,negative,3.0,25,6,True,True,True,0.0,0.0,0.0,0.0,0.0,0.0,0.0,0.0,0.0,0.48,0.24,0.24,0.76,0.28,0.48,0.96,0.36,0.6,reasoning_D,D,HQ + D,repeat_03_fold_02,3,2
prestige_x_relevance,hq,0.96,0.64,0.32,0.6666666666666667,False,positive,3.0,25,6,True,True,True,0.0,0.0,0.0,0.68,0.68,0.0,0.68,0.68,0.0,0.68,0.64,0.04,0.88,0.64,0.24,0.96,0.64,0.32,reasoning_D,D,HQ + D,repeat_03_fold_02,3,2
years_in_large_company,hq,0.96,0.88,0.08,0.9166666666666667,True,positive,1.0,25,6,True,True,True,0.0,0.0,0.0,0.0,0.0,0.0,0.36,0.36,0.0,0.84,0.8,0.04,0.96,0.88,0.08,0.92,0.84,0.08,reasoning_D,D,HQ + D,repeat_03_fold_02,3,2
max_company_size_before_founding,hq,0.92,0.72,0.2,0.7826086956521738,False,positive,3.0,25,6,True,True,True,0.0,0.0,0.0,0.0,0.0,0.0,0.24,0.24,0.0,0.68,0.6,0.08,0.8,0.64,0.16,0.92,0.72,0.2,reasoning_D,D,HQ + D,repeat_03_fold_02,3,2
founding_timing,hq,0.88,0.68,0.2,0.7727272727272728,False,positive,3.0,25,6,True,True,False,0.0,0.0,0.0,0.0,0.0,0.0,0.08,0.0,0.08,0.08,0.0,0.08,0.68,0.48,0.2,0.88,0.68,0.2,reasoning_D,D,HQ + D,repeat_03_fold_02,3,2
prestige_sacrifice_score,hq,0.88,0.48,0.4,0.5454545454545454,False,positive,3.0,25,6,True,True,False,0.0,0.0,0.0,0.0,0.0,0.0,0.4,0.4,0.0,0.56,0.56,0.0,0.84,0.56,0.28,0.88,0.48,0.4,reasoning_D,D,HQ + D,repeat_03_fold_02,3,2
founding_role_count,hq,0.8,0.4,0.4,0.5,False,positive,3.0,25,6,True,True,False,0.0,0.0,0.0,0.0,0.0,0.0,0.08,0.0,0.08,0.48,0.2,0.28,0.68,0.36,0.32,0.8,0.4,0.4,reasoning_D,D,HQ + D,repeat_03_fold_02,3,2
has_prior_ipo,hq,0.76,0.76,0.0,1.0,True,positive,3.0,25,6,True,False,False,0.0,0.0,0.0,0.08,0.08,0.0,0.48,0.48,0.0,0.64,0.64,0.0,0.68,0.68,0.0,0.76,0.76,0.0,reasoning_D,D,HQ + D,repeat_03_fold_02,3,2
has_prior_acquisition,hq,0.4,0.4,0.0,1.0,True,positive,3.0,25,6,False,False,False,0.0,0.0,0.0,0.16,0.16,0.0,0.32,0.32,0.0,0.32,0.32,0.0,0.32,0.32,0.0,0.4,0.4,0.0,reasoning_D,D,HQ + D,repeat_03_fold_02,3,2
D_evidence_support_rating,reasoning,1.0,0.0,1.0,1.0,True,negative,1.0,25,6,True,True,True,0.0,0.0,0.0,0.0,0.0,0.0,0.0,0.0,0.0,0.96,0.0,0.96,1.0,0.0,1.0,1.0,0.0,1.0,reasoning_D,D,HQ + D,repeat_03_fold_02,3,2
D_overall_founder_quality,reasoning,1.0,1.0,0.0,1.0,True,positive,0.3,25,6,True,True,True,0.0,0.0,0.0,0.0,0.0,0.0,0.72,0.72,0.0,1.0,1.0,0.0,1.0,1.0,0.0,1.0,1.0,0.0,reasoning_D,D,HQ + D,repeat_03_fold_02,3,2
best_degree_prestige,hq,1.0,0.96,0.04,0.96,True,positive,3.0,25,6,True,True,True,0.0,0.0,0.0,0.72,0.72,0.0,0.96,0.96,0.0,0.96,0.96,0.0,0.96,0.96,0.0,1.0,0.96,0.04,reasoning_E,E,HQ + E,repeat_03_fold_02,3,2
comfort_index,hq,1.0,0.76,0.24,0.76,False,positive,3.0,25,6,True,True,True,0.0,0.0,0.0,0.04,0.04,0.0,0.52,0.52,0.0,0.84,0.76,0.08,0.96,0.76,0.2,1.0,0.76,0.24,reasoning_E,E,HQ + E,repeat_03_fold_02,3,2
degree_level,hq,1.0,0.08,0.92,0.92,True,negative,1.0,25,6,True,True,True,0.0,0.0,0.0,0.0,0.0,0.0,0.16,0.0,0.16,0.84,0.04,0.8,1.0,0.08,0.92,1.0,0.08,0.92,reasoning_E,E,HQ + E,repeat_03_fold_02,3,2
edu_prestige_tier,hq,1.0,0.96,0.04,0.96,True,positive,3.0,25,6,True,True,True,0.0,0.0,0.0,0.72,0.72,0.0,0.96,0.96,0.0,0.96,0.96,0.0,0.96,0.96,0.0,1.0,0.96,0.04,reasoning_E,E,HQ + E,repeat_03_fold_02,3,2
industry_alignment,hq,1.0,1.0,0.0,1.0,True,positive,0.3,25,6,True,True,True,0.0,0.0,0.0,0.08,0.08,0.0,0.84,0.84,0.0,1.0,1.0,0.0,1.0,1.0,0.0,1.0,1.0,0.0,reasoning_E,E,HQ + E,repeat_03_fold_02,3,2
industry_prestige_penalty,hq,1.0,0.8,0.2,0.8,False,positive,3.0,25,6,True,True,True,0.0,0.0,0.0,0.12,0.12,0.0,0.56,0.56,0.0,0.8,0.76,0.04,0.92,0.8,0.12,1.0,0.8,0.2,reasoning_E,E,HQ + E,repeat_03_fold_02,3,2
longest_founding_tenure,hq,1.0,0.24,0.76,0.76,False,negative,3.0,25,6,True,True,True,0.0,0.0,0.0,0.0,0.0,0.0,0.6,0.0,0.6,0.84,0.0,0.84,0.92,0.12,0.8,1.0,0.24,0.76,reasoning_E,E,HQ + E,repeat_03_fold_02,3,2
restlessness_score,hq,1.0,0.12,0.88,0.88,False,negative,1.0,25,6,True,True,True,0.0,0.0,0.0,0.0,0.0,0.0,0.2,0.04,0.16,0.84,0.04,0.8,1.0,0.12,0.88,1.0,0.12,0.88,reasoning_E,E,HQ + E,repeat_03_fold_02,3,2
sacrifice_x_serial,hq,1.0,0.92,0.08,0.92,True,positive,3.0,25,6,True,True,True,0.0,0.0,0.0,0.0,0.0,0.0,0.4,0.4,0.0,0.72,0.72,0.0,0.96,0.92,0.04,1.0,0.92,0.08,reasoning_E,E,HQ + E,repeat_03_fold_02,3,2
seniority_is_monotone,hq,1.0,0.32,0.68,0.68,False,negative,3.0,25,6,True,True,True,0.0,0.0,0.0,0.0,0.0,0.0,0.12,0.0,0.12,0.64,0.12,0.52,0.92,0.28,0.64,1.0,0.32,0.68,reasoning_E,E,HQ + E,repeat_03_fold_02,3,2
total_inferred_experience,hq,1.0,0.0,1.0,1.0,True,negative,0.1,25,6,True,True,True,0.0,0.0,0.0,0.0,0.0,0.0,1.0,0.0,1.0,1.0,0.0,1.0,0.92,0.0,0.92,0.92,0.0,0.92,reasoning_E,E,HQ + E,repeat_03_fold_02,3,2
years_in_large_company,hq,1.0,0.88,0.12,0.88,False,positive,3.0,25,6,True,True,True,0.0,0.0,0.0,0.0,0.0,0.0,0.16,0.16,0.0,0.76,0.72,0.04,0.92,0.84,0.08,1.0,0.88,0.12,reasoning_E,E,HQ + E,repeat_03_fold_02,3,2
field_relevance_score,hq,0.96,0.16,0.8,0.8333333333333334,False,negative,3.0,25,6,True,True,True,0.0,0.0,0.0,0.0,0.0,0.0,0.0,0.0,0.0,0.44,0.04,0.4,0.92,0.16,0.76,0.96,0.16,0.8,reasoning_E,E,HQ + E,repeat_03_fold_02,3,2
founding_role_count,hq,0.96,0.56,0.4,0.5833333333333334,False,positive,3.0,25,6,True,True,True,0.0,0.0,0.0,0.0,0.0,0.0,0.04,0.0,0.04,0.32,0.08,0.24,0.8,0.4,0.4,0.96,0.56,0.4,reasoning_E,E,HQ + E,repeat_03_fold_02,3,2
is_serial_founder,hq,0.96,0.2,0.76,0.7916666666666667,False,negative,3.0,25,6,True,True,True,0.0,0.0,0.0,0.0,0.0,0.0,0.04,0.0,0.04,0.32,0.0,0.32,0.76,0.04,0.72,0.96,0.2,0.76,reasoning_E,E,HQ + E,repeat_03_fold_02,3,2
max_seniority_reached,hq,0.96,0.96,0.0,1.0,True,positive,1.0,25,6,True,True,True,0.0,0.0,0.0,0.0,0.0,0.0,0.52,0.52,0.0,0.92,0.92,0.0,0.96,0.96,0.0,0.96,0.96,0.0,reasoning_E,E,HQ + E,repeat_03_fold_02,3,2
persistence_score,hq,0.96,0.32,0.64,0.6666666666666667,False,negative,3.0,25,6,True,True,True,0.0,0.0,0.0,0.0,0.0,0.0,0.08,0.0,0.08,0.48,0.16,0.32,0.92,0.32,0.6,0.96,0.32,0.64,reasoning_E,E,HQ + E,repeat_03_fold_02,3,2
repeat_founding_gap,hq,0.96,0.48,0.48,0.5,False,positive,3.0,25,6,True,True,True,0.0,0.0,0.0,0.0,0.0,0.0,0.28,0.2,0.08,0.8,0.48,0.32,0.92,0.48,0.44,0.96,0.48,0.48,reasoning_E,E,HQ + E,repeat_03_fold_02,3,2
stem_flag,hq,0.96,0.76,0.2,0.7916666666666667,False,positive,3.0,25,6,True,True,True,0.0,0.0,0.0,0.0,0.0,0.0,0.24,0.24,0.0,0.6,0.56,0.04,0.92,0.76,0.16,0.96,0.76,0.2,reasoning_E,E,HQ + E,repeat_03_fold_02,3,2
company_size_is_growing,hq,0.92,0.64,0.28,0.6956521739130435,False,positive,3.0,25,6,True,True,True,0.0,0.0,0.0,0.0,0.0,0.0,0.12,0.08,0.04,0.68,0.44,0.24,0.88,0.6,0.28,0.92,0.64,0.28,reasoning_E,E,HQ + E,repeat_03_fold_02,3,2
exit_count,hq,0.92,0.92,0.0,1.0,True,positive,0.1,25,6,True,True,True,0.0,0.0,0.0,0.8,0.8,0.0,0.92,0.92,0.0,0.92,0.92,0.0,0.92,0.92,0.0,0.92,0.92,0.0,reasoning_E,E,HQ + E,repeat_03_fold_02,3,2
exit_x_serial,hq,0.92,0.28,0.64,0.6956521739130435,False,negative,3.0,25,6,True,True,True,0.0,0.0,0.0,0.08,0.08,0.0,0.16,0.12,0.04,0.4,0.12,0.28,0.76,0.2,0.56,0.92,0.28,0.64,reasoning_E,E,HQ + E,repeat_03_fold_02,3,2
founding_timing,hq,0.92,0.48,0.44,0.5217391304347826,False,positive,3.0,25,6,True,True,True,0.0,0.0,0.0,0.0,0.0,0.0,0.04,0.0,0.04,0.32,0.04,0.28,0.68,0.24,0.44,0.92,0.48,0.44,reasoning_E,E,HQ + E,repeat_03_fold_02,3,2
industry_pivot_count,hq,0.92,0.4,0.52,0.5652173913043478,False,negative,3.0,25,6,True,True,True,0.0,0.0,0.0,0.0,0.0,0.0,0.04,0.0,0.04,0.48,0.08,0.4,0.84,0.32,0.52,0.92,0.4,0.52,reasoning_E,E,HQ + E,repeat_03_fold_02,3,2
prestige_sacrifice_score,hq,0.92,0.6,0.32,0.6521739130434782,False,positive,3.0,25,6,True,True,True,0.0,0.0,0.0,0.04,0.04,0.0,0.68,0.68,0.0,0.72,0.72,0.0,0.8,0.64,0.16,0.92,0.6,0.32,reasoning_E,E,HQ + E,repeat_03_fold_02,3,2
prestige_x_relevance,hq,0.88,0.6,0.28,0.6818181818181818,False,positive,3.0,25,6,True,True,False,0.0,0.0,0.0,0.72,0.72,0.0,0.72,0.72,0.0,0.64,0.64,0.0,0.72,0.6,0.12,0.88,0.6,0.28,reasoning_E,E,HQ + E,repeat_03_fold_02,3,2
max_company_size_before_founding,hq,0.84,0.64,0.2,0.761904761904762,False,positive,3.0,25,6,True,True,False,0.0,0.0,0.0,0.04,0.04,0.0,0.24,0.24,0.0,0.4,0.4,0.0,0.72,0.6,0.12,0.84,0.64,0.2,reasoning_E,E,HQ + E,repeat_03_fold_02,3,2
has_prior_ipo,hq,0.76,0.72,0.04,0.9473684210526315,True,positive,3.0,25,6,True,False,False,0.0,0.0,0.0,0.08,0.08,0.0,0.36,0.36,0.0,0.52,0.52,0.0,0.72,0.72,0.0,0.76,0.72,0.04,reasoning_E,E,HQ + E,repeat_03_fold_02,3,2
has_prior_acquisition,hq,0.32,0.32,0.0,1.0,True,positive,0.3,25,6,False,False,False,0.0,0.0,0.0,0.04,0.04,0.0,0.24,0.24,0.0,0.32,0.32,0.0,0.32,0.28,0.04,0.32,0.28,0.04,reasoning_E,E,HQ + E,repeat_03_fold_02,3,2
E_hidden_upside,reasoning,1.0,0.4,0.6,0.6,False,negative,3.0,25,6,True,True,True,0.0,0.0,0.0,0.0,0.0,0.0,0.08,0.0,0.08,0.36,0.12,0.24,0.84,0.28,0.56,1.0,0.4,0.6,reasoning_E,E,HQ + E,repeat_03_fold_02,3,2
E_hidden_risk,reasoning,0.96,0.4,0.56,0.5833333333333334,False,negative,3.0,25,6,True,True,True,0.0,0.0,0.0,0.0,0.0,0.0,0.08,0.0,0.08,0.4,0.2,0.2,0.88,0.36,0.52,0.96,0.4,0.56,reasoning_E,E,HQ + E,repeat_03_fold_02,3,2
E_evidence_support_rating,reasoning,0.92,0.48,0.44,0.5217391304347826,False,positive,3.0,25,6,True,True,True,0.0,0.0,0.0,0.0,0.0,0.0,0.12,0.0,0.12,0.56,0.28,0.28,0.8,0.44,0.36,0.92,0.48,0.44,reasoning_E,E,HQ + E,repeat_03_fold_02,3,2
best_degree_prestige,hq,1.0,1.0,0.0,1.0,True,positive,0.3,25,6,True,True,True,0.0,0.0,0.0,0.84,0.84,0.0,0.96,0.96,0.0,1.0,1.0,0.0,1.0,1.0,0.0,1.0,1.0,0.0,reasoning_F,F,HQ + F,repeat_03_fold_02,3,2
comfort_index,hq,1.0,0.88,0.12,0.88,False,positive,3.0,25,6,True,True,True,0.0,0.0,0.0,0.0,0.0,0.0,0.68,0.68,0.0,0.92,0.88,0.04,0.96,0.88,0.08,1.0,0.88,0.12,reasoning_F,F,HQ + F,repeat_03_fold_02,3,2
edu_prestige_tier,hq,1.0,1.0,0.0,1.0,True,positive,0.3,25,6,True,True,True,0.0,0.0,0.0,0.84,0.84,0.0,0.96,0.96,0.0,1.0,1.0,0.0,1.0,1.0,0.0,1.0,1.0,0.0,reasoning_F,F,HQ + F,repeat_03_fold_02,3,2
exit_x_serial,hq,1.0,0.32,0.68,0.68,False,negative,3.0,25,6,True,True,True,0.0,0.0,0.0,0.04,0.04,0.0,0.2,0.2,0.0,0.44,0.32,0.12,0.72,0.32,0.4,1.0,0.32,0.68,reasoning_F,F,HQ + F,repeat_03_fold_02,3,2
industry_alignment,hq,1.0,1.0,0.0,1.0,True,positive,1.0,25,6,True,True,True,0.0,0.0,0.0,0.12,0.12,0.0,0.96,0.96,0.0,0.96,0.96,0.0,1.0,1.0,0.0,1.0,1.0,0.0,reasoning_F,F,HQ + F,repeat_03_fold_02,3,2
industry_pivot_count,hq,1.0,0.68,0.32,0.68,False,positive,3.0,25,6,True,True,True,0.0,0.0,0.0,0.0,0.0,0.0,0.16,0.0,0.16,0.6,0.32,0.28,0.8,0.48,0.32,1.0,0.68,0.32,reasoning_F,F,HQ + F,repeat_03_fold_02,3,2
max_seniority_reached,hq,1.0,1.0,0.0,1.0,True,positive,1.0,25,6,True,True,True,0.0,0.0,0.0,0.0,0.0,0.0,0.28,0.28,0.0,0.96,0.96,0.0,1.0,1.0,0.0,1.0,1.0,0.0,reasoning_F,F,HQ + F,repeat_03_fold_02,3,2
seniority_is_monotone,hq,1.0,0.32,0.68,0.68,False,negative,3.0,25,6,True,True,True,0.0,0.0,0.0,0.0,0.0,0.0,0.32,0.08,0.24,0.52,0.2,0.32,0.8,0.28,0.52,1.0,0.32,0.68,reasoning_F,F,HQ + F,repeat_03_fold_02,3,2
total_inferred_experience,hq,1.0,0.0,1.0,1.0,True,negative,0.1,25,6,True,True,True,0.0,0.0,0.0,0.0,0.0,0.0,1.0,0.0,1.0,1.0,0.0,1.0,0.96,0.0,0.96,0.96,0.0,0.96,reasoning_F,F,HQ + F,repeat_03_fold_02,3,2
years_in_large_company,hq,1.0,1.0,0.0,1.0,True,positive,3.0,25,6,True,True,True,0.0,0.0,0.0,0.0,0.0,0.0,0.44,0.44,0.0,0.88,0.88,0.0,0.96,0.96,0.0,1.0,1.0,0.0,reasoning_F,F,HQ + F,repeat_03_fold_02,3,2
company_size_is_growing,hq,0.96,0.88,0.08,0.9166666666666667,True,positive,3.0,25,6,True,True,True,0.0,0.0,0.0,0.0,0.0,0.0,0.04,0.04,0.0,0.56,0.48,0.08,0.92,0.84,0.08,0.96,0.88,0.08,reasoning_F,F,HQ + F,repeat_03_fold_02,3,2
degree_level,hq,0.96,0.12,0.84,0.875,False,negative,3.0,25,6,True,True,True,0.0,0.0,0.0,0.0,0.0,0.0,0.12,0.0,0.12,0.6,0.04,0.56,0.84,0.08,0.76,0.96,0.12,0.84,reasoning_F,F,HQ + F,repeat_03_fold_02,3,2
max_company_size_before_founding,hq,0.96,0.68,0.28,0.7083333333333334,False,positive,3.0,25,6,True,True,True,0.0,0.0,0.0,0.0,0.0,0.0,0.36,0.36,0.0,0.52,0.52,0.0,0.76,0.6,0.16,0.96,0.68,0.28,reasoning_F,F,HQ + F,repeat_03_fold_02,3,2
persistence_score,hq,0.96,0.32,0.64,0.6666666666666667,False,negative,3.0,25,6,True,True,True,0.0,0.0,0.0,0.0,0.0,0.0,0.08,0.0,0.08,0.6,0.24,0.36,0.92,0.36,0.56,0.96,0.32,0.64,reasoning_F,F,HQ + F,repeat_03_fold_02,3,2
repeat_founding_gap,hq,0.96,0.4,0.56,0.5833333333333334,False,negative,3.0,25,6,True,True,True,0.0,0.0,0.0,0.0,0.0,0.0,0.16,0.04,0.12,0.52,0.24,0.28,0.92,0.4,0.52,0.96,0.4,0.56,reasoning_F,F,HQ + F,repeat_03_fold_02,3,2
restlessness_score,hq,0.96,0.0,0.96,1.0,True,negative,1.0,25,6,True,True,True,0.0,0.0,0.0,0.0,0.0,0.0,0.2,0.0,0.2,0.88,0.0,0.88,0.96,0.0,0.96,0.96,0.0,0.96,reasoning_F,F,HQ + F,repeat_03_fold_02,3,2
stem_flag,hq,0.96,0.92,0.04,0.9583333333333334,True,positive,3.0,25,6,True,True,True,0.0,0.0,0.0,0.0,0.0,0.0,0.28,0.28,0.0,0.72,0.72,0.0,0.88,0.88,0.0,0.96,0.92,0.04,reasoning_F,F,HQ + F,repeat_03_fold_02,3,2
exit_count,hq,0.92,0.92,0.0,1.0,True,positive,0.1,25,6,True,True,True,0.0,0.0,0.0,0.72,0.72,0.0,0.92,0.92,0.0,0.92,0.92,0.0,0.88,0.88,0.0,0.92,0.92,0.0,reasoning_F,F,HQ + F,repeat_03_fold_02,3,2
field_relevance_score,hq,0.92,0.4,0.52,0.5652173913043478,False,negative,3.0,25,6,True,True,True,0.0,0.0,0.0,0.0,0.0,0.0,0.0,0.0,0.0,0.56,0.28,0.28,0.88,0.36,0.52,0.92,0.4,0.52,reasoning_F,F,HQ + F,repeat_03_fold_02,3,2
industry_prestige_penalty,hq,0.92,0.8,0.12,0.8695652173913043,False,positive,1.0,25,6,True,True,True,0.0,0.0,0.0,0.16,0.16,0.0,0.8,0.8,0.0,0.84,0.8,0.04,0.92,0.8,0.12,0.92,0.76,0.16,reasoning_F,F,HQ + F,repeat_03_fold_02,3,2
prestige_sacrifice_score,hq,0.92,0.56,0.36,0.6086956521739131,False,positive,3.0,25,6,True,True,True,0.0,0.0,0.0,0.04,0.04,0.0,0.68,0.68,0.0,0.72,0.72,0.0,0.76,0.6,0.16,0.92,0.56,0.36,reasoning_F,F,HQ + F,repeat_03_fold_02,3,2
sacrifice_x_serial,hq,0.92,0.84,0.08,0.9130434782608695,True,positive,3.0,25,6,True,True,True,0.0,0.0,0.0,0.08,0.08,0.0,0.28,0.28,0.0,0.64,0.64,0.0,0.84,0.76,0.08,0.92,0.84,0.08,reasoning_F,F,HQ + F,repeat_03_fold_02,3,2
founding_timing,hq,0.88,0.68,0.2,0.7727272727272728,False,positive,3.0,25,6,True,True,False,0.0,0.0,0.0,0.0,0.0,0.0,0.0,0.0,0.0,0.24,0.04,0.2,0.68,0.48,0.2,0.88,0.68,0.2,reasoning_F,F,HQ + F,repeat_03_fold_02,3,2
has_prior_ipo,hq,0.88,0.76,0.12,0.8636363636363636,False,positive,3.0,25,6,True,True,False,0.0,0.0,0.0,0.12,0.12,0.0,0.52,0.52,0.0,0.64,0.64,0.0,0.8,0.72,0.08,0.88,0.76,0.12,reasoning_F,F,HQ + F,repeat_03_fold_02,3,2
is_serial_founder,hq,0.88,0.08,0.8,0.9090909090909092,True,negative,3.0,25,6,True,True,False,0.0,0.0,0.0,0.0,0.0,0.0,0.04,0.0,0.04,0.6,0.04,0.56,0.84,0.04,0.8,0.88,0.08,0.8,reasoning_F,F,HQ + F,repeat_03_fold_02,3,2
longest_founding_tenure,hq,0.88,0.2,0.68,0.7727272727272728,False,negative,1.0,25,6,True,True,False,0.0,0.0,0.0,0.0,0.0,0.0,0.52,0.0,0.52,0.68,0.0,0.68,0.88,0.2,0.68,0.76,0.28,0.48,reasoning_F,F,HQ + F,repeat_03_fold_02,3,2
prestige_x_relevance,hq,0.88,0.4,0.48,0.5454545454545454,False,negative,3.0,25,6,True,True,False,0.0,0.0,0.0,0.72,0.72,0.0,0.72,0.72,0.0,0.56,0.56,0.0,0.68,0.44,0.24,0.88,0.4,0.48,reasoning_F,F,HQ + F,repeat_03_fold_02,3,2
founding_role_count,hq,0.84,0.68,0.16,0.8095238095238096,False,positive,3.0,25,6,True,True,False,0.0,0.0,0.0,0.0,0.0,0.0,0.0,0.0,0.0,0.2,0.12,0.08,0.64,0.56,0.08,0.84,0.68,0.16,reasoning_F,F,HQ + F,repeat_03_fold_02,3,2
has_prior_acquisition,hq,0.4,0.4,0.0,1.0,True,positive,3.0,25,6,False,False,False,0.0,0.0,0.0,0.16,0.16,0.0,0.24,0.24,0.0,0.28,0.28,0.0,0.24,0.24,0.0,0.4,0.4,0.0,reasoning_F,F,HQ + F,repeat_03_fold_02,3,2
F_career_coherence,reasoning,1.0,0.0,1.0,1.0,True,negative,0.3,25,6,True,True,True,0.0,0.0,0.0,0.0,0.0,0.0,0.6,0.0,0.6,1.0,0.0,1.0,1.0,0.0,1.0,1.0,0.0,1.0,reasoning_F,F,HQ + F,repeat_03_fold_02,3,2
F_evidence_support_rating,reasoning,1.0,1.0,0.0,1.0,True,positive,0.3,25,6,True,True,True,0.0,0.0,0.0,0.0,0.0,0.0,0.48,0.48,0.0,1.0,1.0,0.0,1.0,1.0,0.0,1.0,1.0,0.0,reasoning_F,F,HQ + F,repeat_03_fold_02,3,2
F_scrappiness,reasoning,0.96,0.48,0.48,0.5,False,positive,3.0,25,6,True,True,True,0.0,0.0,0.0,0.0,0.0,0.0,0.04,0.0,0.04,0.2,0.12,0.08,0.68,0.4,0.28,0.96,0.48,0.48,reasoning_F,F,HQ + F,repeat_03_fold_02,3,2
F_rubric_score,reasoning,0.8,0.32,0.48,0.6,False,negative,3.0,25,6,True,True,False,0.0,0.0,0.0,0.0,0.0,0.0,0.04,0.0,0.04,0.04,0.0,0.04,0.24,0.12,0.12,0.8,0.32,0.48,reasoning_F,F,HQ + F,repeat_03_fold_02,3,2
F_ownership_signal,reasoning,0.76,0.64,0.12,0.8421052631578947,False,positive,3.0,25,6,True,False,False,0.0,0.0,0.0,0.0,0.0,0.0,0.0,0.0,0.0,0.08,0.04,0.04,0.64,0.56,0.08,0.76,0.64,0.12,reasoning_F,F,HQ + F,repeat_03_fold_02,3,2
F_trajectory_strength,reasoning,0.64,0.44,0.2,0.6875,False,positive,3.0,25,6,True,False,False,0.0,0.0,0.0,0.0,0.0,0.0,0.04,0.0,0.04,0.12,0.0,0.12,0.24,0.12,0.12,0.64,0.44,0.2,reasoning_F,F,HQ + F,repeat_03_fold_02,3,2
best_degree_prestige,hq,1.0,0.8,0.2,0.8,False,positive,3.0,25,6,True,True,True,0.0,0.0,0.0,0.36,0.36,0.0,0.72,0.72,0.0,0.84,0.84,0.0,0.84,0.8,0.04,1.0,0.8,0.2,reasoning_A,A,HQ + A,repeat_03_fold_03,3,3
company_size_is_growing,hq,1.0,0.92,0.08,0.92,True,positive,3.0,25,6,True,True,True,0.0,0.0,0.0,0.0,0.0,0.0,0.12,0.12,0.0,0.68,0.64,0.04,0.92,0.84,0.08,1.0,0.92,0.08,reasoning_A,A,HQ + A,repeat_03_fold_03,3,3
degree_level,hq,1.0,0.0,1.0,1.0,True,negative,1.0,25,6,True,True,True,0.0,0.0,0.0,0.0,0.0,0.0,0.36,0.0,0.36,0.96,0.0,0.96,1.0,0.0,1.0,1.0,0.0,1.0,reasoning_A,A,HQ + A,repeat_03_fold_03,3,3
edu_prestige_tier,hq,1.0,0.8,0.2,0.8,False,positive,3.0,25,6,True,True,True,0.0,0.0,0.0,0.36,0.36,0.0,0.72,0.72,0.0,0.84,0.84,0.0,0.84,0.8,0.04,1.0,0.8,0.2,reasoning_A,A,HQ + A,repeat_03_fold_03,3,3
founding_role_count,hq,1.0,0.2,0.8,0.8,False,negative,3.0,25,6,True,True,True,0.0,0.0,0.0,0.0,0.0,0.0,0.4,0.0,0.4,0.76,0.0,0.76,0.96,0.16,0.8,1.0,0.2,0.8,reasoning_A,A,HQ + A,repeat_03_fold_03,3,3
industry_alignment,hq,1.0,1.0,0.0,1.0,True,positive,0.1,25,6,True,True,True,0.0,0.0,0.0,0.16,0.16,0.0,1.0,1.0,0.0,1.0,1.0,0.0,1.0,1.0,0.0,1.0,1.0,0.0,reasoning_A,A,HQ + A,repeat_03_fold_03,3,3
industry_prestige_penalty,hq,1.0,0.96,0.04,0.96,True,positive,0.3,25,6,True,True,True,0.0,0.0,0.0,0.12,0.12,0.0,0.84,0.84,0.0,1.0,0.96,0.04,1.0,0.96,0.04,1.0,0.96,0.04,reasoning_A,A,HQ + A,repeat_03_fold_03,3,3
is_serial_founder,hq,1.0,0.36,0.64,0.64,False,negative,3.0,25,6,True,True,True,0.0,0.0,0.0,0.0,0.0,0.0,0.24,0.0,0.24,0.52,0.04,0.48,0.76,0.16,0.6,1.0,0.36,0.64,reasoning_A,A,HQ + A,repeat_03_fold_03,3,3
max_seniority_reached,hq,1.0,1.0,0.0,1.0,True,positive,3.0,25,6,True,True,True,0.0,0.0,0.0,0.0,0.0,0.0,0.4,0.4,0.0,0.88,0.88,0.0,0.96,0.96,0.0,1.0,1.0,0.0,reasoning_A,A,HQ + A,repeat_03_fold_03,3,3
repeat_founding_gap,hq,1.0,0.68,0.32,0.68,False,positive,3.0,25,6,True,True,True,0.0,0.0,0.0,0.0,0.0,0.0,0.32,0.28,0.04,0.72,0.6,0.12,0.92,0.68,0.24,1.0,0.68,0.32,reasoning_A,A,HQ + A,repeat_03_fold_03,3,3
seniority_is_monotone,hq,1.0,0.12,0.88,0.88,False,negative,1.0,25,6,True,True,True,0.0,0.0,0.0,0.0,0.0,0.0,0.2,0.0,0.2,0.84,0.08,0.76,1.0,0.12,0.88,1.0,0.12,0.88,reasoning_A,A,HQ + A,repeat_03_fold_03,3,3
years_in_large_company,hq,1.0,0.96,0.04,0.96,True,positive,3.0,25,6,True,True,True,0.0,0.0,0.0,0.08,0.08,0.0,0.48,0.48,0.0,0.84,0.84,0.0,0.88,0.88,0.0,1.0,0.96,0.04,reasoning_A,A,HQ + A,repeat_03_fold_03,3,3
comfort_index,hq,0.96,0.72,0.24,0.75,False,positive,3.0,25,6,True,True,True,0.0,0.0,0.0,0.0,0.0,0.0,0.4,0.4,0.0,0.72,0.64,0.08,0.88,0.68,0.2,0.96,0.72,0.24,reasoning_A,A,HQ + A,repeat_03_fold_03,3,3
exit_x_serial,hq,0.96,0.92,0.04,0.9583333333333334,True,positive,1.0,25,6,True,True,True,0.0,0.0,0.0,0.36,0.36,0.0,0.6,0.6,0.0,0.8,0.8,0.0,0.96,0.92,0.04,0.96,0.92,0.04,reasoning_A,A,HQ + A,repeat_03_fold_03,3,3
field_relevance_score,hq,0.96,0.72,0.24,0.75,False,positive,3.0,25,6,True,True,True,0.0,0.0,0.0,0.0,0.0,0.0,0.12,0.12,0.0,0.44,0.32,0.12,0.8,0.64,0.16,0.96,0.72,0.24,reasoning_A,A,HQ + A,repeat_03_fold_03,3,3
has_prior_ipo,hq,0.96,0.88,0.08,0.9166666666666667,True,positive,1.0,25,6,True,True,True,0.0,0.0,0.0,0.24,0.24,0.0,0.8,0.76,0.04,0.88,0.8,0.08,0.96,0.88,0.08,0.96,0.88,0.08,reasoning_A,A,HQ + A,repeat_03_fold_03,3,3
industry_pivot_count,hq,0.96,0.44,0.52,0.5416666666666667,False,negative,3.0,25,6,True,True,True,0.0,0.0,0.0,0.0,0.0,0.0,0.04,0.0,0.04,0.36,0.04,0.32,0.84,0.32,0.52,0.96,0.44,0.52,reasoning_A,A,HQ + A,repeat_03_fold_03,3,3
max_company_size_before_founding,hq,0.96,0.96,0.0,1.0,True,positive,1.0,25,6,True,True,True,0.0,0.0,0.0,0.08,0.08,0.0,0.4,0.4,0.0,0.92,0.92,0.0,0.96,0.96,0.0,0.96,0.96,0.0,reasoning_A,A,HQ + A,repeat_03_fold_03,3,3
persistence_score,hq,0.96,0.36,0.6,0.625,False,negative,3.0,25,6,True,True,True,0.0,0.0,0.0,0.0,0.0,0.0,0.08,0.0,0.08,0.4,0.2,0.2,0.88,0.32,0.56,0.96,0.36,0.6,reasoning_A,A,HQ + A,repeat_03_fold_03,3,3
prestige_x_relevance,hq,0.96,0.76,0.2,0.7916666666666667,False,positive,3.0,25,6,True,True,True,0.0,0.0,0.0,0.92,0.92,0.0,0.92,0.92,0.0,0.84,0.8,0.04,0.92,0.8,0.12,0.96,0.76,0.2,reasoning_A,A,HQ + A,repeat_03_fold_03,3,3
restlessness_score,hq,0.96,0.24,0.72,0.75,False,negative,3.0,25,6,True,True,True,0.0,0.0,0.0,0.0,0.0,0.0,0.32,0.0,0.32,0.76,0.04,0.72,0.88,0.16,0.72,0.96,0.24,0.72,reasoning_A,A,HQ + A,repeat_03_fold_03,3,3
prestige_sacrifice_score,hq,0.92,0.56,0.36,0.6086956521739131,False,positive,3.0,25,6,True,True,True,0.0,0.0,0.0,0.04,0.04,0.0,0.28,0.28,0.0,0.56,0.56,0.0,0.76,0.56,0.2,0.92,0.56,0.36,reasoning_A,A,HQ + A,repeat_03_fold_03,3,3
sacrifice_x_serial,hq,0.92,0.52,0.4,0.5652173913043478,False,positive,3.0,25,6,True,True,True,0.0,0.0,0.0,0.0,0.0,0.0,0.12,0.04,0.08,0.24,0.12,0.12,0.72,0.4,0.32,0.92,0.52,0.4,reasoning_A,A,HQ + A,repeat_03_fold_03,3,3
total_inferred_experience,hq,0.92,0.0,0.92,1.0,True,negative,0.3,25,6,True,True,True,0.0,0.0,0.0,0.0,0.0,0.0,0.6,0.0,0.6,0.92,0.0,0.92,0.92,0.0,0.92,0.92,0.0,0.92,reasoning_A,A,HQ + A,repeat_03_fold_03,3,3
longest_founding_tenure,hq,0.88,0.52,0.36,0.5909090909090909,False,positive,3.0,25,6,True,True,False,0.0,0.0,0.0,0.0,0.0,0.0,0.36,0.0,0.36,0.56,0.04,0.52,0.76,0.28,0.48,0.88,0.52,0.36,reasoning_A,A,HQ + A,repeat_03_fold_03,3,3
founding_timing,hq,0.84,0.48,0.36,0.5714285714285714,False,positive,3.0,25,6,True,True,False,0.0,0.0,0.0,0.0,0.0,0.0,0.04,0.0,0.04,0.4,0.0,0.4,0.76,0.32,0.44,0.84,0.48,0.36,reasoning_A,A,HQ + A,repeat_03_fold_03,3,3
stem_flag,hq,0.8,0.2,0.6,0.7499999999999999,False,negative,3.0,25,6,True,True,False,0.0,0.0,0.0,0.0,0.0,0.0,0.04,0.04,0.0,0.4,0.12,0.28,0.76,0.2,0.56,0.8,0.2,0.6,reasoning_A,A,HQ + A,repeat_03_fold_03,3,3
exit_count,hq,0.72,0.72,0.0,1.0,True,positive,0.1,25,6,True,False,False,0.0,0.0,0.0,0.48,0.48,0.0,0.72,0.72,0.0,0.68,0.68,0.0,0.72,0.68,0.04,0.64,0.6,0.04,reasoning_A,A,HQ + A,repeat_03_fold_03,3,3
has_prior_acquisition,hq,0.4,0.16,0.24,0.6,False,negative,3.0,25,6,False,False,False,0.0,0.0,0.0,0.08,0.08,0.0,0.08,0.08,0.0,0.08,0.08,0.0,0.24,0.08,0.16,0.4,0.16,0.24,reasoning_A,A,HQ + A,repeat_03_fold_03,3,3
A_evidence_support_rating,reasoning,1.0,1.0,0.0,1.0,True,positive,0.03,25,6,True,True,True,0.0,0.0,0.0,1.0,1.0,0.0,1.0,1.0,0.0,1.0,1.0,0.0,1.0,1.0,0.0,1.0,1.0,0.0,reasoning_A,A,HQ + A,repeat_03_fold_03,3,3
A_scrappiness,reasoning,1.0,0.0,1.0,1.0,True,negative,0.1,25,6,True,True,True,0.0,0.0,0.0,0.08,0.0,0.08,1.0,0.0,1.0,1.0,0.0,1.0,1.0,0.0,1.0,1.0,0.0,1.0,reasoning_A,A,HQ + A,repeat_03_fold_03,3,3
A_trajectory_strength,reasoning,1.0,0.04,0.96,0.96,True,negative,1.0,25,6,True,True,True,0.0,0.0,0.0,0.0,0.0,0.0,0.6,0.0,0.6,0.88,0.0,0.88,1.0,0.04,0.96,1.0,0.04,0.96,reasoning_A,A,HQ + A,repeat_03_fold_03,3,3
A_ownership_signal,reasoning,0.96,0.48,0.48,0.5,False,positive,3.0,25,6,True,True,True,0.0,0.0,0.0,0.0,0.0,0.0,0.48,0.0,0.48,0.52,0.04,0.48,0.92,0.44,0.48,0.96,0.48,0.48,reasoning_A,A,HQ + A,repeat_03_fold_03,3,3
A_career_coherence,reasoning,0.88,0.08,0.8,0.9090909090909092,True,negative,3.0,25,6,True,True,False,0.0,0.0,0.0,0.0,0.0,0.0,0.24,0.0,0.24,0.6,0.0,0.6,0.76,0.04,0.72,0.88,0.08,0.8,reasoning_A,A,HQ + A,repeat_03_fold_03,3,3
degree_level,hq,1.0,0.04,0.96,0.96,True,negative,1.0,25,6,True,True,True,0.0,0.0,0.0,0.0,0.0,0.0,0.28,0.0,0.28,0.88,0.0,0.88,1.0,0.04,0.96,1.0,0.04,0.96,reasoning_B,B,HQ + B,repeat_03_fold_03,3,3
exit_x_serial,hq,1.0,0.96,0.04,0.96,True,positive,1.0,25,6,True,True,True,0.0,0.0,0.0,0.52,0.52,0.0,0.8,0.8,0.0,0.96,0.96,0.0,1.0,0.96,0.04,1.0,0.96,0.04,reasoning_B,B,HQ + B,repeat_03_fold_03,3,3
industry_alignment,hq,1.0,1.0,0.0,1.0,True,positive,0.3,25,6,True,True,True,0.0,0.0,0.0,0.12,0.12,0.0,0.88,0.88,0.0,1.0,1.0,0.0,1.0,1.0,0.0,1.0,1.0,0.0,reasoning_B,B,HQ + B,repeat_03_fold_03,3,3
restlessness_score,hq,1.0,0.36,0.64,0.64,False,negative,3.0,25,6,True,True,True,0.0,0.0,0.0,0.0,0.0,0.0,0.16,0.0,0.16,0.48,0.08,0.4,0.88,0.28,0.6,1.0,0.36,0.64,reasoning_B,B,HQ + B,repeat_03_fold_03,3,3
seniority_is_monotone,hq,1.0,0.24,0.76,0.76,False,negative,3.0,25,6,True,True,True,0.0,0.0,0.0,0.0,0.0,0.0,0.24,0.0,0.24,0.8,0.12,0.68,0.92,0.2,0.72,1.0,0.24,0.76,reasoning_B,B,HQ + B,repeat_03_fold_03,3,3
total_inferred_experience,hq,1.0,0.04,0.96,0.96,True,negative,0.3,25,6,True,True,True,0.0,0.0,0.0,0.0,0.0,0.0,0.6,0.0,0.6,1.0,0.04,0.96,0.96,0.04,0.92,0.96,0.04,0.92,reasoning_B,B,HQ + B,repeat_03_fold_03,3,3
best_degree_prestige,hq,0.96,0.8,0.16,0.8333333333333334,False,positive,3.0,25,6,True,True,True,0.0,0.0,0.0,0.44,0.44,0.0,0.76,0.76,0.0,0.8,0.8,0.0,0.84,0.8,0.04,0.96,0.8,0.16,reasoning_B,B,HQ + B,repeat_03_fold_03,3,3
company_size_is_growing,hq,0.96,0.88,0.08,0.9166666666666667,True,positive,3.0,25,6,True,True,True,0.0,0.0,0.0,0.0,0.0,0.0,0.2,0.16,0.04,0.64,0.6,0.04,0.88,0.84,0.04,0.96,0.88,0.08,reasoning_B,B,HQ + B,repeat_03_fold_03,3,3
edu_prestige_tier,hq,0.96,0.8,0.16,0.8333333333333334,False,positive,3.0,25,6,True,True,True,0.0,0.0,0.0,0.44,0.44,0.0,0.76,0.76,0.0,0.8,0.8,0.0,0.84,0.8,0.04,0.96,0.8,0.16,reasoning_B,B,HQ + B,repeat_03_fold_03,3,3
founding_role_count,hq,0.96,0.12,0.84,0.875,False,negative,3.0,25,6,True,True,True,0.0,0.0,0.0,0.0,0.0,0.0,0.6,0.0,0.6,0.8,0.0,0.8,0.84,0.04,0.8,0.96,0.12,0.84,reasoning_B,B,HQ + B,repeat_03_fold_03,3,3
industry_pivot_count,hq,0.96,0.24,0.72,0.75,False,negative,3.0,25,6,True,True,True,0.0,0.0,0.0,0.0,0.0,0.0,0.24,0.0,0.24,0.64,0.04,0.6,0.88,0.16,0.72,0.96,0.24,0.72,reasoning_B,B,HQ + B,repeat_03_fold_03,3,3
industry_prestige_penalty,hq,0.96,0.84,0.12,0.875,False,positive,3.0,25,6,True,True,True,0.0,0.0,0.0,0.12,0.12,0.0,0.6,0.6,0.0,0.76,0.76,0.0,0.92,0.84,0.08,0.96,0.84,0.12,reasoning_B,B,HQ + B,repeat_03_fold_03,3,3
max_seniority_reached,hq,0.96,0.96,0.0,1.0,True,positive,1.0,25,6,True,True,True,0.0,0.0,0.0,0.0,0.0,0.0,0.2,0.2,0.0,0.76,0.76,0.0,0.96,0.96,0.0,0.92,0.92,0.0,reasoning_B,B,HQ + B,repeat_03_fold_03,3,3
persistence_score,hq,0.96,0.6,0.36,0.625,False,positive,1.0,25,6,True,True,True,0.0,0.0,0.0,0.0,0.0,0.0,0.08,0.08,0.0,0.64,0.44,0.2,0.96,0.6,0.36,0.96,0.6,0.36,reasoning_B,B,HQ + B,repeat_03_fold_03,3,3
prestige_sacrifice_score,hq,0.96,0.96,0.0,1.0,True,positive,0.3,25,6,True,True,True,0.0,0.0,0.0,0.0,0.0,0.0,0.56,0.56,0.0,0.96,0.96,0.0,0.92,0.88,0.04,0.88,0.76,0.12,reasoning_B,B,HQ + B,repeat_03_fold_03,3,3
prestige_x_relevance,hq,0.96,0.96,0.0,1.0,True,positive,0.1,25,6,True,True,True,0.0,0.0,0.0,0.88,0.88,0.0,0.96,0.96,0.0,0.92,0.92,0.0,0.96,0.92,0.04,0.92,0.88,0.04,reasoning_B,B,HQ + B,repeat_03_fold_03,3,3
repeat_founding_gap,hq,0.96,0.8,0.16,0.8333333333333334,False,positive,3.0,25,6,True,True,True,0.0,0.0,0.0,0.0,0.0,0.0,0.36,0.36,0.0,0.92,0.76,0.16,0.92,0.76,0.16,0.96,0.8,0.16,reasoning_B,B,HQ + B,repeat_03_fold_03,3,3
sacrifice_x_serial,hq,0.96,0.6,0.36,0.625,False,positive,3.0,25,6,True,True,True,0.0,0.0,0.0,0.0,0.0,0.0,0.0,0.0,0.0,0.24,0.24,0.0,0.64,0.48,0.16,0.96,0.6,0.36,reasoning_B,B,HQ + B,repeat_03_fold_03,3,3
years_in_large_company,hq,0.96,0.88,0.08,0.9166666666666667,True,positive,3.0,25,6,True,True,True,0.0,0.0,0.0,0.0,0.0,0.0,0.36,0.36,0.0,0.76,0.72,0.04,0.92,0.84,0.08,0.96,0.88,0.08,reasoning_B,B,HQ + B,repeat_03_fold_03,3,3
comfort_index,hq,0.92,0.8,0.12,0.8695652173913043,False,positive,3.0,25,6,True,True,True,0.0,0.0,0.0,0.0,0.0,0.0,0.48,0.48,0.0,0.76,0.72,0.04,0.8,0.76,0.04,0.92,0.8,0.12,reasoning_B,B,HQ + B,repeat_03_fold_03,3,3
field_relevance_score,hq,0.92,0.48,0.44,0.5217391304347826,False,positive,3.0,25,6,True,True,True,0.0,0.0,0.0,0.0,0.0,0.0,0.12,0.12,0.0,0.28,0.12,0.16,0.76,0.4,0.36,0.92,0.48,0.44,reasoning_B,B,HQ + B,repeat_03_fold_03,3,3
max_company_size_before_founding,hq,0.92,0.6,0.32,0.6521739130434782,False,positive,3.0,25,6,True,True,True,0.0,0.0,0.0,0.0,0.0,0.0,0.4,0.4,0.0,0.48,0.48,0.0,0.84,0.56,0.28,0.92,0.6,0.32,reasoning_B,B,HQ + B,repeat_03_fold_03,3,3
has_prior_ipo,hq,0.88,0.88,0.0,1.0,True,positive,1.0,25,6,True,True,False,0.0,0.0,0.0,0.2,0.2,0.0,0.64,0.64,0.0,0.8,0.8,0.0,0.88,0.88,0.0,0.88,0.88,0.0,reasoning_B,B,HQ + B,repeat_03_fold_03,3,3
is_serial_founder,hq,0.88,0.36,0.52,0.5909090909090909,False,negative,3.0,25,6,True,True,False,0.0,0.0,0.0,0.0,0.0,0.0,0.16,0.0,0.16,0.48,0.08,0.4,0.68,0.2,0.48,0.88,0.36,0.52,reasoning_B,B,HQ + B,repeat_03_fold_03,3,3
stem_flag,hq,0.88,0.16,0.72,0.8181818181818181,False,negative,3.0,25,6,True,True,False,0.0,0.0,0.0,0.0,0.0,0.0,0.04,0.0,0.04,0.6,0.12,0.48,0.76,0.12,0.64,0.88,0.16,0.72,reasoning_B,B,HQ + B,repeat_03_fold_03,3,3
longest_founding_tenure,hq,0.84,0.32,0.52,0.6190476190476191,False,negative,1.0,25,6,True,True,False,0.0,0.0,0.0,0.0,0.0,0.0,0.28,0.0,0.28,0.56,0.04,0.52,0.84,0.32,0.52,0.84,0.4,0.44,reasoning_B,B,HQ + B,repeat_03_fold_03,3,3
founding_timing,hq,0.8,0.56,0.24,0.7000000000000001,False,positive,3.0,25,6,True,True,False,0.0,0.0,0.0,0.0,0.0,0.0,0.04,0.0,0.04,0.2,0.0,0.2,0.44,0.2,0.24,0.8,0.56,0.24,reasoning_B,B,HQ + B,repeat_03_fold_03,3,3
exit_count,hq,0.76,0.76,0.0,1.0,True,positive,0.3,25,6,True,False,False,0.0,0.0,0.0,0.52,0.52,0.0,0.72,0.72,0.0,0.76,0.76,0.0,0.68,0.68,0.0,0.68,0.68,0.0,reasoning_B,B,HQ + B,repeat_03_fold_03,3,3
has_prior_acquisition,hq,0.44,0.12,0.32,0.7272727272727273,False,negative,3.0,25,6,False,False,False,0.0,0.0,0.0,0.0,0.0,0.0,0.16,0.16,0.0,0.32,0.16,0.16,0.36,0.12,0.24,0.44,0.12,0.32,reasoning_B,B,HQ + B,repeat_03_fold_03,3,3
B_evidence_support_rating,reasoning,1.0,0.96,0.04,0.96,True,positive,3.0,25,6,True,True,True,0.0,0.0,0.0,0.0,0.0,0.0,0.4,0.4,0.0,0.64,0.64,0.0,0.96,0.92,0.04,1.0,0.96,0.04,reasoning_B,B,HQ + B,repeat_03_fold_03,3,3
B_rubric_score,reasoning,0.92,0.12,0.8,0.8695652173913043,False,negative,3.0,25,6,True,True,True,0.0,0.0,0.0,0.0,0.0,0.0,0.08,0.04,0.04,0.4,0.08,0.32,0.88,0.08,0.8,0.92,0.12,0.8,reasoning_B,B,HQ + B,repeat_03_fold_03,3,3
comfort_index,hq,1.0,0.68,0.32,0.68,False,positive,3.0,25,6,True,True,True,0.0,0.0,0.0,0.0,0.0,0.0,0.52,0.52,0.0,0.92,0.68,0.24,0.96,0.68,0.28,1.0,0.68,0.32,reasoning_C,C,HQ + C,repeat_03_fold_03,3,3
degree_level,hq,1.0,0.04,0.96,0.96,True,negative,1.0,25,6,True,True,True,0.0,0.0,0.0,0.0,0.0,0.0,0.32,0.0,0.32,0.92,0.04,0.88,1.0,0.04,0.96,1.0,0.04,0.96,reasoning_C,C,HQ + C,repeat_03_fold_03,3,3
exit_x_serial,hq,1.0,0.88,0.12,0.88,False,positive,3.0,25,6,True,True,True,0.0,0.0,0.0,0.48,0.48,0.0,0.68,0.68,0.0,0.84,0.84,0.0,0.92,0.88,0.04,1.0,0.88,0.12,reasoning_C,C,HQ + C,repeat_03_fold_03,3,3
founding_role_count,hq,1.0,0.12,0.88,0.88,False,negative,3.0,25,6,True,True,True,0.0,0.0,0.0,0.0,0.0,0.0,0.64,0.0,0.64,0.88,0.0,0.88,0.92,0.04,0.88,1.0,0.12,0.88,reasoning_C,C,HQ + C,repeat_03_fold_03,3,3
industry_alignment,hq,1.0,1.0,0.0,1.0,True,positive,0.3,25,6,True,True,True,0.0,0.0,0.0,0.08,0.08,0.0,0.92,0.92,0.0,1.0,1.0,0.0,1.0,1.0,0.0,1.0,1.0,0.0,reasoning_C,C,HQ + C,repeat_03_fold_03,3,3
industry_pivot_count,hq,1.0,0.28,0.72,0.72,False,negative,3.0,25,6,True,True,True,0.0,0.0,0.0,0.0,0.0,0.0,0.16,0.0,0.16,0.64,0.08,0.56,0.96,0.24,0.72,1.0,0.28,0.72,reasoning_C,C,HQ + C,repeat_03_fold_03,3,3
industry_prestige_penalty,hq,1.0,0.92,0.08,0.92,True,positive,1.0,25,6,True,True,True,0.0,0.0,0.0,0.08,0.08,0.0,0.68,0.68,0.0,0.88,0.84,0.04,1.0,0.92,0.08,1.0,0.92,0.08,reasoning_C,C,HQ + C,repeat_03_fold_03,3,3
max_seniority_reached,hq,1.0,0.96,0.04,0.96,True,positive,3.0,25,6,True,True,True,0.0,0.0,0.0,0.0,0.0,0.0,0.2,0.2,0.0,0.8,0.8,0.0,0.96,0.96,0.0,1.0,0.96,0.04,reasoning_C,C,HQ + C,repeat_03_fold_03,3,3
persistence_score,hq,1.0,0.48,0.52,0.52,False,negative,3.0,25,6,True,True,True,0.0,0.0,0.0,0.0,0.0,0.0,0.0,0.0,0.0,0.28,0.16,0.12,0.8,0.36,0.44,1.0,0.48,0.52,reasoning_C,C,HQ + C,repeat_03_fold_03,3,3
prestige_sacrifice_score,hq,1.0,0.88,0.12,0.88,False,positive,3.0,25,6,True,True,True,0.0,0.0,0.0,0.04,0.04,0.0,0.68,0.68,0.0,0.92,0.92,0.0,0.96,0.88,0.08,1.0,0.88,0.12,reasoning_C,C,HQ + C,repeat_03_fold_03,3,3
repeat_founding_gap,hq,1.0,0.88,0.12,0.88,False,positive,1.0,25,6,True,True,True,0.0,0.0,0.0,0.0,0.0,0.0,0.44,0.44,0.0,0.84,0.72,0.12,1.0,0.88,0.12,1.0,0.88,0.12,reasoning_C,C,HQ + C,repeat_03_fold_03,3,3
years_in_large_company,hq,1.0,0.96,0.04,0.96,True,positive,3.0,25,6,True,True,True,0.0,0.0,0.0,0.0,0.0,0.0,0.4,0.4,0.0,0.84,0.84,0.0,0.92,0.92,0.0,1.0,0.96,0.04,reasoning_C,C,HQ + C,repeat_03_fold_03,3,3
best_degree_prestige,hq,0.96,0.84,0.12,0.875,False,positive,3.0,25,6,True,True,True,0.0,0.0,0.0,0.36,0.36,0.0,0.76,0.76,0.0,0.8,0.8,0.0,0.88,0.84,0.04,0.96,0.84,0.12,reasoning_C,C,HQ + C,repeat_03_fold_03,3,3
company_size_is_growing,hq,0.96,0.8,0.16,0.8333333333333334,False,positive,3.0,25,6,True,True,True,0.0,0.0,0.0,0.0,0.0,0.0,0.24,0.2,0.04,0.64,0.52,0.12,0.84,0.72,0.12,0.96,0.8,0.16,reasoning_C,C,HQ + C,repeat_03_fold_03,3,3
edu_prestige_tier,hq,0.96,0.84,0.12,0.875,False,positive,3.0,25,6,True,True,True,0.0,0.0,0.0,0.36,0.36,0.0,0.76,0.76,0.0,0.8,0.8,0.0,0.88,0.84,0.04,0.96,0.84,0.12,reasoning_C,C,HQ + C,repeat_03_fold_03,3,3
founding_timing,hq,0.96,0.52,0.44,0.5416666666666667,False,positive,3.0,25,6,True,True,True,0.0,0.0,0.0,0.0,0.0,0.0,0.04,0.0,0.04,0.28,0.0,0.28,0.88,0.44,0.44,0.96,0.52,0.44,reasoning_C,C,HQ + C,repeat_03_fold_03,3,3
is_serial_founder,hq,0.96,0.4,0.56,0.5833333333333334,False,negative,3.0,25,6,True,True,True,0.0,0.0,0.0,0.0,0.0,0.0,0.12,0.0,0.12,0.28,0.0,0.28,0.68,0.16,0.52,0.96,0.4,0.56,reasoning_C,C,HQ + C,repeat_03_fold_03,3,3
max_company_size_before_founding,hq,0.96,0.56,0.4,0.5833333333333334,False,positive,3.0,25,6,True,True,True,0.0,0.0,0.0,0.04,0.04,0.0,0.32,0.32,0.0,0.44,0.4,0.04,0.68,0.48,0.2,0.96,0.56,0.4,reasoning_C,C,HQ + C,repeat_03_fold_03,3,3
restlessness_score,hq,0.96,0.4,0.56,0.5833333333333334,False,negative,3.0,25,6,True,True,True,0.0,0.0,0.0,0.0,0.0,0.0,0.08,0.0,0.08,0.56,0.12,0.44,0.88,0.36,0.52,0.96,0.4,0.56,reasoning_C,C,HQ + C,repeat_03_fold_03,3,3
sacrifice_x_serial,hq,0.96,0.6,0.36,0.625,False,positive,3.0,25,6,True,True,True,0.0,0.0,0.0,0.0,0.0,0.0,0.0,0.0,0.0,0.28,0.16,0.12,0.84,0.6,0.24,0.96,0.6,0.36,reasoning_C,C,HQ + C,repeat_03_fold_03,3,3
seniority_is_monotone,hq,0.96,0.16,0.8,0.8333333333333334,False,negative,3.0,25,6,True,True,True,0.0,0.0,0.0,0.0,0.0,0.0,0.16,0.0,0.16,0.72,0.12,0.6,0.92,0.16,0.76,0.96,0.16,0.8,reasoning_C,C,HQ + C,repeat_03_fold_03,3,3
stem_flag,hq,0.96,0.36,0.6,0.625,False,negative,3.0,25,6,True,True,True,0.0,0.0,0.0,0.0,0.0,0.0,0.04,0.0,0.04,0.32,0.08,0.24,0.64,0.24,0.4,0.96,0.36,0.6,reasoning_C,C,HQ + C,repeat_03_fold_03,3,3
prestige_x_relevance,hq,0.92,0.92,0.0,1.0,True,positive,0.1,25,6,True,True,True,0.0,0.0,0.0,0.8,0.8,0.0,0.92,0.92,0.0,0.8,0.8,0.0,0.76,0.76,0.0,0.92,0.76,0.16,reasoning_C,C,HQ + C,repeat_03_fold_03,3,3
total_inferred_experience,hq,0.92,0.0,0.92,1.0,True,negative,0.3,25,6,True,True,True,0.0,0.0,0.0,0.0,0.0,0.0,0.56,0.0,0.56,0.92,0.0,0.92,0.92,0.0,0.92,0.92,0.0,0.92,reasoning_C,C,HQ + C,repeat_03_fold_03,3,3
longest_founding_tenure,hq,0.88,0.52,0.36,0.5909090909090909,False,positive,3.0,25,6,True,True,False,0.0,0.0,0.0,0.0,0.0,0.0,0.44,0.0,0.44,0.48,0.04,0.44,0.64,0.24,0.4,0.88,0.52,0.36,reasoning_C,C,HQ + C,repeat_03_fold_03,3,3
field_relevance_score,hq,0.84,0.64,0.2,0.761904761904762,False,positive,3.0,25,6,True,True,False,0.0,0.0,0.0,0.0,0.0,0.0,0.16,0.16,0.0,0.48,0.4,0.08,0.72,0.56,0.16,0.84,0.64,0.2,reasoning_C,C,HQ + C,repeat_03_fold_03,3,3
has_prior_ipo,hq,0.8,0.76,0.04,0.95,True,positive,3.0,25,6,True,True,False,0.0,0.0,0.0,0.32,0.32,0.0,0.68,0.68,0.0,0.76,0.76,0.0,0.76,0.76,0.0,0.8,0.76,0.04,reasoning_C,C,HQ + C,repeat_03_fold_03,3,3
exit_count,hq,0.76,0.76,0.0,1.0,True,positive,0.1,25,6,True,False,False,0.0,0.0,0.0,0.48,0.48,0.0,0.76,0.76,0.0,0.68,0.68,0.0,0.64,0.6,0.04,0.64,0.56,0.08,reasoning_C,C,HQ + C,repeat_03_fold_03,3,3
has_prior_acquisition,hq,0.52,0.16,0.36,0.6923076923076923,False,negative,3.0,25,6,False,False,False,0.0,0.0,0.0,0.08,0.08,0.0,0.16,0.16,0.0,0.24,0.16,0.08,0.4,0.16,0.24,0.52,0.16,0.36,reasoning_C,C,HQ + C,repeat_03_fold_03,3,3
C_latent_strength,reasoning,1.0,0.76,0.24,0.76,False,positive,3.0,25,6,True,True,True,0.0,0.0,0.0,0.0,0.0,0.0,0.28,0.28,0.0,0.68,0.64,0.04,0.8,0.68,0.12,1.0,0.76,0.24,reasoning_C,C,HQ + C,repeat_03_fold_03,3,3
C_evidence_support_rating,reasoning,0.96,0.84,0.12,0.875,False,positive,3.0,25,6,True,True,True,0.0,0.0,0.0,0.0,0.0,0.0,0.08,0.08,0.0,0.6,0.6,0.0,0.8,0.76,0.04,0.96,0.84,0.12,reasoning_C,C,HQ + C,repeat_03_fold_03,3,3
C_latent_risk,reasoning,0.96,0.92,0.04,0.9583333333333334,True,positive,3.0,25,6,True,True,True,0.0,0.0,0.0,0.0,0.0,0.0,0.0,0.0,0.0,0.72,0.68,0.04,0.92,0.88,0.04,0.96,0.92,0.04,reasoning_C,C,HQ + C,repeat_03_fold_03,3,3
comfort_index,hq,1.0,0.8,0.2,0.8,False,positive,3.0,25,6,True,True,True,0.0,0.0,0.0,0.0,0.0,0.0,0.52,0.52,0.0,0.8,0.76,0.04,0.88,0.8,0.08,1.0,0.8,0.2,reasoning_D,D,HQ + D,repeat_03_fold_03,3,3
degree_level,hq,1.0,0.0,1.0,1.0,True,negative,0.3,25,6,True,True,True,0.0,0.0,0.0,0.0,0.0,0.0,0.32,0.0,0.32,1.0,0.0,1.0,1.0,0.0,1.0,1.0,0.0,1.0,reasoning_D,D,HQ + D,repeat_03_fold_03,3,3
exit_x_serial,hq,1.0,1.0,0.0,1.0,True,positive,0.3,25,6,True,True,True,0.0,0.0,0.0,0.44,0.44,0.0,0.76,0.76,0.0,1.0,1.0,0.0,1.0,1.0,0.0,1.0,1.0,0.0,reasoning_D,D,HQ + D,repeat_03_fold_03,3,3
founding_role_count,hq,1.0,0.04,0.96,0.96,True,negative,3.0,25,6,True,True,True,0.0,0.0,0.0,0.0,0.0,0.0,0.52,0.0,0.52,0.88,0.0,0.88,0.96,0.0,0.96,1.0,0.04,0.96,reasoning_D,D,HQ + D,repeat_03_fold_03,3,3
industry_alignment,hq,1.0,1.0,0.0,1.0,True,positive,0.3,25,6,True,True,True,0.0,0.0,0.0,0.12,0.12,0.0,0.92,0.92,0.0,1.0,1.0,0.0,1.0,1.0,0.0,1.0,1.0,0.0,reasoning_D,D,HQ + D,repeat_03_fold_03,3,3
max_seniority_reached,hq,1.0,1.0,0.0,1.0,True,positive,0.3,25,6,True,True,True,0.0,0.0,0.0,0.0,0.0,0.0,0.36,0.36,0.0,1.0,1.0,0.0,1.0,1.0,0.0,1.0,1.0,0.0,reasoning_D,D,HQ + D,repeat_03_fold_03,3,3
prestige_x_relevance,hq,1.0,0.84,0.16,0.84,False,positive,3.0,25,6,True,True,True,0.0,0.0,0.0,0.72,0.72,0.0,0.92,0.92,0.0,0.84,0.84,0.0,0.8,0.8,0.0,1.0,0.84,0.16,reasoning_D,D,HQ + D,repeat_03_fold_03,3,3
repeat_founding_gap,hq,1.0,0.76,0.24,0.76,False,positive,3.0,25,6,True,True,True,0.0,0.0,0.0,0.04,0.04,0.0,0.36,0.36,0.0,0.8,0.68,0.12,0.96,0.76,0.2,1.0,0.76,0.24,reasoning_D,D,HQ + D,repeat_03_fold_03,3,3
restlessness_score,hq,1.0,0.4,0.6,0.6,False,negative,3.0,25,6,True,True,True,0.0,0.0,0.0,0.0,0.0,0.0,0.24,0.12,0.12,0.8,0.32,0.48,0.92,0.36,0.56,1.0,0.4,0.6,reasoning_D,D,HQ + D,repeat_03_fold_03,3,3
seniority_is_monotone,hq,1.0,0.24,0.76,0.76,False,negative,3.0,25,6,True,True,True,0.0,0.0,0.0,0.0,0.0,0.0,0.16,0.0,0.16,0.48,0.04,0.44,0.88,0.16,0.72,1.0,0.24,0.76,reasoning_D,D,HQ + D,repeat_03_fold_03,3,3
total_inferred_experience,hq,1.0,0.04,0.96,0.96,True,negative,3.0,25,6,True,True,True,0.0,0.0,0.0,0.0,0.0,0.0,0.6,0.0,0.6,0.92,0.0,0.92,0.96,0.0,0.96,1.0,0.04,0.96,reasoning_D,D,HQ + D,repeat_03_fold_03,3,3
best_degree_prestige,hq,0.96,0.88,0.08,0.9166666666666667,True,positive,3.0,25,6,True,True,True,0.0,0.0,0.0,0.4,0.4,0.0,0.72,0.72,0.0,0.8,0.8,0.0,0.92,0.84,0.08,0.96,0.88,0.08,reasoning_D,D,HQ + D,repeat_03_fold_03,3,3
company_size_is_growing,hq,0.96,0.92,0.04,0.9583333333333334,True,positive,3.0,25,6,True,True,True,0.0,0.0,0.0,0.0,0.0,0.0,0.12,0.08,0.04,0.72,0.68,0.04,0.92,0.88,0.04,0.96,0.92,0.04,reasoning_D,D,HQ + D,repeat_03_fold_03,3,3
edu_prestige_tier,hq,0.96,0.88,0.08,0.9166666666666667,True,positive,3.0,25,6,True,True,True,0.0,0.0,0.0,0.4,0.4,0.0,0.72,0.72,0.0,0.8,0.8,0.0,0.92,0.84,0.08,0.96,0.88,0.08,reasoning_D,D,HQ + D,repeat_03_fold_03,3,3
industry_pivot_count,hq,0.96,0.16,0.8,0.8333333333333334,False,negative,3.0,25,6,True,True,True,0.0,0.0,0.0,0.0,0.0,0.0,0.2,0.0,0.2,0.68,0.0,0.68,0.88,0.16,0.72,0.96,0.16,0.8,reasoning_D,D,HQ + D,repeat_03_fold_03,3,3
industry_prestige_penalty,hq,0.96,0.92,0.04,0.9583333333333334,True,positive,3.0,25,6,True,True,True,0.0,0.0,0.0,0.16,0.16,0.0,0.64,0.64,0.0,0.84,0.84,0.0,0.92,0.88,0.04,0.96,0.92,0.04,reasoning_D,D,HQ + D,repeat_03_fold_03,3,3
prestige_sacrifice_score,hq,0.96,0.96,0.0,1.0,True,positive,0.3,25,6,True,True,True,0.0,0.0,0.0,0.0,0.0,0.0,0.76,0.76,0.0,0.96,0.96,0.0,0.88,0.84,0.04,0.92,0.8,0.12,reasoning_D,D,HQ + D,repeat_03_fold_03,3,3
stem_flag,hq,0.96,0.12,0.84,0.875,False,negative,3.0,25,6,True,True,True,0.0,0.0,0.0,0.0,0.0,0.0,0.0,0.0,0.0,0.36,0.04,0.32,0.84,0.12,0.72,0.96,0.12,0.84,reasoning_D,D,HQ + D,repeat_03_fold_03,3,3
longest_founding_tenure,hq,0.92,0.56,0.36,0.6086956521739131,False,positive,3.0,25,6,True,True,True,0.0,0.0,0.0,0.0,0.0,0.0,0.24,0.0,0.24,0.52,0.2,0.32,0.88,0.48,0.4,0.92,0.56,0.36,reasoning_D,D,HQ + D,repeat_03_fold_03,3,3
persistence_score,hq,0.92,0.4,0.52,0.5652173913043478,False,negative,3.0,25,6,True,True,True,0.0,0.0,0.0,0.0,0.0,0.0,0.04,0.0,0.04,0.52,0.32,0.2,0.76,0.4,0.36,0.92,0.4,0.52,reasoning_D,D,HQ + D,repeat_03_fold_03,3,3
sacrifice_x_serial,hq,0.92,0.6,0.32,0.6521739130434782,False,positive,3.0,25,6,True,True,True,0.0,0.0,0.0,0.0,0.0,0.0,0.04,0.04,0.0,0.24,0.16,0.08,0.76,0.52,0.24,0.92,0.6,0.32,reasoning_D,D,HQ + D,repeat_03_fold_03,3,3
years_in_large_company,hq,0.92,0.76,0.16,0.8260869565217391,False,positive,3.0,25,6,True,True,True,0.0,0.0,0.0,0.0,0.0,0.0,0.4,0.36,0.04,0.68,0.64,0.04,0.84,0.72,0.12,0.92,0.76,0.16,reasoning_D,D,HQ + D,repeat_03_fold_03,3,3
founding_timing,hq,0.88,0.44,0.44,0.5,False,positive,3.0,25,6,True,True,False,0.0,0.0,0.0,0.0,0.0,0.0,0.08,0.0,0.08,0.36,0.04,0.32,0.64,0.2,0.44,0.88,0.44,0.44,reasoning_D,D,HQ + D,repeat_03_fold_03,3,3
max_company_size_before_founding,hq,0.88,0.68,0.2,0.7727272727272728,False,positive,3.0,25,6,True,True,False,0.0,0.0,0.0,0.04,0.04,0.0,0.36,0.36,0.0,0.68,0.6,0.08,0.84,0.68,0.16,0.88,0.68,0.2,reasoning_D,D,HQ + D,repeat_03_fold_03,3,3
has_prior_ipo,hq,0.84,0.8,0.04,0.9523809523809524,True,positive,1.0,25,6,True,True,False,0.0,0.0,0.0,0.28,0.28,0.0,0.68,0.68,0.0,0.8,0.8,0.0,0.84,0.8,0.04,0.84,0.8,0.04,reasoning_D,D,HQ + D,repeat_03_fold_03,3,3
is_serial_founder,hq,0.84,0.28,0.56,0.6666666666666667,False,negative,3.0,25,6,True,True,False,0.0,0.0,0.0,0.0,0.0,0.0,0.24,0.0,0.24,0.48,0.04,0.44,0.72,0.2,0.52,0.84,0.28,0.56,reasoning_D,D,HQ + D,repeat_03_fold_03,3,3
field_relevance_score,hq,0.8,0.6,0.2,0.7499999999999999,False,positive,3.0,25,6,True,True,False,0.0,0.0,0.0,0.0,0.0,0.0,0.08,0.08,0.0,0.32,0.24,0.08,0.76,0.6,0.16,0.8,0.6,0.2,reasoning_D,D,HQ + D,repeat_03_fold_03,3,3
has_prior_acquisition,hq,0.8,0.2,0.6,0.7499999999999999,False,negative,3.0,25,6,True,True,False,0.0,0.0,0.0,0.08,0.08,0.0,0.16,0.16,0.0,0.24,0.2,0.04,0.68,0.2,0.48,0.8,0.2,0.6,reasoning_D,D,HQ + D,repeat_03_fold_03,3,3
exit_count,hq,0.48,0.48,0.0,1.0,True,positive,0.3,25,6,False,False,False,0.0,0.0,0.0,0.44,0.44,0.0,0.44,0.44,0.0,0.48,0.48,0.0,0.36,0.36,0.0,0.36,0.36,0.0,reasoning_D,D,HQ + D,repeat_03_fold_03,3,3
D_evidence_support_rating,reasoning,1.0,0.0,1.0,1.0,True,negative,1.0,25,6,True,True,True,0.0,0.0,0.0,0.0,0.0,0.0,0.0,0.0,0.0,0.92,0.0,0.92,1.0,0.0,1.0,1.0,0.0,1.0,reasoning_D,D,HQ + D,repeat_03_fold_03,3,3
D_overall_founder_quality,reasoning,1.0,1.0,0.0,1.0,True,positive,0.3,25,6,True,True,True,0.0,0.0,0.0,0.04,0.04,0.0,0.96,0.96,0.0,1.0,1.0,0.0,1.0,1.0,0.0,1.0,1.0,0.0,reasoning_D,D,HQ + D,repeat_03_fold_03,3,3
comfort_index,hq,1.0,0.68,0.32,0.68,False,positive,3.0,25,6,True,True,True,0.0,0.0,0.0,0.0,0.0,0.0,0.48,0.48,0.0,0.8,0.68,0.12,0.96,0.68,0.28,1.0,0.68,0.32,reasoning_E,E,HQ + E,repeat_03_fold_03,3,3
company_size_is_growing,hq,1.0,0.76,0.24,0.76,False,positive,3.0,25,6,True,True,True,0.0,0.0,0.0,0.0,0.0,0.0,0.24,0.2,0.04,0.72,0.6,0.12,0.92,0.72,0.2,1.0,0.76,0.24,reasoning_E,E,HQ + E,repeat_03_fold_03,3,3
degree_level,hq,1.0,0.04,0.96,0.96,True,negative,1.0,25,6,True,True,True,0.0,0.0,0.0,0.0,0.0,0.0,0.48,0.04,0.44,0.88,0.04,0.84,1.0,0.04,0.96,1.0,0.04,0.96,reasoning_E,E,HQ + E,repeat_03_fold_03,3,3
exit_x_serial,hq,1.0,0.88,0.12,0.88,False,positive,3.0,25,6,True,True,True,0.0,0.0,0.0,0.64,0.64,0.0,0.72,0.72,0.0,0.88,0.84,0.04,0.96,0.84,0.12,1.0,0.88,0.12,reasoning_E,E,HQ + E,repeat_03_fold_03,3,3
founding_timing,hq,1.0,0.36,0.64,0.64,False,negative,3.0,25,6,True,True,True,0.0,0.0,0.0,0.0,0.0,0.0,0.08,0.0,0.08,0.6,0.0,0.6,0.84,0.2,0.64,1.0,0.36,0.64,reasoning_E,E,HQ + E,repeat_03_fold_03,3,3
industry_alignment,hq,1.0,1.0,0.0,1.0,True,positive,0.3,25,6,True,True,True,0.0,0.0,0.0,0.2,0.2,0.0,0.92,0.92,0.0,1.0,1.0,0.0,1.0,1.0,0.0,1.0,1.0,0.0,reasoning_E,E,HQ + E,repeat_03_fold_03,3,3
industry_pivot_count,hq,1.0,0.44,0.56,0.56,False,negative,3.0,25,6,True,True,True,0.0,0.0,0.0,0.0,0.0,0.0,0.04,0.04,0.0,0.56,0.12,0.44,0.76,0.28,0.48,1.0,0.44,0.56,reasoning_E,E,HQ + E,repeat_03_fold_03,3,3
industry_prestige_penalty,hq,1.0,0.96,0.04,0.96,True,positive,1.0,25,6,True,True,True,0.0,0.0,0.0,0.28,0.28,0.0,0.8,0.8,0.0,0.96,0.96,0.0,1.0,0.96,0.04,1.0,0.96,0.04,reasoning_E,E,HQ + E,repeat_03_fold_03,3,3
max_seniority_reached,hq,1.0,0.92,0.08,0.92,True,positive,1.0,25,6,True,True,True,0.0,0.0,0.0,0.0,0.0,0.0,0.4,0.4,0.0,0.84,0.8,0.04,1.0,0.92,0.08,0.96,0.88,0.08,reasoning_E,E,HQ + E,repeat_03_fold_03,3,3
persistence_score,hq,1.0,0.48,0.52,0.52,False,negative,3.0,25,6,True,True,True,0.0,0.0,0.0,0.0,0.0,0.0,0.04,0.0,0.04,0.32,0.16,0.16,0.76,0.36,0.4,1.0,0.48,0.52,reasoning_E,E,HQ + E,repeat_03_fold_03,3,3
prestige_sacrifice_score,hq,1.0,0.92,0.08,0.92,True,positive,1.0,25,6,True,True,True,0.0,0.0,0.0,0.0,0.0,0.0,0.76,0.76,0.0,0.88,0.88,0.0,1.0,0.92,0.08,1.0,0.88,0.12,reasoning_E,E,HQ + E,repeat_03_fold_03,3,3
repeat_founding_gap,hq,1.0,0.68,0.32,0.68,False,positive,1.0,25,6,True,True,True,0.0,0.0,0.0,0.0,0.0,0.0,0.52,0.44,0.08,0.8,0.6,0.2,1.0,0.68,0.32,1.0,0.68,0.32,reasoning_E,E,HQ + E,repeat_03_fold_03,3,3
years_in_large_company,hq,1.0,0.92,0.08,0.92,True,positive,1.0,25,6,True,True,True,0.0,0.0,0.0,0.0,0.0,0.0,0.36,0.36,0.0,0.68,0.68,0.0,1.0,0.92,0.08,1.0,0.92,0.08,reasoning_E,E,HQ + E,repeat_03_fold_03,3,3
best_degree_prestige,hq,0.96,0.72,0.24,0.75,False,positive,3.0,25,6,True,True,True,0.0,0.0,0.0,0.36,0.36,0.0,0.68,0.68,0.0,0.76,0.72,0.04,0.88,0.72,0.16,0.96,0.72,0.24,reasoning_E,E,HQ + E,repeat_03_fold_03,3,3
edu_prestige_tier,hq,0.96,0.72,0.24,0.75,False,positive,3.0,25,6,True,True,True,0.0,0.0,0.0,0.36,0.36,0.0,0.68,0.68,0.0,0.76,0.72,0.04,0.88,0.72,0.16,0.96,0.72,0.24,reasoning_E,E,HQ + E,repeat_03_fold_03,3,3
is_serial_founder,hq,0.96,0.4,0.56,0.5833333333333334,False,negative,3.0,25,6,True,True,True,0.0,0.0,0.0,0.0,0.0,0.0,0.24,0.0,0.24,0.44,0.04,0.4,0.72,0.28,0.44,0.96,0.4,0.56,reasoning_E,E,HQ + E,repeat_03_fold_03,3,3
prestige_x_relevance,hq,0.96,0.8,0.16,0.8333333333333334,False,positive,3.0,25,6,True,True,True,0.0,0.0,0.0,0.72,0.72,0.0,0.84,0.84,0.0,0.84,0.84,0.0,0.92,0.84,0.08,0.96,0.8,0.16,reasoning_E,E,HQ + E,repeat_03_fold_03,3,3
seniority_is_monotone,hq,0.96,0.32,0.64,0.6666666666666667,False,negative,3.0,25,6,True,True,True,0.0,0.0,0.0,0.0,0.0,0.0,0.2,0.0,0.2,0.84,0.32,0.52,0.92,0.32,0.6,0.96,0.32,0.64,reasoning_E,E,HQ + E,repeat_03_fold_03,3,3
total_inferred_experience,hq,0.96,0.0,0.96,1.0,True,negative,0.3,25,6,True,True,True,0.0,0.0,0.0,0.0,0.0,0.0,0.64,0.0,0.64,0.96,0.0,0.96,0.96,0.04,0.92,0.96,0.04,0.92,reasoning_E,E,HQ + E,repeat_03_fold_03,3,3
founding_role_count,hq,0.92,0.12,0.8,0.8695652173913043,False,negative,3.0,25,6,True,True,True,0.0,0.0,0.0,0.0,0.0,0.0,0.36,0.0,0.36,0.6,0.0,0.6,0.8,0.04,0.76,0.92,0.12,0.8,reasoning_E,E,HQ + E,repeat_03_fold_03,3,3
has_prior_ipo,hq,0.92,0.84,0.08,0.9130434782608695,True,positive,1.0,25,6,True,True,True,0.0,0.0,0.0,0.24,0.24,0.0,0.72,0.72,0.0,0.88,0.8,0.08,0.92,0.84,0.08,0.92,0.84,0.08,reasoning_E,E,HQ + E,repeat_03_fold_03,3,3
longest_founding_tenure,hq,0.92,0.6,0.32,0.6521739130434782,False,positive,3.0,25,6,True,True,True,0.0,0.0,0.0,0.0,0.0,0.0,0.28,0.0,0.28,0.4,0.0,0.4,0.68,0.32,0.36,0.92,0.6,0.32,reasoning_E,E,HQ + E,repeat_03_fold_03,3,3
stem_flag,hq,0.92,0.16,0.76,0.8260869565217391,False,negative,3.0,25,6,True,True,True,0.0,0.0,0.0,0.0,0.0,0.0,0.04,0.0,0.04,0.44,0.04,0.4,0.72,0.12,0.6,0.92,0.16,0.76,reasoning_E,E,HQ + E,repeat_03_fold_03,3,3
field_relevance_score,hq,0.88,0.56,0.32,0.6363636363636365,False,positive,1.0,25,6,True,True,False,0.0,0.0,0.0,0.04,0.04,0.0,0.12,0.08,0.04,0.44,0.28,0.16,0.88,0.56,0.32,0.88,0.56,0.32,reasoning_E,E,HQ + E,repeat_03_fold_03,3,3
max_company_size_before_founding,hq,0.88,0.64,0.24,0.7272727272727273,False,positive,3.0,25,6,True,True,False,0.0,0.0,0.0,0.04,0.04,0.0,0.44,0.44,0.0,0.52,0.52,0.0,0.76,0.6,0.16,0.88,0.64,0.24,reasoning_E,E,HQ + E,repeat_03_fold_03,3,3
restlessness_score,hq,0.88,0.36,0.52,0.5909090909090909,False,negative,3.0,25,6,True,True,False,0.0,0.0,0.0,0.0,0.0,0.0,0.12,0.04,0.08,0.56,0.16,0.4,0.84,0.28,0.56,0.88,0.36,0.52,reasoning_E,E,HQ + E,repeat_03_fold_03,3,3
sacrifice_x_serial,hq,0.76,0.48,0.28,0.631578947368421,False,positive,3.0,25,6,True,False,False,0.0,0.0,0.0,0.0,0.0,0.0,0.12,0.04,0.08,0.4,0.16,0.24,0.64,0.4,0.24,0.76,0.48,0.28,reasoning_E,E,HQ + E,repeat_03_fold_03,3,3
exit_count,hq,0.64,0.64,0.0,1.0,True,positive,0.1,25,6,True,False,False,0.0,0.0,0.0,0.4,0.4,0.0,0.64,0.64,0.0,0.6,0.6,0.0,0.52,0.52,0.0,0.56,0.52,0.04,reasoning_E,E,HQ + E,repeat_03_fold_03,3,3
has_prior_acquisition,hq,0.48,0.12,0.36,0.75,False,negative,3.0,25,6,False,False,False,0.0,0.0,0.0,0.08,0.08,0.0,0.16,0.16,0.0,0.2,0.12,0.08,0.36,0.12,0.24,0.48,0.12,0.36,reasoning_E,E,HQ + E,repeat_03_fold_03,3,3
E_hidden_risk,reasoning,1.0,0.56,0.44,0.56,False,positive,3.0,25,6,True,True,True,0.0,0.0,0.0,0.0,0.0,0.0,0.28,0.12,0.16,0.56,0.24,0.32,0.92,0.52,0.4,1.0,0.56,0.44,reasoning_E,E,HQ + E,repeat_03_fold_03,3,3
E_evidence_support_rating,reasoning,0.96,0.68,0.28,0.7083333333333334,False,positive,3.0,25,6,True,True,True,0.0,0.0,0.0,0.0,0.0,0.0,0.16,0.12,0.04,0.52,0.4,0.12,0.76,0.6,0.16,0.96,0.68,0.28,reasoning_E,E,HQ + E,repeat_03_fold_03,3,3
E_hidden_upside,reasoning,0.92,0.44,0.48,0.5217391304347826,False,negative,3.0,25,6,True,True,True,0.0,0.0,0.0,0.0,0.0,0.0,0.08,0.04,0.04,0.48,0.24,0.24,0.76,0.32,0.44,0.92,0.44,0.48,reasoning_E,E,HQ + E,repeat_03_fold_03,3,3
comfort_index,hq,1.0,0.92,0.08,0.92,True,positive,3.0,25,6,True,True,True,0.0,0.0,0.0,0.0,0.0,0.0,0.52,0.52,0.0,0.76,0.76,0.0,0.96,0.88,0.08,1.0,0.92,0.08,reasoning_F,F,HQ + F,repeat_03_fold_03,3,3
degree_level,hq,1.0,0.0,1.0,1.0,True,negative,0.3,25,6,True,True,True,0.0,0.0,0.0,0.0,0.0,0.0,0.32,0.0,0.32,1.0,0.0,1.0,1.0,0.0,1.0,1.0,0.0,1.0,reasoning_F,F,HQ + F,repeat_03_fold_03,3,3
exit_x_serial,hq,1.0,0.92,0.08,0.92,True,positive,0.3,25,6,True,True,True,0.0,0.0,0.0,0.44,0.44,0.0,0.76,0.76,0.0,1.0,0.92,0.08,1.0,0.92,0.08,1.0,0.92,0.08,reasoning_F,F,HQ + F,repeat_03_fold_03,3,3
industry_alignment,hq,1.0,1.0,0.0,1.0,True,positive,0.3,25,6,True,True,True,0.0,0.0,0.0,0.12,0.12,0.0,0.96,0.96,0.0,1.0,1.0,0.0,1.0,1.0,0.0,1.0,1.0,0.0,reasoning_F,F,HQ + F,repeat_03_fold_03,3,3
industry_prestige_penalty,hq,1.0,0.96,0.04,0.96,True,positive,1.0,25,6,True,True,True,0.0,0.0,0.0,0.04,0.04,0.0,0.76,0.76,0.0,0.96,0.96,0.0,1.0,0.96,0.04,1.0,0.96,0.04,reasoning_F,F,HQ + F,repeat_03_fold_03,3,3
prestige_sacrifice_score,hq,1.0,0.8,0.2,0.8,False,positive,3.0,25,6,True,True,True,0.0,0.0,0.0,0.08,0.08,0.0,0.76,0.76,0.0,0.88,0.88,0.0,0.88,0.8,0.08,1.0,0.8,0.2,reasoning_F,F,HQ + F,repeat_03_fold_03,3,3
prestige_x_relevance,hq,1.0,1.0,0.0,1.0,True,positive,0.1,25,6,True,True,True,0.0,0.0,0.0,0.88,0.88,0.0,1.0,1.0,0.0,1.0,1.0,0.0,1.0,1.0,0.0,1.0,1.0,0.0,reasoning_F,F,HQ + F,repeat_03_fold_03,3,3
restlessness_score,hq,1.0,0.4,0.6,0.6,False,negative,3.0,25,6,True,True,True,0.0,0.0,0.0,0.0,0.0,0.0,0.16,0.04,0.12,0.56,0.2,0.36,0.8,0.28,0.52,1.0,0.4,0.6,reasoning_F,F,HQ + F,repeat_03_fold_03,3,3
best_degree_prestige,hq,0.96,0.6,0.36,0.625,False,positive,3.0,25,6,True,True,True,0.0,0.0,0.0,0.24,0.24,0.0,0.52,0.52,0.0,0.64,0.64,0.0,0.76,0.6,0.16,0.96,0.6,0.36,reasoning_F,F,HQ + F,repeat_03_fold_03,3,3
company_size_is_growing,hq,0.96,0.68,0.28,0.7083333333333334,False,positive,3.0,25,6,True,True,True,0.0,0.0,0.0,0.0,0.0,0.0,0.2,0.12,0.08,0.72,0.52,0.2,0.92,0.64,0.28,0.96,0.68,0.28,reasoning_F,F,HQ + F,repeat_03_fold_03,3,3
edu_prestige_tier,hq,0.96,0.6,0.36,0.625,False,positive,3.0,25,6,True,True,True,0.0,0.0,0.0,0.24,0.24,0.0,0.52,0.52,0.0,0.64,0.64,0.0,0.76,0.6,0.16,0.96,0.6,0.36,reasoning_F,F,HQ + F,repeat_03_fold_03,3,3
field_relevance_score,hq,0.96,0.56,0.4,0.5833333333333334,False,positive,3.0,25,6,True,True,True,0.0,0.0,0.0,0.0,0.0,0.0,0.04,0.04,0.0,0.28,0.2,0.08,0.68,0.44,0.24,0.96,0.56,0.4,reasoning_F,F,HQ + F,repeat_03_fold_03,3,3
founding_role_count,hq,0.96,0.16,0.8,0.8333333333333334,False,negative,3.0,25,6,True,True,True,0.0,0.0,0.0,0.0,0.0,0.0,0.52,0.0,0.52,0.76,0.0,0.76,0.84,0.04,0.8,0.96,0.16,0.8,reasoning_F,F,HQ + F,repeat_03_fold_03,3,3
founding_timing,hq,0.96,0.6,0.36,0.625,False,positive,3.0,25,6,True,True,True,0.0,0.0,0.0,0.0,0.0,0.0,0.16,0.0,0.16,0.32,0.0,0.32,0.68,0.32,0.36,0.96,0.6,0.36,reasoning_F,F,HQ + F,repeat_03_fold_03,3,3
max_company_size_before_founding,hq,0.96,0.72,0.24,0.75,False,positive,3.0,25,6,True,True,True,0.0,0.0,0.0,0.0,0.0,0.0,0.36,0.36,0.0,0.52,0.52,0.0,0.88,0.64,0.24,0.96,0.72,0.24,reasoning_F,F,HQ + F,repeat_03_fold_03,3,3
max_seniority_reached,hq,0.96,0.96,0.0,1.0,True,positive,1.0,25,6,True,True,True,0.0,0.0,0.0,0.0,0.0,0.0,0.2,0.2,0.0,0.76,0.76,0.0,0.96,0.96,0.0,0.96,0.96,0.0,reasoning_F,F,HQ + F,repeat_03_fold_03,3,3
repeat_founding_gap,hq,0.96,0.68,0.28,0.7083333333333334,False,positive,3.0,25,6,True,True,True,0.0,0.0,0.0,0.0,0.0,0.0,0.32,0.32,0.0,0.64,0.56,0.08,0.92,0.68,0.24,0.96,0.68,0.28,reasoning_F,F,HQ + F,repeat_03_fold_03,3,3
sacrifice_x_serial,hq,0.96,0.68,0.28,0.7083333333333334,False,positive,3.0,25,6,True,True,True,0.0,0.0,0.0,0.0,0.0,0.0,0.0,0.0,0.0,0.36,0.28,0.08,0.68,0.48,0.2,0.96,0.68,0.28,reasoning_F,F,HQ + F,repeat_03_fold_03,3,3
seniority_is_monotone,hq,0.96,0.08,0.88,0.9166666666666667,True,negative,3.0,25,6,True,True,True,0.0,0.0,0.0,0.0,0.0,0.0,0.24,0.0,0.24,0.72,0.08,0.64,0.92,0.08,0.84,0.96,0.08,0.88,reasoning_F,F,HQ + F,repeat_03_fold_03,3,3
total_inferred_experience,hq,0.96,0.04,0.92,0.9583333333333334,True,negative,3.0,25,6,True,True,True,0.0,0.0,0.0,0.0,0.0,0.0,0.44,0.0,0.44,0.88,0.0,0.88,0.92,0.0,0.92,0.96,0.04,0.92,reasoning_F,F,HQ + F,repeat_03_fold_03,3,3
has_prior_ipo,hq,0.92,0.92,0.0,1.0,True,positive,0.3,25,6,True,True,True,0.0,0.0,0.0,0.36,0.36,0.0,0.8,0.8,0.0,0.92,0.92,0.0,0.92,0.92,0.0,0.92,0.92,0.0,reasoning_F,F,HQ + F,repeat_03_fold_03,3,3
longest_founding_tenure,hq,0.92,0.44,0.48,0.5217391304347826,False,negative,3.0,25,6,True,True,True,0.0,0.0,0.0,0.0,0.0,0.0,0.36,0.0,0.36,0.56,0.12,0.44,0.88,0.36,0.52,0.92,0.44,0.48,reasoning_F,F,HQ + F,repeat_03_fold_03,3,3
persistence_score,hq,0.92,0.56,0.36,0.6086956521739131,False,positive,3.0,25,6,True,True,True,0.0,0.0,0.0,0.0,0.0,0.0,0.08,0.0,0.08,0.44,0.24,0.2,0.8,0.48,0.32,0.92,0.56,0.36,reasoning_F,F,HQ + F,repeat_03_fold_03,3,3
stem_flag,hq,0.92,0.28,0.64,0.6956521739130435,False,negative,3.0,25,6,True,True,True,0.0,0.0,0.0,0.0,0.0,0.0,0.04,0.0,0.04,0.56,0.12,0.44,0.8,0.24,0.56,0.92,0.28,0.64,reasoning_F,F,HQ + F,repeat_03_fold_03,3,3
years_in_large_company,hq,0.92,0.88,0.04,0.9565217391304347,True,positive,3.0,25,6,True,True,True,0.0,0.0,0.0,0.04,0.04,0.0,0.4,0.4,0.0,0.8,0.8,0.0,0.88,0.88,0.0,0.92,0.88,0.04,reasoning_F,F,HQ + F,repeat_03_fold_03,3,3
industry_pivot_count,hq,0.84,0.28,0.56,0.6666666666666667,False,negative,1.0,25,6,True,True,False,0.0,0.0,0.0,0.0,0.0,0.0,0.12,0.0,0.12,0.56,0.04,0.52,0.84,0.28,0.56,0.84,0.28,0.56,reasoning_F,F,HQ + F,repeat_03_fold_03,3,3
is_serial_founder,hq,0.76,0.32,0.44,0.5789473684210527,False,negative,3.0,25,6,True,False,False,0.0,0.0,0.0,0.0,0.0,0.0,0.16,0.0,0.16,0.36,0.04,0.32,0.6,0.16,0.44,0.76,0.32,0.44,reasoning_F,F,HQ + F,repeat_03_fold_03,3,3
exit_count,hq,0.64,0.64,0.0,1.0,True,positive,0.1,25,6,True,False,False,0.0,0.0,0.0,0.48,0.48,0.0,0.64,0.64,0.0,0.64,0.64,0.0,0.56,0.56,0.0,0.52,0.52,0.0,reasoning_F,F,HQ + F,repeat_03_fold_03,3,3
has_prior_acquisition,hq,0.48,0.04,0.44,0.9166666666666667,True,negative,3.0,25,6,False,False,False,0.0,0.0,0.0,0.04,0.04,0.0,0.08,0.08,0.0,0.24,0.08,0.16,0.36,0.04,0.32,0.48,0.04,0.44,reasoning_F,F,HQ + F,repeat_03_fold_03,3,3
F_career_coherence,reasoning,1.0,0.0,1.0,1.0,True,negative,0.3,25,6,True,True,True,0.0,0.0,0.0,0.0,0.0,0.0,0.56,0.0,0.56,1.0,0.0,1.0,1.0,0.0,1.0,1.0,0.0,1.0,reasoning_F,F,HQ + F,repeat_03_fold_03,3,3
F_evidence_support_rating,reasoning,1.0,1.0,0.0,1.0,True,positive,0.3,25,6,True,True,True,0.0,0.0,0.0,0.0,0.0,0.0,0.72,0.72,0.0,1.0,1.0,0.0,1.0,1.0,0.0,1.0,1.0,0.0,reasoning_F,F,HQ + F,repeat_03_fold_03,3,3
F_trajectory_strength,reasoning,1.0,1.0,0.0,1.0,True,positive,3.0,25,6,True,True,True,0.0,0.0,0.0,0.0,0.0,0.0,0.0,0.0,0.0,0.12,0.12,0.0,0.96,0.96,0.0,1.0,1.0,0.0,reasoning_F,F,HQ + F,repeat_03_fold_03,3,3
F_scrappiness,reasoning,0.92,0.28,0.64,0.6956521739130435,False,negative,3.0,25,6,True,True,True,0.0,0.0,0.0,0.0,0.0,0.0,0.0,0.0,0.0,0.12,0.08,0.04,0.56,0.08,0.48,0.92,0.28,0.64,reasoning_F,F,HQ + F,repeat_03_fold_03,3,3
F_ownership_signal,reasoning,0.84,0.8,0.04,0.9523809523809524,True,positive,3.0,25,6,True,True,False,0.0,0.0,0.0,0.0,0.0,0.0,0.0,0.0,0.0,0.2,0.2,0.0,0.72,0.64,0.08,0.84,0.8,0.04,reasoning_F,F,HQ + F,repeat_03_fold_03,3,3
F_rubric_score,reasoning,0.84,0.0,0.84,1.0,True,negative,3.0,25,6,True,True,False,0.0,0.0,0.0,0.0,0.0,0.0,0.0,0.0,0.0,0.0,0.0,0.0,0.16,0.0,0.16,0.84,0.0,0.84,reasoning_F,F,HQ + F,repeat_03_fold_03,3,3
